"இறைவன்,DIVINE_BEING"
"திருவுள்ளம்,DIVINE_WILL"
"பெருந்தேவனார்,POET_NAME"
"கண்ணி,GARLAND"
"கார்,DARK_CLOUD"
"நறும்பு,FRAGRANCE"
"கொன்றை,FLOWER_FLAME"
"காமர்,BEAUTY"
"வண்ணம்,COLOR"
"மார்பு,CHEST"
"தார்,GARLAND"
"ஊர்தி,VEHICLE"
"வால்,WHITE"
"வெள்ளேறு,BULL_WHITE"
"சிறந்த,EXCELLENT"
"சீர்,GLORY"
"கொடி,FLAG"
"அவ்வேறு,BULL"
"கறை,NECK_BLUE"
"மிடறு,NECK"
"அணியல்,ORNAMENT"
"அந்தணர்,PRIEST"
"நுவல,UTTER"
"பெண்,WOMAN"
"உரு,FORM"
"திறம்,SIDE"
"அடக்கி,RESTRAIN"
"கரக்கும்,CONCEAL"
"பிறை,CRESCENT_MOON"
"நுதல்,FOREHEAD"
"வண்ணம்,APPEARANCE"
"பதினெண்,EIGHTEEN"
"கணன்,TROOP"
"ஏத்த,PRAISE"
"உயிர்,LIFE"
"ஏமம்,PROTECTION"
"நீர்,WATER"
"அறவு,DRY"
"கரகம்,POT"
"சடை,MATTED_HAIR"
"அருந்தவோன்,ASCETIC"
"முரஞ்சியூர்,PLACE"
"முடிநாகராயர்,POET_NAME"
"சேரமான்,CHERA_KING"
"பெருஞ்சோற்று,GREAT_FOOD"
"உதியன்,NAME"
"சேரலாதன்,CHERA_KING"
"மண்,EARTH"
"திணிந்த,SOLID"
"நிலனு,EARTH"
"நிலம்,EARTH"
"ஏந்திய,LIFTED"
"விசும்பு,SKY"
"தைவரு,TOUCHING"
"வளி,WIND"
"வளி,WIND"
"தலைஇய,ACCOMPANIED"
"தீ,FIRE"
"முரணிய,OPPOSED"
"நீர்,WATER"
"ஐம்பெரும்,FIVE_GREAT"
"பூதம்,ELEMENT"
"இயற்கை,NATURE"
"போற்றார்,ENEMY"
"பொறுத்தல்,FORGIVE"
"சூழ்ச்சி,STRATEGY"
"அகலம்,BREADTH"
"வலி,STRENGTH"
"தெறல்,DESTROY"
"அணி,ORNAMENT"
"கடல்,SEA"
"பிறந்த,BORN"
"ஞாயிறு,SUN"
"பெயர்த்தும்,AGAIN"
"வெண்தலை,WHITE_HEAD"
"புணரி,WAVE"
"குடகடல்,WESTERN_SEA"
"குளிக்கும்,BATHE"
"யாணர்,FRESH"
"வைப்பு,REGION"
"நன்னாடு,GOOD_COUNTRY"
"பொருந,WARRIOR"
"வானம்,SKY"
"அரம்பனை,LIMIT"
"அலங்குளை,FLOWING_MANE"
"புரவி,HORSE"
"ஐவர்,FIVE"
"சினைஇ,ANGER"
"நிலந்தலை,EART"
"கொண்ட,CAPTURED"
"பொலம்பூ,FLOWER_GOLD"
"தும்பை,FLOWER_THUMBA"
"ஈரைம்,SEVEN_FIVE"
"பதின்மர்,TEN"
"பொருது,FIGHT"
"களம்,BATTLEFIELD"
"ஒழிய,PERISH"
"மிகுபதம்,GREAT_FAVOR"
"வரையாது,UNLIMITED"
"கொடுத்தோய,GIVER"
"பாஅல்,MILK"
"புளிப்பினும்,SOUR"
"பகல்,DAY"
"இருளினும்,DARK"
"நாஅல்,FOUR"
"வேத,SCRIPTURE"
"நெறி,PATH"
"திரியினும்,DEVIATE"
"சுற்றம்,KIN"
"முழுது,WHOLE"
"சேண்,DISTANCE"
"விளங்கி,SHINE"
"நடுக்கு,FEAR"
"நிலியரோ,REMAIN"
"அடுக்கத்து,FOOTHILL"
"சிறுதலை,SMALL_HEAD"
"நவ்வி,DEER"
"பெருங்கண்,LARGE_EYE"
"மாப்பிணை,FEMALE_DEER"
"அந்தி,EVENING"
"அந்தணர்,PRIEST"
"அருங்கடன்,SACRED_DUTY"
"இறுக்கும்,PERFORM"
"முத்தீ,THREE_FIRES"
"விளக்கு,LAMP"
"துஞ்சும்,SLEEP"
"பொற்கோட்டு,GOLDEN_PEAK"
"இமயம்,HIMALAYA"
"பொதியம்,POTHIYAM"
"இரும்பிடர்த்,THICK_NECK"
"தலையார்,POET_NAME"
"பாண்டியன்,PANDYA_KING"
"கருங்கை,BLACK_HAND"
"ஒள்வாள்,SHINING_SWORD"
"பெரும்பெயர்,GREAT_NAME"
"வழுதி,PANDYA_KING"
"உவவுமதி,BEAUTIFUL_MOON"
"உருவு,SHAPE"
"ஓங்கல்,HIGH"
"வெண்குடை,WHITE_UMBRELLA"
"நிலவு,MOONLIGHT"
"கடல்,SEA"
"வரைப்பு,LIMIT"
"மண்ணகம்,EARTH"
"நிழற்ற,SHADE"
"ஏமம்,PROTECTIVE"
"முரசம்,DRUM"
"இழுமென,SOUND"
"முழங்க,RESOUND"
"நேமி,WHEEL"
"உய்த்த,CARRY"
"நேஎ,LOVE"
"நெஞ்சு,HEART"
"தவிரா,UNCEASING"
"ஈகை,CHARITY"
"கவுரியர்,KAURAVA"
"மருக,OFFSPRING"
"செயிர்தீர்,FLAWLESS"
"கற்பு,CHASTITY"
"சேயிழை,BEAUTIFUL_JEWEL"
"கணவ,HUSBAND"
"பொன்,GOLD"
"நோடை,LOOPHOLE"
"புகர்,SPOT"
"அணிநுதல்,ORNAMENTED_FOREHEAD"
"துன்னருரு,INACCESSIBLE"
"திறல்,POWER"
"கமழ்கடா,FRAGRANT_MUST"
"அத்து,PATH"
"எயிரு,TOOTH"
"படை,WEAPON"
"எயிற்கதவு,TOOTHED_DOOR"
"இடா,PLACE"
"கயிறு,ROPE"
"பிணிக்,BIND"
"கொண்ட,TOOK"
"கவிழ்மணி,INVERTED_BELL"
"மருங்கு,SIDE"
"பெருங்கை,LARGE_HAND"
"யானை,ELEPHANT"
"இரும்பிடர்த்,THICK_NECK"
"தலை,HEAD"
"இருந்து,SIT"
"மருந்தில்,MERCILESS"
"கூற்றம்,DEATH"
"அருந்தொழில்,CRUEL_WORK"
"சாயா,IMMORTAL"
"நிலம்,EARTH"
"பெயரினும்,CHANGE"
"நின்சொல்,YOUR_WORD"
"பெயரல்,CHANGE_NOT"
"பொலங்கழல்,SHINING_ANKLET"
"புலர்,FADE"
"சாந்து,SANDAL"
"விலங்கு,DEER"
"அகன்ற,BROAD"
"வியன்,WIDE"
"மார்பு,CHEST"
"ஊர்,VILLAGE"
"உயவு,DISTRESS"
"அரிய,RARE"
"நீர்,WATER"
"இடைய,DRY"
"பார்வல்,LOOK"
"இருக்கை,SEAT"
"கவிகண்,ARCHED_EYE"
"நோக்கு,GAZE"
"செந்தொடை,RIGHT_BOW"
"பிழையா,ACCURATE"
"வன்கண்,CRUEL_EYE"
"ஆடவர்,MEN"
"அம்பு,ARROW"
"விட,SHOOT"
"வீழ்ந்தோர்,FALLEN"
"வம்பப்,NEW"
"பதுக்கை,CAIRN"
"திருந்துசிறை,PERFECT_WING"
"வளைவாய்,CURVED_MOUTH"
"பருந்து,EAGLE"
"இருந்து,SIT"
"உயவும்,GRIEVE"
"உன்ன,CONSIDER"
"மரத்த,TREE"
"துன்னருங்,INACCESSIBLE"
"கவலை,CROSSROADS"
"நின்நசை,YOUR_DESIRE"
"வேட்கை,DESIRE"
"இரவலர்,BEGGARS"
"வருவர்,COME"
"முன்னம்,EARLIER"
"முகத்த,FACE"
"உணர்ந்து,KNOW"
"இன்மை,POVERTY"
"தீர்த்தல்,REMOVE"
"வன்மை,STRENGTH"
"பரணர்,POET_NAME"
"சோழன்,CHOLA_KING"
"உருவப்ப·றேர்,NAME"
"இளஞ்சேட்,YOUNG_CHERA"
"சென்னி,CHOLA_KING"
"வாள்,SWORD"
"வலந்தர,PROVIDE"
"மறுப்,SCAR"
"பட்டன,OBTAIN"
"செவ்வானம்,RED_SKY"
"வனப்பு,BEAUTY"
"தாள்,LEG"
"களங்கொள,TAKE_BATTLEFIELD"
"கழல்,ANKLET"
"பறைந்தன,REMOVE"
"கொல்,KILL"
"ஏற்று,BULL"
"மருப்பு,TUSK"
"தோல்,SHIELD"
"துவைத்து,BEAT"
"அம்பு,ARROW"
"துனைதோன்றுவ,APPEAR_QUICKLY"
"நிலைக்கு,FOR_STABILITY"
"ஒராஅ,NOT_ACCEPT"
"இலக்கம்,TARGET"
"மா,HORSE"
"எறிபதத்தான்,STRIKING_FOOT"
"இடம்,PLACE"
"காட்ட,SHOW"
"கறுழ்,STRENGTH"
"பொருத,FOUGHT"
"செவ்வாய்,RED_MOUTH"
"எருத்து,NECK"
"வவ்விய,SEIZED"
"புலி,TIGER"
"களிறு,MALE_ELEPHANT"
"கதவு,GATE"
"எறியா,STRIKE"
"சிவந்து,RED"
"உராஅய்,RUB"
"நுதி,POINT"
"மழுங்கிய,BLUNT"
"வெண்கோடு,WHITE_TUSK"
"உயிர்,LIFE"
"உண்ணும்,EAT"
"நீ,ROCK"
"அலங்கு,FLOWING"
"உளை,MANE"
"பரீஇ,SPREAD"
"இவுளி,HORSE"
"பொலந்தேர்,GOLDEN_CHARIOT"
"மிசை,UPON"
"பொலிவு,SPLENDOUR"
"தோன்றி,APPEAR"
"மா,GREAT"
"கடல்,SEA"
"நிவந்,RISE"
"தெழுதரும்,RISING"
"செஞ்ஞாயிறு,RED_SUN"
"கவினை,BEAUTY"
"அனையை,LIKE_THAT"
"ஆகன்,BE_NOT"
"தாய்,MOTHER"
"இல்,NO"
"தூவாக்,NOT_COVERED"
"குழவி,INFANT"
"ஓவாது,UNCEASING"
"கூஉம்,CALL"
"உடற்றி,CAUSE_SORROW"
"ஓர்,CERTAIN"
"நாடு,COUNTRY"
"நரிவெரூஉத்,N_FOX"
"தலையார்,POET_NAME"
"கருவூரேறிய,NAME"
"ஒள்வாட்,SHINING_SWORD"
"கோப்பெருஞ்,KO_PERUM"
"சேரல்,CHERA"
"எருமை,BUFFALO"
"அன்ன,LIKE"
"கருங்கல்,BLACK_STONE"
"இடை,INTERVAL"
"தோறு,EVERY"
"ஆ,COW"
"நிற்,YOU"
"பரக்கும்,SPREAD"
"யானைய,ELEPHANT"
"முன்பு,BEFORE"
"கானக,JUNGLE"
"நாடனை,RULER"
"பெரும,LORD"
"நீயோர்,YOU_ONE"
"ஆகலின்,BECAUSE"
"ஒன்று,ONE"
"மொழிவல்,SAY"
"அருள்,GRACE"
"அன்பு,LOVE"
"நீக்கி,REMOVE"
"நீங்கா,INSEPARABLE"
"நிரயம்,HELL"
"கொள்பவரொடு,WITH_THOSE_WHO_TAKE"
"ஒன்றாது,NOT_UNITING"
"காவல்,PROTECT"
"குழவி,CHILD"
"கொள்,HAVE"
"பவரின்,LIKE_THOSE"
"ஓம்புமதி,PROTECT"
"அளிதோ,PITIFUL"
"தானே,ITSELF"
"பெறல்,OBTAIN"
"அருங்,DIFFICULT"
"குரைத்தே,SAID"
"காரிகிழார்,POET_NAME"
"பல்யாகசாலை,MANY_SACRIFICE_HALL"
"முதுகுடுமிப்,NAME"
"பெருவழுதி,GREAT_PANDYA"
"மறமாண்பு,VALOUR"
"வாடாஅத,WITHERING"
"பனிபடு,DEW_FALL"
"நெடுவரை,LONG_MOUNTAIN"
"வடக்கும்,NORTH"
"தெனாஅது,SOUTH"
"உரு,FORM"
"கெழு,ABOUNDING"
"குமரி,KUMARI"
"தெற்கும்,SOUTH"
"குணாஅது,EAST"
"கரைபொரு,SHORE_STRIKING"
"தொடுகடல்,WAVING_SEA"
"குணக்கும்,EAST"
"குடாஅது,WEST"
"தொன்றுமுதிர்,ANCIENT_OLD"
"பொளவத்தின்,OCEAN"
"குடக்கும்,WEST"
"கீழது,LOWER"
"முப்புணர்,THREE_JOINED"
"அடுக்கிய,ARRANGED"
"முறைமுதல்,ORDER_FIRST"
"கட்டின்,WALL"
"நீர்நிலை,WATER_BODY"
"நிவப்பு,HEIGHT"
"கீழும்,BELOW"
"மேலது,UPPER"
"ஆனிலை,EXISTING_STATE"
"உலகத்து,IN_WORLD"
"ஆனாது,CEASELESS"
"உருவு,FORM"
"புகழு,FAME"
"விரிசீர்,WIDE_FAME"
"தெரிகோல்,CLEAR_SCEPTRE"
"ஞமன்ன்,KING"
"ஒரு,ONE"
"திறம்,SIDE"
"பற்றல்,HOLD"
"இலியரோ,NOT"
"திறம்,SIDE"
"சிறக்க,FLOURISH"
"செய்வினை,ACTION"
"எதிர்ந்த,OPPOSED"
"தெவ்வர்,ENEMY"
"தேஎத்து,IN_COUNTRY"
"கடற்படை,NAVY"
"குளிப்ப,IMMERSE"
"மண்டி,RUSH"
"அடர்ப்,DENSE"
"புகர்,SPOT"
"சிறுகண்,SMALL_EYE"
"யானை,ELEPHANT"
"செவ்விதின்,PROPERLY"
"ஏவி,COMMAND"
"பாசவல்,KNEADED_RICE"
"படப்பை,GARDEN"
"ஆர்,DENSE"
"எயில்,FORT"
"பலதந்து,MANY_GIVE"
"அவ்வெயில்,THAT_SUN"
"கொண்ட,TOOK"
"செய்வுறு,WELL_MADE"
"நன்கலம்,FINE_JEWEL"
"பரிசின்,CHARITY"
"மாக்கட்கு,PEOPLE"
"வரிசையின்,ACCORDING_TO_RANK"
"நல்கி,BESTOW"
"பணியியர்,BOW"
"குடை,UMBRELLA"
"முனிவர்,ASCETICS"
"முக்கண்,THREE_EYED"
"செல்வர்,LORD"
"நகர்வலஞ்,CITY_CLOCKWISE"
"செயற்கே,FOR_DOING"
"இறைஞ்சுக,BOW"
"சென்னி,HEAD"
"சிறந்த,EXCELLENT"
"நான்மறை,FOUR_VEDAS"
"ஏந்துகை,RAISED_HAND"
"எதிரே,IN_FRONT"
"வாடுக,FADE"
"இறைவ,LORD"
"கண்ணி,GARLAND"
"ஒன்னார்,ENEMIES"
"நாடு,COUNTRY"
"சுடு,BURN"
"கமழ்புகை,FRAGRANT_SMOKE"
"எறித்தலானே,FROM_SPREADING"
"செலிஇயர்,GO"
"வெகுளி,ANGER"
"வால்இழை,WHITE_JEWEL"
"மங்கையர்,WOMEN"
"துனித்த,ANGRY"
"வாள்முகம்,SWORD_FACE"
"எதிரே,IN_FRONT"
"வென்றி,VICTORY"
"எல்லாம்,ALL"
"அகத்து,INSIDE"
"அடக்கிய,CONTROLLED"
"தண்டா,UNCEASING"
"தகைமாண்,DIGNITY"
"குடுமி,CREST"
"தண்கதிர,COOL_RAY"
"மதியம்,MOON"
"போலவும்,LIKE"
"தெறுசுடர்,HOT_RAY"
"ஒண்கதிர,BRIGHT_RAY"
"ஞாயிறு,SUN"
"போலவும்,LIKE"
"மன்னிய,REIGNED"
"நிலமிசை,ON_EARTH"
"யானே,YOU"
"கருங்குழல்,BLACK_HAIR"
"ஆதனார்,POET_NAME"
"கரிகாற்,KARIKALAN"
"பெருவளத்தான்,GREAT_CHOLA"
"களிறு,ELEPHANT"
"கடைஇய,LED"
"தாள்,LEG"
"கழல்,ANKLET"
"உரீஇய,WEAR"
"திருந்தடி,PERFECT_FOOT"
"கணை,ARROW"
"பொருது,FIGHT"
"கவிவண்,BOUNTIFUL"
"கையால்,HAND"
"கண்,EYE"
"ஒளிர்வரூஉம்,SHINE"
"கவின்,BEAUTY"
"சாபத்த,BOW"
"மா,HORSE"
"மறுத்த,REFUSED"
"மலர்,FLOWER"
"மார்பின்,CHEST"
"தோல்,SHIELD"
"பெயரிய,NAMED"
"எறுழ்,STRONG"
"முன்பு,FRONT"
"எல்லையும்,BOUNDARY"
"இரவும்,NIGHT"
"எண்ணாய்,COUNT_NOT"
"பகைவர்,ENEMIES"
"ஊர்சுடு,BURN_VILLAGE"
"விளக்கத்த,FESTIVAL"
"அழுவிளி,CRY"
"கம்பலை,NOISE"
"கொள்ளை,PLUNDER"
"மேவலை,DESIRE"
"நல்ல,GOOD"
"இல்லா,NOT"
"ஆகுபவால்,BECOME"
"இயல்தேர்,CHARIOT"
"வளவ,CHOLA"
"தண்புனல்,COOL_WATER"
"பரந்த,SPREAD"
"பூசல்,NOISE"
"மண்,EARTH"
"மறுத்த,REFUSE"
"மீனின்,OF_FISH"
"செறுக்கும்,ABOUND"
"பயன்,FRUIT"
"திகழ்,SHINE"
"வைப்பின்,REGION"
"பிறர்,OTHERS"
"அகன்றலை,WIDE_HEAD"
"நாடு,COUNTRY"
"கபிலர்,POET"
"கடுங்கோ,KADUNGO"
"வாழியாதன்,VAZHIYATHAN"
"செல்வக்,SELVA"
"கடுங்கோ,KADUNGO"
"வையம்,EARTH"
"காவலர்,KINGS"
"வழிமொழிந்து,OBEY"
"ஒழுகப்,BEHAVE"
"போகம்,ENJOYMENT"
"வேண்டி,FOR_SAKE"
"பொதுச்சொல்,COMMON_WORD"
"பொறாஅது,UNABLE_TO_BEAR"
"இடம்,PLACE"
"சிறிது,SMALL"
"என்னும்,SAYING"
"ஊக்கம்,AMBITION"
"துரப்ப,URGE"
"ஒடுங்கா,UNSUBMISSIVE"
"உள்ளத்து,HEART"
"ஓம்பா,UNPROTECTED"
"ஈகை,CHARITY"
"கடந்து,CONQUER"
"அடு,KILL"
"தானை,ARMY"
"சேரலாதனை,CHERA"
"யாங்கனம்,HOW"
"ஒத்தியோ,SUIT"
"வீங்குசெலல்,SWELLING"
"மண்டிலம்,ORB"
"பொழுது,SEASON"
"என,AS"
"வரைதி,DETERMINE"
"புறக்கொடுத்து,TURN_BACK"
"இறத்தி,DIE"
"மாறி,CHANGE"
"வருதி,COME"
"மலை,MOUNTAIN"
"மறைந்து,HIDE"
"ஒளித்தi,HIDE"
"அகல்இரு,WIDE_TWO"
"விசும்பினானும்,FROM_SKY"
"பகல்,DAY"
"விளங்குதியால்,SHINE"
"பல்கதிர,MANY_RAYS"
"விரித்தே,SPREAD"
"நெட்டிமையார்,POET_NAME"
"ஆ,COW"
"ஆனியல்,COW_NATURE"
"பார்ப்பன,BRAMIN"
"மாக்களும்,PEOPLE"
"பெண்டிரும்,WOMEN"
"பிணி,DISEASE"
"உடையீரும்,THOSE_WHO_HAVE"
"பேணி,PROTECT"
"தென்புலம்,SOUTHERN_REGION"
"வாழ்நர்க்கு,FOR_THOSE_WHO_LIVE"
"அருங்கடன்,SACRED_DUTY"
"இறுக்கும்,PERFORM"
"பொன்போல்,GOLD_LIKE"
"புதல்வர்ப்,SONS"
"பெறாஅதீரும்,THOSE_NOT_GETTING"
"எம்அம்பு,MY_ARROW"
"கடிவிடுதும்,WE_WILL_SHOOT"
"நுன்அரண்,YOUR_FORT"
"சேர்மின்,JOIN"
"அறத்துஆறு,RIGHTEOUS_PATH"
"நுவலும்,SPEAK"
"பூட்கை,NATURE"
"மறத்தின்,BY_VALOUR"
"கொல்களிற்று,KILLING_ELEPHANT"
"மீமிசை,TOP"
"கொடி,FLAG"
"விசும்பு,SKY"
"நிழற்றும்,SHADE"
"எங்கோ,OUR_KING"
"வாழிய,LONG_LIVE"
"குடுமி,CREST"
"தங்கோச்,THEIR_KING"
"செந்நீர்,RED_WATER"
"பசும்பொன்,FRESH_GOLD"
"வயிரியர்க்கு,TO_MINISTERS"
"ஈத்த,GAVE"
"முந்நீر,THREE_SEAS"
"விழவின்,FESTIVAL"
"நெடியோன்,TALL_ONE"
"நன்னீர்,GOOD_WATER"
"ப·றுளி,NAME"
"மணலினும்,THAN_SAND"
"பலவே,MANY"
"ஊன்,MEAT"
"பொதி,PACKED"
"பசுங்குடையார்,POET_NAME"
"நெய்தலங்,NEYDAL"
"கானல்,GROVE"
"இளஞ்சேட்,ILANCHED"
"சென்னி,CHOLA"
"வழிபடு,WORSHIP"
"வோரை,THOSE"
"வல்லறி,KNOW_WELL"
"தீயே,EAT"
"பிறர்பழி,OTHERS_BLAME"
"கூறுவோர்,THOSE_WHO_SPEAK"
"மொழிதேறலையே,DO_NOT_ACCEPT_WORDS"
"மெய்,TRUTH"
"கண்ட,SEEN"
"தீமை,EVIL"
"காணின்,IF_SEE"
"ஒப்ப,SUITABLE"
"நாடி,CONSIDER"
"அத்தக,THAT_WAY"
"ஒறுத்தி,PUNISH"
"வந்து,COME"
"அடி,FOOT"
"பொருந்தி,JOIN"
"முந்தை,EARLIER"
"நிற்பின்,IF_STAND"
"தண்டமும்,PUNISHMENT"
"தணிதி,COOL"
"பண்டையிற்,THAN_BEFORE"
"பெரிதே,GREAT"
"அமிழ்து,NECTAR"
"அட்டு,COOKED"
"ஆனாக,CEASELESS"
"கமழ்குய்,FRAGRANT"
"அடிசில்,FOOD"
"வருநர்க்கு,TO_COMERS"
"வரையா,UNLIMITED"
"வசையில்,BLAMELESS"
"வாழ்க்கை,LIFE"
"மகளிர்,WOMEN"
"மலைத்தல்,REJECT"
"அல்லது,EXCEPT"
"மள்ளர்,WARRIORS"
"மலைத்தல்,REJECT"
"போகிய,GONE"
"சிலைத்தார்,BOWMEN"
"மார்பு,CHEST"
"செய்து,DOING"
"இரங்கா,NOT_REGRETTING"
"வினை,DEED"
"சேண்விளங்கும்,FAR_SHINING"
"புகழ்,FAME"
"நெய்தருங்,DIFFICULT_TO_WEAVE"
"கானல்,GROVE"
"நெடியோய்,TALL_ONE"
"எய்த,OBTAINED"
"வந்தனம்யாம்,WE_CAME"
"ஏத்துகம்,WE_PRAISE"
"பலவே,MANY"
"பேய்மகள்,DEMON_WOMAN"
"இளவெயினியார்,POET_NAME"
"பாலை,DESERT"
"பாடிய,SANG"
"பெருங்கடுங்கோ,PERUNKADUNGO"
"அரி,THREAD"
"மயிர்,HAIR"
"திரள்,BUNCH"
"முன்கை,FOREARM"
"வால்இழை,WHITE_JEWEL"
"மட,SOFT"
"மங்கையர்,WOMEN"
"வரி,LINE"
"மணல்,SAND"
"புனை,DECORATE"
"பாவைக்கு,FOR_DOLL"
"குலவு,FLOURISHING"
"சினை,BRANCH"
"பூ,FLOWER"
"கொய்து,PLUCK"
"தண்,COOL"
"பொருநை,PORUNAI"
"புனல்,WATER"
"பாயும்,SPRING"
"விண்,SKY"
"பொருபுகழ்,FAMOUS_FAME"
"விறல்வஞ்சி,VICTORIOUS_VANJI"
"பாடல்,SONG"
"சான்ற,EMINENT"
"விறல்வேந்தனும்மே,VICTORIOUS_KING"
"வெப்புடைய,HOT"
"அரண்,FORT"
"கடந்து,CROSS"
"துப்புறுவர்,WARRIORS"
"புறம்பெற்றிசினே,OBTAINED_OUTSIDE"
"புறம்,OUTSIDE"
"பொற்ற,WON"
"வய,STRONG"
"வேந்தன்,KING"
"மறம்,VALOUR"
"பாடிய,SANG"
"பாடினியும்மே,SINGER"
"ஏர்,BEAUTY"
"உடைய,HAVING"
"விழுக்கழஞ்சின்,MEASURE"
"சீர்,FAME"
"உடைய,HAVING"
"இழை,JEWEL"
"பெற்றிசினே,OBTAINED"
"இழை,JEWEL"
"பெற்ற,GOT"
"பாடினிக்கு,TO_SINGER"
"குரல்,VOICE"
"புணர்சீர்,JOINED_FAME"
"கொளைவல்பாண்மகனும்மே,SKILLED_SINGER"
"ஒள்அழல்,BRIGHT_FIRE"
"புரிந்த,EMBRACED"
"தாமரை,LOTUS"
"வெள்ளி,SILVER"
"நாரால்,THREAD"
"பூப்பெற்றிசினே,OBTAINED_FLOWER"
"பாணர்,SINGERS"
"தாமரை,LOTUS"
"மலையவும்,MOUNTAIN"
"புலவர்,POETS"
"பூநுதல்,FLOWER_FOREHEAD"
"யானையோடு,WITH_ELEPHANT"
"புனைதேர்,DECORATED_CHARIOT"
"பண்ணவும்,MAKE"
"அறனோ,RIGHTEOUS"
"மற்று,THEN"
"இது,THIS"
"விறல்மாண்,VICTORIOUS"
"குடுமி,CREST"
"இன்னா,PAINFUL"
"ஆக,BECOME"
"பிறர்மண்,OTHERS_LAND"
"கொண்டு,TAKING"
"இனிய,SWEET"
"செய்தி,DO"
"நின்,YOUR"
"ஆர்வலர்,LOVERS"
"முகத்தே,IN_FACE"
"உறையூர்,URAIYUR"
"ஏணிச்சேரி,ENICHERI"
"முடமோசியார்,POET_NAME"
"முடித்தலைக்,CREST_HEAD"
"கோப்பெருநற்கிள்ளி,KO_PERUNARKILLI"
"இவன்,THIS"
"யார்,WHO"
"என்குவை,SAY"
"ஆயின்,IF"
"புலி,TIGER"
"நிற,COLOR"
"கவசம்,ARMOUR"
"பூம்பொறி,FLOWER_SPOT"
"சிதைய,BREAK"
"எய்கணை,SHOT_ARROW"
"கிழித்த,PIERCED"
"பகட்டு,MALE"
"எழில்,BEAUTY"
"மறலி,YAMA"
"அன்ன,LIKE"
"களிற்றுமிசை,ON_ELEPHANT"
"யோனே,ONE"
"முந்நீr,SEA"
"வழங்கு,MOVE"
"நாவாய்,SHIP"
"போலவும்,LIKE"
"பன்மீன்,MANY_FISH"
"நாப்பண்,IN_MIDDLE"
"திங்கள்,MOON"
"போலவும்,LIKE"
"சுறவு,SHARK"
"இனத்து,GROUP"
"அன்ன,LIKE"
"வாளோர்,SWORD_MEN"
"மொய்ப்ப,ABOUND"
"மரீஇயோர்,ACQUAINTED"
"அறியாது,NOT_KNOWING"
"மைந்துபட்டன்றே,SUFFERED"
"நோயிலன்,NO_SICKNESS"
"ஆகி,BEING"
"பெயர்கதில்,GO"
"அம்ம,AH"
"பழன,MEADOW"
"மஞ்ஞை,PEACOCK"
"உகுத்த,SHED"
"பீலி,FEATHER"
"கழனி,FIELD"
"உழவர்,FARMERS"
"சூட்டொடு,WITH_GARLAND"
"தொகுக்கும்,COLLECT"
"கொழுமீன்,FAT_FISH"
"விளைந்த,RIPENED"
"கள்ளின்,OF_KALL"
"விழுநீர்,GOOD_WATER"
"வேலி,FENCE"
"நாடுகிழவோனே,LAND_OWNER"
"சேரமான்,CHERA_KING"
"செல்வக்,SELVA"
"கடுங்கோ,KADUNGO"
"வாழியாதன்,VAZHIYATHAN"
"கடுங்கண்,CRUEL_EYE"
"கொல்களிற்றால்,KILLING_ELEPHANT"
"காப்புடைய,PROTECTED"
"எழு,PLOUGH"
"முருக்கி,DESTROY"
"பொன்இயல்,GOLD_NATURE"
"புனை,DECORATED"
"தோட்டியான்,GOAD"
"முன்பு,FRONT"
"துரந்த,DRIVE"
"சமந்,BATTLEFIELD"
"தாங்கவும்,SUPPORT"
"பார்,EARTH"
"உடைத்த,PIERCED"
"குண்டு,DEEP"
"அகழி,MOAT"
"நீர்அழுவம்,WATER_BODY"
"நிவப்பு,HEIGHT"
"குறித்து,AIMING"
"நிமிர்,RAISE"
"பரிய,FEARFUL"
"மா,HORSE"
"தாங்கவும்,SUPPORT"
"ஆவம்,BATTLE"
"சேர்ந்த,JOINED"
"புறத்தை,BACK"
"தேர்மிசை,ON_CHARIOT"
"சாப,QUIVER"
"நோன்ஞாண்,STRONG_BOWSTRING"
"வடுக்கொள,TAKE_SCAR"
"வழங்கவும்,GIVE"
"பரிசிலர்க்கு,TO_BARDS"
"அருங்கலம்,JEWEL"
"நல்கவும்,BESTOW"
"குரிசில்,LORD"
"வலிய,STRONG"
"ஆகும்,BECOME"
"தாள்தோய்,LEG_TOUCH"
"தடக்கை,LARGE_HAND"
"புலவு,STENCH"
"நாற்றத்த,SMELLING"
"பைந்தடி,GREEN_FOOT"
"பூ,FLOWER"
"நாற்றத்த,SMELLING"
"புகை,SMOKE"
"கொளீஇ,INCLUDING"
"ஊன்துவை,MEAT_PASTE"
"கறிசோறு,CURRY_RICE"
"உண்டு,EATING"
"வருந்துதொழில்,SUFFERING_WORK"
"அல்லது,EXCEPT"
"பிறிதுதொழில்,OTHER_WORK"
"அறியா,NOT_KNOW"
"ஆகலின்,BECAUSE"
"நன்றும்,GOOD"
"மெல்லிய,SOFT"
"தாமே,THEY"
"நல்லவர்க்கு,TO_GOOD"
"ஆரணங்கு,ADORNMENT"
"ஆகிய,BECOME"
"மார்பின்,CHEST"
"பொருநர்க்கு,TO_WARRIORS"
"இருநிலத்து,ON_EARTH"
"அன்ன,LIKE"
"நோன்மை,STRENGTH"
"செருமிகு,BATTLE_FAMOUS"
"சேஎய்,SON"
"பாடுநர்,SINGERS"
"கையே,HAND"
"கடுந்தேர்,FAST_CHARIOT"
"குழித்த,DUG"
"ஞெள்ளல்,MUD"
"ஆங்கண்,THERE"
"வெள்வாய்,WHITE_MOUTH"
"கழுதை,DONKEY"
"புல்லினப்,GRASS"
"பூட்டி,YOKE"
"பாழ்செய்தனை,DESTROYED"
"அவர்,THEIR"
"நனந்தலை,WIDE"
"நல்லெயில்,GOOD_FORT"
"புள்ளினம்,BIRDS"
"இமிழும்,RESOUND"
"புகழ்சால்,FAMOUS"
"விளைவயல்,FERTILE_FIELD"
"வெள்ளுளை,WHITE_MANE"
"கலிமான்,WARRIOR_HORSE"
"கவிகுளம்பு,ARCHED_HOOF"
"உகளத்,LEAP"
"தேர்வழங்கினை,CHARIOT_GAVE"
"தெவ்வர்,ENEMIES"
"தேஎத்து,IN_COUNTRY"
"துளங்கு,SHAKE"
"இயலால்,WITH_STEP"
"பணை,DRUM"
"எருத்தின்,NECK"
"பா,SPOT"
"வடியால்,WITH_LEG"
"செறல்,ANGER"
"நோக்கின்,WITH_GAZE"
"ஒளிறு,SHINE"
"மருப்பின்,WITH_TUSK"
"களிறு,ELEPHANT"
"அவர,THEIR"
"காப்புடைய,PROTECTED"
"கயம்,TANK"
"படியினை,ENTER"
"அன்ன,SUCH"
"சீற்றத்து,ANGER"
"அனையை,SUCH"
"ஆகலின்,BECAUSE"
"விளங்கு,SHINE"
"பொன்,GOLD"
"எறிந்த,STRIKE"
"நலங்கிளர்,SPLENDOUR"
"பலகையொடு,WITH_SHIELD"
"நிழல்படு,SHADE_FALL"
"நெடுவேல்,LONG_SPEAR"
"ஏந்தி,HOLDING"
"ஒன்னார்,ENEMIES"
"ஒண்படை,BRIGHT_WEAPON"
"கடுந்தார்,STRONG_GARLAND"
"முன்பு,FRONT"
"தலைக்கொண்மார்,TO_TAKE"
"நசைதர,DESIRE_GIVE"
"வந்தோர்,THOSE_CAME"
"நசை,DESIRE"
"பிறக்கு,BEHIND"
"ஒழிய,LEAVE"
"வசைபட,BLAME"
"வாழ்ந்தோர்,LIVED"
"பலர்கொல்,MANY"
"புரையில்,FLAWLESS"
"நற்பனுவல்,GOOD_TREATISE"
"நால்வேதத்து,FOUR_VEDAS"
"அருஞ்சீர்த்தி,DIFFICULT_FAME"
"பெருங்கண்ணுறை,GREAT_EYE_COVER"
"நெய்ம்மலி,GHEE_FILLED"
"ஆவுதி,SACRIFICE"
"பொங்க,BOIL"
"பன்மாண்,MANY_GOOD"
"வீயாச்,IMPERISHABLE"
"சிறப்பின்,WITH_GLORY"
"வேள்வி,SACRIFICE"
"முற்றி,COMPLETE"
"யூபம்,YUPA_POST"
"நட்ட,PLANTED"
"வியன்களம்,WIDE_FIELD"
"பலகொல்,MANY"
"யாபல,HOW_MANY"
"கொல்லோ,PERHAPS"
"வாருற்று,COME_TOUCH"
"விசிபிணிக்,TIGHT_BINDING"
"கொண்ட,TAKEN"
"மண்கனை,EARTH_SOUND"
"முழவின்,DRUM"
"பாடினி,SINGER"
"பாடும்,SINGS"
"வஞ்சிக்கு,TO_VANJI"
"நாடல்,FRIENDSHIP"
"சான்ற,EMINENT"
"மைந்தினோய்,STRENGTH"
"நினக்கே,FOR_YOU"
"பாண்டரங்,PANDARAN"
"கண்ணனார்,POET_NAME"
"இராசசூயம்,RAJASUYA"
"வேட்ட,WANTED"
"பெருநற்கிள்ளி,PERUNARKILLI"
"வினை,DEED"
"மாட்சிய,GLORIOUS"
"விரை,FAST"
"புரவியொடு,WITH_HORSE"
"மழை,CLOUD"
"உருவின,SHAPED"
"தோல்,SHIELD"
"பரப்பி,SPREAD"
"முனை,BATTLE"
"முருங்க,BREAK"
"தலைச்சென்று,GOING_AHEAD"
"அவர்,THEIR"
"விளைவயல்,FERTILE_FIELD"
"கவர்பு,STEAL"
"ஊட்டி,FEED"
"மனைமரம்,HOUSE_TREE"
"விறகு,FIREWOOD"
"ஆக,BECOME"
"கடி,GUARDED"
"துறைநீர்,GHAT_WATER"
"களிறு,ELEPHANT"
"படீஇ,PLACE"
"எல்லுப்பட,JOINTLY"
"இட்ட,PLACED"
"சுடுதீ,HOT_FIRE"
"விளக்கம்,LAMP"
"செல்சுடர்,MOVING_FLAME"
"ஞாயிற்று,SUN"
"செக்கரின்,EVENING_SKY"
"தோன்ற,APPEAR"
"புலம்,FIELD"
"கெட,PERISH"
"இறுக்கும்,SEIZE"
"வரம்பில்,BOUNDLESS"
"தானை,ARMY"
"துணை,HELP"
"வேண்டாச்,NOT_NEEDING"
"செரு,WAR"
"வென்றி,VICTORY"
"புலவு,STENCH"
"வாள்,SWORD"
"புலர்,FADE"
"சாந்தின்,SANDAL"
"முருகன்,MURUGAN"
"சீற்றத்து,ANGER"
"உரு,FORM"
"கெழு,POSSESS"
"குருசில்,LORD"
"மயங்கு,MIXED"
"வள்ளை,VALLARAI"
"மலர்,FLOWER"
"ஆம்பல்,AMPA"
"பனிப்,DEW"
"பகன்றை,PAKANRAI"
"சுனிப்,SUNI"
"பாகல்,PAAGAL"
"கரும்பு,SUGARCANE"
"அல்லது,EXCEPT"
"காடு,FOREST"
"அறியா,NOT_KNOW"
"பெருந்தண்பணை,GREAT_COOL_GROVE"
"பாழ்,RUIN"
"ஆக,BECOME"
"ஏமம்,PROTECTION"
"நன்னாடு,GOOD_LAND"
"ஒள்எரி,BRIGHT_FIRE"
"ஊட்டினை,FEED"
"நாம,SUFFERING"
"நல்லமர்,GOOD_BATTLE"
"செய்ய,DO"
"ஒராங்கு,TOGETHER"
"மலைந்தன,TIED"
"களிறு,ELEPHANT"
"குறுங்கோழியூர்,KURUNKOLIYUR"
"கிழார்,POET"
"யானைக்கண்சேய்,ELEPHANT_EYE_SON"
"மாந்தரஞ்சேரல்,MANDARANCHERAL"
"இரும்பொறை,IRUMPORAI"
"தென்குமரி,SOUTH_KUMARI"
"வட,NO"
"பெருங்கல்,GREAT_MOUNTAIN"
"குண,EAST"
"குட,WEST"
"கடலா,SEA"
"எல்லை,LIMIT"
"குன்று,HILL"
"மலை,MOUNTAIN"
"காடு,FOREST"
"நாடு,COUNTRY"
"ஒன்றுபட்டு,UNITED"
"வழிமொழியக்,OBEY"
"கொடிது,CRUELTY"
"கடிந்து,DRIVE"
"கோல்,SCEPTRE"
"திருத்தி,CORRECT"
"படுவது,WHAT_HAPPENS"
"உண்டு,EXISTS"
"பகல்,DAY"
"ஆற்றி,PERFORM"
"இனிது,SWEET"
"உருண்ட,ROUNDED"
"சுடர்,FLAME"
"நேமி,WHEEL"
"முழுது,WHOLE"
"ஆண்டோர்,RULED"
"வழிகாவல,PATH_PROTECTOR"
"குலை,BUNCH"
"இறைஞ்சிய,BOWED"
"கோள்,STRONG"
"தாழை,THAZHAI"
"அகல்வயல்,WIDE_FIELD"
"மலைவேலி,MOUNTAIN_FENCE"
"நிலவுமணல்,SHINING_SAND"
"வியன்கானல்,WIDE_GROVE"
"தெண்கழிமிசை,CLEAR_BACKWATER_TOP"
"சுடர்ப்பூவின்,FLOWER_LIKE_STAR"
"தண்தொண்டியோர்,COOL_TONDI_PEOPLE"
"அடுபொருந,WARRIOR"
"மாப்,GREAT"
"பயம்பின்,RICHNESS"
"பொறை,BURDEN"
"போற்றாது,NOT_PROTECT"
"நீடுகுழி,LONG_PIT"
"அகப்பட்ட,CAUGHT"
"பீடுடைய,MAJESTIC"
"எறுழ்,STRONG"
"முன்பு,FRONT"
"கோடு,TUSK"
"முற்றிய,SURROUNDED"
"கொல்களிறு,KILLING_ELEPHANT"
"நிலை,POSITION"
"கலங்க,SHAKE"
"குழி,PIT"
"கொன்ற,KILL"
"கிளை,RELATIVES"
"புகல,PROTECT"
"தலைக்கூடி,MEETING"
"யாங்கு,LIKE"
"பட்ட,OBTAINED"
"அருமுன்பு,DIFFICULT_FRONT"
"பெருந்தளர்ச்சி,GREAT_WEARINESS"
"பலர்,MANY"
"உவப்ப,REJOICE"
"பிறிது,ANOTHER"
"சென்று,GOING"
"மலர்,FLOWER"
"தாயத்து,TERRITORY"
"பலர்நாப்பண்,IN_MIDDLE_OF_MANY"
"மீக்கூறலின்,PRAISING"
"உண்டாகிய,EXISTED"
"உயர்மண்ணும்,HIGH_EARTH"
"சென்றுபட்ட,WENT_AND_GOT"
"விழுக்கலனும்,GOOD_VESSEL"
"பெறல்கூடும்,CAN_OBTAIN"
"இவன்நெஞ்சு,HIS_HEART"
"உறப்பெறின்,IF_ACHIEVED"
"ஏந்துகொடி,HIGH_FLAG"
"இறைப்புரிசை,TOP_FORT"
"வீங்குசிறை,SWOLLEN_WALL"
"வியலருப்பம்,WIDE_BATTLEFIELD"
"இழந்து,LOSE"
"வைகுதும்,WE_LIVE"
"இனிநாம்,NOW_WE"
"உடன்று,ANGER"
"நோக்கினன்,LOOKED"
"பெரிது,GREAT"
"வேற்றரசு,FOREIGN_KING"
"பணி,SERVICE"
"தொடங்கு,START"
"ஆற்றலொடு,WITH_ABILITY"
"புகழ்,FAME"
"ஏத்தி,PRAISING"
"காண்குவந்திசின்,CAME_TO_SEE"
"ஈண்டிய,GATHERED"
"மழையென,LIKE_RAIN"
"மருளும்,BE_WONDER"
"பல்தோல்,MANY_SHIELDS"
"மலையென,LIKE_MOUNTAIN"
"தேன்இறை,HONEY"
"கொள்ளும்,TAKE"
"இரும்பல்யானை,GREAT_ELEPHANTS"
"உடலுநர்,WARRIORS"
"உட்க,Fear"
"வீங்கி,Swell"
"கடலென,Like_Sea"
"வான்நீர்க்கு,For_Rainwater"
"ஊக்கும்,Encourage"
"தானை,Army"
"ஆனாது,Unceasing"
"கடுஒடுங்கு,Fierce"
"எயிற்ற,With_Teeth"
"அரவுத்தலை,Snake_Head"
"பனிப்ப,Shiver"
"இடியென,Like_Thunder"
"முழங்கு,Resound"
"முரசின்,With_Drum"
"வரையா,Unlimited"
"ஈகை,Charity"
"குடவர்,Kudavar"
"கோவே,King"
"குடபுலவியனார்,Poet"
"நெடுஞ்செழியன்,Netuncheralathan"
"முழங்கு,Resound"
"முந்நீr,Sea"
"முழுவதும்,Whole"
"வளைஇ,Surround"
"பரந்துபட்ட,Spread"
"வியன்ஞாலம்,Wide_World"
"தாளின்,By_Feet"
"தந்த,Brought"
"தம்புகழ்,Their_Fame"
"நிறீஇ,Establish"
"ஒருதாம்,One_Self"
"ஆகிய,Become"
"உரவோர்,Strong_Men"
"உம்பல்,Lineage"
"ஒன்றுபத்து,One_Ten"
"அடுக்கிய,Arranged"
"கோடிகடை,Millions_End"
"இரீஇய,Placed"
"பெருமைத்து,Greatness"
"ஆக,Become"
"நின்றாயுள்,Your_Life"
"தானே,Itself"
"நீர்த்தாழ்ந்த,Water_Submerged"
"குறுங்காஞ்சி,Short_Kanchi"
"பூ,Flower"
"கதூஉம்,Call"
"இனவாளை,Group_of_Vaalai_Fish"
"நுண்ணாரல்,Small_Aral_Fish"
"பருவரால்,BIG_Varal_Fish"
"குரூஉக்,Spotted"
"கெடிற்ற,With_Kedir_Fish"
"குண்டு,Deep"
"அகழி,Moat"
"வான்,Sky"
"உட்கும்,Fear"
"வடிநீண்மதில்,High_Wall"
"மல்லல்,RicH"
"மூதூர்,Old_City"
"வய,Strong"
"வேந்தே,King"
"செல்லும்,Going"
"உலகத்து,In_World"
"செல்வம்,Wealth"
"வேண்டினும்,If_Want"
"ஞாலம்,World"
"காவலர்,Kings"
"தோள்வலி,Arm_Strength"
"முருக்கி,Destroy"
"ஒருநீ,One_You"
"ஆகல்,Being"
"வேண்டினும்,If_Want"
"சிறந்த,Excellent"
"நல்இசை,Good_Fame"
"நிறுத்தல்,Establish"
"வேண்டினும்,If_Want"
"மற்றதன்,Its_Other"
"தகுதி,Quality"
"கேள்,Listen"
"இனி,Now"
"மிகுதியாள,Oh_Rich_One"
"நீர்இன்று,Without_Water"
"அமையா,Not_Sufficient"
"யாக்கைக்கு,For_Body"
"எல்லாம்,All"
"உண்டி,Food"
"கொடுத்தோர்,Those_Who_Gave"
"உயிர்கொடுத்தோரே,Those_Who_Gave_Life"
"உண்டி,Food"
"முதற்றே,Is_First"
"உணவின்,Of_Food"
"பிண்டம்,Ball"
"உணவென,As_Food"
"படுவது,Called"
"நிலத்தோடு,With_Land"
"நீரே,Water"
"நீரும்,Water"
"நிலனும்,Land"
"புணரியோர்,Those_Who_Joined"
"ஈண்டு,Here"
"உடம்பும்,Body"
"உயிரும்,Soul"
"படைத்திசினோரே,Created"
"வித்தி,Sowing"
"வான்,Sky"
"நோக்கும்,Looks"
"புன்புலம்,Barren_Field"
"கண்ணகன்,Eye_Broad"
"வைப்புற்று,Placed"
"ஆயினும்,Even_If"
"நண்ணி,Approaching"
"ஆளும்,Rule"
"இறைவன்,King"
"தாட்கு,To_Feet"
"உதவாதே,Not_Help"
"அதனால்,Therefore"
"அடுபோர்ச்,Fierce_War"
"செழிய,Chezhiya"
"இகழாது,Not_Disdain"
"வல்லே,Quickly"
"நிலன்நெளி,Land_Crack"
"மருங்கின்,Side"
"நீர்நிலை,Water_Body"
"பெருகத்,Increase"
"தட்டோரம்ம,Those_Who_Hesitate"
"இவண்தட்டோரே,Here_Hesitate"
"தள்ளாதோர்இவண்,Those_Who_Not_Hesitate_Here"
"தள்ளாதோரே,Those_Who_Not_Hesitate"
"தலையாலங்கானத்துச்,THALAIALANGANATHU"
"செருவென்ற,VICTORIOUS_WAR"
"இமிழ்கடல்,RESOUNDING_SEA"
"வளைஇய,SURROUNDED"
"ஈண்டு,ABUNDANT"
"அகல்,WIDE"
"கிடக்கை,POSITION"
"தமிழ்,TAMIL"
"தலை,HEAD"
"மயங்கிய,CONFUSED"
"தலையாலங்கானத்து,THALAIALANGANAM"
"மன்,KING"
"உயிர்ப்,LIFE"
"பன்மையும்,PLURALITY"
"கூற்றத்து,DEATH"
"ஒருமையும்,SINGLENESS"
"நின்னொடு,WITH_YOU"
"தூக்கிய,COMPARED"
"வென்வேல்,VICTORIOUS_SPEAR"
"இரும்புலி,GREAT_TIGER"
"வேட்டுவன்,HUNTER"
"பொறி,TRAP"
"அறிந்து,KNOWING"
"மாட்டிய,SET"
"பெருங்கல்,GREAT_STONE"
"அடாரும்,FOOTHILL"
"போன்ம்,LIKE"
"விரும்பி,DESIRE"
"முயங்கினேன்,EMBRACED"
"அல்லனோ,NOT"
"யானே,I"
"மயங்கி,CONFUSED"
"குன்றத்து,HILL"
"இறுத்த,RESTED"
"குரீஇனம்போல,LIKE_BIRDS"
"அம்பு,ARROW"
"சென்று,GOING"
"இறுத்த,PIERCE"
"அறும்புண்,HEALED_WOUND"
"யானை,ELEPHANT"
"தூம்புடைத்,HOLLOW"
"தடக்கை,LARGE_HAND"
"வாயொடு,WITH_MOUTH"
"துமிந்து,PIERCE"
"நாஞ்சில்,PLOUGHSHARE"
"ஒப்ப,LIKE"
"நிலமிசை,ON_GROUND"
"புரள,ROLL"
"எறிந்து,STRIKE"
"களம்படுத்த,BATTLEFIELD_PLACE"
"ஏந்துவாள்,RAISED_SWORD"
"வலத்தர்,RIGHT_HANDED"
"எந்தையோடு,WITH_MY_FATHER"
"கிடந்தோர்,THOSE_LAY"
"எம்புன்,OUR_POOR"
"தலைப்புதல்வர்,ELDEST_SON"
"இன்ன,SUCH"
"விறலும்,VICTORY"
"உளகொல்,IS_THERE"
"நமக்கு,FOR_US"
"என,SAY"
"மூதில்,OLD"
"பெண்டிர்,WOMEN"
"கசிந்து,MELT"
"அழ,CRY"
"நாணி,ASHAMED"
"கூற்றுக்கண்,IN_DEATH"
"ஓடிய,RAN"
"வெருவரு,FEARFUL"
"பறந்தலை,BATTLEFIELD"
"எழுவர்,SEVEN"
"நல்வலம்,GOOD_STRENGTH"
"கடந்தோய்,CONQUEROR"
"கழூஉ,GLOWING"
"விளங்கு,SHINING"
"ஆரம்,GARLAND"
"கவைஇய,EMBRACED"
"மார்பே,CHEST"
"குறுங்கோழியூர்கிழார்,POET"
"யானைக்கட்சேய்,ELEPHANT_EYE_SON"
"மாந்தரஞ்சேரல்,MANDARANCHERAL"
"இரும்பொறை,IRUMPORAI"
"இரு,GREAT"
"முந்நீர்க்,SEA"
"குட்டமும்,LAKE"
"வியன்ஞாலத்து,WIDE_WORLD"
"அகலமும்,WIDTH"
"வளி,WIND"
"வழங்கு,MOVE"
"திசையும்,DIRECTION"
"வறிது,EMPTY"
"நிலைஇய,STOOD"
"காயமும்,SPACE"
"என்றாங்கு,THUS"
"அவை,THEY"
"அளந்து,MEASURE"
"அறியினும்,EVEN_IF_KNOW"
"அளத்தற்கு,TO_MEASURE"
"அரியை,DIFFICULT"
"அறிவும்,WISDOM"
"ஈரமும்,COMPASSION"
"பெருங்கணோட்டமும்,GREAT_OVERSIGHT"
"சோறு,FOOD"
"படுக்கும்,PRODUCE"
"தீயோடு,WITH_FIRE"
"செஞ்ஞாயிற்று,RED_SUN"
"தெறல்,HEAT"
"அல்லது,EXCEPT"
"பிறிது,OTHER"
"தெறல்,HEAT"
"அறியார்,NOT_KNOW"
"நின்நிழல்,YOUR_SHADE"
"வாழ்வோரே,THOSE_LIVING"
"திருவில்,PROSPERITY_NOT"
"அல்லது,EXCEPT"
"கொலைவில்,KILLING_BOW"
"அறியார்,NOT_KNOW"
"நாஞ்சில்,PLOUGH"
"அல்லது,EXCEPT"
"படையும்,WEAPON"
"அறியார்,NOT_KNOW"
"திறனறி,SKILL_KNOWING"
"வயவரொடு,WITH_WARRIORS"
"தெவ்வர்,ENEMIES"
"தேய,DEcrease"
"அப்பிறர்மண்,THAT_OTHERS_LAND"
"உண்ணும்,EAT"
"செம்மல்,LORD"
"நின்நாட்டு,YOUR_COUNTRY"
"வயவுறு,WARRIOR"
"மகளிர்,WOMEN"
"வேட்டு,WANT"
"உணின்,IF_EAT"
"அல்லது,EXCEPT"
"பகைவர்,ENEMIES"
"உண்ணா,NOT_EAT"
"அருமண்ணினையே,DIFFICULT_LAND"
"அம்பு,ARROW"
"துஞ்சும்,SLEEP"
"கடி,GUARDED"
"அரணால்,FORT"
"அறம்,RIGHTEOUSNESS"
"துஞ்சும்,SLEEP"
"செங்கோலையே,JUST_SCEPTRE"
"புதுப்புள்,NEW_BIRD"
"வரினும்,EVEN_IF_COME"
"பழம்புள்,OLD_BIRD"
"போகினும்,EVEN_IF_GO"
"விதுப்புற,HASTE"
"அறியா,NOT_KNOW"
"ஏமம்,PROTECTION"
"காப்பினை,PROTECTION"
"அனையை,SUCH"
"ஆகல்மாறே,BUT_BEING"
"மன்னுயிர்,LASTING_LIFE"
"எல்லாம்,ALL"
"நின்அஞ்சும்மே,FEAR_YOU"
"ஐயூர்,AIYUR"
"மூலங்கிழார்,POET"
"கானப்பேரெயில்,KANA_PER_EYIL"
"கடந்த,CONQUERED"
"உக்கிரப்,UKKIRA"
"பெருவழுதி,GREAT_PANDYA"
"புலவரை,POETS"
"இறந்த,Beyond"
"புகழ்சால்,FAMOUS"
"தோன்றல்,LORD"
"நிலவரை,EARTH_LIMIT"
"இறந்த,Beyond"
"குண்டுகண்,DEEP_EYED"
"அகழி,MOAT"
"வான்தோய்,SKY_TOUCHING"
"வன்ன,LIKE"
"புரிசை,WALL"
"விசும்பின்,SKY"
"மீன்பூத்தன்ன,FLOWER_LIKE_STAR"
"உருவ,SHAPE"
"ஞாயில்,WALL"
"கதிர்நுழை,SUN_RAY_ENTER"
"கல்லா,NOT_LEARN"
"மரம்பயில்,TREE_ABOUNDING"
"கடிமிளை,GUARDED_FOREST"
"அருங்குறும்பு,DIFFICULT_HAMLET"
"உடுத்த,SURROUNDED"
"கானப்பேரெயில்,KANA_PER_EYIL"
"கருங்கைக்,BLACK_HANDED"
"கொல்லன்,BLACKSMITH"
"செந்தீ,RED_FIRE"
"மாட்டிய,LIT"
"இரும்புஉண்,IRON_EATING"
"நீரினும்,THAN_WATER"
"மீட்டற்கு,TO_RETRIEVE"
"அரிது,DIFFICULT"
"என,SAY"
"வேங்கை,VENGAI_TREE"
"மார்பின்,CHEST"
"இரங்க,RESOUND"
"வைகலும்,EVERY_DAY"
"ஆடுகொள,PLAY"
"குழைந்த,SHAKE"
"தும்பை,THUMBA_FLOWER"
"புலவர்,POETS"
"பாடுதுறை,SONG_GHAT"
"முற்றிய,COMPLETE"
"கொற்ற,Victorious"
"வேந்தே,KING"
"இகழுநர்,DESPISERS"
"இசையொடு,WITH_FAME"
"மாயப்,PERISH"
"புகழொடு,WITH_FAME"
"விளங்கி,SHINE"
"பூக்க,BLOOM"
"வேலே,SPEAR"
"வேந்து,KING"
"தந்த,GIVEN"
"பணி,SERVICE"
"திறையால்,WITH_TAX"
"சேர்ந்தவர்,THOSE_JOINED"
"கடும்பு,FAMILY"
"ஆர்த்தும்,REJOICE"
"ஓங்குகொல்லியோர்,HIGH_KOLLI"
"அடுபொருந,WARRIOR"
"வேழ,ELEPHANT"
"நோக்கின்,GAZE"
"விறல்வெம்,VICTORIOUS"
"சேஎய்,SON"
"வாழிய,LONG_LIVE"
"பெரும,LORD"
"வரம்பில்,BOUNDLESS"
"படைப்பே,CREATION"
"நிற்பாடிய,THOSE_SANG_YOU"
"அலங்கு,FLOWING"
"செந்நாப்,RED_TONGUE"
"பிற்பிறர்,OTHERS"
"இசை,FAME"
"நுவலாமை,NOT_SPEAKING"
"ஒம்பாது,WITHOUT_PROTECTION"
"ஈயும்,GIVES"
"ஆற்றல்,ABILITY"
"எங்கோ,OUR_KING"
"மாந்தரஞ்சேரல்,MANDARANCHERAL"
"இரும்பொறை,IRUMPORAI"
"ஓம்பிய,PROTECTED"
"நாடே,COUNTRY"
"புத்தேள்,GOD"
"உலகத்து,IN_WORLD"
"அற்று,LIKE"
"என,SAY"
"கேட்டு,HEARING"
"வந்து,COME"
"இனிது,SWEET"
"காண்டிசின்,SEE"
"பெரும,LORD"
"முனிவிலை,NO_ANGER"
"வேறுபுலத்து,OTHER_COUNTRY"
"இறுக்கும்,SEIZE"
"தானையோடு,WITH_ARMY"
"சோறுயட,FOOD"
"நடத்தி,LEAD"
"துஞ்சாய்,NOT_SLEEP"
"மாறே,OPPOSITE"
"கல்லாடனார்,POET"
"தலையாலங்கானத்து,THALAIALANGANATHU"
"நெடுஞ்செழியன்,NETUNCHEZHIYAN"
"வெளிறில்,FAULTLESS"
"நோன்காழ்,STRONG_STALK"
"பணைநிலை,DRUM_STAND"
"முனைஇ,PREPARE"
"களிறுபடிந்து,ELEPHANT"
"உண்டென,EAT"
"கலங்கிய,CONFUSED"
"துறையும்,GHAT"
"கார்,RAIN_CLOUD"
"நறுங்,FRAGRANT"
"கடம்பின்,KADAMBAM"
"பாசிலை,TENDER_LEAF"
"தெரியல்,GARLAND"
"சூர்,DEMON"
"நவை,EVIL"
"முருகன்,MURUGAN"
"சுற்றத்து,RELATIVES"
"அன்ன,LIKE"
"நின்,YOUR"
"கூர்நல்,SHARP_GOOD"
"அம்பின்,ARROW"
"கொடுவில்,CURVED_BOW"
"கூளியர்,DEMONS"
"கொள்வது,WHAT_TAKE"
"கொண்டு,TAKING"
"கொள்ளா,NOT_TAKING"
"மிச்சில்,LEFT_OVER"
"கொள்பதம்,TAKING_PLACE"
"ஒழிய,LEAVE"
"வீசிய,THROW"
"புலனும்,FIELD"
"வடிநவில்,SHARPENED"
"நவியம்,FILE"
"பாய்தலின்,PIERCE"
"ஊர்தொறும்,EVERY_VILLAGE"
"கடிமரம்,GUARD_TREE"
"துளங்கிய,SHAKE"
"காவும்,GROVE"
"நெடுநகர்,LONG_PALACE"
"வினைபுனை,WORK_DECORATE"
"நல்லில்,GOOD_HOUSE"
"வெவ்வெரி,HOT_FIRE"
"நைப்ப,DESTROY"
"கனைஎரி,BLAZING_FIRE"
"உரறிய,ROAR"
"மருங்கும்,SIDE"
"நோக்கி,SEEING"
"நண்ணார்,ENEMIES"
"நாண,ASHAMED"
"நாள்தொறும்,EVERY_DAY"
"தலைச்சென்று,GOING_AHEAD"
"இன்னும்,YET"
"இன்னபல,SUCH_MANY"
"செய்குவன்,WILL_DO"
"யாவரும்,ALL"
"துன்னல்,APPROACHING"
"போகிய,GONE"
"துணிவினோன்,DECISIVE"
"என,SAY"
"ஞாலம்,WORLD"
"நெளிய,CRUSH"
"ஈண்டிய,GATHERED"
"வியன்படை,WIDE_ARMY"
"ஆலங்கானத்து,ALANGANAM"
"அமர்கடந்து,BATTLE_CROSSED"
"அட்ட,KILLED"
"காலமுன்ப,ANCIENT_STRENGTH"
"கண்டனென்,SAW"
"வருவல்,WILL_COME"
"அறுமருப்பு,BROKEN_TUSK"
"எழிற்கலை,BEAUTIFUL_STAG"
"புலிப்பால்,TIGER_MILK"
"பட்டென,OBTAINED"
"சிறுமறி,SMALL_FAWN"
"தழீஇய,EMBRACING"
"தெறிநடை,LEAPING_WALK"
"மடப்பிணை,GENTLE_DOE"
"பூளை,POOLAI"
"நீடிய,EXTENDED"
"வெருவரு,FEARFUL"
"பறந்தலை,BATTLEFIELD"
"வேளை,VELAI"
"வெண்பூ,WHITE_FLOWER"
"கறிக்கும்,TEAR"
"ஆளில்,PERSON_NOT"
"அத்தம்,PATH"
"ஆகிய,BECAME"
"காடே,FOREST"
"மாங்குடி,MAANGUDI"
"கிழவர்,ELDER"
"மருதனார்,MARUTHANAR"
"நெல்,RICE"
"அரியும்,CUT"
"இருந்தொழுவர்,BIG_COWHERDS"
"செஞ்ஞாயிற்று,RED_SUN"
"வெயில்,SUNLIGHT"
"முனையின்,LIKE_EDGE"
"தென்கடல்,SOUTH_SEA"
"திரை,WAVE"
"மிசைப்பாய்ந்து,ON_TOP_JUMP"
"திண்திமில்,STRONG_BOAT"
"வன்பரதவர்,STRONG_FISHERMEN"
"வெப்புடைய,HOT"
"மட்டுண்டு,DRINK_SWEET"
"தண்குரவை,COOL_KURAVAI"
"சீர்தூங்கு,FAME_SLEEP"
"தூவற்,FEATHER"
"கலித்த,ABUNDANT"
"தேம்பாய்,HONEY_FLOW"
"புன்னை,PUNNAI"
"மெல்லிணர்,SOFT_CLUSTER"
"கண்ணி,GARLAND"
"மிலைந்த,WEAR"
"மைந்தர்,STRONG_MEN"
"எல்வளை,SHINING_BANGLE"
"மகளிர்த்,WOMEN"
"தலைக்கை,HAND"
"தரூஉந்து,GIVE"
"வண்டுபட,BEES_SETTLE"
"மலர்ந்த,BLOOMED"
"தண்ணறுங்,COOL_FRAGRANT"
"கானல்,GROVE"
"முண்டகக்,MUNDAGAM"
"கோதை,GARLAND"
"ஒண்டொடி,BRIGHT_BANGLE"
"மகளிர்,WOMEN"
"இரும்பனையின்,GREAT_PALM"
"குரும்பை,TENDER_FRUIT"
"நீரும்,WATER"
"பூங்கரும்பின்,FLOWER_SUGARCANE"
"தீஞ்சாறும்,SWEET_JUICE"
"ஓங்குமணல்,HIGH_SAND"
"குலவுத்,FLOURISHING"
"தாழை,THAZHAI"
"தீநீரோடு,HOT_WATER"
"உடன்,TOGETHER"
"விராஅய,MIX"
"முந்நீர்,SEA"
"உண்டு,DRINK"
"முந்நீர்ப்,SEA"
"பாயும்,SPRING"
"தாங்கா,UNSTABLE"
"உறையுள்,RESIDENCE"
"நல்லூர்,GOOD_VILLAGE"
"கெழீஇய,ABIDE"
"ஒம்பா,UNPROTECTED"
"ஈகை,CHARITY"
"மாவேள்,GREAT_VEL"
"எவ்வி,EVVI"
"புனலம்,WATER_BEAUTY"
"புதவின்,WITH_WALL"
"மிழலையொடு,MIZHALAI"
"கழனிக்,FIELD"
"கயலார்,FISH_EYED"
"நாரை,STORK"
"போர்வில்,FIGHT_BOW"
"சேக்கும்,REST"
"பொன்னணி,GOLD_ORNAMENT"
"யானை,ELEPHANT"
"தொன்முதிர்,ANCIENT_AGED"
"வேளிர,VELIR"
"குப்பை,HEAP"
"நெல்லின்,RICE"
"முத்தூறு,PEARL_FOUNTAIN"
"தந்த,BROUGHT"
"கொற்ற,VICTORIOUS"
"நீள்குடை,LONG_UMBRELLA"
"கொடித்தேர்ச்,FLAG_CHARIOT"
"செழிய,PANDYA"
"நின்று,STAND"
"நிலைஇயர்,REMAIN"
"நாண்மீன்,SHINING_STAR"
"நில்லாது,NOT_STAND"
"படாஅச்,NOT_FLY"
"செலீஇயர்,GO"
"நின்பகைவர்,YOUR_ENEMIES"
"மீனே,STAR"
"நின்னொடு,WITH_YOU"
"தொன்றுமூத்த,ANCIENT_AGED"
"உயிரினும்,THAN_LIFE"
"உயிரொடு,WITH_LIFE"
"நின்று,STAND"
"மூத்த,AGED"
"யாக்கை,BEING"
"அன்ன,LIKE"
"ஆடுகுடி,HERD"
"மூத்த,AGED"
"விழுத்திணை,GOOD_CLAN"
"சிறந்த,EXCELLENT"
"வாளின்,SWORD"
"வாழ்நர்,LIVING_PEOPLE"
"தாள்வலம்,LEG_RIGHT"
"வாழ்த்த,PRAISE"
"இரவன்மாக்கள்,BEGGARS"
"ஈகை,CHARITY"
"நுவல,SPEAK"
"ஒண்டொடி,BRIGHT_BANGLE"
"மகளிர்,WOMEN"
"பொலங்கலத்து,GOLDEN_VESSEL"
"ஏந்திய,RAISED"
"தண்கமழ்,COOL_FRAGRANT"
"தேறல்,CLEAR_DRINK"
"மடுப்ப,DRINK"
"மகிழ்சிறந்த,EXCELLENT_JOY"
"ஆங்கு,THERE"
"இனிது,SWEET"
"ஒழுகுமதி,LIVE"
"பெரும,LORD"
"ஆங்கது,THAT"
"வல்லுநர்,SKILLED"
"வாழ்ந்தோர்,LIVED"
"என்ப,SAY"
"தொல்லிசை,ANCIENT_FAME"
"மலர்தலை,FLOWER_HEADED"
"உலகத்து,IN_WORLD"
"தோன்றி,APPEAR"
"பலர்செலச்,MANY_GO"
"செல்லாது,NOT_GOING"
"நின்று,STANDING"
"விளிந்தோரே,DIED"
"கூந்தல்,HAIR"
"வேலும்,SPEAR"
"மீன்,STAR"
"திகழ்,SHINE"
"விசும்பின்,SKY"
"பாய்இருள்,SPREADING_DARKNESS"
"அகல,REMOVE"
"ஈண்டு,ABUNDANT"
"செலல்,MOVING"
"மரபின்,NATURE"
"இயல்,NATURE"
"வழாஅது,NOT_DEVIATE"
"உரவுச்சினம்,FIERCE_ANGER"
"திருகிய,TWISTED"
"உரு,FORM"
"கெழு,HAVING"
"ஞாயிறு,SUN"
"நிலவு,MOONLIGHT"
"திகழ்,SHINE"
"மதியமொடு,WITH_MOON"
"நிலஞ்சேர்ந்தாங்கு,EARTH_JOINED_LIKE"
"உடலருந்,FIGHT_DIFFICULT"
"துப்பின்,WITH_STRENGTH"
"ஒன்றுமொழி,UNANIMOUS"
"வேந்தரை,KINGS"
"அணங்கரும,PAINFUL"
"பறந்தலை,BATTLEFIELD"
"உணங்கப்,DRY"
"பண்ணி,MAKE"
"பிணியுறு,DISEASED"
"முரசம்,DRUM"
"கொண்ட,TOOK"
"காலை,TIME"
"நிலை,POSITION"
"திரிபு,CHANGE"
"எறியத்,STRIKE"
"திண்மடை,STRONG_LOCK"
"கலங்கிச,CONFUSED"
"சிதைதல்,DESTROY"
"உய்ந்தன்றோ,SURVIVED"
"நின்வேல்,YOUR_SPEAR"
"செழிய,PANDYA"
"முலை,BREAST"
"பொலி,ABUNDANT"
"அகம்,INSIDE"
"உருப்ப,FEAR"
"நூறி,GRIND"
"மெய்ம்மறந்து,BODY_FORGETTING"
"பட்ட,OBTAINED"
"வரையாப்,BOUNDLESS"
"பூசல்,NOISE"
"ஒண்ணுதல்,BRIGHT_FOREHEAD"
"மகளிர்,WOMEN"
"கைம்மை,WIDOWHOOD"
"கூர,INCREASE"
"அவிர்,SHINE"
"அறல்,CURRENT"
"கடுக்கும்,LIKE"
"அம்மென்,SOFT"
"குவை,ABUNDANT"
"இரும்,GREAT"
"கூந்தல்,HAIR"
"கொய்தல்,PLUCK"
"கண்டே,SAW"
"நோற்றார்,THOSE_WHO_PRAYED"
"நின்பகைவர்,YOUR_ENEMIES"
"நளி,DENSE"
"கடல்,SEA"
"இருங்குட்டத்து,GREAT_LAKE"
"வளி,WIND"
"புடைத்த,STRUCK"
"கலம்போல,LIKE_SHIP"
"களிறு,ELEPHANT"
"சென்று,GOING"
"களன்,FIELD"
"அகற்றவும்,REMOVE"
"அகற்றிய,REMOVED"
"வியலாங்கண்,WIDE_PLACE"
"ஒளிறு,SHINE"
"இலைய,LEAF"
"எகு,ARROW"
"ஏந்தி,HOLDING"
"அரைசுபட,KING_FALL"
"அமர்,BATTLE"
"உழக்கி,STRUGGLE"
"உரை,FAME"
"செல,GO"
"முரசு,DRUM"
"வெளவி,SEIZE"
"முடித்தலை,CRESTED_HEAD"
"அடுப்பாக,BURN"
"புனல்,WATER"
"குருதி,BLOOD"
"உலைக்,COOKING_POT"
"கொளீஇ,PLACE"
"தொடித்தோள்,BANGLED_ARM"
"துடுப்பின்,OAR"
"துழந்த,STIRRED"
"வல்சியின்,FOOD"
"அடுகளம்,BATTLEFIELD"
"வேட்ட,WANTED"
"அடுபோர்ச்,FIERCE_WAR"
"ஆன்ற,ESTABLISHED"
"கேள்வி,LEARNING"
"அடங்கிய,CONTROLLED"
"கொள்கை,PRINCIPLE"
"நான்மறை,FOUR_VEDAS"
"முதல்வர்,ELDERS"
"சுற்றமாக,WITH_KIN"
"மன்னர்,KINGS"
"ஏவல்,COMMAND"
"செய்ய,DO"
"மன்னிய,ESTABLISHED"
"வேள்வி,SACRIFICE"
"முற்றிய,COMPLETED"
"வாய்வாள்,TRUTHFUL_SWORD"
"வேந்தே,KING"
"மன்ற,INDEED"
"நின்பகைவர்,YOUR_ENEMIES"
"மாற்றார்,ENEMIES"
"என்னும்,CALLED"
"பெயர்,NAME"
"பெற்று,OBTAIN"
"ஆற்றார்,WEAK"
"ஆயினும்,EVEN_IF"
"ஆண்டு,THERE"
"வாழ்வோரே,THOSE_LIVING"
"உறையூர்,URAIYUR"
"முதுகண்ணன்,MUDUKANNAN"
"சாத்தனார்,SATHANAR"
"நலங்கிள்ளி,NALANKILLI"
"சேற்று,MUD"
"வளர்,GROW"
"தாமரை,LOTUS"
"பயந்த,PRODUCED"
"ஒண்கேழ்,BRIGHT_COLOR"
"நூற்றிதழ்,HUNDRED_PETAL"
"அலரின்,BLOOM"
"நிறை,FULLNESS"
"கண்டன்ன,SAW_LIKE"
"வேற்றுமை,DIFFERENCE"
"இல்லா,WITHOUT"
"விழுத்திணை,GOOD_CLAN"
"பிறந்து,BORN"
"வீற்றிருந்தோரை,THOSE_SEATED"
"எண்ணுங்காலை,WHEN_COUNTING"
"உரையும்,SPEECH"
"பாட்டும்,SONG"
"உடையோர்,THOSE_HAVING"
"சிலரே,FEW"
"மரைஇலை,DEER_LEAF"
"போல,LIKE"
"மாய்ந்திசினோர்,PERISHED"
"பலரே,MANY"
"புலவர்,POETS"
"பாடும்,SING"
"புகழுடையோர்,THOSE_WITH_FAME"
"விசும்பின்,SKY"
"வலவன்,CHARIOTEER"
"ஏவா,NOT_COMMAND"
"வானூர்தி,SKY_VEHICLE"
"எய்துப,ATTAIN"
"என்ப,SAY"
"தம்செய்வினை,THEIR_DEED"
"முடித்து,COMPLETE"
"என,SAY"
"கேட்பல்,HEAR"
"எந்தை,FATHER"
"சேட்சென்னி,SIR"
"நலங்கிள்ளி,NALANKILLI"
"தேய்தல்,DECREASE"
"உண்மையும்,EXISTENCE"
"பெருகல்,INCREASE"
"உண்மையும்,EXISTENCE"
"மாய்தல்,DESTROY"
"உண்மையும்,EXISTENCE"
"பிறத்தல்,BIRTH"
"உண்மையும்,EXISTENCE"
"அறியாதோரையும்,THOSE_NOT_KNOWING"
"அறிய,KNOW"
"காட்டி,SHOW"
"திங்கட்புத்தேள்,MOON_GOD"
"திரிதரு,WANDER"
"உலகத்து,IN_WORLD"
"வல்லார்,SKILLED"
"ஆயினும்,EVEN_IF"
"வல்லுநர்,SKILLED"
"ஆயினும்,EVEN_IF"
"வருந்தி,SUFFERING"
"வந்தோர்,THOSE_CAME"
"மருங்கு,SIDE"
"நோக்கி,LOOKING"
"அருள,GRACE"
"வல்லை,ABLE"
"ஆகுமதி,BE"
"அருளிலர்,MERCILESS"
"கொடா,NOT_GIVING"
"அமை,CONTENT"
"வல்லர்,ABLE"
"ஆகுக,BE"
"கெடாஅத்,IMPERISHABLE"
"துப்பின்,STRENGTH"
"நின்பகை,YOUR_ENEMY"
"எதிர்ந்தோரே,THOSE_OPPOSED"
"சிறப்பில்,GLORY_NOT"
"சிதடும்,CRIPPLE"
"உறுப்பில்,LIMB_NOT"
"பிண்டமும்,DEFORMED"
"கூனும்,HUNCHBACK"
"குறளும்,DWARF"
"ஊமும்,MUTE"
"செவிடும்,DEAF"
"மாவும்,STUPID"
"மருளும்,CONFUSED"
"உளப்பட,INCLUDING"
"வாழ்நர்க்கு,FOR_LIVING"
"எண்பேர்,EIGHT_NAMES"
"எச்சம்,REMAINDER"
"என்றிவை,CALLED_THESE"
"எல்லாம்,ALL"
"பேதைமை,FOOLISHNESS"
"அல்லது,EXCEPT"
"ஊதியம்,PROFIT"
"இல்,NO"
"என,SAY"
"முன்னும்,BEFORE"
"அறிந்தோர்,KNOWERS"
"கூறினர்,SAID"
"இன்னும்,STILL"
"அதன்திறம்,ITS_NATURE"
"அத்தை,THAT"
"யான்,I"
"உரைக்க,TO_SAY"
"வந்தது,CAME"
"வட்ட,ROUND"
"வரிய,STRIPED"
"செம்பொறி,RED_SPOT"
"சேவல்,ROOSTER"
"ஏனல்,MILLET"
"காப்போர்,PROTECTORS"
"உணர்த்திய,INFORMED"
"கூஉம்,CALL"
"கானத்தோர்,JUNGLE_PEOPLE"
"நின்தெவ்வர்,YOUR_ENEMIES"
"நீயே,YOU"
"புறஞ்சிறை,OUTSIDE_WING"
"மாக்கட்கு,PEOPLE"
"அறங்குறித்து,RIGHTEOUS_INTENT"
"அகத்தோர்,INSIDE_PEOPLE"
"புய்த்தெறி,THROW"
"கரும்பின்,SUGARCANE"
"விடுகழை,BAMBOO"
"தாமரைப்,LOTUS"
"பூம்போது,FLOWER_BUD"
"சிதைய,DESTROY"
"வீழ்ந்தென,FALL"
"கூத்தர்,DANCERS"
"ஆடுகளம்,DANCE_GROUND"
"கடுக்கும்,LIKE"
"அகநாட்டையே,INSIDE_COUNTRY"
"அதனால்,THEREFORE"
"அறனும்,RIGHTEOUSNESS"
"பொருளும்,WEALTH"
"இன்பமும்,PLEASURE"
"மூன்றும்,THREE"
"ஆற்றும்,PERFORM"
"பெரும,LORD"
"நின்செல்வம்,YOUR_WEALTH"
"ஆற்றாமை,IMPOTENCE"
"நின்போற்றாமையே,YOUR_NEGLIGENCE"
"நண்பின்,FRIENDSHIP"
"பண்பினன்,CHARACTER"
"ஆகுக,BE"
"அழல்,FIRE"
"புரிந்த,EMBRACED"
"அடர்,DENSE"
"தாமரை,LOTUS"
"ஐது,SLENDER"
"அடர்ந்த்ற,THICK"
"நூற்பெய்து,THREAD_PLACE"
"புனைவிளைப்,DECORATED"
"பொலிந்த,ADORNED"
"பொலன்,GOLD"
"நறுந்தெரியல்,FRAGRANT_GARLAND"
"பாறு,EAGLE"
"மயிர்,HAIR"
"இருந்தலை,GREAT_HEAD"
"பொலிய,SHINE"
"சூடி,WEAR"
"பாண்முற்றுக,PLEASE_SING"
"நாள்மகிழ்,DAY_JOY"
"இருக்கை,SEAT"
"முற்று,END"
"ஒழிந்த,LEFT"
"பின்றை,AFTER"
"மகளிர்,WOMEN"
"தோள்முற்றுக,ARMS_FULL"
"சாந்துபுலர்,SANDAL_FADED"
"அகலம்,CHEST"
"ஆங்க,THERE"
"முனிவில்,ANGER_NOT"
"முற்றத்து,COURTYARD"
"இனிது,SWEET"
"முரசு,DRUM"
"இயம்ப,SOUND"
"கொடியோர்த்,CRUEL_PEOPLE"
"தெறுதலும்,DESTROY"
"செவ்வியோர்க்கு,GOOD_PEOPLE"
"அளித்தலும்,GIVE"
"ஒடியா,UNBROKEN"
"முறையின்,ORDER"
"மடிவிலை,DEATH_NOT"
"யாகி,BEING"
"நல்லதன்,GOOD"
"நலனும்,GOODNESS"
"தீயதன்,EVIL"
"தீமையும்,EVIL"
"இல்லை,NO"
"என்போர்க்கு,THOSE_WHO_SAY"
"இனன்,FRIEND"
"ஆகிலியர்,BE_NOT"
"நெல்விளை,RICE_CULTIVATION"
"கழனிப்,FIELD"
"படுபுள்,BIRD"
"ஓப்புநர்,DRIVERS"
"ஒழிமடல்,LEFT_PALM_LEAF"
"விறகின்,FIREWOOD"
"கழுமீன்,FISH"
"சுட்டு,COOK"
"வெங்கள்,HOT_KALL"
"தொலைச்சியும்,DESTROY"
"அமையார்,NOT_SATISFIED"
"தெங்கின்,COCONUT"
"இளநீர்,TENDER_COCONUT_WATER"
"உதிர்க்கும்,SHED"
"வளமிகு,ABUNDANT"
"நன்னாடு,GOOD_COUNTRY"
"பெற்றனர்,OBTAINED"
"உவக்கும்,REJOICE"
"நின்படைகொள்மாக்கள்,YOUR_ARMY_PEOPLE"
"பற்றாமாக்களின்,ENEMIES"
"பரிவு,CONCERN"
"முன்து,FRONT"
"உறுத்துக,CAUSE"
"கூவை,STACK"
"துற்ற,ABOUNDING"
"நாற்கால்,FOUR_LEG"
"பந்தர்ச்,PANDAL"
"சிறுமனை,SMALL_HOUSE"
"வாழ்க்கையின்,FROM_LIFE"
"ஒரீஇ,LEAVING"
"வருநர்க்கு,TO_COMERS"
"உதவி,HELP"
"ஆற்றும்,ABLE"
"நண்பின்,FRIENDSHIP"
"பண்புடை,CHARACTER"
"ஊழிற்று,DESTINY"
"ஆக,BE"
"செய்கை,DEED"
"விழவின்,FESTIVAL"
"கோடியர்,MANY"
"நீர்மை,NATURE"
"போல,LIKE"
"முறைமுறை,ORDER_BY_ORDER"
"ஆடுநர்,DANCERS"
"கழியும்,PASS"
"இவ்வுலகத்து,THIS_WORLD"
"கூடிய,JOINED"
"நகைப்புறனாக,SMILE_OUTSIDE"
"சுற்றம்,KIN"
"இசைப்புறனாக,FAME_OUTSIDE"
"ஓம்பிய,PROTECTED"
"பொருளே,WEALTH"
"எங்ஙனம்,HOW"
"பாடுவர்,WILL_SING"
"செஞ்ஞாயிற்றுச்,RED_SUN"
"செலவும்,GOING"
"அஞ்ஞாயிற்றுப்,THAT_SUN"
"பரிப்பும்,COURSE"
"பரிப்புச்,COURSE"
"சூழ்ந்த,SURROUNDED"
"மண்டிலமும்,ORB"
"வளிதிரிதரு,WIND_CHANGE"
"திசையும்,DIRECTION"
"வறிது,EMPTY"
"நிலைஇய,STOOD"
"காயமும்,SPACE"
"என்றிவை,THESE"
"சென்றளந்து,GO_MEASURE"
"அறிந்தார்,KNOWERS"
"போல,LIKE"
"என்றும்,EVER"
"இனைத்து,SUCH"
"என்போரும்,THOSE_WHO_SAY"
"உளரே,EXIST"
"அனைத்தும்,ALL_THAT"
"அறிவு,WISDOM"
"அறிவாக,AS_KNOWLEDGE"
"செறிவினை,FOCUS"
"யாகி,BEING"
"களிறுகவுள்,ELEPHANT_CHEEK"
"அடுத்த,NEAR"
"எறிகல்,THROWING_STONE"
"போல,LIKE"
"ஒளித்த,HIDDEN"
"துப்பினை,STRENGTH"
"ஆதலின்,BECAUSE"
"வெளிப்பட,OPENLY"
"யாங்ஙனம்,HOW"
"பாடுவர்,WILL_SING"
"புலவர்,POETS"
"கூம்பொடு,WITH_SAIL"
"மீப்பாய்,BOAT_SAIL"
"களையாது,NOT_REMOVE"
"மிசைப்பரந்,TOP_SPREAD"
"தோண்டாது,NOT_DIG"
"புகாஅர்ப்,INACCESSIBLE"
"புகுந்த,ENTERED"
"பெருங்கலம்,GREAT_SHIP"
"தகாஅர்,UNFIT"
"இடைப்புலப்,INTERMEDIATE_FIELD"
"பெருவழிச்,GREAT_PATH"
"சொரியும்,POUR"
"கடல்பல்,SEA_MANY"
"தாரத்த,TYPE"
"நாடுகிழவோயே,LAND_OWNER"
"கோவூர்கிழார்,POET"
"வடநாட்டார்,NORTHERNERS"
"தூங்கார்,SLEEP_NOT"
"சிறப்புடை,GLORIOUS"
"மரபிற்,IN_LINEAGE"
"பொருளும்,WEALTH"
"இன்பமும்,PLEASURE"
"அறத்து,RIGHTEOUSNESS"
"வழிப்படூஉம்,FOLLOW"
"தோற்றம்போல,APPEARANCE_LIKE"
"இருகுடை,TWO_UMBRELLAS"
"பின்பட,BEHIND"
"ஓங்கி,RISE"
"ஒருகுடை,ONE_UMBRELLA"
"உரு,FORM"
"கெழு,HAVING"
"மதியின்,MOON"
"நிவந்து,RISING"
"சேண்,FAR"
"விளங்க,SHINE"
"நல்லிசை,GOOD_FAME"
"வேட்டம்,WANTING"
"வேண்டி,FOR_SAKE"
"வெல்போர்ப்,VICTORIOUS_WAR"
"பாசறையல்லது,CAMP_EXCEPT"
"நீயொல்லாயே,YOU_NOT_WANT"
"நிதிமுகம்,TREASURE_FACE"
"மழுங்க,BLUNT"
"மண்டி,RUSH"
"ஒன்னார்,ENEMIES"
"கடிமதில்,GUARDED_WALL"
"பாயும்,SPRING"
"நின்களிறு,YOUR_ELEPHANT"
"அடங்கலவே,CONTROLLED"
"போர்,WAR"
"எனில்,IF_SAY"
"புகலும்,SAY"
"புனைகழல்,DECORATED_ANKLET"
"மறவர்,WARRIORS"
"காடிடைக்,JUNGLE"
"கிடந்த,LAID"
"நாடுநனி,COUNTRY_VERY"
"சேஎய,FAR"
"செல்வேம்அல்லேம்,WE_WILL_NOT_GO"
"என்னார்,NOT_SAY"
"கல்லென்,NOISY"
"விழவுடை,FESTIVAL_HAVING"
"ஆங்கண்,THERE"
"வேற்றுப்புலத்து,OTHER_COUNTRY"
"இறுத்து,STOP"
"குணகடல்,EAST_SEA"
"பின்னதாக,BEHIND"
"குடகடல்,WEST_SEA"
"வெண்தலைப்,WHITE_HEAD"
"புணரி,WAVE"
"நின்மான்,YOUR_HORSE"
"குளம்பு,HOOF"
"அலைப்ப,STRIKE"
"வலமுறை,RIGHT_ORDER"
"வருதலும்,COMING"
"உண்டு,EXISTS"
"என்று,SAY"
"அலமந்து,CONFUSED"
"நெஞ்சு,HEART"
"நடுங்கு,TREMBLE"
"அவலம்,GRIEF"
"பாயத்,SPRING"
"துஞ்சாக்கண்ண,UNSLEEPING_EYES"
"வடபுலத்து,NORTHERN_REGION"
"அரசே,KINGS"
"பூவிலையும்,FLOWER_PRICE"
"மாடமதுரையும்,MANSION_MADURAI"
"கடும்பின்,FAMILY"
"அடுகலம்,BATTLE_FIELD"
"நிறையாக,FULL"
"நெடுங்கொடிப்,LONG_FLAG"
"பூவா,FLOWER_NOT"
"வஞ்சியும்,VANJI"
"தருகுவன்,WILL_GIVE"
"ஒன்றோ,ONE"
"வண்ணம்,COLOR"
"நீவிய,SPREAD"
"வணங்குஇறைப்,BOWED_TOP"
"பணைத்தோள்,DRUM_SHOULDER"
"ஒண்ணுதல்,BRIGHT_FOREHEAD"
"விறலியர்,DANCERS"
"பூவிலை,FLOWER_PRICE"
"பெறுக,OBTAIN"
"என,SAY"
"மாடமதுரையும்,MANSION_MADURAI"
"தருகுவன்,WILL_GIVE"
"எல்லாம்,ALL"
"பாடுகம்,WE_WILL_SING"
"வம்மினோ,COME"
"பரிசில்மாக்கள்,BARDS"
"தொன்னிலக்,ANCIENT_STANDING"
"கிழமை,POSSESSION"
"சுட்டின்,IF_POINT"
"நன்மதி,GOOD_MOON"
"வேட்கோச்சிறாஅர்,VELLALA_YOUTHS"
"தேர்க்கால்,CHARIOT_WHEEL"
"வைத்த,KEPT"
"பசுமண்,WET_CLAY"
"குரூஉத்திரள்,ROUND_BALL"
"போல,LIKE"
"அவன்,HE"
"கொண்ட,TOOK"
"குடுமித்தும்,WITH_TOP_KNOT"
"இத்தண்பணை,THIS_COOL_GROVE"
"நாடே,COUNTRY"
"புதுப்பூம்பள்ளி,NEW_FLOWER_BED"
"கான்,FOREST"
"உறை,LIVE"
"வாழ்க்கை,LIFE"
"கதநாய்,FIERCE_DOG"
"வேட்டுவன்,HUNTER"
"மான்தசை,DEER_FLESH"
"சொரிந்த,POURED"
"வட்டியும்,MEASURE"
"ஆய்மகள்,HERD_GIRL"
"தயிர்கொடு,CURD_WITH"
"வந்த,CAME"
"தசும்பும்,POT"
"நிறைய,FULL"
"ஏரின்,PLOUGH"
"வாழ்நர்,LIVERS"
"பேரில்,GREAT_HOUSE"
"அரிவையர்,WOMEN"
"குளக்கீழ்,TANK_BELOW"
"விளைந்த,RIPENED"
"களக்கொள்,BATTLEFIELD_TAKE"
"வெண்ணெல்,WHITE_RICE"
"முகந்தனர்,TOOK"
"கொடுப்ப,GIVE"
"உகந்தனர்,REJOICE"
"பெயரும்,GO"
"தென்னம்பொருப்பன்,TENNAN_PORUPPAN"
"புன்னாட்டுள்ளும்,PUNA_LAND"
"ஏழெயில்,SEVEN_FORTS"
"கதவம்,GATE"
"எறிந்து,BREAK"
"கைக்கொண்டு,TAKE"
"நின்,YOUR"
"பேழ்வாய்,WIDE_MOUTH"
"உழுவை,TIGER"
"பொறிக்கும்,IMPRESS"
"ஆற்றலை,ABILITY"
"பாடுநர்,SINGERS"
"வஞ்சி,VANJI"
"பாட,SING"
"படையோர்,WARRIORS"
"தாது,POLLEN"
"எரு,REFUSE"
"மறுகின்,STREET"
"பாசறை,CAMP"
"பொலிய,SHINE"
"புலராப்,NOT_DRYING"
"பச்சிலை,GREEN_LEAF"
"இடையிடுபு,PLACE"
"தொடுத்த,TIED"
"மலராமாலை,NOT_BLOOMING_GARLAND"
"பந்து,BALL"
"கண்டன்ன,SAW_LIKE"
"ஊன்சோற்றமலை,MEAT_RICE_BALL"
"பான்கடும்பு,SINGER_FAMILY"
"அருத்தும்,FEED"
"செம்மற்று,RED"
"அம்மநின்,AH_YOUR"
"வெம்முனை,HOT_BATTLE"
"இருக்கை,SEAT"
"வல்லோன்,SKILLED"
"தைஇய,MADE"
"வரி,LINE"
"வனப்பு,BEAUTY"
"உற்ற,OBTAINED"
"அல்லிப்,ALLI"
"பாவை,DOLL"
"ஆடுவனப்பு,DANCE_BEAUTY"
"ஏய்ப்ப,LIKE"
"காம,KAMA"
"இருவர்,TWO"
"அல்லது,EXCEPT"
"யாமத்து,NIGHT"
"தனிமகன்,ALONE_MAN"
"வழங்காப்,NOT_WALK"
"பனிமலர்க்,DEW_FLOWER"
"காவின்,GROVE"
"ஒதுக்குஇன்,SHADE_SWEET"
"திணிமணல்,SOLID_SAND"
"புதுப்பூம்பள்ளி,NEW_FLOWER_BED"
"வாயின்,ENTRANCE"
"மாடந்தொறும்,EVERY_STOREY"
"மைவிடை,DARK_BULL"
"வீழ்ப்ப,FALL"
"நீஆங்குக்,LIKE_THAT"
"கொண்ட,TOOK"
"விழவினும்,THAN_FESTIVAL"
"பலவே,MANY"
"ஆலத்தூர்,ALATHUR"
"கிழார்,POET"
"குளமுற்றத்துத்,KULAMUTTRATHU"
"துஞ்சிய,SLEPT"
"கிள்ளிவளவன்,KILLIVALAVAN"
"செய்தி,DEED"
"கொன்றோர்க்கு,THOSE_KILLED"
"உய்தி,SALVATION"
"இல்லை,NO"
"ஆன்மலை,COW_MOUNTAIN"
"அறுத்த,CUT"
"அறனிலோர்க்கும்,TO_THE_UNRIGHTEOUS"
"மாண்இழை,EXCELLENT_JEWEL"
"மகளிர்,WOMEN"
"கருச்சிதைத்தோர்க்கும்,TO_THOSE_ABORTING"
"குரவர்த்,ELDERS"
"தப்பிய,FAILED"
"கொடுமையோர்க்கும்,TO_THE_CRUEL"
"வழுவாய்,FAULT"
"மருங்கின்,SIDE"
"கழுவாயும்,REMEDY"
"உள,EXIST"
"என,SAY"
"நிலம்புடைபெயர்வ,EARTH_SHIFTING"
"தாயினும்,EVEN_IF"
"ஒருவன்,ONE"
"செய்தி,DEED"
"கொன்றோர்க்கு,TO_THOSE_KILLED"
"உய்தி,SALVATION"
"இல்,NO"
"என,SAY"
"அறம்,RIGHTEOUSNESS"
"பாடின்றே,SANG"
"ஆயிழை,BEAUTIFUL_JEWEL"
"கணவ,HUSBAND"
"காலை,MORNING"
"அந்தியும்,EVENING"
"மாலை,EVENING"
"அந்தியும்,EVENING"
"புறவு,OUTSIDE"
"கருவன்ன,EMBRYO_LIKE"
"புன்புல,BARREN_FIELD"
"வரகின்,VARAGU"
"பாற்பெய்,MILK_POUR"
"புன்கம்,PUNKAM"
"தேனொடு,WITH_HONEY"
"மயக்கி,MIX"
"குறுமுயல்,RABBIT"
"கொழுஞ்சூடு,FAT_ROAST"
"கிழித்த,PIERCED"
"ஒக்கலொடு,WITH_RELATIVES"
"இரத்தி,RATHI"
"நீடிய,EXTENDED"
"அகன்தலை,WIDE_HEAD"
"மன்றத்து,COMMON"
"கரப்பில்,NOT_HIDING"
"உள்ளமொடு,WITH_HEART"
"வேண்டுமொழி,DESIRED_WORD"
"பயிற்றி,UTTER"
"அமலைக்,BALL"
"கொழுஞ்சோறு,FAT_RICE"
"ஆர்ந்த,FILLED"
"பாணர்க்கு,TO_BARDS"
"அகலாச்,NOT_SEPARATING"
"செல்வம்,WEALTH"
"முழுவதும்,WHOLLY"
"செய்தோன்,DID"
"எங்கோன்,OUR_KING"
"வளவன்,VALAVAN"
"வாழ்க,LONG_LIVE"
"என்று,SAY"
"நின்,YOUR"
"பீடுகெழு,MAJESTIC"
"நோன்தாள்,STRONG_LEG"
"பாடேன்ஆயின்,IF_I_DO_NOT_SING"
"படுபறியலனே,WOULD_BE_LOST"
"பல்கதிர்ச்செல்வன்,SUN_GOD"
"யானோ,I"
"தஞ்சம்,REFUGE"
"பெரும,LORD"
"இவ்வுலகத்து,THIS_WORLD"
"சான்றோர்,NOBLES"
"செய்த,DONE"
"நன்று,GOOD"
"உண்டாயின்,IF_EXISTS"
"இமையத்து,SKY"
"ஈண்டி,GATHER"
"இன்குரல்,SWEET_VOICE"
"பயிற்றி,UTTER"
"கொண்டல்,CLOUD"
"மாமழை,GREAT_RAIN"
"பொழிந்த,POURED"
"நுண்பல்,FINE_MANY"
"துளியினும்,THAN_DROPS"
"வாழிய,LONG_LIVE"
"பலவே,MANY"
"வெள்ளைக்குடி,VELLAIKUDI"
"நாகனார்,NAGANAR"
"உழுபடையும்,PLOUGH_WEAPON"
"பொருபடையும்,WAR_WEAPON"
"நளிஇரு,DEEP_GREAT"
"முந்நீர்,SEA"
"ஏணி,LADDER"
"யாக,BEING"
"வளி,WIND"
"இடை,INTERVAL"
"வழங்கா,NOT_MOVE"
"வானம்,SKY"
"சூடிய,WEAR"
"மண்திணி,EARTH_SOLID"
"கிடக்கை,POSITION"
"தண்தமிழ்க்,COOL_TAMIL"
"கிழவர்,LORDS"
"முரசு,DRUM"
"முழங்கு,RESOUND"
"தானை,ARMY"
"மூவர்,THREE"
"உள்ளும்,AMONG"
"அரசென,KING_AS"
"படுவது,CALLED"
"நினதே,YOUR"
"பெரும,LORD"
"அலங்குகதிர்,WAVING_RAY"
"கனலி,FIRE"
"நால்வயின்,FOUR_SIDES"
"தோன்றினும்,EVEN_IF_APPEAR"
"இலங்குகதிர,SHINING_RAY"
"வெள்ளி,MORNING_STAR"
"தென்புலம்,SOUTHERN_REGION"
"படரினும்,IF_SPREAD"
"அந்தண்,BEAUTIFUL_COOL"
"காவிரி,KAVERI"
"வந்து,COMING"
"கவர்பு,STEAL"
"ஊட்டத்,FEED"
"தோடுகொள்,LEAF_HAVING"
"வேலின்,SPEAR"
"தோற்றம்போல,APPEARANCE_LIKE"
"ஆடுகண்,PLAYING_EYE"
"கரும்பின்,SUGARCANE"
"வெண்பூ,WHITE_FLOWER"
"நுடங்கும்,WAVE"
"நாடென,LAND_AS"
"படுவது,CALLED"
"நினதே,YOUR"
"அத்தை,THAT"
"ஆங்க,THERE"
"நாடுகெழு,LAND_HAVING"
"செல்வத்து,WEALTH"
"பீடுகெழு,MAJESTIC"
"வேந்தே,KING"
"நினவ,YOUR"
"கூறுவல்,I_WILL_TELL"
"எனவ,MY"
"கேண்மதி,PLEASE_LISTEN"
"அறம்,RIGHTEOUSNESS"
"புரிந்தன்ன,LOVED_LIKE"
"செங்கோல்,JUST_SCEPTRE"
"நாட்டத்து,IN_COUNTRY"
"முறை,ORDER"
"வெண்டு,WHITE"
"பொழுதின்,TIME"
"பதன்,NATURE"
"எளியோர்,SIMPLE_PEOPLE"
"ஈண்டு,HERE"
"உறை,RAIN"
"வேண்டுபொழுதில்,WANTED_TIME"
"பெயல்பெற்றோறே,OBTAINED_RAIN"
"ஞாயிறு,SUN"
"சுமந்த,CARRIED"
"கோடுதிரள்,BUNDLE_OF_TUSKS"
"கொண்டுமூ,HAVING_THREE"
"மாகவிசும்பின்,GREAT_SKY"
"நடுவு,MIDDLE"
"நின்றாங்கு,STANDING_LIKE"
"கண்,EYE"
"பொர,FIGHT"
"விளங்கும்,SHINE"
"நின்விண்பொரு,YOUR_SKY_TOUCHING"
"வியன்குடை,WIDE_UMBRELLA"
"வெயில்மறைக்,SUN_HIDE"
"கொண்டன்றோ,TOOK"
"அன்றே,NOT"
"வருந்திய,SUFFERED"
"குடிமறைப்பதுவே,FAMILY_HIDING"
"கூர்வேல்,SHARP_SPEAR"
"வளவ,CHOLA"
"வெளிற்றுப்,EMPTY"
"பனந்துணியின்,PALM_CLOTH"
"வீற்றுவீற்று,HERE_AND_THERE"
"கிடப்ப,LAY"
"களிற்றுக்கணம்,ELEPHANT_HERD"
"பொருத,FOUGHT"
"கண்ணகன்,WIDE_EYED"
"பறந்தலை,BATTLEFIELD"
"வருபடை,COMING_ARMY"
"தாங்கி,SUPPORT"
"பெயர்புறத்தார்த்து,NAME_SIDE"
"பொருபடை,WAR_ARMY"
"தரூஉங்,GIVE"
"கொற்றமும்,VICTORY"
"உழுபடை,PLOUGH_WEAPON"
"ஊன்றுசால்,PLOUGH_FURROW"
"மருங்கின்,SIDE"
"ஈன்றதன்,BIRTH"
"பயனே,FRUIT"
"மாரி,RAIN"
"பொய்ப்பினும்,EVEN_IF_FAIL"
"வாரி,RIVER"
"குன்றினும்,EVEN_IF_DECREASE"
"இயற்கை,NATURE"
"அல்லன,NOT_THINGS"
"செயற்கையில்,IN_ARTIFICIAL"
"தோன்றினும்,EVEN_IF_APPEAR"
"காவலர்ப்,KINGS"
"பழிக்கும்,BLAME"
"இக்கண்ணகன்,THIS_WIDE_EYED"
"ஞாலம்,WORLD"
"அது,THAT"
"நற்கு,GOOD"
"அறிந்தனை,KNOW"
"ஆயின்,IF"
"நீயும்,YOU"
"நொதுமலாளர்,STRANGERS"
"பொதுமொழி,COMMON_WORD"
"கொள்ளாது,NOT_TAKE"
"பகடு,BULL"
"புறந்தருநர்,PROTECTORS"
"பாரம்,BURDEN"
"ஓம்பிக,PROTECT"
"குடி,FAMILY"
"புறந்தருகுவை,PROTECT"
"ஆயின்,IF"
"அடிபுறந்தருகுவர்,FOOT_PROTECT"
"அடங்காதேரே,UNCONTROLLED_ENEMIES"
"அடுநை,KILL"
"யாயினும்,EVEN_IF"
"விடுநை,LEAVE"
"யாயினும்,EVEN_IF"
"நீ,YOU"
"அளந்து,MEASURE"
"அறிதி,KNOW"
"நின்புரைமை,YOUR_NATURE"
"வார்தோல்,LEATHER"
"செயறியரிச்,WORK"
"சிலம்பின்,HILL"
"குறுந்தொடி,SHORT_BANGLE"
"மகளிர்,WOMEN"
"பொலஞ்செய்,GOLD_MADE"
"கழங்கின்,DICE"
"தெற்றி,TERRACE"
"யாடும்,PLAY"
"தண்ணான்,COOL"
"பொருநை,PORUNAI"
"வெண்மணல்,WHITE_SAND"
"சிதைய,DESTROY"
"கருங்கைக்,BLACK_HANDED"
"கொல்லன்,BLACKSMITH"
"அரஞ்செய்,ARUMAN_MADE"
"அவ்வாய்,BEAUTIFUL_MOUTH"
"நெடுங்கை,LONG_HAND"
"நவியம்,FILE"
"பாய்தலின்,PIERCING"
"நிலையழிந்து,POSITION_LOST"
"வீகமழ்,FRAGRANCE"
"நெடுஞ்சினை,LONG_BRANCH"
"புலம்ப,ALONE"
"காவுதொறும்,EVERY_GROVE"
"கடிமரம்,GUARD_TREE"
"தடியும்,CUT"
"ஓசை,SOUND"
"தன்ஊர்,HIS_VILLAGE"
"நெடுமதில்,LONG_WALL"
"வரைப்பின்,ENCLOSURE"
"கடிமனை,GUARDED_HOUSE"
"இயம்ப,RESOUND"
"ஆங்கு,THERE"
"இனிது,SWEET"
"இருந்த,SEATED"
"வேந்தனொடு,WITH_KING"
"ஈங்குநின்,HERE_YOUR"
"சிலைத்தார்,BOWMEN"
"முரசும்,DRUM"
"கறங்க,RESOUND"
"மலைத்தனை,CONFUSED"
"எண்பது,EIGHTY"
"நாணுத்தகவு,SHAME"
"உடைத்தே,HAVE"
"மாறோக்கத்து,MAROKKATHU"
"நப்பசலையார்,NAPPASALAIYAR"
"நஞ்சுடை,POISONOUS"
"வால்எயிற்று,WHITE_TOOTHED"
"ஐந்தலை,FIVE_HEADED"
"சுமந்த,CARRIED"
"வேக,BOILING"
"வெந்திறல்,HOT_ABILITY"
"நாகம்,SNAKE"
"புக்கென,ENTERED"
"விசும்பு,SKY"
"தீப்பிறப்பத்,FIRE_BORN"
"திருகி,TWIST"
"பசுங்கொடிப்,GREEN_CREEPER"
"பெருமலை,GREAT_MOUNTAIN"
"விடரகத்து,CAVE"
"உருமெறிந்தாங்கு,THUNDER_STRUCK_LIKE"
"புள்ளுறு,BIRD_FALL"
"புன்கண்,SORROW"
"தீர்த்த,REMOVED"
"வெள்வேல்,WHITE_SPEAR"
"சினங்கெழு,ANGER_HAVING"
"தானை,ARMY"
"செம்பியன்,CHOLA"
"மருக,OFFSPRING"
"கராஅம்,CROCODILE"
"கலித்த,ABOUND"
"குண்டுகண்,DEEP_EYE"
"அகழி,MOAT"
"இடம்கருங்குட்டத்து,LEFT_BLACK_PIT"
"உடந்தொக்கு,TOGETHER"
"ஓடி,RUN"
"யாமம்,NIGHT_WATCH"
"கொள்பவர்,THOSE_TAKING"
"சுடர்நிழல்,LIGHT_SHADE"
"கதூஉம்,CALL"
"கடுமுரண்,FIERCE_ANGER"
"முதலைய,CROCODILE"
"நெடுநீர்,LONG_WATER"
"இலஞ்சி,PLACE"
"செம்புஉறழ்,COPPER_MIX"
"புரிசை,WALL"
"செம்மல்,LORD"
"மூதூர்,OLD_CITY"
"வம்பணி,FRESH_ADORN"
"யானை,ELEPHANT"
"வேந்து,KING"
"அகத்து,INSIDE"
"உண்மையின்,TRUTH"
"நல்ல,GOOD"
"என்னாது,NOT_SAYING"
"சிதைத்தல்,DESTROY"
"வல்லையால்,ABLE"
"நெடுந்தகை,GREAT_LORD"
"செருவத்தானே,IN_BATTLE"
"ஆவூர்,AVUR"
"மூலங்கிழார்,MULANGKIZHAR"
"வரை,MOUNTAIN"
"புரையும்,LIKE"
"மழகளிற்றின்,YOUNG_ELEPHANT"
"மிசை,TOP"
"வான்,SKY"
"துடைக்கும்,WIPE"
"வகையபோல,WAY_LIKE"
"விரவு,MIXED"
"உருவின,FORM"
"கொடி,FLAG"
"நுடங்கும்,WAVE"
"வியன்தானை,WIDE_ARMY"
"விறல்,VICTORY"
"வேந்தே,KING"
"உடன்று,ANGER"
"நோக்கும்வாய,LOOKING_PLACE"
"எரிதவழ,FIRE_SPREAD"
"நயந்து,LOVE"
"நோக்கும்வாய,LOOKING_PLACE"
"பொன்பூப்ப,GOLD_FLOWER"
"செஞ்ஞாயிற்று,RED_SUN"
"நிலவு,MOONLIGHT"
"வேண்டினும்,IF_WANT"
"வெண்திங்களுள்,WHITE_MOON"
"வெயில்,SUN_HEAT"
"வேண்டினும்,IF_WANT"
"வேண்டியது,WHAT_WANTED"
"விளைக்கும்,PRODUCE"
"ஆற்றலை,ABILITY"
"ஆகலின்,BECAUSE"
"நின்நிழல்,YOUR_SHADE"
"பிறந்து,BORN"
"நின்நிழல்,YOUR_SHADE"
"வளர்ந்த,GROWN"
"எம்அளவு,OUR_MEASURE"
"எவனோ,WHAT"
"மற்றே,ELSE"
"இன்நிலைப்,SWEET_STATE"
"பொலம்பூங்காவின்,GOLDEN_FLOWER_GROVE"
"நன்னாட்டோரும்,GOOD_LAND_PEOPLE"
"செய்வினை,ACTION"
"மருங்கின்,SIDE"
"எய்தல்,ATTAIN"
"அல்லதை,EXCEPT"
"உடையோர்,OWNERS"
"ஈதலும்,GIVING"
"இல்லோர்,POOR"
"இரத்தலும்,BEGGING"
"கடவதன்மையின்,DUTY_NATURE"
"கையறவு,HELPLESSNESS"
"உடைத்து,HAVE"
"என,SAY"
"ஆண்டுச்,THERE"
"செய்,DO"
"நுகர்ச்சி,ENJOYMENT"
"ஈண்டும்,ABUNDANT"
"கூடலின்,JOINING"
"நின்நாடு,YOUR_COUNTRY"
"உள்ளுவர்,WILL_THINK"
"பரிசிலர்,BARDS"
"ஒன்னார்,ENEMIES"
"தேஎத்தும்,IN_COUNTRY"
"நின்னுடைத்தெனவே,YOURS_SAYING"
"புகழினும்,THAN_FAME"
"சிறந்த,EXCELLENT"
"சிறப்பு,SPECIALTY"
"வஞ்சி,VANJI"
"வெற்றி,VICTORY"
"கொண்ட,TOOK"
"புறவின்,OUTSIDE"
"அல்லல்,DISTRESS"
"சொல்லிய,SAID"
"கறையடி,SPOTTED_FOOT"
"யானை,ELEPHANT"
"வான்மருப்,SKY_TUSK"
"பெறிந்த,OBTAINED"
"வெண்கடைக்,WHITE_END"
"கோல்நிறை,ARROW_FULL"
"துலாஅம்,SCALE"
"புக்கோன்,ENTERED"
"மருக,OFFSPRING"
"ஈதல்,GIVING"
"நின்புகழும்,YOUR_FAME"
"அன்றே,NOT"
"சார்தல்,JOINING"
"ஒன்னார்,ENEMIES"
"உட்கும்,FEAR"
"துன்னரும்,INACCESSIBLE"
"கடுந்திறல்,FIERCE_POWER"
"தூங்கெயில்,SLEEPING_FORT"
"எறிந்த,BROKE"
"நின்ஊங்கணோர்,YOUR_PEOPLE"
"நினைப்பின்,THOUGHT"
"அடுதலும்,KILLING"
"நின்புகழும்,YOUR_FAME"
"அன்றே,NOT"
"கெடுவின்று,PERISH_NOT"
"மறங்கெழு,VALOUR_HAVING"
"சோழர்,CHOLAS"
"உறந்தை,URAIYUR"
"அவையத்து,COURT"
"அறம்,RIGHTEOUSNESS"
"நின்று,STANDING"
"நிலையிற்றாகலின்,BEING_STABLE"
"அதனால்,THEREFORE"
"முறைமை,JUSTICE"
"நின்புகழும்,YOUR_FAME"
"அன்றே,NOT"
"மறம்மிக்கு,VALOUR_EXCEEDING"
"எழுசமம்,RISING_BATTLE"
"கடந்த,CROSSED"
"எழுஉறழ்,RISING_MIX"
"திணிதோள்,STRONG_SHOULDER"
"கண்ணார்,EYE_FILLED"
"கண்ணி,GARLAND"
"கலிமான்,WAR_HORSE"
"வளவ,CHOLA"
"யாங்கனம்,HOW"
"மொழிகோ,SPEAK"
"யானே,I"
"ஓங்கிய,RAISED"
"வரை,MOUNTAIN"
"அளந்தறியாப்,NOT_KNOWN_TO_MEASURE"
"பொன்படு,GOLD_PLACE"
"நெடுங்கோட்டு,LONG_PEAKED"
"இமையம்,HIMALAYA"
"சூட்டிய,PLACED"
"ஏமம்,PROTECTION"
"விற்பொறி,BOW_MARK"
"மாண்வினை,EXCELLENT_WORK"
"நெடுந்தேர்,LONG_CHARIOT"
"வானவன்,HEAVENLY_KING"
"தொலைய,PERISH"
"வாடா,UNFADING"
"வஞ்சி,VANJI"
"வாட்டும்,DESTROY"
"நின்,YOUR"
"பீடுகெழு,MAJESTIC"
"நோன்தாள்,STRONG_LEG"
"பாடுங்காலே,WHEN_SINGING"
"ஒருபிடி,ONE_FEMALE_ELEPHANT"
"எழுகளிரும்,SEVEN_ELEPHANTS"
"பிறர்,OTHERS"
"ஓம்புறு,PROTECT"
"மறமன்,VALOUR"
"னெயில்,FORT"
"ஓம்பாது,NOT_PROTECTING"
"கடந்தட்டு,CONQUERED"
"அவர்,THEIR"
"முடி,CROWN"
"புனைந்த,ADORNED"
"பசும்பொன்னின்,FRESH_GOLD"
"அடி,FOOT"
"பொலிய,SHINE"
"கழல்,ANKLET"
"தைஇய,MADE"
"வல்லாளனை,SKILLED_ONE"
"வயவேந்தே,STRONG_KING"
"யாமே,WE"
"இகழ்,DESPISE"
"பாடுவோர்,THOSE_SING"
"எருத்தடங்க,NECK_SUBDUE"
"புகழ்,FAME"
"பாடுவோர்,THOSE_SING"
"பொலிவு,SPLENDOUR"
"தோன்ற,APPEAR"
"இன்று,TODAY"
"கண்டாங்கு,AS_SEEN"
"காண்குவம்,WILL_SEE"
"என்றும்,EVER"
"இன்சொல்,SWEET_WORD"
"எண்பதத்தை,EASY"
"ஆகுமதி,BE"
"பெரும,LORD"
"ஒருபிடி,ONE_FEMALE_ELEPHANT"
"படியும்,STEP"
"சீறிடம்,SMALL_PLACE"
"எழுகளிறு,SEVEN_MALE_ELEPHANTS"
"புரக்கும்,PROTECT"
"நாடுகிழவோயே,LAND_OWNER"
"காலனும்,YAMA"
"காலம்,TIME"
"பார்க்கும்,LOOK"
"பாராது,NOT_LOOKING"
"வேல்ஈண்டு,SPEAR_ABUNDANT"
"தானை,ARMY"
"விழுமியோர்,NOBLES"
"தொலைய,PERISH"
"வேண்டிடத்து,WANTED_PLACE"
"அடூஉம்,KILL"
"வெல்போர்,VICTORIOUS_WAR"
"வேந்தே,KING"
"திசைஇருகான்கும்,EIGHT_DIRECTIONS"
"உற்கம்,THINK"
"உற்கவும்,THINK"
"பெருமரத்து,GREAT_TREE"
"இலையில்,LEAF_NOT"
"நெடுங்கோடு,LONG_BRANCH"
"வற்றல்,DRY"
"பற்றவும்,HOLD"
"வெங்கதிர்க்,HOT_RAY"
"கனலி,FIRE"
"துற்றவும்,ABOUND"
"பிறவும்,OTHERS"
"அஞ்சுவர,FEAR_COME"
"தகுந,SUITABLE"
"புள்ளுக்குரல்,BIRD_VOICE"
"இயம்பவும்,SOUND"
"எயிறு,TOOTH"
"நிலத்து,EARTH"
"வீழவும்,FALL"
"எண்ணெய்,OIL"
"ஆடவும்,BATHE"
"களிறு,ELEPHANT"
"மேல்கொள்ளவும்,TAKE_ABOVE"
"காழகம்,KAZHAKAM"
"நீப்பவும்,REMOVE"
"வெள்ளி,MORNING_STAR"
"நோன்படை,STRONG_WEAPON"
"கட்டிலொடு,WITH_BED"
"கவிழவும்,FALL"
"கனவின்,IN_DREAM"
"அரியன,RARE_THINGS"
"காணா,NOT_SEEING"
"நனவின்,IN_WAKING"
"செருச்செய்,WAR_DOING"
"முன்ப,STRENGTH"
"நின்வருதிறன்,YOUR_COMING_STRENGTH"
"நோக்கி,SEEING"
"மையல்,CONFUSION"
"கொண்ட,TOOK"
"ஏமம்இல்,PROTECTION_NOT"
"இருக்கையர்,SEATED"
"புதல்வர்,SONS"
"பூங்கண்,FLOWER_EYE"
"முத்தி,PEARL"
"மனையோட்கு,TO_WIFE"
"எவ்வம்,SORROW"
"சுரக்கும்,FLOW"
"பைதல்,SUFFERING"
"மாக்களொடு,WITH_PEOPLE"
"பெருங்கலக்,GREAT_VESSEL"
"குற்றன்றால்,SHORT"
"தானே,ITSELF"
"காற்றோடு,WITH_WIND"
"எரிநிகழ்ந்தன்ன,FIRE_OCCURRED_LIKE"
"செலவின்,GOING"
"செருமிகு,WAR_FAMOUS"
"வளவ,CHOLA"
"நிற்சினைஇயோர்,THOSE_WHO_ANGERED_YOU"
"நாடே,COUNTRY"
"இடைக்காடனார்,POET"
"ஆனா,UNCEASING"
"ஈகை,CHARITY"
"அடுபோர்,FIERCE_WAR"
"அண்ணல்,LORD"
"யானையும்,ELEPHANT"
"மலையின்,MOUNTAIN"
"தோன்றும்,APPEAR"
"பெரும,LORD"
"தானையும்,ARMY"
"கடலென,LIKE_SEA"
"முழங்கும்,RESOUND"
"கூர்நுனி,SHARP_POINT"
"வேலும்,SPEAR"
"மின்னின்,LIKE_LIGHTNING"
"விளங்கும்,SHINE"
"உலகத்து,IN_WORLD"
"அரைசுதலை,KINGS_HEAD"
"பனிக்கும்,FEAR"
"ஆற்றலை,ABILITY"
"யாதலின்,BECAUSE"
"புரைதீர்ந்தன்று,FLAWLESS"
"அது,THAT"
"புதுவதோ,NEW"
"அன்றே,NOT"
"தண்புனற்,COOL_WATER"
"பூசல்,NOISE"
"அல்லது,EXCEPT"
"நொந்து,GRIEVE"
"களைக,REMOVE"
"வாழி,LONG_LIVE"
"வளவ,CHOLA"
"என்று,SAY"
"நின்,YOUR"
"முனைதரு,BATTLE_GIVE"
"பூசல்,NOISE"
"கனவினும்,IN_DREAM"
"அறியாது,NOT_KNOWING"
"புலி,TIGER"
"புறங்காக்கும்,PROTECT_BACK"
"குருளை,CUB"
"போல,LIKE"
"மெலிவில்,WITHOUT_WEAKNESS"
"செங்கோல்,JUST_SCEPTRE"
"நீ,YOU"
"புறங்காப்பப்,PROTECT_BACK"
"பெருவிறல்,GREAT_VICTORY"
"யாணர்த்,RENEWAL"
"தாகி,BEING"
"அரிநர்,REAPERS"
"கீழ்மடைக்,BELOW_SLUICE"
"கொண்ட,TOOK"
"வாளையும்,VAALAI_FISH"
"உழவர்,FARMERS"
"படைமிளிர்ந்திட்ட,WEAPON_FLASHED"
"யாமையும்,TURTLE"
"அறைநர்,THOSE_CUT"
"கரும்பிற்,SUGARCANE"
"கொண்ட,TOOK"
"தேனும்,HONEY"
"பெருந்துறை,GREAT_GHAT"
"நீர்தரு,WATER_GIVE"
"மகளிர்,WOMEN"
"குற்ற,POUNDED"
"குவளையும்,KUVALAI"
"வன்புலக்,DRY_LAND"
"கேளிர்க்கு,RELATIVES"
"வருவிருந்து,COMING_GUEST"
"அயரும்,ENTERTAIN"
"மென்புல,SOFT_LAND"
"வைப்பின்,REGION"
"நன்னாட்டுப்,GOOD_COUNTRY"
"பொருந,WARRIOR"
"மலையின்,MOUNTAIN"
"இழிந்து,DESCEND"
"மாக்கடல்,GREAT_SEA"
"நோக்கி,LOOKING"
"நிலவரை,EARTH_LIMIT"
"இழிதரும்,DESCEND"
"பல்யாறு,MANY_RIVERS"
"போல,LIKE"
"புலவரெல்லாம்,ALL_POETS"
"நின்நோக்கினரே,LOOK_AT_YOU"
"நீயே,YOU"
"மருந்தில்,MERCILESS"
"கணிச்சி,AXE"
"வருந்த,SUFFER"
"வட்டித்த,ROUNDED"
"கூற்று,DEATH"
"வெகுண்டன்ன,ANGRY_LIKE"
"முன்பொடு,WITH_STRENGTH"
"மாற்றுஇரு,OPPOSITE_TWO"
"வேந்தர்,KINGS"
"மண்,LAND"
"நோக்கினையே,LOOKED"
"தாமப்பல்,TAMAPPAL"
"கண்ணனார்,POET"
"நலங்கிள்ளி,NALANKILLI"
"தம்பி,BROTHER"
"மாவளத்தான்,MAVALATHAN"
"நிலமிசை,ON_EARTH"
"வாழ்நர்,LIVERS"
"அலமரல்,CONFUSION"
"தீர,REMOVE"
"தெறுகதிர்க்,HOT_RAY"
"கனலி,FIRE"
"வெம்மை,HEAT"
"தாங்கி,ENDURE"
"கால்,LEG"
"உணவாக,FOOD_AS"
"சுடரொடு,WITH_FLAME"
"கொட்கும்,BURN"
"அவிர்சடை,SHINING_MATTED_HAIR"
"முனிவரும்,ASCETICS"
"மருள,BE_CONFUSED"
"கொடுஞ்சிறைக்,CURVED_WING"
"கூருகிர்ப்,SHARP_CLAW"
"பருந்தின்,EAGLE"
"ஏறு,MALE"
"குறித்து,AIM"
"தொரீஇ,LEAVE"
"தன்னகம்,ITS_PLACE"
"புக்க,ENTERED"
"குறுநடைப்,SHORT_WALK"
"புறவின்,PIGEON"
"தபுதி,LEAVING"
"அஞ்சிச,FEARING"
"சீரை,SHEEP"
"புக்க,ENTERED"
"வரையா,UNLIMITED"
"ஈகை,CHARITY"
"உரவோன்,STRONG_MAN"
"மருக,OFFSPRING"
"நேரார்க்,ENEMIES"
"கடந்த,CONQUERED"
"முரண்மிகு,CONFLICT_GREAT"
"திருவின்,WEALTH"
"தேர்வண்,CHARIOT_GIVER"
"கிள்ளி,KILLI"
"தம்பி,BROTHER"
"வார்கோல்,LONG_SCEPTRE"
"கொடுமர,CURVED_TREE"
"மறவர்,WARRIORS"
"பெரும,LORD"
"கடுமான்,FAST_HORSE"
"கைவண்,HAND_GENEROUS"
"தோன்றல்,LORD"
"ஐயம்,DOUBT"
"உடையேன்,I_HAVE"
"ஆர்புனை,FAME_ADORN"
"தெரியல்,GARLAND"
"முன்னோர்,ANCESTORS"
"எல்லாம்,ALL"
"பார்ப்பார்,PRIESTS"
"நோவன,SUFFERING"
"செய்யலர்,NOT_DO"
"மற்று,THEN"
"இது,THIS"
"நீர்த்தோ,FITTING"
"நினக்கு,FOR_YOU"
"என,SAY"
"வெறுப்ப,ANGRY"
"கூறி,SAYING"
"நின்யான்,YOU_I"
"பிழைத்தது,WRONG"
"நோவாய்,SUFFER"
"என்னினும்,EVEN_IF_I_SAY"
"நீ,YOU"
"பிழைத்தாய்போல்,LIKE_YOU_DID_WRONG"
"நனி,VERY"
"நாணினையே,ASHAMED"
"தம்மைப்,THEMSELVES"
"பிழைத்தோர்ப்,THOSE_WHO_WRONGED"
"பொறுக்கும்,FORGIVE"
"செம்மல்,LORD"
"இக்குடிப்,THIS_CLAN"
"பிறந்தோர்க்கு,TO_THOSE_BORN"
"எண்மை,EIGHT_NESS"
"காணும்,SEE"
"என,SAY"
"காண்டகு,SEE_FITTING"
"மொய்ம்ப,STRENGTH"
"காட்டினை,SHOWED"
"ஆகலின்,THEREFORE"
"யானே,I"
"பிழைத்தனென்,I_WRONGED"
"சிறக்க,FLOURISH"
"நின்ஆயுள்,YOUR_LIFE"
"மிக்குவரும்,INCREASE_COME"
"இன்னீர்க்,SWEET_WATER"
"காவிரி,KAVERI"
"எக்கர்,SAND_DUNE"
"இட்ட,PLACED"
"மணலினும்,THAN_SAND"
"பலவே,MANY"
"நெடுங்கிள்ளி,NEDUNGILLI"
"இரும்பிடித்,GREAT_FEMALE_ELEPHANT"
"தொழுதியொடு,WITH_HERD"
"பெருங்கயம்,GREAT_TANK"
"படியா,ENTER"
"நெல்லுடை,RICE_WITH"
"கவளமொடு,WITH_MOUTHFUL"
"நெய்ம்மிதி,GHEE_MEASURE"
"பெறாஅ,NOT_GETTING"
"திருந்தரை,PERFECT_EARTH"
"நோன்வெளில்,STRONG_SPACE"
"வருந்த,SUFFER"
"ஒற்றி,PRESS"
"நிலமிசை,ON_GROUND"
"புரளும்,ROLL"
"கைய,HANDS"
"வெய்துயிர்த்து,BREATHE_HARD"
"அலமரல்,CONFUSED"
"யானை,ELEPHANT"
"உருமென,LIKE_THUNDER"
"முழங்கவும்,ROAR"
"பாலில்,IN_MILK"
"குழவி,INFANT"
"அலறவும்,CRY"
"மகளிர்,WOMEN"
"பூவில்,FLOWER_NOT"
"வறுந்தலை,EMPTY_HEAD"
"முடிப்பவும்,TIE"
"நீரில்,IN_WATER"
"வினைபுனை,WORK_ADORN"
"நல்லில்,GOOD_HOUSE"
"இனைகூஉ,GROAN"
"கேட்பவும்,HEAR"
"இன்னாது,PAINFUL"
"அம்ம,AH"
"ஈங்கு,HERE"
"இனிது,SWEET"
"இருத்தல்,SITTING"
"துன்னரும்,INACCESSIBLE"
"துப்பின்,STRENGTH"
"வயமான்,STRONG_HORSE"
"தோன்றல்,LORD"
"அறவை,RIGHTEOUSNESS"
"யாயின்,IF"
"நினது,YOURS"
"என,SAY"
"திறத்தல்,OPEN"
"மறவை,VALOUR"
"யாயின்,IF"
"போரொடு,WITH_WAR"
"திறத்தல்,OPEN"
"அறவையும்,RIGHTEOUSNESS"
"மறவையும்,VALOUR"
"அல்லை,NOT"
"யாகத்,BEING"
"திறவாது,NOT_OPENING"
"அடைத்த,CLOSED"
"திண்ணிலைக்,STRONG_DOOR"
"கதவின்,DOOR"
"நீள்மதில்,LONG_WALL"
"ஒருசிறை,ONE_SIDE"
"ஒடுங்குதல்,HIDE"
"நாணுத்தகவுடைத்து,SHAME_HAVING"
"இது,THIS"
"காணுங்காலே,WHEN_SEEING"
"தோற்பது,LOSING"
"நும்குடியே,YOUR_CLAN"
"நலங்கிள்ளியும்,NALANKILLI"
"நெடுங்கிள்ளியும்,NEDUNGILLI"
"இரும்பனை,GREAT_PALM"
"வெண்தோடு,WHITE_SPATHE"
"மலைந்தோன்,WORE"
"அல்லன்,NOT"
"கருஞ்சினை,DARK_BRANCH"
"வேம்பின்,NEEM"
"தெரியலோன்,GARLANDED_ONE"
"அல்லன்,NOT"
"நின்னகண்ணியும்,YOUR_GARLAND"
"ஆர்மிடைந்தன்றே,FULL_JOINED"
"நின்னொடு,WITH_YOU"
"பொருவோன்,FIGHTER"
"கண்ணியும்,GARLAND"
"ஆர்மிடைந்தன்றே,FULL_JOINED"
"ஒருவீர்,ONE_OF_YOU"
"தோற்பினும்,EVEN_IF_LOSE"
"தோற்ப,LOSE"
"நும்குடியே,YOUR_CLAN"
"இருவீர்,TWO_OF_YOU"
"வேறல்,VICTORY"
"இயற்கையும்,NATURE"
"அன்றே,NOT"
"அதனால்,THEREFORE"
"குடிப்பொருள்,CLAN_WEALTH"
"அன்று,NOT"
"நும்செய்தி,YOUR_DEED"
"கொடித்தேர்,FLAG_CHARIOT"
"நும்மோரன்ன,YOU_LIKE"
"வேந்தர்க்கு,TO_KINGS"
"மெய்ம்மலி,BODY_FULL"
"உவகை,JOY"
"செய்யும்,DOES"
"இவ்இகலே,THIS_CONFLICT"
"அருளும்,GRACE"
"பகையும்,ENMITY"
"மலையமான்,MALAYAMAN"
"மக்களை,CHILDREN"
"யானைக்காலில்,UNDER_ELEPHANT_FOOT"
"இட்ட,PLACED"
"காலத்து,TIME"
"பாடி,SINGING"
"உய்ய,SAVE"
"கொண்ட,TOOK"
"புறவின்,OUTSIDE"
"அல்லல்,DISTRESS"
"அன்றியும்,NOT_ONLY"
"பிறவும்,OTHERS"
"இடுக்கண்,OBSTACLES"
"பலவும்,MANY"
"விடுத்தோன்,WHO_REMOVED"
"மருகனை,OFFSPRING"
"இவரே,THESE"
"புலன்,FIELD"
"உழுது,PLOUGHING"
"உண்மார்,TO_EAT"
"புன்கண்,SORROW"
"அஞ்சி,FEARING"
"தமது,THEIRS"
"பகுத்து,DIVIDE"
"உண்ணும்,EAT"
"தண்ணிழல்,COOL_SHADE"
"வாழ்நர்,LIVERS"
"களிறு,ELEPHANT"
"கண்டு,SEEING"
"அழூஉம்,CRY"
"அழாஅல்,CRYING_NOT"
"மறந்த,FORGOT"
"புன்றலைச்,POOR_HEADED"
"சிறாஅர்,CHILDREN"
"மன்று,COMMON_PLACE"
"மருண்டு,CONFUSED"
"நோக்கி,LOOKING"
"விருந்திற்,GUEST"
"புன்கண்,SORROW"
"நோ,SUFFERING"
"உடையர்,HAVE"
"கெட்டனை,PERISHED"
"யாயின்,IF"
"வேட்டது,WANTED"
"செய்ம்மே,DO"
"காரியாற்றுத்,KARIYARRU"
"துஞ்சிய,SLEPT"
"நெடுங்கிள்ளி,NEDUNGILLI"
"உறையூர்,URAIYUR"
"புகுந்த,ENTERED"
"இளந்தத்தன்,ILANTHATHAN"
"என்னும்,CALLED"
"புலவனை,POET"
"ஒற்று,SPY"
"வந்தான்,CAME"
"என்று,SAY"
"கொல்ல,TO_KILL"
"புகுந்தவிடத்து,WHEN_ENTERED"
"உய்ய,SAVE"
"கொண்ட,TOOK"
"வள்ளியோர்ப்,GENEROUS_PEOPLE"
"படர்ந்து,GOING"
"புள்ளின்,LIKE_BIRD"
"போகி,GOING"
"நெடிய,LONG"
"என்னாது,NOT_SAYING"
"சுரம்பல,MANY_PATHS"
"கடந்து,CROSS"
"வடியா,UNERRING"
"நாவின்,TONGUE"
"வல்லாங்கு,SKILLFULLY"
"பாடி,SINGING"
"பெற்றது,WHAT_GOT"
"மகழ்ந்தும்,REJOICE"
"சுற்றம்,KIN"
"அருத்தி,FEEDING"
"ஓம்பாது,NOT_PROTECTING"
"உண்டு,EATING"
"கூம்பாது,NOT_SHRINKING"
"வீசி,GIVING"
"வரிசைக்கு,TO_RANK"
"வருந்தும்,SUFFER"
"இப்பரிசில்,THIS_GIFT"
"வாழ்க்கை,LIFE"
"பிறர்க்கு,TO_OTHERS"
"தீது,EVIL"
"அறிந்தன்றோ,KNEW"
"இன்றே,NOT"
"திறம்பட,PROPERLY"
"நண்ணார்,ENEMIES"
"நாண,ASHAMED"
"அண்ணாந்து,PROUDLY"
"ஏகி,GOING"
"ஆங்கு,THERE"
"இனிது,SWEET"
"ஒழுகின்,IF_LIVE"
"அல்லது,EXCEPT"
"ஓங்குபுகழ்,HIGH_FAME"
"மண்ணாள்,EARTH_NOT_RULE"
"செல்வம்,WEALTH"
"எய்திய,ATTAINED"
"நும்மோரன்ன,YOU_LIKE"
"செம்மலும்,LORD"
"உடைத்தே,HAVE"
"பொய்கையார்,POIKAIYAR"
"சேரமான்,CHERA_KING"
"கோக்கோதை,KOKOTHAI"
"மார்பன்,MARBAN"
"கோதை,GARLAND"
"மார்பிற்,CHEST"
"கோதையானும்,GARLANDED_ONE"
"கோதையை,GARLAND"
"புணர்ந்தோர்,THOSE_JOINED"
"கோதையானும்,GARLANDED_ONE"
"மாக்கழி,GREAT_BACKWATER"
"மலர்ந்த,BLOOMED"
"நெய்தலானும்,NEYDAL_FLOWER"
"கள்,HONEY"
"நாறும்மே,SMELLS"
"கானல்அம்,GROVE_BEAUTIFUL"
"தொண்டி,TONDI"
"அதுஎம்,THAT_OUR"
"ஊரே,VILLAGE"
"அவன்எம்,HE_OUR"
"இறைவன்,LORD"
"எம்மும்,WE"
"உள்ளுமோ,THINK"
"முதுவாய்,OLD_MOUTHED"
"இரவல,BEGGAR"
"அமர்மேம்படூஉங்காலை,WHEN_BATTLE_EXCELS"
"நின்,YOUR"
"புகழ்மேம்படுநனை,FAME_EXCELLING"
"கண்டனம்,SAW"
"எனவே,THUS"
"யாங்கனம்,HOW"
"மொழிவேன்,WILL_SPEAK"
"நாடன்,RULER"
"என்கோ,SAY"
"ஊரன்,VILLAGER"
"என்கோ,SAY"
"பாடிமிழ்,SINGING_RESOUND"
"பனிக்கடற்,COLD_SEA"
"சேர்ப்பன்,CHIEFTAIN"
"என்கோ,SAY"
"யாங்கனம்,HOW"
"மொழிகோ,SPEAK"
"ஓங்குவாள்,HIGH_SWORD"
"கோதையை,GARLAND"
"புனவர்,FARMERS"
"தட்டை,SLING"
"புடைப்பின்,IF_STRIKE"
"அயலது,NEARBY"
"இறங்குகதிர,DESCENDING_RAY"
"அலமரு,CONFUSED"
"கழனியும்,FIELD"
"பிறங்குநீர்ச்,RISING_WATER"
"சேர்ப்பினும்,CHIEFTAIN"
"புள்,BIRD"
"ஒருங்கு,TOGETHER"
"எழுமே,RISE"
"மோசிகீரனார்,POET"
"தகடூர்,THAGADUR"
"எறிந்த,STRUCK"
"பெருஞ்சேரல்,PERUNCHERAL"
"இரும்பொறை,IRUMPORAI"
"அறியாது,NOT_KNOWING"
"முரசுகட்டிலில்,DRUM_BED"
"ஏறியவரை,THOSE_WHO_CLIMBED"
"தண்டம்,PUNISHMENT"
"செய்யாது,NOT_DOING"
"துயில்,SLEEP"
"எழுந்துணையும்,WHEN_ROSE"
"கவரிகொண்டு,TOOK_CHOWRI"
"வீசினன்,FANNED"
"மாசற,FLAWLESS"
"விசித்த,TIED"
"வார்புஉறு,ROPE"
"வள்பின்,LEATHER_STRAP"
"மைபடு,DARKNESS"
"மருங்குல்,WAIST"
"பொலிய,SHINE"
"மஞ்ஞை,PEACOCK"
"ஒலிநெடும்,RESOUNDING_LONG"
"பீலி,FEATHER"
"ஒண்பொறி,BRIGHT_SPOT"
"மணித்தார்,GEM_GARLAND"
"பொலங்குழை,GOLD_EARRING"
"உழிஞையொடு,WITH_UZHINJAI"
"பொலிய,SHINE"
"சூட்டி,PLACE"
"குருதி,BLOOD"
"வேட்கை,DESIRE"
"உரு,FORM"
"கெழு,HAVING"
"முரசம்,DRUM"
"மண்ணி,SOIL"
"வாரா,NOT_COME"
"அளவை,TIME"
"எண்ணெய்,OIL"
"நுரைமுகம்,FOAM_FACE"
"தன்ன,LIKE"
"மென்பூஞ்,SOFT_FLOWER"
"சேக்கை,BED"
"அறியாது,NOT_KNOWING"
"ஏறிய,CLIMBED"
"என்னை,ME"
"தெறுவர,ANNOY"
"இருபாற்,TWO_SIDES"
"படுக்கும்,PLACE"
"நின்வாள்வாய்,YOUR_SWORD_EDGE"
"ஒழித்ததை,AVOIDED"
"அதூஉம்,THAT"
"சாலும்,ENOUGH"
"நற்றமிழ்,GOOD_TAMIL"
"முழுது,WHOLE"
"அறிதல்,KNOWING"
"அதனொடும்,WITH_THAT"
"அமையாது,NOT_ENOUGH"
"அணுக,NEAR"
"வந்து,COME"
"மதனுடை,STRENGTH_HAVING"
"முழவுத்தோள்,DRUM_SHOULDER"
"ஓச்சி,WIELD"
"தண்ணென,COOLLY"
"வீசியோயே,FANNED"
"வியலிடம்,WIDE_PLACE"
"கமழ,FRAGRANT"
"இவன்,THIS"
"இசை,FAME"
"உடையோர்க்கு,TO_THOSE_HAVING"
"அல்லது,EXCEPT"
"அவணது,THERE"
"உயர்நிலை,HIGH_STATE"
"உலகத்து,IN_WORLD"
"உறையுள்,RESIDENCE"
"இன்மை,ABSENCE"
"விளங்க,SHINE"
"கேட்ட,HEARD"
"மாறுகொல்,REASON"
"வலம்படு,VICTORIOUS"
"குருசில்,LORD"
"நீ,YOU"
"ஈங்கு,HERE"
"இது,THIS"
"செயலே,DEED"
"ஐயூர்,AIYUR"
"முடவனார்,MUDAVANAR"
"கூடகாரத்துத்,KOODAGARATHU"
"துஞ்சிய,SLEPT"
"மாறன்,MAARAN"
"வழுதி,PANDYA"
"செம்புற்று,RED_ANT"
"ஈயல்போல,LIKE_ANT"
"ஒருபகல்,ONE_DAY"
"வாழ்க்கைக்கு,FOR_LIFE"
"உலமருவோர்,THOSE_WANDER"
"நீர்மிகின்,IF_WATER_EXCESS"
"சிறையும்,WING"
"இல்லை,NO"
"தீமிகின்,IF_FIRE_EXCESS"
"மன்னுயிர்,LASTING_LIFE"
"நிழற்றும்,SHADE"
"நிழலும்,SHADE"
"இல்லை,NO"
"வளிமிகின்,IF_WIND_EXCESS"
"வலியும்,STRENGTH"
"இல்லை,NO"
"ஒளிமிக்கு,LIGHT_EXCEEDING"
"அவற்றோரன்ன,THEM_LIKE"
"சினப்போர்,ANGRY_WAR"
"வழுதி,PANDYA"
"தண்தமிழ்,COOL_TAMIL"
"பொது,COMMON"
"என,SAY"
"பொறாஅன்,NOT_BEARING"
"போர்எதிர்ந்து,WAR_OPPOSING"
"கொண்டி,TAKING"
"வேண்டுவனாயின்,IF_WANTS"
"கொள்க,TAKE"
"என,SAY"
"கொடுத்த,GAVE"
"மன்னர்,KINGS"
"நடுக்கற்றனரே,FEARLESS"
"அளியரோ,PITIFUL"
"அளியர்,PITIFUL"
"அவன்அளி,HIS_MERCY"
"இழந்தோரே,THOSE_LOST"
"நுண்பல்,FINE_MANY"
"சிதலை,ANT"
"அரிதுமுயன்று,DIFFICULT_EFFORT"
"எடுத்த,TOOK"
"செம்புற்று,RED_ANT"
"ஈயல்போல,LIKE_ANT"
"ஒருபகல்,ONE_DAY"
"வாழ்க்கைக்கு,FOR_LIFE"
"உலமருவோரே,THOSE_WANDER"
"மருதன்,MARUTHAN"
"இளநாகனார்,ILANAGANAR"
"மாறன்,MAARAN"
"அணங்குடை,FEARFUL"
"நெடுங்கோட்டு,LONG_HORNED"
"அளையகம்,BURROW"
"முனைஇ,LEADING"
"முணங்கு,STRUGGLE"
"நிமிர்,RISE"
"வயமான்,STRONG_ANIMAL"
"முழுவலி,GREAT_STRENGTH"
"ஒருத்தல்,MALE"
"ஊன்நசை,FLESH_DESIRE"
"உள்ளம்,HEART"
"துரப்ப,URGING"
"இசை,FAME"
"குறித்து,AIMING"
"தான்,HE"
"வேண்டுமருங்கின்,WANTED_PLACE"
"வேட்டு,WANTING"
"எழுந்தாங்கு,RISEN_LIKE"
"வடபுல,NORTHERN_REGION"
"மன்னர்,KINGS"
"வாட,DRY"
"அடல்,VICTORY"
"குறித்து,AIMING"
"இன்னா,PAINFUL"
"வெம்போர்,FIERCE_WAR"
"இயல்தேர்,CHARIOT"
"வழுதி,PANDYA"
"இது,THIS"
"நீ,YOU"
"கண்ணியது,INTENDED"
"ஆயின்,IF"
"இருநிலத்து,ON_EARTH"
"யார்கொல்,WHO"
"அளியர்தாமே,PITIFUL_THEY"
"ஊர்தொறும்,EVERY_VILLAGE"
"மீன்சுடு,FISH_COOK"
"புகையின்,LIKE_SMOKE"
"புலவுநாறு,STENCH_SMELLING"
"நெடுங்கொடி,LONG_FLAG"
"வயல்உழை,FIELD_SIDE"
"மருதின்,MARUTHAM"
"வாங்குசினை,BENT_BRANCH"
"வலக்கும்,FLY"
"பெருநல்யாணரின்,GREAT_GOOD_SEASON"
"ஒரீஇ,LEAVING"
"இனியே,NOW"
"கலிகெழு,NOISE_HAVING"
"கடவுள்,GOD"
"கந்தம்,PILLAR"
"கைவிட,LEAVE_HAND"
"பலிகண்,OFFERING_PLACE"
"மாறிய,CHANGED"
"பாழ்படு,RUINED"
"பொதியில்,HUT"
"நரைமூதாளர்,GREY_HAIRED_OLD_WOMEN"
"நாய்,DOG"
"இடக்,PLACE"
"குழிந்த,DUG"
"வல்லின்,STRONG"
"நல்லகம்,GOOD_PLACE"
"நிறைய,FULL"
"பல்பொறிக்,MANY_SPOTS"
"கானவாரணம்,JUNGLE_ELEPHANT"
"ஈனும்,GIVE_BIRTH"
"காடாகி,BECOME_FOREST"
"விளியும்,PERISH"
"நாடுடையோரே,LAND_OWNERS"
"பொருந்தில்,PORUNTHIL"
"இளங்கீரனார்,ILANKEERANAR"
"மாந்தரஞ்சேரல்,MANDARANCHERAL"
"இரும்பொறை,IRUMPORAI"
"கைகோத்து,HAND_JOIN"
"ஆடும்,DANCE"
"தெற்றியாட்டம்,TERRACE_DANCE"
"முதிர்வார்,AGED"
"இப்பி,OYSTER"
"முத்த,MUTHA"
"வார்,STRING"
"மணல்,SAND"
"கதிர்விடு,RAY_RELEASE"
"மணியின்,GEM"
"கண்பொரு,EYE_FIGHT"
"மாடத்து,IN_MANSION"
"இலங்குவளை,SHINING_BANGLE"
"மகளிர்,WOMEN"
"தெற்றி,TERRACE"
"ஆடும்,DANCE"
"விளங்குசீர்,SHINING_FAME"
"விளங்கில்,VILANGIL"
"விழுமம்,DISTRESS"
"கொன்ற,DESTROYED"
"களங்கொள்,BATTLEFIELD_TAKING"
"யானை,ELEPHANT"
"கடுமான்,FAST_HORSE"
"பொறைய,PORAIYA"
"விரிப்பின்,IF_SPREAD"
"அகலும்,WIDEN"
"தொகுப்பின்,IF_GATHER"
"எஞ்சும்,REMAIN"
"மம்மர்,CONFUSION"
"நெஞ்சத்து,IN_HEART"
"எம்மனோர்க்கு,TO_US"
"ஒருதலை,ONE_HEAD"
"கைம்முற்றல,COMPLETE"
"நின்புகழே,YOUR_FAME"
"என்றும்,EVER"
"ஒளியோர்,LUMINOUS_PEOPLE"
"பிறந்த,BORN"
"இம்,THIS"
"மலர்தலை,FLOWER_HEADED"
"உலகத்து,IN_WORLD"
"வாழேம்,WE_WILL_NOT_LIVE"
"என்றலும்,SAYING"
"அரிதே,DIFFICULT"
"தாழாது,NOT_DELAYING"
"செறுத்த,COMPOSED"
"செய்யுள்,POEM"
"செய்செந்நாவின்,RED_TONGUED"
"வெறுத்த,DESPISED"
"கேள்வி,LEARNING"
"விளங்குபுகழ்க்,SHINING_FAME"
"கபிலன்,KAPILAN"
"இன்றுளனாயின்,IF_EXISTS_TODAY"
"நன்றுமன்,GOOD"
"என்ற,SAID"
"நின்,YOUR"
"ஆடுகொள்,PLAY_TAKE"
"வரிசைக்கு,TO_RANK"
"ஒப்ப,LIKE"
"பாடுவன்மன்னால்,I_WILL_SING"
"பகைவரை,ENEMIES"
"கடப்பே,I_WILL_CROSS"
"கோனாட்டு,KONAATTU"
"எறிச்சலூர்,ERICHALUR"
"மாடலன்,MAADALAN"
"மதுரைக்குமரனார்,MADURAIKUMARANAR"
"குட்டுவன்,KUTTUVAN"
"கோதை,KOTHAI"
"எங்கோன்,OUR_KING"
"இருந்த,SEATED"
"கம்பலை,NOISE"
"முதூர்,OLD_TOWN"
"உடையோர்போல,LIKE_OWNERS"
"இடையின்று,WITHOUT_INTERVAL"
"குறுகி,APPROACHING"
"செம்மல்,LORD"
"நாளவை,DAY_COURT"
"அண்ணாந்து,PROUDLY"
"புகுதல்,ENTERING"
"எம்அன,WE_LIKE"
"வாழ்க்கை,LIFE"
"இரவலர்க்கு,TO_BEGGARS"
"எளிதே,EASY"
"இரவலர்க்கு,TO_BEGGARS"
"எண்மை,EIGHT_NESS"
"அல்லது,EXCEPT"
"புரவு,PROSPERITY"
"எதிர்ந்து,OPPOSING"
"வானம்,SKY"
"நாண,ASHAMED"
"வரையாது,UNLIMITED"
"சென்றோர்க்கு,TO_THOSE_WENT"
"ஆனாது,CEASELESS"
"ஈயும்,GIVES"
"கவிகை,UMBRELLA"
"வண்மை,GENEROSITY"
"கடுமான்,FAST_HORSE"
"கோதை,GARLAND"
"துப்பு,STRENGTH"
"எதிர்ந்து,OPPOSING"
"எழுந்த,ROSE"
"நெடுமொழி,LONG_WORD"
"மன்னர்,KINGS"
"நினைக்குங்காலை,WHEN_THINKING"
"பாசிலைத்,TENDER_LEAF"
"தொடுத்த,TIED"
"உவலைக்,UWALAI"
"கண்ணி,GARLAND"
"மாசுண்,CLOTH"
"உடுக்கை,DRESS"
"மடிவாய்,FOLDED_MOUTH"
"இடையன்,SHEPHERD"
"சிறுதலை,SMALL_HEAD"
"ஆயமொடு,WITH_HERD"
"குறுகல்,APPROACHING"
"செல்லா,NOT_GOING"
"புலிதுஞ்சு,TIGER_SLEEP"
"வியன்புலத்து,WIDE_FIELD"
"அற்றே,LIKE"
"வலிதுஞ்சு,STRENGTH_SLEEP"
"தடக்கை,LARGE_HAND"
"அவனுடை,HIS"
"நாடே,COUNTRY"
"மதுரை,MADURAI"
"மருதன்,MARUTHAN"
"இளநாகனார்,ILANAGANAR"
"இலவந்திகைப்,ILAVANTHIGAI"
"பள்ளித்துஞ்சிய,PALLI_THUNJIYA"
"நன்மாறன்,NANMAARAN"
"ஓங்குமலை,HIGH_MOUNTAIN"
"பெருவில்,GREAT_BOW"
"பாம்பு,SNAKE"
"ஞாண்,BOWSTRING"
"கொளீஇ,TAKING"
"ஒருகணை,ONE_ARROW"
"கொண்டு,TAKING"
"மூவெயில்,THREE_SKIES"
"உடற்றி,ATTACK"
"பெருவிறல்,GREAT_VICTORY"
"அமரர்க்கு,TO_GODS"
"வெற்றி,VICTORY"
"தந்த,GAVE"
"கறைமிடற்று,BLUE_THROATED"
"அண்ணல்,LORD"
"காமர்,BEAUTIFUL"
"சென்னி,HEAD"
"பிறைநுதல்,CRESCENT_FOREHEAD"
"விளங்கும்,SHINE"
"ஒருகண்,ONE_EYE"
"போல,LIKE"
"வேந்து,KINGS"
"மேம்பட்ட,EXCELLED"
"பூந்தார்,FLOWER_GARLAND"
"மாற,MAARA"
"கடுஞ்சினத்த,FIERCE_ANGER"
"கொல்களிறும்,KILLING_ELEPHANT"
"கதழ்பரிய,FAST"
"கலிமாவும்,WAR_HORSE"
"நெடுங்கொடிய,LONG_FLAG"
"நிமிர்தேரும்,RAISED_CHARIOT"
"நெஞ்சுடைய,HEART_HAVING"
"புகல்மறவரும்,FIGHTING_WARRIORS"
"என,SAY"
"நான்குடன்,FOUR_WITH"
"மாண்ட,EXCELLENT"
"தாயினும்,EVEN_IF"
"மாண்ட,EXCELLENT"
"அறநெறி,RIGHTEOUS_PATH"
"முதற்றே,FIRST"
"அரசின்,OF_KING"
"கொற்றம்,VICTORY"
"அதனால்,THEREFORE"
"நமரென,OUR_PEOPLE_SAY"
"கோல்கோடாது,SCEPTRE_NOT_DEVIATE"
"பிறரென,OTHERS_SAY"
"குணங்கொல்லாது,QUALITY_NOT_KILL"
"ஞாயிற்றன்ன,SUN_LIKE"
"வெந்திறல்,HOT_POWER"
"ஆண்மையும்,MASCULINITY"
"திங்களன்ன,MOON_LIKE"
"தண்பெருஞ்சாயலும்,COOL_GREAT_NATURE"
"வானத்தன்ன,SKY_LIKE"
"வண்மையும்,GENEROSITY"
"மூன்றும்,THREE"
"உடையையாகி,HAVING_BEING"
"இல்லோர்,POOR"
"கையற,HELPLESS"
"நீ,YOU"
"நீடுவாழிய,LONG_LIVE"
"நெடுந்தகை,GREAT_LORD"
"தாழ்நீர்,DEEP_WATER"
"வெண்தலைப்,WHITE_HEAD"
"புணரி,WAVE"
"அலைக்கும்,WAVES"
"செந்தில்,SENTHIL"
"நெடுவேள்,NEDUVEL"
"நிலைஇய,ESTABLISHED"
"காமர்,BEAUTIFUL"
"வியந்துறை,WONDERFUL_PLACE"
"கடுவளி,STRONG_WIND"
"தொகுப்ப,GATHER"
"ஈண்டிய,ABUNDANT"
"வடுஆழ்,SCAR_DEEP"
"எக்கர்,SAND_DUNE"
"மணலினும்,THAN_SAND"
"பலவே,MANY"
"மதுரைக்,MADURAI"
"கணக்காயனார்,GANAKKAYANAR"
"மகனார்,SON"
"நக்கீரனார்,NAKKEERANAR"
"இலவந்திகைப்,ILAVANTHIGAI"
"பள்ளித்துஞ்சிய,PALLI_THUNJIYA"
"நன்மாறன்,NANMAARAN"
"ஏற்று,BULL"
"வலன்,RIGHT"
"உயரிய,RAISED"
"எரிமருள்,FIRE_LIKE"
"அவிர்சடை,SHINING_MATTED_HAIR"
"மாற்றருங்,UNRIVALLED"
"கணிச்சி,AXE"
"மணிமிடற்றோனும்,GEM_NECKED_ONE"
"கடல்,SEA"
"வளர்,GROW"
"புரிவளை,CURLED_BANGLE"
"புரையும்,LIKE"
"மேனி,BODY"
"அடல்வெம்,FIERCE"
"நாஞ்சில்,PLOUGH"
"பனைக்கொடியோனும்,PALM_FLAG_ONE"
"மண்ணுறு,EARTH_TOUCH"
"திருமணி,SACRED_GEM"
"புரையும்,LIKE"
"மேனி,BODY"
"விண்ணுயர்,SKY_HIGH"
"புல்கொடி,GRASS_FLAG"
"விறல்வெய்யோனும்,VICTORIOUS_HOT_ONE"
"மணிமயில்,GEM_PEACOCK"
"உயரிய,RAISED"
"மாறா,UNCHANGING"
"வென்றி,VICTORY"
"பிணிமுக,SWOLLEN_FACE"
"ஊர்தி,VEHICLE"
"ஒண்செய்யோனும்,BRIGHT_DEED_ONE"
"என,SAY"
"ஞாலம்,WORLD"
"காக்கும்,PROTECT"
"காலமுன்பின்,TIME_STRENGTH"
"தோலா,UNDEFEATED"
"நல்இசை,GOOD_FAME"
"நால்வர்,FOUR"
"உள்ளும்,AMONG"
"கூற்றொத்தீயே,DEATH_LIKE"
"மாற்றருஞ்சீற்றம்,UNRIVALLED_ANGER"
"வலித்தீயே,STRENGTH_LIKE"
"வாலியோனைப்,VALIYAN"
"புகழ்த்தீயே,FAME_LIKE"
"இகழுநர்,THOSE_DESPISE"
"அடுநனை,KILLING"
"முருகொத்தீயே,MURUGAN_LIKE"
"முன்னியது,INTENDED"
"முடித்தலின்,COMPLETING"
"ஆங்காங்கு,THERE_THERE"
"அவரவர்,THEY_THEY"
"ஒத்தலின்,BEING_SIMILAR"
"யாங்கும்,EVERYWHERE"
"அரியவும்,RARE"
"உளவோ,EXIST"
"நினக்கே,FOR_YOU"
"அதனால்,THEREFORE"
"இரவலர்க்கு,TO_BEGGARS"
"அருங்கலம்,JEWEL"
"அருகாது,NOT_DECREASING"
"ஈயா,GIVING"
"யவனர்,YAVANAS"
"நன்கலம்,GOOD_VESSEL"
"தந்த,GIVEN"
"தண்கமழ்,COOL_FRAGRANT"
"தேறல்,CLEAR_DRINK"
"பொன்செய்,GOLD_MADE"
"புனைகலத்து,DECORATED_VESSEL"
"ஏந்தி,RAISING"
"நாளும்,EVERY_DAY"
"ஒண்தொடி,BRIGHT_BANGLE"
"மகளிர்,WOMEN"
"மடுப்ப,DRINK"
"மகிழ்சிறந்த,EXCELLENT_JOY"
"ஆங்கு,THERE"
"இனிது,SWEET"
"ஒழுகுமதி,LIVE"
"ஓங்குவாள்,HIGH_SWORD"
"மாற,MAARA"
"அங்கண்,BEAUTIFUL_PLACE"
"விசும்பின்,SKY"
"ஆரிருள்,DARK_DARKNESS"
"அகற்றும்,REMOVE"
"வெங்கதிர்ச்செல்வன்,HOT_RAY_SUN_GOD"
"போலவும்,LIKE"
"குடதிசை,WESTERN_DIRECTION"
"தண்கதிர்,COOL_RAY"
"மதியம்போல்வும்,MOON_LIKE"
"நின்று,STANDING"
"நிலைஇயர்,REMAIN"
"உலகமோடு,WITH_WORLD"
"உடனே,TOGETHER"
"காவிரிப்பூம்பட்டினத்துக்,KAVERIPOOMPATTINATHU"
"காரிக்கண்ணனார்,KARIKKANNANAR"
"இலவந்திகைப்,ILAVANTHIGAI"
"பள்ளித்,PALLI"
"துஞ்சிய,SLEPT"
"நன்மாறன்,NANMAARAN"
"வல்லார்,SKILLED"
"ஆயினும்,EVEN_IF"
"வல்லுநர்,SKILLED"
"ஆயினும்,EVEN_IF"
"புகழ்தல்,PRAISING"
"உற்றோர்க்கு,TO_THOSE_WHO_ACHIEVED"
"மாயோனன்ன,MAYON_LIKE"
"உரைசால்,FAMOUS"
"சிறப்பின்,WITH_GLORY"
"புகழ்சால்,FAMOUS"
"மாற,MAARA"
"நின்னொன்று,YOUR_ONE"
"கூறுவது,SAYING"
"உடையோன்,ONE_WHO_HAS"
"என்னெனின்,IF_SAY"
"நீயே,YOU"
"பிறர்நாடு,OTHERS_COUNTRY"
"கொள்ளும்காலை,WHEN_TAKING"
"அவர்நாட்டு,THEIR_COUNTRY"
"இறங்குகதிர,DESCENDING_RAY"
"கழனி,FIELD"
"இளையரும்,YOUTHS"
"கவர்க,STEAL"
"நனந்தலைப்,WIDE"
"பேரூர்,GREAT_VILLAGE"
"எரியும்,BURN"
"நைக்க,PERISH"
"மின்னு,LIGHTNING"
"நிமிர்ந்தன்ன,RAISED_LIKE"
"ஒளிறிலங்கு,SHINING"
"நெடுவேல்,LONG_SPEAR"
"ஒன்னார்ச்,ENEMIES"
"செகுப்பினும்,KILL"
"செகுக்க,KILL"
"என்னதூஉம்,WHAT_EVER"
"கடிமரம்,GUARD_TREE"
"தடிதல்,CUTTING"
"ஓம்பு,AVOID"
"நெடுதல்,LONG"
"யானைக்கு,TO_ELEPHANT"
"கந்தாற்றாவே,WILL_NOT_TIE"
"புலியும்,TIGER"
"கயலும்,FISH"
"குராப்பள்ளித்,KURAPPALLI"
"துஞ்சிய,SLEPT"
"பெருந்திருமாவளவனும்,GREAT_THIRUMAVALAVAN"
"வெள்ளியம்பலத்துத்,VELLIYAMBALATHU"
"துஞ்சிய,SLEPT"
"பெருவழுதியும்,GREAT_PANDYA"
"இருவேந்தரும்,TWO_KINGS"
"ஒருங்கிருந்தபோது,WHEN_TOGETHER"
"தண்புனற்,COOL_WATER"
"காவிரிக்,KAVERI"
"கிழவனை,LORD"
"இவளே,THIS_WOMAN"
"முழுமுதல்,WHOLE_ROOT"
"தொலைந்த,LOST"
"கோளி,KOZH_I"
"ஆலத்து,BANYAN_TREE"
"கொழுநிழல்,RICH_SHADE"
"நெடுஞ்சினை,LONG_BRANCH"
"வீழ்பொறுத்தாங்கு,LIKE_BEARING_FALL"
"தொல்லோர்,ANCIENT_PEOPLE"
"மாய்ந்தென,DIED"
"துளங்கல்,SHAKE"
"செல்லாது,NOT_GO"
"நல்லிசை,GOOD_FAME"
"முதுகுடி,OLD_FAMILY"
"நடுக்கு,FEAR"
"அற,REMOVE"
"தழீஇ,EMBRACE"
"இளையது,YOUNG"
"ஆயினும்,EVEN_IF"
"கிளை,RELATIVES"
"அரா,SNAKE"
"எறியும்,STRIKE"
"அருநரை,DIFFICULT"
"உருமின்,THUNDER"
"பெருநரை,GREAT"
"பொறாஅ,NOT_BEARING"
"செருமாண்,WAR_EXCELLENT"
"பஞ்சவர்,PANDAVAS"
"ஏறே,BULL"
"நீயே,YOU"
"அறந்துஞ்சு,RIGHTEOUSNESS_SLEEP"
"உறந்தை,URAIYUR"
"பொருநனை,WARRIOR"
"இவனே,THIS"
"நெல்லும்,RICE"
"நீரும்,WATER"
"எல்லார்க்கும்,TO_ALL"
"எளிய,EASY"
"வரைய,SANDAL"
"சாந்தமும்,SANDAL"
"திரைய,WAVE"
"முத்தமும்,PEARL"
"இமிழ்குரல்,RESOUNDING_VOICE"
"முரசம்,DRUM"
"மூன்றுடன்,THREE_WITH"
"ஆளும்,RULE"
"தமிழ்கெழு,TAMIL_HAVING"
"கூடல்,KOODAL"
"தண்கோல்,COOL_SCEPTRE"
"வேந்தே,KING"
"பால்நிற,MILK_COLOR"
"உருவின்,FORM"
"பனைக்கொடியோனும்,PALM_FLAG_ONE"
"நீல்நிற,BLUE_COLOR"
"உருவின்,FORM"
"நேமியோனும்,WHEEL_ONE"
"என்று,SAY"
"இருபெருந்தெய்வமும்,TWO_GREAT_GODS"
"உடன்,TOGETHER"
"நின்றாஅங்கு,STANDING_LIKE"
"உரு,FORM"
"கெழு,HAVING"
"தோற்றமொடு,WITH_APPEARANCE"
"உட்குவர,FEAR"
"விளங்கி,SHINE"
"இந்நீர்,THIS_WATER"
"ஆகலின்,BECAUSE"
"இனியவும்,SWEET"
"உளவோ,EXIST"
"இன்னும்,YET"
"கேண்மின்,LISTEN"
"நும்இசை,YOUR_FAME"
"வாழியவே,LONG_LIVE"
"ஒருவீர்,ONE_OF_YOU"
"ஒருவீர்க்கு,TO_ONE_OF_YOU"
"ஆற்றுதிர்,ABLE"
"இருவீரும்,TWO_OF_YOU"
"உடனிலை,TOGETHER_STATE"
"திரியீராயின்,IF_NOT_DEVIATE"
"இமிழ்திரைப்,RESOUNDING_WAVE"
"பெளவம்,OCEAN"
"உடுத்த,WORE"
"இப்,THIS"
"பயங்கெழு,RICH"
"மாநிலம்,GREAT_LAND"
"கையகப்படுவது,WILL_BECOME_HAND"
"பொய்யாகாதே,NOT_FALSE"
"அதனால்,THEREFORE"
"நல்லபோலவும்,GOOD_LIKE"
"நயவபோலவும்,PLEASANT_LIKE"
"தொல்லோர்,ANCIENT_PEOPLE"
"சென்ற,GONE"
"நெறியர்போலவும்,LIKE_PATH"
"காதல்,LOVE"
"நெஞ்சின்,HEART"
"நும்புணர்ச்சி,YOUR_UNION"
"வென்றுவென்று,CONQUERING_CONQUERING"
"அடுகளத்து,IN_BATTLEFIELD"
"உயர்க,RAISE"
"நும்வேலே,YOUR_SPEAR"
"கொடுவரிக்,CURVED_LINE"
"கோள்மாக்,PLANET"
"குயின்ற,CREATED"
"சேண்விளங்கு,FAR_SHINING"
"தொடுபொறி,TRIGGER"
"நெடுநீர்க்,LONG_WATER"
"கெண்டையொடு,WITH_KENDAI_FISH"
"பொறித்த,ETCHED"
"குடுமிய,CRESTED"
"ஆக,BEING"
"பிறர்,OTHERS"
"குன்றுகெழு,HILL_HAVING"
"நாடே,COUNTRY"
"மதுரைக்,MADURAI"
"கூலவாணிகன்,KOOLAVANIGAN"
"சீத்தலைச்சாத்தனார்,SEETHALAISATHANAR"
"சித்திரமாடத்துத்,CHITIRAMADATHU"
"துஞ்சிய,SLEPT"
"நன்மாறன்,NANMAARAN"
"ஆரம்,GARLAND"
"தாழ்ந்த,HANGING"
"அணிகிளிர்,ORNAMENT_SHINE"
"மார்பின்,CHEST"
"தாள்தோய்,LEG_TOUCH"
"தடக்கை,LARGE_HAND"
"தகைமாண்,DIGNIFIED"
"வழுதி,PANDYA"
"வல்லை,QUICKLY"
"மன்ற,INDEED"
"நீ,YOU"
"நயந்தளித்தல்,LOVE_BESTOW"
"தேற்றாய்,NOT_BELIEVE"
"பெரும,LORD"
"பொய்யே,FALSE"
"என்றும்,EVER"
"காய்ச்சினம்,ANGER"
"தவிராது,NOT_REMOVE"
"கடலூர்பு,SEA_RISE"
"எழுதரும்,RISING"
"ஞாயிறனையை,SUN_LIKE"
"பகைவர்க்கு,TO_ENEMIES"
"திங்களனையை,MOON_LIKE"
"எம்மனோர்க்கே,TO_US"
"உறையூர்,URAIYUR"
"மருத்துவன்,DOCTOR"
"தாமோதரனார்,THAMODHARANAR"
"குடை,UMBRELLA"
"புறப்பட்டதென,LEFT_SAYING"
"இருதித்தொழுதேம்,DOUBT_WORSHIP"
"குராப்பள்ளித்,KURAPPALLI"
"துஞ்சிய,SLEPT"
"பெருந்திருமாவளவன்,GREAT_THIRUMAVALAVAN"
"முந்நீர்,SEA"
"நாப்பண்,IN_MIDDLE"
"திமில்,BOAT"
"சுடர்,FLAME"
"போல,LIKE"
"செம்மீன்,RED_STAR"
"இமைக்கும்,TWINKLE"
"மாகவிசும்பின்,GREAT_SKY"
"உச்சி,TOP"
"நின்ற,STOOD"
"உவவுமதி,BEAUTIFUL_MOON"
"கண்டு,SEEING"
"கட்சி,GROUP"
"மஞ்ஞையின்,PEACOCK"
"சுரமுதல்,JUNGLE_START"
"சேர்ந்த,JOINED"
"சில்வளை,FEW_BANGLES"
"விறலியும்,DANCER"
"யானும்,I"
"வல்விரைந்து,QUICKLY"
"தொழுதனம்,WORSHIPED"
"அல்லமோ,NOT"
"பலவே,MANY"
"கானல்,GROVE"
"கழிஉப்பு,BACKWATER_SALT"
"முகந்து,TAKING"
"கல்நாடு,STONE_COUNTRY"
"மடுக்கும்,MAKE"
"ஆரை,ARAI"
"சாகாட்டு,CART"
"ஆழ்ச்சி,DEPTH"
"போக்கும்,REMOVE"
"உரனுடை,STRENGTH_HAVING"
"நோன்பகட்டு,STRONG_BULL"
"அன்ன,LIKE"
"எங்கோன்,OUR_KING"
"வலன்இரங்கு,RIGHT_RESOUND"
"முரசின்,DRUM"
"வாய்வாள்,TRUTHFUL_SWORD"
"வளவன்,VALAVAN"
"வெயில்மறைக்,SUN_HIDE"
"கொண்ட,TOOK"
"உரு,FORM"
"கெழு,HAVING"
"சிறப்பின்,GLORY"
"மாலை,EVENING"
"வெண்குடை,WHITE_UMBRELLA"
"ஒக்குமால்,LIKE"
"எனவே,THUS"
"மலைந்தோரும்,THOSE_WORE"
"பணிந்தோரும்,THOSE_BOWED"
"எறிச்சிலூர்,ERICHILUR்"
"மாடலன்,MAADALAN"
"மதுரைக்குமரனார்,MADURAIKUMARANAR"
"இலவந்திகைப்,ILAVANTHIGAI"
"பள்ளித்,PALLI"
"துஞ்சிய,SLEPT"
"நலங்கிள்ளி,NALANKILLI"
"சேட்சென்னி,CHOLA"
"கொண்டைக்,HAIR_KNOT"
"கூழை,HAIR"
"தண்டழைக்,STAFF"
"கடைசியர்,TAILORS"
"சிறுமாண்,SMALL_EXCELLENT"
"நெய்தல்,NEYDAL"
"ஆம்பலொடு,WITH_AMPA"
"கட்கும்,CHURN"
"மலங்கு,CONFUSED"
"மிளிர்,SHINE"
"செறுவின்,FIELD"
"தளம்புதடிந்திட்ட,REMOVED_SLUSH"
"பழன,MEADOW"
"வாளைப்,VAALAI_FISH"
"பரூஉக்கண்,LARGE_EYE"
"துணியல்,CLOTH"
"புதுநெல்,NEW_RICE"
"வெண்சோற்றுக்,WHITE_RICE"
"கண்ணுறை,COVER"
"ஆக,BEING"
"விலாப்புடை,SIDE"
"மருங்கு,SIDE"
"விசிப்ப,SWELL"
"மாந்தி,DRINK"
"நீடுகதிர்க்,LONG_RAY"
"கழனிச்,FIELD"
"சூடுதடு,HEAT_BLOCK"
"மாறும்,CHANGE"
"வன்கை,HARD_HAND"
"வினைஞர்,CRAFTSMEN"
"புன்தலைச்,POOR_HEADED"
"சிறாஅர்,CHILDREN"
"தெங்குபடு,COCONUT_FALL"
"வியன்பழம்,WIDE_FRUIT"
"முனையின்,EDGE"
"தந்தையர்,FATHERS"
"குறைக்கண்,SHORT_EYE"
"நெடுபோர்,LONG_WAR"
"ஏறி,CLIMB"
"விசைத்தெழுந்து,SPRING_UP"
"செழுங்கோட்,RICH_BRANCH"
"பெண்ணை,PALMYRA"
"பழந்தொட,FRUIT_TOUCH"
"முயலும்,TRY"
"வைகல்,DAY"
"யாணர்,RENEWAL"
"நன்னாட்டுப்,GOOD_COUNTRY"
"பொருநன்,WARRIOR"
"எகு,ARROW"
"விளங்கு,SHINE"
"தடக்கை,LARGE_HAND"
"இயல்தேர்ச்,CHARIOT"
"சென்னி,CHOLA"
"சிலைத்தார்,BOWMEN"
"அகலம்,CHEST"
"மலைக்குநர்,THOSE_ADMIRE"
"உளர்எனின்,IF_EXIST"
"தாமறிகுவர்தமக்கு,THEY_KNOW_FOR_THEMSELVES"
"உறுதி,GOOD"
"யாம்,WE"
"அவன்,HE"
"எழுஉறழ்,RISING_MIX"
"திணிதோள்,STRONG_SHOULDER"
"வழுவின்றி,FLAWLESS"
"மலைந்தோர்,THOSE_WORE"
"வாழ,LIVE"
"கண்டன்றும்,SAW"
"இலமே,NOT"
"தாழாது,WITHOUT_DELAY"
"திருந்தடி,PERFECT_FOOT"
"பொருந்த,JOIN"
"வல்லோர்,THOSE_ABLE"
"வருந்த,SUFFER"
"காண்டல்,SEEING"
"அதனினும்,THAN_THAT"
"இலமே,NOT"
"கழாத்தலையார்,KAZHATHALAIYAR"
"குடக்கோ,KUDAKKO"
"நெடுஞ்சேரலாதன்,NEDUNCHERALATHAN"
"வேற்பறடக்கைப்,NAME"
"பெருவிறற்,GREAT_VICTORY"
"கிள்ளி,KILLI"
"போர்ப்புறத்துப்,WAR_OUTSIDE"
"பொருது,FIGHTING"
"வீழ்ந்த,FELL"
"காலை,TIME"
"வருதார்,COMING_GARLAND"
"தாங்கி,SUPPORT"
"அமர்,BATTLE"
"மிகல்,VICTORY"
"யாவது,WHAT"
"பொருது,FIGHTING"
"ஆண்டு,THERE"
"ஒழிந்த,LEFT"
"மைந்தர்,WARRIORS"
"புண்,WOUND"
"தொட்டு,TOUCH"
"குருதிச்,BLOOD"
"செங்கை,RED_HAND"
"கூந்தல்,HAIR"
"தீட்டி,APPLY"
"நிறம்,COLOR"
"கிளர்,SHINE"
"உருவின்,FORM"
"பேஎய்ப்,GHOST"
"பெண்டிர்,WOMEN"
"எடுத்தெறி,THROW"
"அனந்தற்,PATH"
"பறைச்சீர்,DRUM_SOUND"
"தூங்க,WAVE"
"பருந்து,EAGLE"
"அருந்துற்ற,EATING"
"தானையொடு,WITH_ARMY"
"செருமுனிந்து,WAR_ANGRY"
"அறத்தின்,RIGHTEOUSNESS"
"மண்டிய,ABOUNDED"
"மறப்போர்,VALIANT_WAR"
"வேந்தர்,KINGS"
"தாம்மாய்ந்தனரே,THEY_DIED"
"குடை,UMBRELLA"
"துளங்கினவே,SHAKEN"
"உரைசால்,FAMOUS"
"சிறப்பின்,GLORY"
"முரசு,DRUM"
"ஒழிந்தனவே,LEFT"
"பன்னூறு,HUNDREDS"
"அடுக்கிய,ARRANGED"
"வேறுபடு,DIFFERENT"
"பைஞ்ஞிலம்,GREEN_FIELD"
"இடம்கெட,PLACE_PERISH"
"ஈண்டிய,GATHERED"
"வியன்கண்,WIDE_EYED"
"பாசறை,CAMP"
"களங்கொளற்கு,TO_TAKE_BATTLEFIELD"
"உரியோர்,FIT_PEOPLE"
"இன்றி,WITHOUT"
"தெறுவர,ANNOY"
"உடன்,TOGETHER"
"வீழ்ந்தன்றால்,FELL"
"அமரே,BATTLE"
"பெண்டிரும்,WOMEN"
"பாசடகு,RAFT"
"மிசையார்,NOT_ON_TOP"
"பனிநீர்,COLD_WATER"
"மூழ்கார்,NOT_DIVE"
"மார்பகம்,CHEST"
"பொருந்தி,JOINING"
"ஆங்கு,THERE"
"அமைந்தன்றே,SUITED"
"வாடாப்,UNFADING"
"பூவின்,FLOWER"
"இமையா,UNWINKING"
"நாட்டத்து,GAZE"
"நாற்ற,FRAGRANCE"
"உணவினோரும்,THOSE_WHO_EAT"
"ஆற்ற,GREATLY"
"அரும்பெறல்,RARE"
"உலகம்,WORLD"
"நிறைய,FULL"
"விருந்துபெற்றனரால்,GOT_FEAST"
"பொலிக,FLOURISH"
"நும்புகழே,YOUR_FAME"
"வேற்பறடக்கைப்,NAME"
"பெருவிறற்,GREAT_VICTORY"
"கிள்ளி,KILLI"
"பொருது,FIGHTING"
"களத்தில்,BATTLEFIELD"
"வீழ்ந்த,FELL"
"போது,TIME"
"எனைப்பல்,HOW_MANY"
"யானையும்,ELEPHANTS"
"அம்பொடு,WITH_ARROW"
"துளங்கி,SHAKE"
"விளைக்கும்,PRODUCE"
"வினையின்றி,DEED_WITHOUT"
"படை,ARMY"
"ஒழிந்தனவே,LEFT"
"விறற்புகழ்,VICTORY_FAME"
"மாண்ட,EXCELLENT"
"புரவி,HORSES"
"எல்லாம்,ALL"
"மறத்தகை,VALOUR_NATURE"
"மைந்தரொடு,WITH_WARRIORS"
"ஆண்டுப்பட்டனவே,THERE_DIED"
"தேர்தர,CHARIOT_GIVE"
"வந்த,CAME"
"சான்றோர்,NOBLES"
"எல்லாம்,ALL"
"தோல்கண்,SHIELD_EYE"
"மறைப்ப,HIDE"
"ஒருங்கு,TOGETHER"
"மாய்ந்தனரே,DIED"
"விசித்து,TIED"
"வினைமாண்ட,WORK_EXCELLENT"
"மயிர்க்கண்,HAIR_EYE"
"முரசம்,DRUM"
"பொறுக்குநர்,THOSE_ENDURE"
"இன்மையின்,ABSENCE"
"இருந்துவிளிந்தனவே,STAYED_DIED"
"சாந்தமை,SANDAL"
"மார்பின்,CHEST"
"நெடுவேல்,LONG_SPEAR"
"பாய்ந்தென,PIERCED"
"வேந்தரும்,KINGS"
"பொருது,FIGHTING"
"களத்து,BATTLEFIELD"
"ஒழிந்தனர்,LEFT"
"இனியே,NOW"
"என்னாவதுகொல்,WHAT_WILL_HAPPEN"
"தானே,ITSELF"
"கழனி,FIELD"
"ஆம்பல்,AMPA"
"வள்ளி,CREEPER"
"தொடிக்கை,WITH_BANGLED_HAND"
"மகளிர்,WOMEN"
"பாசவல்,KNEADED_RICE"
"முக்கி,PRESS"
"தண்புனல்,COOL_WATER"
"பாயும்,SPRING"
"யாணர்,RENEWAL"
"அறாஅ,UNCEASING"
"வைப்பின்,REGION"
"காமர்,BEAUTIFUL"
"கிடக்கை,POSITION"
"அவர்,THEIR"
"அகன்றலை,WIDE_HEAD"
"நாடே,COUNTRY"
"நெடும்பல்லியத்தனார்,NEDUMBALLIYATHANAR"
"அருமிளை,DIFFICULT_FOREST"
"இருக்கை,SEAT"
"யதுவே,IT_IS"
"மனைவியும்,WIFE"
"வேட்டச்சிறாஅர்,DEAR_CHILDREN"
"சேட்புலம்,DISTANT_LAND"
"படராது,NOT_GOING"
"படைமடைக்,WEAPON_LOCK"
"கொண்ட,TOOK"
"குறுந்தாள்,SHORT_LEG"
"உடும்பின்,LIZARD"
"விழுக்குநிணம்,GOOD_FAT"
"பெய்த,PLACED"
"தயிர்க்கண்,CURD_EYE"
"மிதவе,RAFT"
"யாணர்,RENEWAL"
"நல்லவை,GOOD"
"பாணரொடு,WITH_BARDS"
"ஓராங்கு,TOGETHER"
"வருவிருந்து,COMING_GUEST"
"அயரும்,ENTERTAIN"
"விருப்பினள்,DESIRE"
"கிழவனும்,LORD"
"அருஞ்சமம்,DIFFICULT_BATTLE"
"ததையத்,BEATEN"
"தாக்கி,ATTACK"
"பெருஞ்சமத்து,GREAT_BATTLE"
"அண்ணல்,LORD"
"யானை,ELEPHANT"
"அணிந்த,ADORNED"
"பொன்செய்,GOLD_MADE"
"ஓடைப்,WATER"
"பெரும்பரிசிலனே,GREAT_BARD"
"நல்யாழ்,GOOD_YAAZH"
"ஆகுளி,AGULI"
"பதலையொடு,WITH_PADALAI"
"சுருக்கி,SHORTEN"
"செல்லா,NOT_GO"
"மோதில்,IF"
"சில்வளை,FEW_BANGLES"
"விறலி,DANCER"
"களிற்றுக்கணம்,ELEPHANT_HERD"
"பொருத,FOUGHT"
"கண்ணகன்,WIDE_EYED"
"பறந்தலை,BATTLEFIELD"
"விசும்பு,SKY"
"ஆடு,PLAY"
"எருவை,VULTURE"
"புசுந்தடி,EAT"
"தடுப்ப,STOP"
"பகைப்புலம்,ENEMY_LAND"
"மரீஇய,ACCEPTED"
"தகைப்பெருஞ்சிறப்பின்,DIGNIFIED_GREAT_GLORY"
"குடுமிக்,CRESTED"
"கோமாற்,KING"
"கண்டு,SEEING"
"நெடுநீர்ப்,LONG_WATER"
"புற்கை,PITTED"
"நீத்தனம்,LEFT"
"வரற்கே,FOR_COMING"
"நாணமும்,SHAME"
"பாசமும்,AFFECTION"
"பெருஞ்சேரலாதன்,PERUNCHERALATHAN"
"கரிகாற்,KARIKALA"
"பெருவளத்தானோடு,WITH_PERUVALATHAN"
"பொருது,FIGHTING"
"புறப்புண்பட்டு,WOUNDED_BACK"
"வடக்கிருந்தபோது,SITTING_NORTH"
"கையறுநிலை,HELPLESS_STATE"
"புறப்புண்பட்டோர்,THOSE_WOUNDED_BACK"
"நாணி,ASHAMED"
"வடக்கிருந்து,SITTING_NORTH"
"உயிர்விடும்,SUICIDE"
"மரபு,CUSTOM"
"மண்முழா,EARTH_DRUM"
"மறப்ப,FORGET"
"பண்யாழ்,TUNE_YAAZH"
"மறப்ப,FORGET"
"இருங்கண்,DARK_EYE"
"குழிசி,POT"
"கவிழ்ந்து,INVERT"
"இழுது,GHEE"
"பறப்ப,FLY"
"சுரும்பு,BEES"
"ஊஆர்,TASTE"
"தேறல்,CLEAR_DRINK"
"சுற்றம்,KIN"
"மறப்ப,FORGET"
"உழவர்,FARMERS"
"ஓதை,NOISE"
"மறப்ப,FORGET"
"விழவும்,FESTIVAL"
"அகலுள்,WIDE"
"ஆங்கண்,THERE"
"சீறூர்,SMALL_VILLAGE"
"மறப்ப,FORGET"
"உவவுத்,BEAUTIFUL"
"தலைவந்த,HEAD_COME"
"பெருநாள்,GREAT_DAY"
"அமையத்து,TIME"
"இருசுடர்,TWO_LIGHTS"
"தம்முள்,AMONG_THEMSELVES"
"நோக்கி,LOOKING"
"ஒருசுடர்,ONE_LIGHT"
"புன்கண்,SORROW"
"மாலை,EVENING"
"மலை,MOUNTAIN"
"மறைந்தாங்கு,HIDDEN_LIKE"
"தன்போல்,LIKE_HIM"
"வேந்தன்,KING"
"முன்பு,STRENGTH"
"குறித்து,AIMING"
"எறிந்த,STRUCK"
"புறப்புண்,BACK_WOUND"
"நாணி,ASHAMED"
"மறத்தகை,VALOUR_NATURE"
"மன்னன்,KING"
"வாள்,SWORD"
"வடக்கிருந்தனன்,SAT_NORTH"
"ஈங்கு,HERE"
"நாள்போல்,LIKE_DAY"
"கழியல,PASS"
"ஞாயிற்றுப்,SUN"
"பகலே,DAY"
"வெண்ணிக்,VENNIK"
"குயத்தியார்,KUYATHIYAR"
"கரிகாற்,KARIKALA"
"பெருவளத்தான்,PERUVALATHAN"
"நளியிரு,DEEP_GREAT"
"முந்நீர்,SEA"
"நாவாய்,SHIP"
"ஓட்டி,DRIVE"
"வளிதொழில்,WIND_WORK"
"ஆண்ட,RULED"
"உரவோன்,STRONG_ONE"
"மருக,OFFSPRING"
"களியியல்,JOY_NATURE"
"யானை,ELEPHANT"
"கரிகால்,KARIKALA"
"வளவ,VALAVAN"
"சென்று,GOING"
"அமர்க்கடந்த,CROSSED_BATTLE"
"நின்ஆற்றல்,YOUR_ABILITY"
"தோன்ற,APPEAR"
"வென்றோய,VICTORIOUS"
"நின்னினும்,THAN_YOU"
"நல்லன்,GOOD"
"அன்றே,NOT"
"கலிகொள்,NOISE_HAVING"
"யாணர்,RENEWAL"
"வெண்ணிப்,VENNI"
"பறந்தலை,BATTLEFIELD"
"மிக,VERY"
"புகழ்,FAME"
"உலகம்,WORLD"
"எய்தி,ATTAIN"
"புறப்புண்,BACK_WOUND"
"நாணி,ASHAMED"
"வடக்கிருந்தோனே,HE_SAT_NORTH"
"பிசிராந்தையார்,PISIRANTHAIYAR"
"கோப்பெருஞ்சோழன்,KOPERUNCHOLAN"
"அன்னச்,SWAN"
"சேவல்,COCK"
"ஆடுகொள்,PLAY_TAKE"
"வென்றி,VICTORY"
"அடுபோர்,FIERCE_WAR"
"அண்ணல்,LORD"
"நாடு,COUNTRY"
"தலை,HEAD"
"அளிக்கும்,GIVES"
"ஒண்முகம்,BRIGHT_FACE"
"போல,LIKE"
"கோடுகூடு,LINE_JOIN"
"மதியம்,MOON"
"முகிழ்நிலா,BUD_MOON"
"விளங்கும்,SHINE"
"மையல்,CONFUSION"
"மாலை,EVENING"
"யாம்,WE"
"கையறுபு,HELPLESS"
"இனைய,GRIEVE"
"குமரிஅம்,KUMARI_BEAUTIFUL"
"பெருந்துறை,GREAT_GHAT"
"அயிரை,AIRAI_FISH"
"மாந்தி,EAT"
"வடமலை,NORTH_MOUNTAIN"
"பெயர்குவை,WILL_GO"
"ஆயின்,IF"
"இடையது,MIDDLE"
"சோழநன்னாட்டுப்,CHOLA_GOOD_LAND"
"படினே,IF_ENTER"
"கோழி,COCK"
"உயர்நிலை,HIGH_PLACE"
"மாடத்து,IN_MANSION"
"குறும்பறை,SMALL_DRUM"
"அசைஇ,SOUND"
"வாயில்,DOOR"
"விடாது,WITHOUT_LEAVING"
"கோயில்,TEMPLE"
"புக்கு,ENTERING"
"எம்,OUR"
"பெருங்கோக்கிள்ளி,GREAT_KING_KILLI"
"கேட்க,HEAR"
"இரும்பிசிர்,GREAT_PISIR"
"ஆந்தை,OWL"
"அடியுறை,FOOT_STAY"
"எனினே,IF_SAY"
"மாண்ட,EXCELLENT"
"இன்புறு,JOYFUL"
"பேடை,FEMALE_BIRD"
"அணியத்,ADORN"
"தன்,ITS"
"அன்புறு,LOVING"
"நன்கலம்,GOOD_VESSEL"
"நல்குவன்,WILL_GIVE"
"நினக்கே,TO_YOU"
"மறவரும்,WARRIORS"
"மறக்களிரும்,WAR_ELEPHANTS"
"பாணாற்றுப்படை,BARD_GUIDE"
"உடும்பு,LIZARD"
"உரித்தன்ன,PEELED_LIKE"
"என்பு,BONE"
"எழு,RISE"
"மருங்கின்,SIDE"
"கடும்பின்,FAMILY"
"கடும்பசி,SEVERE_HUNGER"
"களையுநர்க்,THOSE_REMOVE"
"காணாது,NOT_SEEING"
"சில்செவித்து,FEW_EARED"
"ஆகிய,BECOME"
"கேள்வி,LEARNING"
"நொந்துநொந்து,GRIEVING_GRIEVING"
"ஈங்கு,HERE"
"எவன்,WHAT"
"செய்தியோ,DEED"
"பாண,SINGER"
"பூண்சுமந்த,ORNAMENT_CARRIED"
"அம்,BEAUTIFUL"
"பகட்டு,MALE"
"எழிலிய,BEAUTIFUL"
"செம்பொறி,RED_SPOT"
"ஆகத்து,CHEST"
"மென்மையின்,SOFTNESS"
"மகளிர்க்கு,TO_WOMEN"
"வணங்கி,BOWING"
"வன்மையின்,STRENGTH"
"ஆடவர்ப்,MEN"
"பிணிக்கும்,TIE"
"பீடுகெழு,MAJESTIC"
"நெடுந்தகை,GREAT_LORD"
"புனிறுதீர்,NEWBORN_REMOVED"
"குழவிக்கு,TO_CHILD"
"இலிற்றுமுலை,SUCKLING_BREAST"
"போல,LIKE"
"சுரந்த,FLOWED"
"காவிரி,KAVERI"
"மரங்கொல்,TREE_KILL"
"மலிநீர்,ABUNDANT_WATER"
"மன்பதை,PEOPLE"
"புரக்கும்,PROTECT"
"நன்னாட்டுப்,GOOD_COUNTRY"
"பொருநன்,WARRIOR"
"உட்பகை,INSIDE_ENMITY"
"ஒருதிறம்பட்டென,ONE_SIDE_OBTAINED"
"புட்பகைக்கு,OUTSIDE_ENMITY"
"ஏவான்,NOT_COMMAND"
"ஆகலின்,BECAUSE"
"சாவோம்யாம்,WE_WILL_DIE"
"என,SAY"
"நீங்கா,INSEPARABLE"
"மறவர்,WARRIORS"
"வீங்குதோள்,SWOLLEN_SHOULDER"
"புடைப்ப,PAT"
"தணிபறை,COOL_DRUM"
"அறையும்,BEAT"
"அணிகொள்,ORNAMENT_TAKE"
"தேர்வழிக்,CHARIOT_PATH"
"கடுங்கண்,CRUEL_EYE"
"பருகுநர்,DRINKERS"
"நடுங்குகை,TREMBLING_HAND"
"உகத்த,DROP"
"நறுஞ்சேறு,SWEET_JUICE"
"ஆடிய,BATHED"
"வறுந்தலை,EMPTY_HEAD"
"யானை,ELEPHANT"
"நெடுனகர்,LONG_PALACE"
"வரைப்பின்,ENCLOSURE"
"படுமுழா,SOUNDING_DRUM"
"ஓர்க்கும்,HEAR"
"உறந்தையோனே,LORD_OF_URAIYUR"
"குருசில்,LORD"
"பிறன்கடை,OTHERS_DOOR"
"மறப்ப,FORGET"
"நல்குவன்,WILL_GIVE"
"செலினே,IF_GO"
"ஆலந்தூர்,ALANTHUR"
"கிழார்,POET"
"பாணாற்றுப்படை,BARD_GUIDE"
"கையது,HAND_HAVING"
"கடன்,DUTY"
"நிறை,FULL"
"யாழே,YAAZH"
"மெய்யது,BODY_HAVING"
"புரவலர்,PATRONS"
"இன்மையின்,ABSENCE"
"பசியே,HUNGER"
"அரையது,WAIST_HAVING"
"வேற்றிழை,FOREIGN_JEWEL"
"நுழைந்த,ENTERED"
"வேர்நனை,ROOT_WET"
"சிதாஅர்,RAGGED_CLOTH"
"ஓம்பி,PROTECTING"
"உடுத்த,WORE"
"உயவற்,POOR"
"பாண,SINGER"
"பூட்கை,NATURE"
"இல்லோன்,POOR"
"யாக்கை,BEING"
"போல,LIKE"
"பெரும்புல்,GREAT_GRASS"
"என்ற,CALLED"
"இரும்பேரொக்கலை,GREAT_FAMILY"
"வையகம்,WORLD"
"முழுவதுடன்,WHOLLY"
"வளைப்ப,SURROUND"
"பையென,SLOWLY"
"என்னை,ME"
"வினவுதிஆயின்,IF_ASK"
"மன்னர்,KINGS"
"அடுகளிறு,KILLING_ELEPHANT"
"உயவும்,GRIEVE"
"கொடிகொள்,FLAG_HAVING"
"பாசறை,CAMP"
"குருதிப்பரப்பின்,BLOOD_SPREAD"
"கோட்டுமா,TUSKED_ANIMAL"
"தொலைச்சி,DESTROYING"
"புலாக்களம்,DEAD_BODY_FIELD"
"செய்த,DONE"
"கலாஅத்,NOT_MIXED"
"தானையன்,WITH_ARMY"
"பிறங்குநிலை,HIGH_PLACE"
"மாடத்து,MANSION"
"உறந்தையோனே,LORD_OF_URAIYUR"
"பொருநர்க்கு,TO_WARRIORS"
"ஓங்கிய,HIGH"
"வேலன்,SPEARMAN"
"ஒருநிலை,ONE_PLACE"
"பகைப்புலம்,ENEMY_LAND"
"படர்தலும்,GOING"
"உரியன்,FIT"
"தகைத்தார்,ORNAMENTED_GARLAND"
"ஒள்ளெரி,BRIGHT_FIRE"
"புரையும்,LIKE"
"உரு,FORM"
"கெழு,HAVING"
"புசும்பூண்,PUSHUPOON"
"கிள்ளிவளவற்,KILLIVALAVAN"
"படர்குவை,GO"
"ஆயின்,IF"
"நெடுங்கடை,LONG_DOOR"
"நிற்றலும்,STANDING"
"இலையே,NOT"
"கடும்பகல்,HOT_DAY"
"தேர்வீசு,CHARIOT_THROW"
"இருக்கை,SEAT"
"ஆர,FULL"
"நோக்கி,LOOKING"
"நீ,YOU"
"அவற்,HIM"
"கண்ட,SAW"
"பின்றை,AFTER"
"பூவின்,FLOWER"
"ஆடுவண்டு,DANCING_BEE"
"இமிராத்,NOT_BUZZ"
"தாமரை,LOTUS"
"சூடாய்,WILL_WEAR"
"ஆதல்,BEING"
"அதனினும்,THAN_THAT"
"இலையே,NOT"
"குளிர்நீரும்,COLD_WATER"
"குறையாத,NOT_DECREASING"
"சோறும்,RICE"
"கோவூர்,PERFORMER"
"அழகியார்,BEAUTIFUL"
"தேஎம்,COUNTRY"
"தீந்தொடை,SWEET_BOW"
"சீறியாழ்ப்,SMALL_YAAZH"
"பாண,SINGER"
"கயத்து,IN_TANK"
"வாழ்யாமை,LIVING_TURTLE"
"காழ்கோத்தன்ன,WOOD_THREADED_LIKE"
"நுண்கோல்,THIN_STICK"
"தகைத்த,NATURE"
"தெண்கண்,CLEAR_EYE"
"மாக்கிணை,GREAT_KINAI_DRUM"
"இனிய,SWEET"
"காணκ,SEE"
"இவண்,HERE"
"தணிக,COOL"
"என,SAY"
"கூறி,SAYING"
"வினவல்,ASKING"
"ஆனா,CEASELESS"
"முதுவாய்,OLD_MOUTHED"
"இரவல,BEGGAR"
"தைத்திங்கள்,THAI_MONTH"
"தண்கயம்,COOL_TANK"
"போல,LIKE"
"கொளக்கொள,TAKE_TAKE"
"குறைபடாக்,NOT_DECREASING"
"கூழுடை,FOOD_HAVING"
"வியனகர்,WIDE_HOUSE"
"அடுதீ,COOKING_FIRE"
"அல்லது,EXCEPT"
"சுடுதீ,BURNING_FIRE"
"அறியாது,NOT_KNOWING"
"இருமருந்து,GREAT_MEDICINE"
"விளைக்கும்,PRODUCE"
"நன்னாட்டுப்,GOOD_COUNTRY"
"பொருநன்,WARRIOR"
"கிள்ளிவளவன்,KILLIVALAVAN"
"நல்லிசை,GOOD_FAME"
"உள்ளி,THINKING"
"நாற்ற,FRAGRANCE"
"நாட்டத்து,IN_GAZE"
"அறுகாற்,SIX_LEGGED"
"பறவை,BIRD"
"சிறுவெள்ளாம்பல்,SMALL_WHITE_AMPA"
"ஞாங்கர்,SIDE"
"ஊதும்,BLOW"
"கைவளீகைப்,HAND_GENEROUS"
"பண்ணன்,PANNAN"
"சிறுகுடிப்,SMALL_FAMILY"
"பாதிரி,PAATHIRI"
"கமழும்,FRAGRANT"
"ஓதி,SMELLING"
"ஒண்ணுதல்,BRIGHT_FOREHEAD"
"இன்னகை,SWEET_SMILE"
"விறலியொடு,WITH_DANCER"
"மென்மெல,SOFTLY_SOFTLY"
"இயலிச்,WALKING"
"செல்வைஆயின்,IF_YOU_GO"
"செல்வை,GO"
"ஆகுவை,WILL_BE"
"விறகுஒய்மாக்கள்,FIREWOOD_GATHERERS"
"பொன்பெற்றன்ன,GOT_GOLD_LIKE"
"தலைப்பாடு,LEAD_SONG"
"அன்று,NOT"
"அவன்ஈகை,HIS_GIFT"
"நினைக்க,TO_THINK"
"வேண்டா,NO_NEED"
"வாழ்க,LIVE"
"அவன்தாளே,HIS_FEET"
"இவளையும்,HER"
"பிரிவேன்,WILL_SEPARATE"
"ஒல்லையூர்,OLLAIYUR"
"தந்த,GAVE"
"பூதப்பாண்டியன்,BOOTHAPANDIYAN"
"வஞ்சினக்,VANJINAM"
"காஞ்சி,KANCHI"
"மடங்கலின்,FROG"
"சினைஇ,ANGER"
"மடங்கா,UNSUBMISSIVE"
"உள்ளத்து,HEART"
"அடங்காத்,UNCONTROLLED"
"தானை,ARMY"
"வேந்தர்,KINGS"
"உடங்கு,TOGETHER"
"இயைந்து,JOINED"
"என்னொடு,WITH_ME"
"பொருந்தும்,WILL_JOIN"
"என்ப,SAY"
"அவரை,THEM"
"ஆரமர்,BATTLE"
"அலற,SCREAM"
"தாக்கி,ATTACK"
"தேரொடு,WITH_CHARIOT"
"அவர்ப்புறம்,THEIR_BACK"
"காணேன்ஆயின்,IF_NOT_SEE"
"சிறந்த,EXCELLENT"
"பேரமர்,GREAT_BATTLE"
"உண்கண்,PAINTED_EYE"
"இவளினும்,THAN_HER"
"பிரிக,SEPARATE"
"அறன்நிலை,RIGHTEOUSNESS_STATE"
"திரிய,DEVIATE"
"அன்பின்,LOVE"
"அவையத்து,IN_COURT"
"திறன்இல்,SKILL_NOT"
"ஒருவனை,ONE"
"நாட்டி,ESTABLISH"
"முறை,JUSTICE"
"திரிந்து,DEVIATE"
"மெலிகோல்,WEAK_SCEPTRE"
"செய்தேன்,I_DID"
"ஆகுக,BE"
"மலிபுகழ்,ABUNDANT_FAME"
"வையை,VAIYAI"
"சூழ்ந்த,SURROUNDED"
"வலங்கெழு,STRENGTH_HAVING"
"வைப்பின்,REGION"
"பொய்யா,NOT_FALSE"
"யாணர்,RENEWAL"
"மையற்,MAIN"
"கோமான்,KING"
"மாவனும்,MAVANAN"
"மன்எயில்,METAL_FORT"
"ஆந்தையும்,ANDHAI"
"உரைசால்,FAMOUS"
"அந்துவஞ்சாத்தனும்,ANDHUVANSATHAN"
"ஆதன்அழிசியும்,ATHANALIZHIYAN"
"வெஞ்சின,FIERCE_ANGER"
"இயக்கனும்,YAKKAN"
"உளப்பட,INCLUDING"
"பிறரும்,OTHERS"
"கண்போல்,EYE_LIKE"
"நண்பிற்,FRIENDSHIP"
"கேளிரொடு,WITH_RELATIVES"
"கலந்த,JOINED"
"இன்களி,SWEET_JOY"
"மகிழ்நகை,JOYFUL_SMILE"
"இழுக்கிய,LOST"
"யான்,I"
"ஒன்றோ,ONE"
"மன்பதை,PEOPLE"
"காக்கும்,PROTECT"
"நீள்குடி,LONG_FAMILY"
"சிறந்த,EXCELLENT"
"தென்புலம்,SOUTHERN_REGION"
"காவலின்,PROTECTION"
"ஒரிஇ,LEAVING"
"பிறர்,OTHERS"
"வன்புலங்,DRY_LAND"
"காவலின்,PROTECTION"
"மாறி,CHANGE"
"யான்,I"
"பிறக்கே,BEHIND"
"தலையாலங்கானத்துச்,THALAIALANGANATHU"
"செருவென்ற,VICTORIOUS"
"நெடுஞ்செழியன்,NEDUNCHEZHIYAN"
"நகுதத்தனரே,THOSE_WHO_LAUGH"
"நாடு,COUNTRY"
"மீக்கூறுநர்,THOSE_PRAISE"
"இளையன்,YOUNG"
"இவன்,THIS"
"என,SAY"
"உளைய,SOFTEN"
"கூறிப,SAYING"
"படுமணி,SOUNDING_BELL"
"இரட்டும்,SOUND"
"பாவடி,SOUND_FOOT"
"பணைத்தாள்,DRUM_LEG"
"நெடுநல்,LONG_GOOD"
"யானையும்,ELEPHANT"
"தேரும்,CHARIOT"
"மாவும்,HORSE"
"படைஅமை,ARMY_COMPOSED"
"மறவரும்,WARRIORS"
"உடையும்,HAVING"
"யாம்,WE"
"என்று,SAY"
"உறுதுப்பு,STRENGTH"
"அஞ்சாது,NOT_FEARING"
"உடல்,BODY"
"சினம்,ANGER"
"செருக்கி,PROUD"
"சிறுசொல்,SMALL_WORD"
"சொல்லிய,SAID"
"சினங்கெழு,ANGER_HAVING"
"வேந்தரை,KINGS"
"அருஞ்சமஞ்,DIFFICULT_BATTLE"
"சிதையத்,DESTROY"
"தாக்கி,ATTACK"
"முரசமொடு,WITH_DRUM"
"ஒருங்கு,TOGETHER"
"அகப்படேஎன்ஆயின்,IF_NOT_CAPTURE"
"பொருந்திய,SUITABLE"
"என்நிழல்,MY_SHADE"
"வாழ்நர்,LIVERS"
"சென்னிழல்,HEAD_SHADE"
"காணாது,NOT_SEEING"
"கொடியன்,CRUEL"
"எம்இறை,OUR_LORD"
"என,SAY"
"கண்ணீர்,TEARS"
"பரப்பி,SPREAD"
"குடி,FAMILY"
"பழி,BLAME"
"தூற்றும்,SCATTER"
"கோலேன்,SCEPTRE_NOT"
"ஆகுக,BE"
"ஓங்கிய,HIGH"
"சிறப்பின்,GLORY"
"உயர்ந்த,HIGH"
"கேள்வி,LEARNING"
"மாங்குடி,MAANGUDI"
"மருதன்,MARUTHAN"
"தலைவன்,LEADER"
"ஆக,BEING"
"உலகமொடு,WITH_WORLD"
"நிலைஇய,ESTABLISHED"
"பலர்புகழ்,MANY_PRAISED"
"சிறப்பின்,GLORY"
"புலவர்,POETS"
"பாடாது,NOT_SINGING"
"வரைக,LIMIT"
"என்னிலவரை,MY_EARTH_LIMIT"
"புரப்போர்,PROTECTORS"
"புன்கண்,SORROW"
"கூர,INCREASE"
"இரப்போர்க்கு,TO_BEGGARS"
"ஈயா,NOT_GIVING"
"இன்மை,POVERTY"
"யான்உறவே,I_SUFFER"
"உயிரும்,LIFE"
"தருகுவன்,WILL_GIVE"
"நலங்கிள்ளி,NALANKILLI"
"நல்லுருத்திரன்,NALLURUTHIRAN"
"பாட்டு,SONG"
"மெல்ல,SOFTLY"
"வந்து,COME"
"என்னல்லடி,MY_GOOD_FOOT"
"பொருந்தி,JOINING"
"ஈ,FLY"
"என,SAY"
"இரக்குவராயின்,IF_BEG"
"சீருடை,FAMOUS"
"முரசுகெழு,DRUM_HAVING"
"தாயத்து,INHERITANCE"
"அரசோ,KING"
"தஞ்சம்,REFUGE"
"இன்னுயிர்,SWEET_LIFE"
"ஆயினும்,EVEN_IF"
"கொடுக்குவென்,I_WILL_GIVE"
"இந்நிலத்து,THIS_EARTH"
"ஆற்றல்,ABILITY"
"உடையோர்,THOSE_HAVING"
"ஆற்றல்,ABILITY"
"போற்றாது,NOT_PROTECTING"
"என்உள்ளம்,MY_HEART"
"எள்ளிய,SCORNED"
"மடவோன்,FOOL"
"தெள்ளிதின்,CLEARLY"
"துஞ்சுபுலி,SLEEPING_TIGER"
"இடறிய,TRIPPED"
"சிதடன்போல,CRIPPLE_LIKE"
"உய்ந்தனன்,HE_SURVIVED"
"பெயர்தலோ,GOING"
"அரிதே,DIFFICULT"
"மைந்துடை,STRENGTH_HAVING"
"கழைதின்,BAMBOO_EATING"
"யானை,ELEPHANT"
"கால்,LEG"
"அகப்பட்ட,CAUGHT"
"வன்றிணி,STRONG_FIRM"
"நீண்முளை,LONG_SPROUT"
"போல,LIKE"
"சென்று,GOING"
"அவண்,THERE"
"வருந்த,SUFFER"
"பொரேஎன்ஆயின்,IF_NOT_FIGHT"
"பொருந்திய,SUITABLE"
"தீதுஇல்,EVIL_NOT"
"நெஞ்சத்து,HEART"
"காதல்,LOVE"
"கொள்ளாப்,NOT_TAKING"
"பல்லிரும்கூந்தல்,MANY_GREAT_HAIR"
"மகளிர்,WOMEN"
"ஒல்லா,NOT_POSSIBLE"
"முயக்கிடை,EMBRACE"
"குழைக,SUFFER"
"என்தாரே,MY_GARLAND"
"கணைக்காலிரும்பொறை,KANAIKAALIRUMPORAI"
"தாமே,THEMSELVES"
"தாங்கிய,SUPPORTED"
"தாங்கரும்,DIFFICULT_TO_BEAR"
"பையுள்,SORROW"
"இளம்பூரணர்,ILAMPURANAR"
"குழவி,CHILD"
"இறப்பினும்,EVEN_IF_DIE"
"ஊன்தடி,FLESH_STICK"
"பிறப்பினும்,EVEN_IF_BORN"
"ஆள்,PERSON"
"அன்று,NOT"
"என்று,SAY"
"வாளின்,SWORD"
"தப்பார்,NOT_MISS"
"தொடர்ப்படு,CONTACT"
"ஞமலியின்,DOG"
"இடர்ப்படுத்து,CAUSE_TROUBLE"
"இரீஇய,PLACED"
"கேளல்,HEAR"
"கேளிர்,RELATIVES"
"வேளாண்,GENEROSITY"
"சிறுபதம்,SMALL_FAVOR"
"மதுகை,INTOXICATION"
"இன்றி,WITHOUT"
"வயிற்றுத்,STOMACH"
"தீ,FIRE"
"தணிய,COOL"
"தாம்,THEY"
"இரந்து,BEGGING"
"உண்ணும்,EAT"
"அளவை,TIME"
"ஈன்மரோ,WILL_GIVE"
"இவ்வுலகத்தானே,IN_THIS_WORLD"
"சோழன்,CHOLA"
"மூத்தோர்,ELDERS"
"மூத்தோர்க்கூற்றம்,ELDERS_DEATH"
"உய்த்தென,DRIVE"
"பால்தர,MILK_GIVE"
"வந்த,CAME"
"பழவிறல்,ANCIENT_VICTORY"
"தாயம்,INHERITANCE"
"எய்தினம்,OBTAINED"
"ஆயின்,IF"
"எய்தினம்,OBTAINED"
"சிறப்பு,SPECIALTY"
"என,SAY"
"குடி,FAMILY"
"புரவு,PROSPERITY"
"இரக்கும்,BEG"
"கூரில்,NOT_SHARP"
"ஆண்மை,MASCULINITY"
"சிறியோன்,SMALL_ONE"
"பெறின்,IF_GET"
"அது,THAT"
"சிறந்தன்று,EXCELLENT"
"மன்னே,INDEED"
"மண்டுஅமர்ப்,ABUNDANT_BATTLE"
"பரிக்கும்,PROTECT"
"மதனுடை,STRENGTH_HAVING"
"நோன்தாள்,STRONG_LEG"
"விழுமியோன்,NOBLE"
"பெறுகுவனாயின்,IF_GET"
"தாழ்நீர்,DEEP_WATER"
"அறுகய,NEAR_LAKE"
"மருங்கின்,SIDE"
"சிறுகோல்,SMALL_STICK"
"வெண்கிடை,WHITE_KIDAI"
"என்றூழ்,SUMMER"
"வாடுவறல்போல,DRY_LIKE"
"நன்றும்,GOOD"
"நொய்தால்,EASY"
"அம்மதானே,AH_ITSELF"
"மையற்று,CENTERLESS"
"விசும்புஉற,TOUCH_SKY"
"ஓங்கிய,HIGH"
"வெண்குடை,WHITE_UMBRELLA"
"முரசுகெழு,DRUM_HAVING"
"வேந்தர்,KINGS"
"அரசுகெழு,KINGDOM_HAVING"
"திருவே,WEALTH"
"இடைக்குன்றூர்,IDAIKKUNRUR"
"கிழார்,POET"
"ஒருவனை,ONE"
"ஒருவன்,ONE"
"அடுதலும்,KILLING"
"தொலைதலும்,DYING"
"புதுவது,NEW"
"அன்று,NOT"
"இவ்வுலகத்து,THIS_WORLD"
"இயற்கை,NATURE"
"இன்றின்,TODAY"
"ஊங்கோ,BEFORE"
"கேளலம்,NOT_HEARD"
"திரளரை,THICK_TRUNK"
"மன்றவேம்பின்,COMMON_NEEM"
"மாச்சினை,GREAT_BRANCH"
"ஒண்தளிர்,BRIGHT_SPROUT"
"நெடுங்கொடி,LONG_CREEPER"
"உழிஞைப்,UZHINJAI"
"பவரொடு,WITH_PAVARAM"
"மிடைந்து,MIXED"
"செறியத்,TIGHTLY"
"தொடுத்த,TIED"
"தேம்பாய்,HONEY_FLOW"
"கண்ணி,GARLAND"
"ஒலியல்,RESOUNDING"
"மாலையொடு,WITH_GARLAND"
"பொலிய,SHINE"
"சூடி,WEAR"
"பாடின்,SONG"
"தெண்கிணை,CLEAR_KINAI_DRUM"
"கறங்க,RESOUND"
"காண்தக,SEE_FITTING"
"நாடுகெழு,LAND_HAVING"
"திருவிற்,WEALTH"
"பசும்பூட்,FRESH_FLOWER"
"செழியன்,CHEZHIYAN"
"பீடும்,MAJESTY"
"செம்மலும்,LORDSHIP"
"அறியார்,NOT_KNOWING"
"கூடி,JOINING"
"பொருதும்,WILL_FIGHT"
"என்று,SAY"
"தன்தலை,HIS_HEAD"
"வந்த,CAME"
"புனைகழல்,DECORATED_ANKLET"
"எழுவர்,SEVEN"
"நல்வலம்,GOOD_STRENGTH"
"அடங்க,SUBDUE"
"ஒருதான்,ONE_SELF"
"ஆகி,BEING"
"பொருது,FIGHTING"
"களத்து,BATTLEFIELD"
"அடலே,KILLING"
"யார்,WHO"
"அவன்,HE"
"வாழ்க,LIVE"
"கிண்கிணி,BELL"
"களைந்த,REMOVED"
"கால்,LEG"
"ஒண்கழல்,BRIGHT_ANKLET"
"தொட்டு,TOUCH"
"குடுமி,TOP_KNOT"
"களைந்த,REMOVED"
"நுதல்,FOREHEAD"
"வேம்பின்,NEEM"
"ஒண்தளிர்,BRIGHT_SPROUT"
"நெடுங்கொடி,LONG_CREEPER"
"உழிஞைப்,UZHINJAI"
"பவரொடு,WITH_PAVARAM"
"மிலைந்த,WORE"
"குறுந்தொடி,SHORT_BANGLE"
"கழித்தகை,REMOVED_HAND"
"சாபம்,BOW"
"பற்றி,HOLDING"
"நெடுந்தேர்க்,LONG_CHARIOT"
"கொடிஞ்சி,FLAG"
"பொலிய,SHINE"
"நின்றோன்,STOOD"
"யார்கொல்,WHO"
"வாழ்க,LIVE"
"அவன்கண்ணி,HIS_GARLAND"
"தார்பூண்டு,GARLAND_WEAR"
"தாலி,TALI"
"களைந்தன்றும்,REMOVED"
"இலனே,NOT"
"பால்விட்டு,MILK_LEAVE"
"உடன்று,ANGER"
"மேல்வந்த,ABOVE_COME"
"வம்பமள்ளரை,NEW_WARRIORS"
"அழுந்த,PRESS"
"பற்றி,GRAB"
"அகல்விசும்பு,WIDE_SKY"
"ஆர்ப்பெழ,SHOUT_RISE"
"மகிழ்ந்தன்றும்,JOYED"
"இகழ்ந்தன்றும்,DESPISED"
"அதனினும்,THAN_THAT"
"இலனே,NOT"
"அவர்ஊர்,THEIR_VILLAGE"
"சென்று,GOING"
"அழித்தவன்,DESTROYER"
"வணங்கு,BOW"
"தொடைப்,BOW"
"பொலிந்த,ADORNED"
"வலிகெழுநோன்தாள்,STRENGTH_HAVING_STRONG_LEG"
"அணங்கருங்,FEARFUL"
"கடுந்திறல்,FIERCE_POWER"
"என்ஐ,MY"
"முணங்கு,STRUGGLE"
"நிமிர்ந்து,RISE"
"அளைச்செறி,LAIR_ABOUND"
"உழுவை,TIGER"
"இரைக்கு,FOR_PREY"
"வந்தன்ன,COME_LIKE"
"மலைப்பரும்,ADMIRABLE"
"அகலம்,CHEST"
"மதியார்,NOT_ACCEPT"
"சிலைத்தெழுந்து,BOW_RISE"
"விழுமியம்,NOBLE"
"பெரியம்,GREAT"
"யாமே,WE"
"நம்மிற்,THAN_US"
"பொருநனும்,WARRIOR"
"இளையன்,YOUNG"
"கொண்டியும்,TAKING"
"பெரிது,GREAT"
"என,SAY"
"எள்ளி,SCORN"
"வந்த,CAME"
"வம்பமள்ளர்,NEW_WARRIORS"
"புல்லென்கண்ணர்,SAD_EYED"
"புறத்திற்,OUTSIDE"
"பெயர,GO"
"ஈண்டு,ABUNDANT"
"அவர்,THEIR"
"அடுதலும்,KILLING"
"ஒல்லான்,NOT_POSSIBLE"
"ஆண்டு,THERE"
"அவர்,THEIR"
"மாண்இழை,EXCELLENT_JEWEL"
"மகளிர்,WOMEN"
"நாணினர்,ASHAMED"
"கழிய,PASS"
"தந்தை,FATHER"
"தம்மூர்,THEIR_VILLAGE"
"ஆங்கண்,THERE"
"தெண்கிணை,CLEAR_KINAI_DRUM"
"கறங்க,RESOUND"
"சென்று,GOING"
"ஆண்டு,THERE"
"அட்டனனே,KILLED"
"பகலோ,DAY"
"சிறிது,SMALL"
"மூதூர்,OLD_CITY"
"வாயில்,DOOR"
"பனிக்,DEW"
"கயம்,TANK"
"மண்ணி,SOIL"
"மன்றவேம்பின்,COMMON_NEEM"
"ஒண்குழை,BRIGHT_EARRING"
"மிலைந்து,WORE"
"தெண்கிணை,CLEAR_KINAI_DRUM"
"முன்னர்,FRONT"
"களிற்றின்,ELEPHANT"
"இயலி,WALKING"
"வெம்போர்ச்,FIERCE_WAR"
"செழியனும்,CHEZHIYAN"
"வந்தனன்,CAME"
"எதிர்ந்த,OPPOSED"
"வம்பமள்ளரோ,NEW_WARRIORS"
"பலரே,MANY"
"எஞ்சுவர்கொல்லோ,WILL_THEY_REMAIN"
"சாத்தந்தையார்,POET"
"போர்வைக்கோப்,PORVAIKO"
"பெருநற்கிள்ளி,PERUNARKILLI"
"எருமைமறம்,BUFFALO_VALOUR"
"இன்கடுங்கள்,SWEET_FIERCE_KALL"
"ஆமூர்,AMUR"
"ஆங்கண்,THERE"
"மைந்துடைமல்லன்,STRONG_WRESTLER"
"மதவலி,STRENGTH"
"முருக்கி,DESTROY"
"ஒருகால்,ONE_TIME"
"மார்பொதுங்கின்றே,CHEST_SHRINK"
"ஒருகால்,ONE_TIME"
"வருதார்,COMING_GARLAND"
"தாங்கி,SUPPORT"
"பின்னெதுங்கின்றே,BACK_SHRINK"
"நல்கினும்,EVEN_IF_GIVE"
"நல்கான்ஆயினும்,EVEN_IF_NOT_GIVE"
"வெல்போர்ப்,VICTORIOUS_WAR"
"போரருந்தித்தன்,BATTLE_DIFFICULT_TITHAN"
"காண்கதில்அம்ம,SEE"
"பசித்து,HUNGRY"
"பணைமுயலும்,DRUM_TRY"
"யானைபோல,LIKE_ELEPHANT"
"இருதலை,TWO_HEADS"
"ஒசிய,BREAK"
"எற்றி,PRESS"
"களம்புகும்,ENTER_BATTLEFIELD"
"மல்லன்,WRESTLER"
"கடந்தடுநிலையே,CONQUERING_STATE"
"யார்கொல்அளியர்,WHO_PITIFUL"
"ஆர்ப்பெழு,SHOUT_RISE"
"கடலினும்,THAN_SEA"
"பெரிது,GREAT"
"அவன்களிறே,HIS_ELEPHANT"
"கார்ப்பெயல்,RAINY_SEASON_RAIN"
"உருமின்,THUNDER"
"முழங்கல்,ROAR"
"ஆனாவே,CEASELESS"
"தாமே,THEY"
"ஆர்நார்ச்,GARLAND_THREAD"
"செறியத்,TIGHTLY"
"தொடுத்த,TIED"
"கண்ணி,GARLAND"
"கவிகை,UMBRELLA"
"மள்ளன்,WARRIOR"
"கைப்பட்டோரே,THOSE_CAUGHT"
"ஊசி,NEEDLE"
"வேகமும்,SPEED"
"போர்வேகமும்,WAR_SPEED"
"சாறுதலைக்கொண்டென,ANNOUNCE_HEAD_TAKEN"
"பெண்ணீற்றுற்றென,FEMALE_STRENGTH"
"பட்ட,OBTAINED"
"மாரி,RAIN"
"ஞான்ற,ABUNDANT"
"ஞாயிற்று,SUN"
"கட்டில்,BED"
"நிணக்கும்,FAT"
"இழிசினன்,LOW_ONE"
"கையது,HAND_HAVING"
"போழ்தூண்டு,TIME_STIMULATE"
"ஊசியின்,NEEDLE"
"விரைந்தன்று,FAST"
"மாதோ,INDEED"
"ஊர்கொள,VILLAGE_TAKE"
"வந்த,CAME"
"பொருநனொடு,WITH_WARRIOR"
"ஆர்புனை,FAME_ADORN"
"தெரியல்,GARLAND"
"நெடுந்தகை,GREAT_LORD"
"போரே,WAR"
"இருபாற்பட்ட,TWO_SIDED"
"ஊர்,VILLAGE"
"பெருங்கோழி,GREAT_KOLI"
"நாய்கண்மகள்,DOG_EYED_WOMAN"
"நக்கண்ணையார்,NAKKANNAIYAR"
"கைக்கிளை,KAIKKILAI"
"பழிச்சுதல்,PRAISE"
"அடிபுனை,FOOT_ADORN"
"தொடுகழல்,TOUCHING_ANKLET"
"மையணல்,DARK_NECK"
"காளைக்கு,TO_YOUTH"
"என்தொடி,MY_BANGLE"
"கழித்திடுதல்,REMOVE"
"யான்,I"
"யாய்,MOTHER"
"அஞ்சுவலே,FEAR"
"அடுதோள்,KILLING_SHOULDER"
"முயங்கல்,EMBRACE"
"அவை,COURT"
"நாணுவலே,SHAME"
"என்போல்,LIKE_ME"
"பெருவிதுப்புறுக,GREAT_HASTE"
"என்றும்,EVER"
"ஒருபால்,ONE_SIDE"
"படாஅது,NOT_FALL"
"ஆகி,BEING"
"இருபாற்பட்ட,TWO_SIDED"
"இம்மையல்ஊரே,THIS_CONFUSED_VILLAGE"
"புற்கையும்,PITTED_FIELD"
"பெருந்தோளும்,GREAT_SHOULDER"
"என்ஜ,MY"
"புற்கை,PITTED_FIELD"
"உண்டும்,ATE"
"பெருந்தோளன்னே,GREAT_SHOULDER_LIKE"
"யாமே,WE"
"புறஞ்சிறை,OUTSIDE_WING"
"இருந்தும்,SITTING"
"பொன்னன்நம்மே,GOLD_LIKE_US"
"போரெதிர்ந்து,WAR_OPPOSING"
"என்ஜ,MY"
"போர்க்களம்,BATTLEFIELD"
"புகினே,IF_ENTER"
"கல்லென்,NOISY"
"பேரூர்,GREAT_VILLAGE"
"விழவுடை,FESTIVAL_HAVING"
"ஆங்கண்,THERE"
"ஏமுற்று,HAPPY"
"கழிந்த,PASSED"
"மள்ளர்க்கு,TO_WARRIORS"
"உமணர்,SALT_MERCHANTS"
"வெரூஉம்,FEAR"
"துறையன்னே,GHAT_LIKE"
"யான்கண்டனன்,I_SAW"
"அவன்ஆடுகுதலே,HIS_PLAY"
"கல்லளை,STONE_CAVE"
"போல,LIKE"
"வயிறு,STOMACH"
"காவற்பெண்டு,GUARD_WOMAN"
"காதற்பெண்டு,LOVING_WOMAN"
"ஏறாண்முல்லை,ERAN_MULLAI"
"சிற்றில்,SMALL_HOUSE"
"நற்றூண்,GOOD_PILLAR"
"பற்றி,HOLDING"
"நின்மகன்,YOUR_SON"
"யாண்டு,WHERE"
"உளனாயினும்,EVEN_IF_EXISTS"
"அறியேн,NOT_KNOW"
"ஓரும்,ONE"
"புலி,TIGER"
"சேர்ந்து,JOINED"
"போகிய,GONE"
"கல்அளை,STONE_CAVE"
"போல,LIKE"
"ஈன்ற,GAVE_BIRTH"
"வயிறோ,STOMACH"
"இதுவே,THIS"
"தோன்றுவன்,APPEAR"
"மாதோ,INDEED"
"போர்க்களத்தானே,IN_BATTLEFIELD"
"ஔவையார்,AUVAIYAR"
"அதியமான்,ATHIYAMAN"
"நெடுமானஞ்சி,NEDUMANANJI"
"தானைமறம்,ARMY_VALOUR"
"களம்புகல்,ENTERING_BATTLEFIELD"
"ஓம்புமின்,AVOID"
"தெவ்விர்,ENEMIES"
"போர்எதிர்ந்து,WAR_OPPOSING"
"எம்முளும்,AMONG_US"
"உளன்,EXISTS"
"ஒருபொருநன்,ONE_WARRIOR"
"வைகல்,DAY"
"எண்தேர்,CHARIOT_COUNT"
"செய்யும்,MAKES"
"தச்சன்,CARPENTER"
"திங்கள்,MONTH"
"வலித்த,STRENGTHENED"
"காலன்னோனே,LEG_LIKE"
"எவருஞ்சொல்லாதீர்,NO_ONE_SAY"
"யாவிர்,WHO"
"அயினும்,EVEN_IF"
"கூழை,HAIR"
"தார்,GARLAND"
"கொண்டு,TAKING"
"யாம்,WE"
"பொருதும்,WILL_FIGHT"
"என்றல்,SAYING"
"ஓம்புமின்,AVOID"
"ஓன்ங்குதிறல்,WEAK_STRENGTH"
"ஓளிறிலங்கு,SHINING"
"நெடுவேல்,LONG_SPEAR"
"மழவர்,HUNTERS"
"பெருமகன்,GREAT_SON"
"கதிர்விடு,RAY_RELEASE"
"நுண்பூண்,FINE_ORNAMENT"
"அம்பகட்டு,ARROW_STRIP"
"மார்பின்,CHEST"
"விழ்வுத்தோள்,FALLING_SHOULDER"
"என்னையை,MY_FATHER"
"காணா,NOT_SEEING"
"ஊங்கே,BEFORE"
"என்னையும்,MY_FATHER"
"உளனே,EXISTS"
"இழையணிப்,JEWEL_ADORN"
"பொலிந்த,SHINE"
"ஏந்துகோட்டு,HIGH_TUSK"
"அல்குல்,WAIST"
"மடவரல்,SOFT"
"உண்கண்,PAINTED_EYE"
"வாள்நுதல்,SWORD_FOREHEAD"
"விறலி,DANCER"
"பொருநரும்,WARRIORS"
"உளரோ,EXIST"
"நும்அகன்றலை,YOUR_WIDE_HEAD"
"நாட்டு,COUNTRY"
"என,SAY"
"வினவல்ஆனாப்,ASKING_CEASELESS"
"பொருபடை,WAR_ARMY"
"வேந்தே,KING"
"எறிகோல்,THROWING_STICK"
"அஞ்சா,NOT_FEARING"
"அரவின்,SNAKE"
"அன்ன,LIKE"
"சிறுவன்,SMALL_CHILD"
"மள்ளரும்,WARRIORS"
"உளரே,EXIST"
"அதாஅன்று,NOT_THAT"
"பொதுவில்,COMMON_PLACE"
"தூங்கும்,WAVES"
"விசியுறு,SOUNDING"
"தண்ணுமை,DRUM"
"வளிபொரு,WIND_FIGHT"
"தெண்கண்,CLEAR_EYE"
"கேட்பின்,IF_HEAR"
"அது,THAT"
"போர்,WAR"
"என்னும்,SAY"
"என்னையும்,MY_FATHER"
"உளனே,EXISTS"
"புலியும்,TIGER"
"மானினமும்,DEER_HERD"
"உடைவளை,BROKEN_BANGLE"
"கடுப்ப,MUCH"
"மலர்ந்த,BLOOMED"
"காந்தள்,KANTHAL"
"அடைமல்கு,ABUNDANT"
"குளவியொடு,WITH_KULAVI"
"கமழும்,FRAGRANT"
"சாரல்,SLOPE"
"மறப்புலி,FIERCE_TIGER"
"உடலின்,FIGHT"
"மான்கணம்,DEER_HERD"
"உளவோ,EXIST"
"மருளின,CONFUSED"
"விசும்பின்,SKY"
"மாதிரத்து,DIRECTION"
"ஈண்டிய,GATHERED"
"இருளும்,DARKNESS"
"உண்டோ,EXIST"
"ஞாயிறு,SUN"
"சினவின்,IF_ANGRY"
"அச்சொடு,WITH_FEAR"
"தாக்கி,ATTACK"
"பாருற்று,EARTH_TOUCH"
"இயங்கிய,MOVED"
"பண்டச்சாகாட்டு,GOODS_CART"
"ஆழ்ச்சி,DEPTH"
"சொல்லிய,SAID"
"விரிமணல்,SPREAD_SAND"
"ஞெமர,DRY"
"கல்பக,STONE_SPLIT"
"நடக்கும்,WALKS"
"பெருமிதப்,PRIDE"
"பகட்டுக்கு,TO_BULL"
"துறையும்,GHAT"
"உண்டோ,EXIST"
"எழுமரம்,SEVEN_TREES"
"கடுக்கும்,LIKE"
"தாள்தோய்,LEG_TOUCH"
"தடக்கை,LARGE_HAND"
"வழுவில்,FLAWLESS"
"வன்கை,STRONG_HAND"
"மழவர்,HUNTERS"
"பெரும,LORD"
"இருநிலமண்,GREAT_EARTH"
"கொண்டு,TAKING"
"சிலைக்கும்,FIGHT"
"பொருநரும்,WARRIORS"
"உளரோ,EXIST"
"நீ,YOU"
"களம்,BATTLEFIELD"
"புகினே,IF_ENTER"
"எமக்கு,TO_US"
"ஈத்தனையே,GAVE"
"வலம்படு,VICTORIOUS"
"வாய்வாள்,TRUTHFUL_SWORD"
"ஏந்தி,HOLDING"
"ஒன்னார்,ENEMIES"
"களம்பட,BATTLEFIELD_FALL"
"கடந்த,CROSSED"
"கழல்தொடி,ANKLET_BANGLE"
"தடக்கை,LARGE_HAND"
"ஆர்கலி,ABUNDANT"
"நறவின்,SWEET_DRINK"
"அதியர்,ATHIYAR"
"கோமான்,KING"
"போர்அடு,WAR_KILL"
"திருவின்,WEALTH"
"பொலந்தார்,GOLD_GARLAND"
"அஞ்சி,ANJI"
"பால்புரை,MILK_LIKE"
"பிறைநுதல்,CRESCENT_FOREHEAD"
"பொலிந்த,ADORNED"
"சென்னி,HEAD"
"நீல,BLUE"
"மணிமிடற்று,GEM_NECKED"
"ஒருவன்போல,LIKE_ONE"
"மன்னுக,REIGN"
"பெரும,LORD"
"நீயே,YOU"
"தொன்னிலைப்,ANCIENT_STATE"
"பெருமலை,GREAT_MOUNTAIN"
"விடரகத்து,CAVE"
"அருமிசை,RARELY"
"கொண்ட,TOOK"
"சிறியிலை,SMALL_LEAF"
"நெல்லித்,NELLI"
"தீங்கனி,SWEET_FRUIT"
"குறியாது,NOT_AIMING"
"ஆதல்,BEING"
"நின்னகத்து,YOUR_INSIDE"
"அடக்கி,CONTROL"
"சாதல்,DEATH"
"நீங்க,REMOVE"
"எமக்கு,TO_US"
"ஈத்தனையே,GAVE"
"மழலையும்,BABBLING"
"பெருமையும்,GREATNESS"
"யாழொடும்,WITH_YAAZH"
"கொள்ளா,NOT_TAKE"
"பொழுதொடும்,WITH_TIME"
"புணரா,NOT_JOIN"
"பொருள்,WEALTH"
"அறிவாரா,NOT_KNOWING"
"ஆயினும்,EVEN_IF"
"தந்தையர்க்கு,TO_FATHERS"
"அருள்வந்தனவால்,GRACE_CAME"
"புதல்வர்தம்,SONS"
"மழலை,BABBLING"
"என்வாய்ச்,MY_MOUTH"
"சொல்லும்,WORD"
"அன்ன,LIKE"
"ஒன்னார்,ENEMIES"
"கடிமதில்,GUARDED_WALL"
"அரண்பல,MANY_FORTS"
"கடந்து,CROSS"
"நெடுமானஞ்சி,NEDUMANANJI"
"நீ,YOU"
"அருளல்,GRACE"
"மாறே,OPPOSITE"
"பெருந்தகை,GREAT_LORD"
"புண்பட்டாய்,WOUNDED"
"திண்பிணி,STRONG_BINDING"
"முரசம்,DRUM"
"இழுமென,SOUNDING"
"முழங்க,RESOUND"
"சென்று,GOING"
"அமர்க்கடத்தல்,BATTLE_CROSS"
"யாவது,WHAT"
"வந்தோர்,THOSE_CAME"
"தார்,GARLAND"
"தாங்குதலும்,SUPPORT"
"ஆற்றார்,UNABLE"
"வெடிபட்ட,BURST"
"ஓடல்,RUNNING"
"மரீஇய,ACCEPTED"
"பீடுஇல்,MAJESTY_NOT"
"மன்னர்,KINGS"
"நோய்ப்பால்,SICKNESS_SIDE"
"விளிந்த,DIED"
"யாக்கை,BODY"
"தழீஇ,EMBRACE"
"காதல்,LOVE"
"மறந்து,FORGET"
"அவர்தீதுமருங்கறுமார்,THEIR_EVIL_WAYS"
"அறம்புரி,RIGHTEOUSNESS_DOING"
"கொள்கை,PRINCIPLE"
"நான்மறை,FOUR_VEDAS"
"முதல்வர்,ELDERS"
"திறம்புரி,WAY_DOING"
"பசும்புல்,GREEN_GRASS"
"பரப்பினர்,SPREAD"
"கிடப்பி,LAY"
"மறம்,VALOUR"
"கந்து,PILLAR"
"ஆக,BEING"
"நல்லமர்,GOOD_BATTLE"
"வீழ்ந்த,FELL"
"நீழ்கழல்,SHADE_ANKLET"
"மறவர்,WARRIORS"
"செல்லுழிச்,WHEN_GOING"
"செல்க,GO"
"என,SAY"
"வாள்போழ்ந்து,SWORD_CUT"
"அடக்கலும்,BURYING"
"உய்ந்தனர்,SURVIVED"
"மாதோ,INDEED"
"வரிஞிமிறு,STRIPED_BEES"
"ஆர்க்கும்,BUZZ"
"வாய்புகு,MOUTH_ENTER"
"கடாஅத்து,MUSTH"
"அண்ணல்,LORD"
"யானை,ELEPHANT"
"அடுகளத்து,BATTLEFIELD"
"ஒழிய,LEFT"
"அருஞ்சமம்,DIFFICULT_BATTLE"
"ததைய,BEATEN"
"நூறி,GRIND"
"நீ,YOU"
"பெருந்தகை,GREAT_LORD"
"விழுப்புண்,GOOD_WOUND"
"பட்டமாறே,OBTAINED_WAY"
"சிறுபிள்ளை,SMALL_CHILD"
"பெருங்களிறு,GREAT_ELEPHANT"
"ஊர்க்குறுமாக்கள்,VILLAGE_SHORT_PEOPLE"
"வெண்கோடு,WHITE_TUSK"
"கழாஅலின்,WASH"
"நீர்த்துறை,WATER_GHAT"
"படியும்,STEP"
"பெருங்களிறு,GREAT_ELEPHANT"
"போல,LIKE"
"இனியை,SWEET"
"பெரும,LORD"
"எமக்கே,FOR_US"
"மற்றதன்,ITS_OTHER"
"துன்னருங்,INACCESSIBLE"
"கடாஅமும்,MUSTH"
"போல,LIKE"
"இன்னாய்,PAINFUL"
"பெரும,LORD"
"நின்ஒன்னாதோர்க்கே,YOUR_ENEMIES"
"புதியதும்,NEW"
"உடைந்ததும்,BROKEN"
"வாண்மங்கலம்,SWORD_AUSPICIOUS"
"இவ்வே,THIS"
"பீலி,FEATHER"
"அணிந்து,ADORN"
"மாலை,GARLAND"
"சூட்டி,PLACE"
"கண்திரள்,EYE_BALL"
"நோன்காழ்,STRONG_STALK"
"திருத்தி,CORRECT"
"நெய்,GHEE"
"அணிந்து,APPLY"
"கடியுடை,GUARDED"
"வியன்நகரவ்வே,WIDE_PALACE"
"அவ்வே,THERE"
"பகைவர்க்,ENEMIES"
"குத்தி,PIERCE"
"கோடுநுதி,TUSK_POINT"
"சிதைந்த,BROKEN"
"கொல்துறை,KILLING_GHAT"
"குற்றிலமாதோ,KILLED"
"என்றும்,EVER"
"உண்டாயின்,IF_EXISTS"
"பதம்,FAVOR"
"கொடுத்து,GIVING"
"இல்லாயின்,IF_NOT"
"உடன்,TOGETHER"
"உண்ணும்,EAT"
"இல்லோர்,POOR"
"ஒக்கல்,KIN"
"தலைவன்,LEADER"
"அண்ணல்எம்கோமான்,LORD_OUR_KING"
"வைந்நுதி,SHARP_POINT"
"வேலே,SPEAR"
"அவன்செல்லும்ஊர்,HIS_GOING_VILLAGE"
"அதியமான்மகன்,SON_OF_ATHIYAMAN"
"பொகுட்டெழினி,POKUTTEZHINI"
"அலர்பூந்,FLOWER_BLOOM"
"தும்பை,THUMBA"
"அம்பகட்டு,ARROW_STRIP"
"மார்பின்,CHEST"
"திரண்டு,ROUND"
"நீடு,LONG"
"தடக்கை,LARGE_HAND"
"என்னை,MY_FATHER"
"இளையோற்கு,TO_YOUNGER"
"இரண்டு,TWO"
"எழுந்தனவால்,ROSE"
"பகையே,ENMITY"
"ஒன்றே,ONE"
"பூப்போல்,FLOWER_LIKE"
"உண்கண்,PAINTED_EYE"
"பசந்து,PALE"
"தோள்,SHOULDER"
"நுணுகி,THIN"
"நோக்கிய,LOOKING"
"மகளிர்ப்,WOMEN"
"பிணித்தன்று,TIED"
"ஒன்றே,ONE"
"விழவு,FESTIVAL"
"இன்று,WITHOUT"
"ஆயினும்,EVEN_IF"
"படுபதம்,OBTAINED_FAVOR"
"பிழையாது,NOT_MISTAKING"
"மைஊன்,DARK_FLESH"
"மொசித்த,ATE"
"ஒக்கலொடு,WITH_RELATIVES"
"துறைநீர்,GHAT_WATER"
"கைமான்,HAND_ANIMAL"
"கொள்ளுமோ,TAKE"
"என,SAY"
"உறையுள்,RESIDENCE"
"முனியும்,DISLIKE"
"அவன்செல்லும்ஊரே,HIS_GOING_VILLAGE"
"மூதூர்க்கு,TO_OLD_CITY"
"உரிமை,RIGHT"
"போர்க்கு,TO_WAR"
"உரைஇ,SPEAKING"
"புகன்று,SAY"
"கழித்த,REMOVED"
"வாள்,SWORD"
"உடன்றவர்,ANGRY_PEOPLE"
"காப்புடை,PROTECTED"
"மதில்,WALL"
"அழித்தலின்,DESTROYING"
"ஊனுற,FLESH"
"மூழ்கி,IMMERSE"
"உருவிழந்தனவே,LOST_FORM"
"வேலே,SPEAR"
"குறும்படைந்த,HAMLET_OBTAINED"
"அரண்,FORT"
"கடந்தவர்,THOSE_CROSSED"
"நறுங்கள்ளின்,SWEET_KALL"
"நாடு,COUNTRY"
"நைத்தலின்,DESTROYING"
"சுரை,HOLLOW"
"தழீஇய,EMBRACED"
"இருங்காழொடு,GREAT_STALK"
"மடை,SLUICE"
"கலங்கி,CONFUSED"
"நிலைதிரிந்தனவே,POSITION_CHANGED"
"களிறே,ELEPHANT"
"எழூஉ,RISE"
"தாங்கிய,SUPPORTED"
"கதவம்,GATE"
"மலைத்து,OPPOSED"
"அவர்,THEIR"
"குழூஉக்களிற்று,GROUP_ELEPHANT"
"குறும்பு,HAMLET"
"உடைத்தலின்,BREAKING"
"பரூஉப்பிணிய,LARGE_DISEASE"
"தொடி,BANGLE"
"கழிந்தனவே,LEFT"
"மாவே,HORSE"
"பரந்தொருங்கு,SPREAD_TOGETHER"
"மலைந்த,TIED"
"மறவர்,WARRIORS"
"பொலம்பைந்தார்,GOLD_GREEN_GARLAND"
"கெட,DESTROY"
"பரிதலின்,SPREADING"
"களன்,FIELD"
"உழந்த,SUFFERED"
"அசைஇய,SOUNDED"
"மறுக்குளம்பினவே,OPPOSITE_HOOF"
"அவன்தானும்,HE_ALSO"
"நிலம்,EARTH"
"திரைக்கும்,WAVE"
"கடல்தானை,SEA_ARMY"
"பொலந்தும்பைக்,GOLD_THUMBA"
"கழல்,ANKLET"
"பாண்டில்,BOAT"
"கணைபொருத,ARROW_FOUGHT"
"துளைத்தோலன்னே,PIERCED_SKIN_LIKE"
"ஆயிடை,THEN"
"உடன்றோர்,ANGRY_PEOPLE"
"உய்தல்,GOING"
"யாவது,WHAT"
"தடந்தாள்,BIG_LEG"
"பிணிக்கதிர்,BOUND_EAR"
"நெல்லின்,RICE"
"செம்மல்,LORD"
"மூதூர்,OLD_CITY"
"நுமக்கு,TO_YOU"
"உரித்து,RIGHT"
"ஆகல்,BEING"
"வேண்டின்,IF_WANT"
"சென்றவற்கு,TO_THE_ONE_WENT"
"இறுக்கல்,SEIZE"
"வேண்டும்,WANT"
"திறையே,TAX"
"மறிப்பின்,IF_TURN"
"ஒல்வான்,ABLE"
"அல்லன்,NOT"
"வெல்போரான்,VICTORIOUS_WAR"
"என,SAY"
"சொல்லவும்,SAYING"
"தேறீராயின்,IF_NOT_BELIEVE"
"மெல்லியல்,SOFT_NATURE"
"கழற்கனி,ANKLET_FRUIT"
"வகுத்த,ARRANGED"
"துணைச்சில்ஓதிக்,HELPER_FEW_HAIR"
"குறுந்தொடி,SHORT_BANGLE"
"மகளிர்,WOMEN"
"தோள்விடல்,LEAVE_SHOULDER"
"இறும்பூதன்று,WONDER_NOT"
"அது,THAT"
"அறிந்து,KNOWING"
"ஆடுமினே,PLAY"
"வளநாடு,RICH_LAND"
"கெடுவதோ,WILL_IT_PERISH"
"முனைத்தெவ்வர்,BATTLE_ENEMIES"
"முரண்,CONFLICT"
"அவிய,DESTROY"
"பொர்க்குறுகிய,WAR_APPROACHED"
"நுதி,POINT"
"மருப்பின்,WITH_TUSK"
"நின்,YOUR"
"இனக்களிறு,HERD_ELEPHANT"
"செல,GO"
"கண்டவர்,THOSE_WHO_SAW"
"மதிற்கதவம்,WALL_GATE"
"எழுச்செல்லவும்,RISE_GO"
"பிணன்,DEAD_BODY"
"அழுங்க,CONFUSED"
"களன்,FIELD"
"உழக்கி,STRUGGLE"
"செலவு,GOING"
"அசைஇய,SOUNDED"
"மறுக்குளம்பின்,OPPOSITE_HOOF"
"இனநன்மாச்,HERD_GOOD_HORSE"
"செய,DO"
"கண்டவர்,THOSE_WHO_SAW"
"கவைமுள்ளின்,FORKED_THORN"
"புழை,HOLE"
"அடைப்பவும்,BLOCK"
"மார்புற,CHEST_TOUCH"
"சேர்ந்து,JOINING"
"ஒல்காது,NOT_FALL"
"தோல்செறிப்பில்,SHIELD_CLOSE"
"நின்வேல்,YOUR_SPEAR"
"கண்டவர்,THOSE_WHO_SAW"
"தோள்,SHOULDER"
"கழியொடு,WITH_GOAD"
"பிடி,FEMALE_ELEPHANT"
"செறிப்பவும்,BIND"
"வாள்வாய்த்த,SWORD_JOINED"
"வடுப்பரந்த,SCAR_SPREAD"
"நின்,YOUR"
"மறமைந்தர்,VALIANT_SONS"
"மைந்து,STRENGTH"
"கண்டவர்,THOSE_WHO_SAW"
"புண்படு,WOUNDED"
"குருதி,BLOOD"
"அம்பு,ARROW"
"ஒடுக்கவும்,HIDE"
"நீயே,YOU"
"ஐயவி,MUSTARD"
"புகைப்பவும்,SMOKE"
"தாங்காது,NOT_ENDURE"
"ஒய்யென,QUICKLY"
"உறுமுறை,PROPER_WAY"
"மரபின்,CUSTOM"
"புறம்,BACK"
"நின்று,STAND"
"உய்க்கும்,CARRY"
"சுற்றத்து,RELATIVES"
"அனையை,LIKE"
"ஆகலின்,BECAUSE"
"போற்றார்,ENEMIES"
"இரங்க,GRIEVE"
"விளிவதுகொல்லோ,WILL_PERISH"
"வரம்பணைந்து,LIMIT_REACHING"
"இறங்குகதிர,DESCENDING_RAY"
"அலம்வரு,CONFUSED"
"கழனிப்,FIELD"
"பெரும்புனல்,GREAT_WATER"
"படப்பை,GARDEN"
"அவர்,THEIR"
"அகன்றலைநாடே,WIDE_HEAD_LAND"
"அமரர்ப்,GODS"
"பேணியும்,PROTECT"
"ஆவுதி,SACRIFICE"
"அருத்தியும்,FEED"
"அரும்பெறல்,RARE"
"மரபின்,CUSTOM"
"கரும்பு,SUGARCANE"
"இவண்,HERE"
"தந்தும்,GIVING"
"நீர்அக,WATER_INSIDE"
"இருக்கை,SEAT"
"ஆழி,WHEEL"
"சூட்டிய,PLACED"
"தொன்னிலை,ANCIENT_STATE"
"மரபின்,CUSTOM"
"நின்,YOUR"
"முன்னோர்,ANCESTORS"
"போல,LIKE"
"ஈகைஅம்,CHARITY_BEAUTIFUL"
"கழற்கால்,ANKLET_LEG"
"இரும்பனம்,GREAT_PALM"
"புடையல்,LEAF"
"பூவார்,FLOWER_FILLED"
"காவின்,GROVE"
"புனிற்றுப்,NEW"
"புலால்,FLESH"
"நெடுவேல்,LONG_SPEAR"
"எழுபொறி,SEVEN_SPOTS"
"நாட்டத்து,IN_COUNTRY"
"எழாஅத்,NOT_RISING"
"தாயம்,INHERITANCE"
"வழுவின்று,FLAWLESS"
"எய்தியும்,OBTAINED"
"அமையாய்,NOT_SATISFIED"
"செருவேட்டு,WAR_WANTING"
"இமிழ்குரல்,RESOUNDING_VOICE"
"முரசின்,DRUM"
"எழுவரொடு,WITH_SEVEN"
"முரணி,OPPOSING"
"சென்று,GOING"
"அமர்கடந்து,CROSSED_BATTLE"
"நின்ஆற்றல்,YOUR_ABILITY"
"தோற்றிய,SHOWED"
"அன்றும்,THAT_DAY"
"பாடுநர்க்கு,TO_SINGERS"
"அரியை,RARE"
"இன்றும்,TODAY"
"பரணன்,PARANAN"
"பாடினன்,SANG"
"மற்கொல்,PERHAPS"
"மற்று,THEN"
"நீ,YOU"
"முரண்மிகு,CONFLICT_GREAT"
"கோவலூர்,KOVALUR"
"நூறி,DESTROY"
"நின்,YOUR"
"அரண்அடு,FORT_KILLING"
"திகிரி,WHEEL"
"ஏந்திய,HOLDING"
"தோளே,SHOULDER"
"வட்கர்,ENEMIES"
"போகிய,GONE"
"வளரிளம்,GROWING_YOUNG"
"போந்தை,PALMYRA"
"உச்சிக்,TOP"
"கொண்ட,TOOK"
"ஊசி,NEEDLE"
"வெண்தோட்டு,WHITE_SPROUT"
"சினமும்,ANGER"
"சேயும்,SON"
"அதியமான்,ATHIYAMAN"
"தவமகன்,ASCETIC_SON"
"பிறந்தானை,HIM_BORN"
"கண்டானை,HIM_SEEING"
"கையது,HAND_HAVING"
"வேலே,SPEAR"
"காலன,LEGS"
"புழல்,TRAP"
"மெய்யது,BODY_HAVING"
"வியரே,SWEAT"
"மிடற்றது,NECK_HAVING"
"பசும்புண்,FRESH_WOUND"
"வெட்சி,VETCHI"
"மாமலர்,GREAT_FLOWER"
"வேங்கையொடு,WITH_VENGAI"
"விரைஇ,MIX"
"சுரி,SPIRAL"
"இரும்பித்தை,GREAT_PITTHAI"
"பொலிய,SHINE"
"சூடி,WEAR"
"வரிவயம்,LINE_STRENGTH"
"பொருத,FOUGHT"
"வயக்களிறுபோல,STRONG_ELEPHANT_LIKE"
"இன்னும்,STILL"
"மாறாது,UNCHANGED"
"சினனே,ANGER"
"அன்னோ,ALAS"
"உய்ந்தனர்,SURVIVED"
"அல்லர்,NOT"
"இவண்,HERE"
"உடற்றியோரே,THOSE_WHO_OPPRESSED"
"செறுவர்,ENEMIES"
"நோக்கிய,LOOKED"
"கண்,EYE"
"தன்,OWN"
"சிறுவனை,SON"
"நோக்கியும்,LOOKING"
"சிவப்பு,RED"
"ஆனாவே,NOT_CEASE"
"பலநாளும்,MANY_DAYS"
"தலைநாளும்,FIRST_DAY"
"ஒருநாள்,ONE_DAY"
"செல்லலம்,NOT_GO"
"இருநாள்,TWO_DAYS"
"செல்லலம்,NOT_GO"
"பன்னாள்,MANY_DAYS"
"பயின்று,PRACTICE"
"பலரொடு,WITH_MANY"
"செல்லினும்,EVEN_IF_GO"
"தலைநாள்,FIRST_DAY"
"பொன்ற,WITHOUT"
"இருவிருப்பினன்மாதோ,HE_WANTS"
"அணிபூண்,ORNAMENT"
"அணிந்த,ADORNED"
"யானை,ELEPHANT"
"இயல்தேர்,CHARIOT"
"அதியமான்,ATHIYAMAN"
"பரிசில்,GIFT"
"பெறூஉங்,WHEN_GETTING"
"காலம்,TIME"
"நீட்டினும்,EVEN_IF_DELAY"
"நீட்டாதாயினும்,EVEN_IF_NOT_DELAY"
"யானைதன்,ELEPHANT_ITS"
"கோட்டிடை,TUSK"
"வைத்த,PLACED"
"கவளம்போல,MOUTHFUL_LIKE"
"கையகத்தது,HAND_PLACE"
"அது,THAT"
"பொய்யாகாதே,NOT_FALSE"
"அருந்தே,DIFFICULT"
"மாந்த,MIXED"
"நெஞ்சம்,HEART"
"வருந்த,SUFFER"
"வேண்டா,NO_NEED"
"வாழ்க,LIVE"
"அவன்தாளே,HIS_FEET"
"சேம,SECURITY"
"அச்சு,AXLE"
"அதியமான்நெடுமானஞ்சியின்,OF_ATHIYAMAN_NEDUMANANJI"
"மகன்,SON"
"பொகுட்டெழினி,POKUTTEZHINI"
"எருது,OX"
"இளைய,YOUNG"
"நுகம்,YOKE"
"உணராவே,NOT_KNOW"
"சகடம்,CART"
"பண்டம்,GOODS"
"பெரிது,GREAT"
"பெய்தன்றே,LOADED"
"அவல்,VALLEY"
"இழியினும்,EVEN_IF_DESCEND"
"மிசை,TOP"
"ஏறினும்,EVEN_IF_CLIMB"
"அவணது,THERE"
"அறியுநர்,KNOWERS"
"யார்,WHO"
"என,SAY"
"உமணர்,SALT_MERCHANTS"
"கீழ்மரத்து,BELOW_TREE"
"யாத்த,TIED"
"சேமஅச்சுஅன்ன,SECURITY_AXLE_LIKE"
"இசை,FAME"
"விளங்கு,SHINE"
"கவிகை,UMBRELLA"
"நெடியோய்,TALL_ONE"
"திங்கள்,MOON"
"நாள்நிறை,DAY_FULL"
"மதியத்து,MOON"
"அனையை,LIKE"
"இருள்,DARKNESS"
"யாவணதோ,HOW"
"நின்நிழல்,YOUR_SHADE"
"வாழ்வோர்க்கே,FOR_THOSE_LIVING"
"புரத்தல்,PROTECT"
"வல்லன்,ABLE"
"விறலியாற்றுப்படை,DANCER_GUIDE"
"ஒருதலை,ONE_HEAD"
"பதலை,PADALAI_DRUM"
"தூங்க,WAVE"
"ஒருதலை,ONE_HEAD"
"தூம்பகச்,HOLLOW"
"சிறுமுழாத்,SMALL_DRUM"
"தூங்க,WAVE"
"தூக்கி,LIFTING"
"கவிழ்ந்த,INVERTED"
"மண்டை,POT"
"மலர்க்குநர்,THOSE_FLOWER"
"யார்,WHO"
"என,SAY"
"சுரன்முதல்,JUNGLE_START"
"இருந்த,SAT"
"சில்வளை,FEW_BANGLES"
"விறலி,DANCER"
"செல்வையாயின்,IF_YOU_GO"
"சேணோன்,FAR_ONE"
"அல்லன்,NOT"
"முனைசுட,BATTLE_BURN"
"எழுந்த,ROSE"
"மங்குல்,CLOUD"
"மாப்புகை,GREAT_SMOKE"
"மலை,MOUNTAIN"
"சூழ்,SURROUND"
"மஞ்சின்,CLOUD"
"மழகளிறு,YOUNG_ELEPHANT"
"அணியும்,ADORN"
"பகைப்புலத்தோனே,ENEMY_LAND_ONE"
"பல்வேல்,MANY_SPEAR"
"அஞ்சி,ANJI"
"பொழுது,TIME"
"இடைப்படாஅப்,NOT_INTERMEDIATE"
"புலரா,NOT_DRY"
"மண்டை,POT"
"மெழுகுமெல்,WAX_SOFT"
"அடையிற்,RICE_CAKE"
"கொழுநிணம்,FAT"
"பெருப்ப,INCREASE"
"வறத்தற்காலை,DRY_SEASON"
"யாயினும்,EVEN_IF"
"புரத்தல்,PROTECT"
"வல்லன்,ABLE"
"வாழ்க,LIVE"
"அவன்தாளே,HIS_FEET"
"யானையும்,ELEPHANT"
"முதலையும்,CROCODILE"
"போற்றுமின்,PROTECT"
"மறவீர்,WARRIORS"
"சாற்றுதும்,WE_DECLARE"
"நும்மை,YOU"
"ஊர்க்குறுமாக்கள்,VILLAGE_SHORT_PEOPLE"
"ஆட,DANCE"
"கலங்கும்,CONFUSED"
"தாள்படு,LEG_FALL"
"சின்னீர்,SMALL_WATER"
"களிறு,ELEPHANT"
"அட்டு,KILL"
"வீழ்க்கும்,FALL"
"ஈர்ப்புடை,DRAG_HAVING"
"கராஅத்து,CROCODILE"
"அன்ன,LIKE"
"என்ஐ,MY"
"நுண்பல்,FINE_MANY"
"கருமம்,WORK"
"நினையாது,NOT_THINKING"
"இளையன்,YOUNG"
"என்று,SAY"
"இகழின்,IF_DESPISE"
"பெறல்அரிது,DIFFICULT_TO_GET"
"ஆடே,POSSIBILITY"
"தேனாறும்,HONEY_RIVER"
"கானாறும்,JUNGLE_RIVER"
"கபிலர்,KAPILAR"
"வேள்பாரி,VELPARI"
"சேயிழை,RED_JEWEL"
"பெறுகுவை,WILL_GET"
"வாள்நுதல்,SWORD_FOREHEAD"
"விறலி,DANCER"
"தடவுவாய்க்,MOUTH"
"கலித்த,ABOUND"
"மாஇதழ்க்,GREAT_PETAL"
"குவளை,KUVALAI"
"வண்டுபட,BEES_SETTLE"
"புதுமலர்த்,NEW_FLOWER"
"தண்சிதர்,COOL_SPRAY"
"கலாவ,MIX"
"பெய்யினும்,EVEN_IF_RAIN"
"பெய்யாதாயினும்,EVEN_IF_NOT_RAIN"
"அருவி,WATERFALL"
"கொள்ளுழு,TAKING"
"வியன்புலத்து,WIDE_FIELD"
"உழைகால்,PLOUGH"
"ஆட,BATHE"
"மால்புஉடை,PRIDE_HAVING"
"நெடுவரை,LONG_MOUNTAIN"
"கோடுதொறு,EVERY_PEAK"
"இழிதரும்,FLOW_DOWN"
"நீரினும்,THAN_WATER"
"இனிய,SWEET"
"சாயல்,NATURE"
"பாரிவேள்பால்,PARI_VEL"
"பாடினை,SANG"
"செலினே,IF_GO"
"தெய்வமும்,GOD"
"பாரியும்,PARI"
"நல்லவும்,GOOD"
"தீயவும்,EVIL"
"அல்ல,NOT"
"குவிஇணர்ப்,CLUSTER"
"புல்லிலை,GRASS_LEAF"
"எருக்கம்,ERUKKAM"
"ஆயினும்,EVEN_IF"
"உடையவை,WHAT_HAVE"
"கடவுள்,GOD"
"பேணேம்,NOT_WORSHIP"
"என்னா,NOT_SAYING"
"ஆங்கு,THERE"
"மடவர்,SIMPLE"
"மெல்லியர்,SOFT"
"செல்லினும்,EVEN_IF_GO"
"கடவன்,GOD"
"பாரி,PARI"
"கைவண்மையே,HAND_GENEROSITY"
"மாரியும்,RAIN"
"பாரியும்,PARI"
"பாரிபாரி,PARI_PARI"
"என்றுபல,SAYING_MANY"
"ஏத்தி,PRAISING"
"ஒருவர்ப்,ONE"
"புகழ்வர்,PRAISE"
"செந்நாப்,RED_TONGUE"
"புலவர்,POETS"
"பாரி,PARI"
"ஒருவனும்,ALSO_ONE"
"அல்லன்,NOT"
"மாரியும்,RAIN"
"உண்டு,EXISTS"
"ஈண்டு,HERE"
"உலகு,WORLD"
"புரப்பதுவே,PROTECTING"
"பறம்பும்,PARAMPU"
"பாரியும்,PARI"
"குறத்தி,HUNTER_WOMAN"
"மாட்டிய,PLACED"
"வறற்கடைக்,DRY_END"
"கொள்ளி,FIREBRAND"
"ஆரம்,SANDAL"
"ஆதலின்,BECOMING"
"அம்புகை,BEAUTIFUL_SMOKE"
"அயலது,NEARBY"
"சாரல்,SLOPE"
"வேங்கைப்,VENGAI"
"பூஞ்சினை,FLOWER_BRANCH"
"தவழும்,CRAWL"
"பறம்பு,PARAMPU"
"பாடினர்,SANG"
"அதுவே,THAT"
"அறம்,RIGHTEOUSNESS"
"பூண்டு,TAKING"
"பாரியும்,PARI"
"பரிசிலர்,BARDS"
"இரப்பின்,IF_BEG"
"வாரேன்,I_WILL_NOT_COME"
"என்னான்,NOT_SAY"
"அவர்,THEY"
"வரையன்னே,LIKE_MOUNTAIN"
"மூவேந்தர்,THREE_KINGS"
"முன்,FRONT"
"கபிலர்,KAPILAR"
"நொச்சி,NOCHCHI"
"மகண்மறுத்தல்,DAUGHTER_REFUSING"
"அளிதோ,PITIFUL"
"தானே,ITSELF"
"பாரியது,PARI'S"
"பறம்பே,PARAMPU"
"நளிகொள்,DEEP_HAVING"
"முரசின்,DRUM"
"மூவிரும்,THREE_KINGS"
"முற்றினும்,EVEN_IF_SIEGE"
"உழவர்,FARMERS"
"உழாதன,NOT_PLOUGHED"
"நான்கு,FOUR"
"பயன்,FRUIT"
"உடைத்தே,HAS"
"ஒன்றே,ONE"
"சிறியிலை,SMALL_LEAF"
"வெதிரின்,BAMBOO"
"நெல்,RICE"
"விளையும்மே,GROWS"
"இரண்டே,TWO"
"தீஞ்சுளைப்,SWEET_PULP"
"பலவின்,JACKFRUIT"
"பழம்,FRUIT"
"ஊழ்க்கும்மே,FALLS"
"மூன்றே,THREE"
"கொழுங்கொடி,FAT_CREEPER"
"வள்ளிக்,VALLI"
"கிழங்கு,TUBER"
"ஈழ்க்கும்மே,PULLS_OUT"
"நான்கே,FOUR"
"அணிநிற,BEAUTIFUL_COLOR"
"ஒரி,ORI"
"பாய்தலின்,JUMPING"
"மீது,TOP"
"அழிந்து,DESTROYED"
"திணி,SOLID"
"நெடுங்,LONG"
"குன்றம்,HILL"
"தேன்,HONEY"
"சொரியும்மே,FLOWS"
"வான்,SKY"
"கண்,EYE"
"அற்று,LIKE"
"அதன்மலையே,ITS_MOUNTAIN"
"வானத்து,IN_SKY"
"மீன்,STAR"
"கண்,EYE"
"அற்று,LIKE"
"அதன்சுனையே,ITS_POND"
"ஆங்கு,THERE"
"மரந்தொறும்,EVERY_TREE"
"பிணித்த,TIED"
"களிற்றினிர்,HAVING_ELEPHANTS"
"ஆயினும்,EVEN_IF"
"புலந்தொறும்,EVERY_LAND"
"பரப்பிய,SPREAD"
"தேரினிர்,HAVING_CHARIOTS"
"ஆயினும்,EVEN_IF"
"தாளின்,WITH_FEET"
"கொள்ளலிர்,WILL_NOT_TAKE"
"வாளின்,WITH_SWORD"
"தாரலன்,NOT_GIVE"
"யான்,I"
"அறிகுவென்,WILL_KNOW"
"அது,THAT"
"கொள்ளும்ஆறே,TAKING_WAY"
"சுகிர்புரி,TWISTED"
"நரம்பின்,STRING"
"சீறியாழ்,SMALL_YAAZH"
"பண்ணி,TUNING"
"விரையொலி,SPEED_SOUND"
"கூந்தல்,HAIR"
"நும்விறலியர்,YOUR_DANCERS"
"பின்வர,FOLLOW"
"ஆடினிர்,DANCE"
"பாடினிர்,SING"
"செலினே,IF_GO"
"நாடும்,LAND"
"குன்றும்,HILL"
"ஒருங்கு,TOGETHER"
"ஈயும்மே,WILL_GIVE"
"யாமும்,WE"
"பாரியும்,PARI"
"உளமே,EXIST"
"குன்றும்,HILL"
"உண்டு,EXISTS"
"நீர்,YOU"
"பாடினிர்,SANG"
"செலினே,IF_GO"
"விறலிக்கு,TO_DANCER"
"எளிது,EASY"
"அளிதோ,PITIFUL"
"தானே,ITSELF"
"பேரிருங்குன்றே,GREAT_DARK_HILL"
"வேலின்,THAN_SPEAR"
"வேறல்,VICTORY"
"வேந்தர்க்கோ,FOR_KINGS"
"அரிதே,DIFFICULT"
"நீலத்த,NILA"
"இணைமலர்,PAIRED_FLOWER"
"புரையும்,LIKE"
"உண்கண்,PAINTED_EYE"
"கிணைமகட்கு,TO_KINAI_WOMAN"
"எளிதால்,EASY"
"பாடினள்,SANG"
"வரினே,IF_COME"
"உடையேம்இலமே,WE_DO_NOT_HAVE"
"பாரிமகளிர்,PARI'S_DAUGHTERS"
"அற்றைத்,THAT"
"திங்கள்,MOON"
"அவ்வெண்ணிலவில்,THAT_WHITE_MOONLIGHT"
"எந்தையும்,OUR_FATHER"
"உடையேம்,WE_HAVE"
"எம்குன்றும்,OUR_HILL"
"பிறர்கொளார்,OTHERS_NOT_TAKE"
"இற்றைத்,THIS"
"திங்கள்,MOON"
"இவ்வெண்ணிலவில்,THIS_WHITE_MOONLIGHT"
"வென்றெறி,VICTORIOUS_DRUM"
"முரசின்,DRUM"
"வேந்தர்,KINGS"
"எம்குன்றும்,OUR_HILL"
"கொண்டார்,TOOK"
"யாம்,WE"
"எந்தையும்,FATHER"
"இலமே,DO_NOT_HAVE"
"பறம்பு,PARAMPU"
"கண்டு,SEEING"
"புலம்பல்,LAMENT"
"மட்டு,HONEY"
"வாய்,MOUTH"
"திறப்பவும்,OPEN"
"மைவிடை,DARK_BULL"
"வீழ்ப்பவும்,FALL"
"அட்டு,COOKED"
"ஆன்று,SUFFICIENT"
"ஆனாக்,NOT_BECOME"
"கொழுந்துவை,FAT"
"ஊன்சோறும்,MEAT_RICE"
"பெட்டாங்கு,WANTED"
"ஈயும்,GIVES"
"பெருவளம்,GREAT_WEALTH"
"பழுனி,AGED"
"நட்டனை,FRIEND"
"மன்னோ,INDEED"
"முன்னே,BEFORE"
"இனியே,NOW"
"பாரி,PARI"
"மாய்ந்தென,DIED"
"கலங்கி,CONFUSED"
"கையற்று,HELPLESS"
"நீர்வார்,TEARS_FLOW"
"கண்ணேம்,EYES"
"தொழுது,WORSHIPING"
"நிற்பழிச்சி,PRAISING_YOU"
"சேறும்,WILL_GO"
"வாழியோ,LONG_LIVE"
"பெரும்பெயர்ப்பறம்பே,GREAT_NAME_PARAMPU"
"கோல்திரள்,STICK_BALL"
"முன்கை,FOREARM"
"குறுந்தொடி,SHORT_BANGLE"
"மகளிர்,WOMEN"
"நாறு,SMELL"
"இருங்கூந்தற்,GREAT_HAIR"
"கிழவரை,LORD"
"படர்ந்தே,GOING"
"உயர்ந்தோன்மலை,HIGH_PERSON_MOUNTAIN"
"ஈண்டு,HERE"
"நின்றோர்க்கும்,TO_THOSE_STANDING"
"தோன்றும்,APPEARS"
"சிறுவரை,SMALL_MOUNTAIN"
"சென்று,GOING"
"நின்றோர்க்கும்,TO_THOSE_STANDING"
"தோன்றும்,APPEARS"
"மன்ற,INDEED"
"களிறு,ELEPHANT"
"மென்று,EATING"
"இட்ட,PLACED"
"கவளம்போல,MOUTHFUL_LIKE"
"நறவு,SWEET_DRINK"
"பிழிந்திட்ட,SQUEEZED"
"கோதுடை,GARLAND_HAVING"
"சிதறல்,SPRINKLE"
"வாரசும்பு,WATER_FLOW"
"ஒழுகு,FLOW"
"முன்றில்,COURTYARD"
"தேர்வீசு,CHARIOT_THROW"
"இருக்கை,SEAT"
"நெடியோன்குன்றே,TALL_ONE_HILL"
"அந்தோ,ALAS"
"பெரும,LORD"
"நீயே,YOU"
"ஒருசார்,ONE_SIDE"
"அருவி,WATERFALL"
"ஆர்ப்ப,NOISE"
"ஒருசார்,ONE_SIDE"
"பாணர்,BARDS"
"மண்டை,POT"
"நிறைய,FULL"
"பெய்ம்மார்,WILL_RAIN"
"வாக்க,DRY"
"உக்க,FALLEN"
"தேக்கள்,HONEY_KALL"
"தேறல்,CLEAR_DRINK"
"கல்,STONE"
"அலைத்து,STRIKING"
"ஒழுகும்,FLOWS"
"மன்னே,INDEED"
"பல்வேல்,MANY_SPEAR"
"அண்ணல்,LORD"
"யானை,ELEPHANT"
"வேந்தர்க்கு,TO_KINGS"
"இன்னான்,SUCH_ONE"
"ஆகிய,BECAME"
"இனியோன்குன்றே,SWEET_ONE_HILL"
"குதிரையும்,HORSE"
"உப்புவண்டியும்,SALT_CART"
"தீநீர்ப்,HOT_WATER"
"பெருங்குண்டு,GREAT_PIT"
"சுனைப்,POND"
"பூத்த,BLOOMED"
"குவளைக்,KUVALAI"
"கூம்பவிழ்,BUD_BLOSSOM"
"முழுநெறி,FULL_PATH"
"புரள்வரும்,ROLLING"
"அல்குல்,WAIST"
"ஏந்தெழில்,HIGH_BEAUTY"
"மழைக்கண்,CLOUD_EYE"
"இன்னகை,SWEET_SMILE"
"மகளிர்,WOMEN"
"புன்மூசு,GRASS_COVER"
"கவலைய,ANXIETY"
"முள்ளுடை,THORN_HAVING"
"வேலி,FENCE"
"பஞ்சி,COTTON"
"முன்றில்,COURTYARD"
"சிற்றில்,SMALL_HOUSE"
"ஆங்கண்,THERE"
"பீரை,PEEPAL"
"நாறிய,SMELLING"
"சுரை,CREEPER"
"இவர்,CLIMB"
"மருங்கின்,SIDE"
"ஈத்திலைக்,PALM_LEAF"
"குப்பை,HEAP"
"ஏறி,CLIMBING"
"உமணர்,SALT_MERCHANTS"
"உப்பு,SALT"
"ஓயொழுகை,CONTINUOUS_FLOW"
"எண்ணுபமாதோ,COUNT"
"நோகோயானே,GRIEVE_I"
"தேய்கமாகாலை,MAY_IT_DECREASE"
"பயில்,ABOUND"
"இருஞ்சிலம்பிற்,GREAT_HILL"
"கலை,STAG"
"பாய்ந்து,LEAPING"
"உகளவும்,DANCE"
"கலையும்,STAG"
"கொள்ளாவாக,NOT_TAKING"
"பலவும்,MANY"
"காலம்,SEASON"
"அன்றியும்,NOT_ONLY"
"மரம்பயம்,TREE_FRUIT"
"பகரும்,SPEAK"
"யாணர்,RENEWAL"
"அறாஅ,UNCEASING"
"வியன்மலை,WIDE_MOUNTAIN"
"அற்றே,LIKE"
"அண்ணல்,LORD"
"நெடுவரை,LONG_MOUNTAIN"
"ஏறி,CLIMBING"
"தந்தை,FATHER"
"பெரியநறவின்,GREAT_SWEET_DRINK"
"கூர்வேற்,SHARP_SPEAR"
"பாரியது,PARI'S"
"அருமை,RARITY"
"அறியார்,NOT_KNOWING"
"போர்எதிர்ந்து,WAR_OPPOSING"
"வந்த,CAME"
"வலம்படுதானை,VICTORIOUS_ARMY"
"வேந்தர்,KINGS"
"பொலம்படைக்,GOLD_WEAPON"
"கலிமா,WAR_HORSE"
"எண்ணுவோரே,THOSE_COUNTING"
"தந்தைநாடு,FATHER_LAND"
"மைம்மீன்,DARK_FISH"
"புகையினும்,SMOKE"
"தூமம்,SMOKE"
"தோன்றினும்,APPEAR"
"தென்திசை,SOUTH_DIRECTION"
"மருங்கின்,SIDE"
"வெள்ளி,STAR"
"ஓடினும்,EVEN_IF_RUN"
"வயல்அகம்,FIELD_INSIDE"
"நிறைய,FULL"
"புதற்பூ,FLOWER_BUSH"
"மலர,BLOOM"
"மனைத்தலை,HOME_HEAD"
"மகவை,CHILD"
"ஈன்ற,GAVE_BIRTH"
"அமர்க்கண்,BATTLE_EYE"
"ஆமா,COW"
"நெடுநிறை,LONG_FULL"
"நன்புல்,GOOD_GRASS"
"ஆர,EAT"
"கோஒல்,KINGSHIP"
"செம்மையின்,JUSTICE"
"சான்றோர்,NOBLES"
"பல்கி,ABOUND"
"பெயல்,RAIN"
"பிழைப்பு,FAILURE"
"அறியாப்,NOT_KNOWN"
"புன்புலத்ததுவே,BARREN_FIELD"
"பிள்ளை,CHILD"
"வெருகின்,CAT"
"முள்ளெயிறு,THORN_TOOTH"
"புரைய,LIKE"
"பாசிலை,TENDER_LEAF"
"முல்லை,MULLAI"
"முகைக்கும்,BUD"
"ஆய்தொடி,BEAUTIFUL_BANGLE"
"அரிவையர்,WOMEN"
"தந்தைநாடே,FATHER_LAND"
"சிறுகுளம்,SMALL_TANK"
"உடைந்துபோம்,BREAK_GO"
"அறையும்,BEAT"
"பொறையும்,PATIENCE"
"மணந்த,JOINED"
"தலைய,HEADS"
"எண்நாள்,EIGHT_DAYS"
"திங்கள்,MOON"
"அனைய,LIKE"
"கொடுங்கரை,CURVED_BANK"
"தெண்ணீர்ச்,CLEAR_WATER"
"சிறுகுளம்,SMALL_TANK"
"கீள்வதுமாதோ,ENTER"
"கூர்வேல்,SHARP_SPEAR"
"குவைஇய,GATHERED"
"மொய்ம்பின்,STRENGTH"
"தேர்வண்,CHARIOT_GENEROUS"
"பாரி,PARI"
"தண்பறம்புநாடே,COOL_PARAMPU_LAND"
"வேந்தரிற்,THAN_KINGS"
"சிறந்த,EXCELLENT"
"பாரி,PARI"
"நிழலில்,SHADE"
"நீளிடை,LONG_PATH"
"தனிமரம்போல,ALONE_TREE_LIKE"
"வள்ளன்மை,GENEROSITY"
"கார்ப்பெயல்,RAINY_SEASON_RAIN"
"தலைஇய,STARTED"
"காண்புஇன்,BEAUTIFUL_SIGHT"
"காலைக்,SEASON"
"களிற்றுமுக,ELEPHANT_FACE"
"வரியின்,LINE"
"தெறுழ்வீ,FLOWER"
"பூப்ப,BLOOM"
"செம்புற்று,RED_ANT"
"ஈயலின்,LIKE_FLYING_ANT"
"இன்அளைப்,SWEET_LAIR"
"புளித்து,SOUR"
"மெந்தினை,SOFT_MILLET"
"யாணர்த்து,SEASONAL"
"நந்துங்கொல்லோ,WILL_IT_INCREASE"
"நிழலில்,IN_SHADE"
"நீளிடை,LONG_PATH"
"தனிமரம்போல,ALONE_TREE_LIKE"
"பணைகெழு,DRUM_HAVING"
"வேந்தரை,KINGS"
"இறந்தும்,EXCEEDING"
"இரவலர்க்கு,TO_BEGGARS"
"ஈயும்,GIVES"
"வள்ளியோன்,GENEROUS_ONE"
"நாடே,COUNTRY"
"கம்பலை,NOISE"
"கண்ட,SAW"
"நாடு,COUNTRY"
"வெப்புள்,HEAT"
"விளைந்த,RIPENED"
"வேங்கை,VENGAI"
"செஞ்சுவல்,RED_SLOPE"
"கார்ப்பெயர்,RAIN_NAME"
"கலித்த,ABOUND"
"பெரும்பாட்டு,GREAT_SONG"
"ஈரத்து,MOISTURE"
"பூழி,DUST"
"மயங்க,CONFUSE"
"பலஉழுது,PLOUGHING_MANY"
"வித்தி,SOWING"
"பல்லி,LIZARD"
"ஆடிய,DANCED"
"பல்கிளை,MANY_BRANCH"
"செவ்விக்,BEAUTY"
"களை,WEED"
"கால்,LEG"
"கழாலின்,WITH_STICK"
"தோடு,CLUSTER"
"ஒலிபு,SOUND"
"நந்தி,INCREASE"
"மென்மயில்,SOFT_PEACOCK"
"புனிற்றுப்,NEW"
"பெடை,FEMALE"
"கடுப்ப,LIKE"
"நீடி,EXTEND"
"கருந்தாள்,DARK_STEM"
"போகி,GOING"
"ஒருங்கு,TOGETHER"
"பீள்,FLOWER"
"விரிந்து,SPREAD"
"கீழும்,BELOW"
"மேலும்,ABOVE"
"எஞ்சாமை,NOT_LACKING"
"பலகாய்த்து,MANY_FRUITED"
"வாலிதின்,QUICKLY"
"விளைந்த,RIPENED"
"புதுவரகு,NEW_VARAGU"
"அரிய,DIFFICULT"
"தினை,MILLET"
"கொய்ய,PICK"
"கவ்வை,CRY"
"கறுப்ப,BLACK"
"அவரை,AVARAI"
"கொழுங்கொடி,FAT_CREEPER"
"விளர்க்காய்,UNRIPE_FRUIT"
"கோட்பதம்ஆக,WHEN_READY"
"நிலம்புதைப்,EARTH_BURY"
"பழுனிய,AGED"
"மட்டின்,HONEY"
"தேறல்,CLEAR_DRINK"
"புல்வேய்க்,GRASS_THATCHED"
"குரம்பை,HUT"
"குடிதொறும்,EVERY_FAMILY"
"பகர்ந்து,GIVING"
"நறுநெய்க்,SWEET_GHEE"
"கடலை,SIDE_DISH"
"விசைப்ப,PRESS"
"சோறு,RICE"
"அட்டு,COOK"
"பெருந்தோல்,GREAT_SHOULDER"
"தாலம்,PALANQUIN"
"பூசல்,NOISE"
"மேவர,ACCEPT"
"வருந்தா,NOT_SUFFERING"
"யாணர்த்து,SEASONAL"
"நந்துங்கொல்லோ,WILL_IT_INCREASE"
"இரும்பல்கூந்தல்,GREAT_HAIR"
"மடந்தையர்,MAIDENS"
"தந்தை,FATHER"
"ஆடுகழை,DANCING_BAMBOO"
"நரலும்,SOUND"
"சேட்சிமை,HIGH_PEAK"
"புலவர்,POETS"
"பாடியானாப்,NOT_SINGING"
"பண்பிற்,CHARACTER"
"பகைவர்,ENEMIES"
"ஓடுகழல்,RUNNING_ANKLET"
"கம்பலை,NOISE"
"கண்ட,SAW"
"செருவெஞ்சேஎய்,WAR_HOT_SON"
"பெருவிறல்நாடே,GREAT_VICTORY_LAND"
"புலவரும்,POETS"
"பொதுநோக்கமும்,COMMON_VIEW"
"மலையமான்,MALAYAMAN"
"திருமுடிக்காரி,THIRUMUDIKKARI"
"ஒருதிசை,ONE_DIRECTION"
"ஒருவனை,ONE"
"உள்ளி,THINKING"
"நாற்றிசை,FOUR_DIRECTIONS"
"பலரும்,MANY"
"வருவர்,WILL_COME"
"பரிசில்மாக்கள்,BARDS"
"வரிசை,RANK"
"அறிதலோ,KNOWING"
"அரிதே,DIFFICULT"
"பெரிதும்,GREATLY"
"ஈதல்,GIVING"
"எளிதே,EASY"
"மாவண்தோன்றல்,GREAT_GENEROUS_LORD"
"அது,THAT"
"நற்கு,WELL"
"அறிந்தனையாயின்,IF_YOU_KNOW"
"பொதுநோக்கு,COMMON_VIEW"
"ஒழிமதி,AVOID"
"புலவர்மாட்டே,AMONG_POETS"
"பெருமிதம்,PRIDE"
"ஏனோ,WHY"
"கடல்,SEA"
"கொளப்படாஅது,NOT_TAKEN"
"உடலுநர்,FIGHTERS"
"ஊக்கார்,NOT_TRY"
"கழல்புனை,ANKLET_ADORN"
"திருந்தடி,PERFECT_FOOT"
"காரி,KARI"
"நின்நாடே,YOUR_LAND"
"அழல்,FIRE"
"புறம்,BACK"
"தரூஉம்,GIVES"
"அந்தணர்,PRIESTS"
"அதுவே,THAT"
"வீயாத்,IMPERISHABLE"
"திருவின்,WEALTH"
"விறல்கெழு,VICTORY_HAVING"
"தானை,ARMY"
"மூவருள்,AMONG_THREE"
"ஒருவன்,ONE"
"துப்பாகியர்,WILL_BE_STRONG"
"என,SAY"
"ஏத்தினர்,PRAISED"
"தரூஉங்,GIVE"
"கூழே,FOOD"
"நும்குடி,YOUR_FAMILY"
"வாழ்த்தினர்,PRAISED"
"வரூஉம்,COME"
"இரவலர்,BEGGARS"
"அதுவே,THAT"
"வடமீன்,NORTH_STAR"
"புரையும்,LIKE"
"கற்பின்,CHASTITY"
"மடமொழி,SOFT_SPEECH"
"அரிவை,WOMAN"
"தோள்அளவு,SHOULDER_MEASURE"
"அல்லதை,EXCEPT"
"நினதுஎன,YOURS_SAYING"
"இலை,NO"
"நீ,YOU"
"பெருமிதத்தையே,PRIDE"
"மயக்கமும்,CONFUSION"
"இயற்கையும்,NATURE"
"நாட்கள்,DAYS"
"உண்டு,EAT"
"நாள்மகிழ்,DAY_JOY"
"மகிழின்,IF_JOY"
"யார்க்கும்,TO_ALL"
"எளிதே,EASY"
"தேரீதல்லே,CHARIOT_GIVING_NOT"
"தொலையா,IMPERISHABLE"
"நல்லிசை,GOOD_FAME"
"விளங்கு,SHINE"
"மலயன்,MALAYAN"
"மகிழாது,NOT_JOYING"
"ஈத்த,GAVE"
"இழையணி,JEWEL_ORNAMENT"
"நெடுந்தேர்,LONG_CHARIOT"
"பயன்கிழுமுள்ளூர்,BENEFIT_OWNING_VILLAGE"
"மீமிசை,TOP"
"பட்ட,OBTAINED"
"மாரி,RAIN"
"உறையினும்,THAN_RAIN"
"பலவே,MANY"
"வறிது,EMPTY"
"திரும்பார்,WILL_NOT_RETURN"
"நாளன்று,NOT_DAY"
"போடி,BODI"
"புள்ளிடை,BIRD"
"தட்ப,OBSTRUCT"
"பதனன்று,NOT_PLACE"
"புக்கு,ENTERING"
"திறனன்று,NOT_WAY"
"மொழியினும்,EVEN_IF_SPEAK"
"வறிது,EMPTY"
"பெயர்குநர்,RETURNERS"
"அல்லர்,NOT"
"நெறிகொள,PATH_TAKE"
"பாடுஆன்று,SONG_COMPLETE"
"இரங்கும்,RESOUND"
"அருவிப்,WATERFALL"
"பீடுகெழு,MAJESTIC"
"மலையற்,MOUNTAIN"
"பாடியோரே,THOSE_SANG"
"புகழால்,FAME"
"ஒருவன்,ONE"
"வடமவண்ணக்கண்,VADAMAVANNAKKAN"
"பெருஞ்சாத்தனார்,PERUNCHATHANAR"
"தேர்வண்மலையன்,CHARIOT_GENEROUS_MALAYAN"
"சேரமான்,CHERA_KING"
"மாந்தரஞ்சேரல்,MANDARANCHERAL"
"இரும்பொறையும்,IRUMPORAI"
"சோழன்,CHOLA"
"இராசசூயம்வேட்ட,RAJASUYA_WANTED"
"பெருநற்கிள்ளியும்,PERUNARKILLI"
"பொருதவழிச்,WHEN_FOUGHT"
"சோழற்கு,TO_CHOLA"
"துப்பாகிய,STRENGTH_BECAME"
"மலையனை,MALAYAN"
"பாடியது,SANG"
"பேரிசாத்தனார்பாட்டு,PERISATHANAR_SONG"
"பருத்திப்,COTTON"
"பெண்டின்,WOMAN"
"பனுவல்,TEXTILE"
"அன்ன,LIKE"
"நெருப்புச்,FIRE"
"சினந்தணிந்த,ANGER_SUBSIDED"
"நிணம்,FAT"
"தயங்கு,SHAKE"
"கொழுங்குறை,FAT_PIECE"
"பரூஉக்கண்,LARGE_EYE"
"மண்டை,POT"
"யொடு,WITH"
"ஊழ்மாறு,ORDER_CHANGE"
"பெயர,CHANGE"
"உண்கும்,EAT"
"எந்தை,FATHER"
"நிற்,YOU"
"காண்குவந்திசினே,CAME_TO_SEE"
"நள்ளாதார்,ENEMIES"
"மிடல்,STRENGTH"
"சாய்ந்த,DECLINED"
"வல்லாள,SKILLED_ONE"
"நின்,YOUR"
"மகிழிருக்கையே,JOYFUL_SEAT"
"உழுத,PLOUGHED"
"நோன்பகடு,STRONG_BULL"
"அழிதின்றாங்கு,PERISH_LIKE"
"நல்லமிழ்து,GOOD_NECTAR"
"ஆக,BE"
"நீ,YOU"
"நயந்துண்ணும்,LOVE_EAT"
"நறவே,SWEET_DRINK"
"குன்றத்தன்ன,HILL_LIKE"
"களிறு,ELEPHANT"
"பெயர,GO"
"கடந்தட்டு,CONQUERED"
"வென்றோனும்,VICTOR"
"நிற்கூறும்மே,SPEAK_OF_YOU"
"வெலீஇயோன்,VICTOR"
"இவன்,THIS"
"என,SAY"
"கழலணிப்,ANKLET_ADORN"
"பொலிந்த,ADORNED"
"சேவடி,RED_FOOT"
"நிலம்,EARTH"
"கவர்பு,TAKE"
"விரைந்து,QUICKLY"
"வந்து,COME"
"சமந்,BATTLEFIELD"
"தாங்கிய,SUPPORTED"
"வல்வேல்,STRONG_SPEAR"
"மலையன்,MALAYAN"
"அல்லன்ஆயின்,IF_NOT"
"நல்லமர்,GOOD_BATTLE"
"கடத்தல்,CROSSING"
"எளிதுமன்,EASY"
"நமக்கு,FOR_US"
"என,SAY"
"தோற்றோன்,DEFEATED"
"தானும்,HE_ALSO"
"நிற்கூறும்மே,SPEAK_OF_YOU"
"தொலைஇயோன்,DESTROYED"
"அவன்,HE"
"என,SAY"
"ஒருநீ,ONE_YOU"
"ஆயினை,BECAME"
"பெரும,LORD"
"பெருமழைக்கு,TO_GREAT_RAIN"
"இருக்கை,SEAT"
"சான்ற,EMINENT"
"உயர்மலைத்,HIGH_MOUNTAIN"
"திருத்தகு,GLORIOUS"
"சேஎய்,SON"
"நிற்,YOU"
"பெற்றிசினோர்க்கே,TO_THOSE_WHO_GOT"
"கபிலனும்,KAPILAN"
"யாமும்,WE"
"மாறோக்கத்து,MAROKKATHU"
"நப்பசலையார்,NAPPASALAIYAR"
"பரிசில்,GIFT"
"ஒன்னார்,ENEMIES"
"யானை,ELEPHANT"
"ஓடைப்,WATER"
"பொன்,GOLD"
"கொண்டு,TAKING"
"பாணர்,BARDS"
"சென்னி,HEAD"
"பொலிய,SHINE"
"தைஇ,MADE"
"வாடாத்,UNFADING"
"தாமரை,LOTUS"
"சூட்டிய,PLACED"
"விழுச்சீர்,GREAT_FAME"
"ஓடாப்,NOT_RUNNING"
"பூட்கை,NATURE"
"உரவோன்,STRONG_ONE"
"மருக,OFFSPRING"
"வல்லேம்,NOT_ABLE"
"ஆயினும்,EVEN_IF"
"வல்லே,QUICKLY"
"நின்வயிற்,YOUR_PLACE"
"கிளக்குவம்ஆயின்,IF_WE_SPEAK"
"கங்குல்,NIGHT"
"துயில்மடிந்தன்ன,SLEEP_LIKE"
"தூங்கிருள்,HANGING_DARKNESS"
"இறும்பின்,FOREST"
"பறைஇசை,DRUM_SOUND"
"அருவி,WATERFALL"
"முள்ளூர்ப்,MULLUR"
"பொருநர்,WARRIORS"
"தெறலருமரபின்,DESTROY_DIFFICULT_NATURE"
"நின்கிளையொடும்,WITH_YOUR_RELATIVES"
"பொலிய,SHINE"
"நிலமிசை,ON_EARTH"
"பரந்த,SPREAD"
"மக்கட்டு,PEOPLE"
"எல்லாம்,ALL"
"புலன்,FIELD"
"அழுக்கற்ற,ATTACHED"
"அந்தணாளன்,PRIEST"
"இரந்து,BEGGING"
"சென்மாக்கட்கு,TO_GOING_PEOPLE"
"இனி,NOW"
"இடன்,PLACE"
"இன்றி,WITHOUT"
"பரந்து,SPREAD"
"இசை,FAME"
"நிறக,ESTABLISH"
"பாடினன்,SANG"
"அதற்கொண்டு,THAT_TAKING"
"சினமிகு,ANGER_GREAT"
"தானை,ARMY"
"வானவன்,VANAVAN"
"குடகடல்,WEST_SEA"
"பொலந்தரு,GOLD_GIVE"
"நாவாய்,SHIP"
"ஓட்டிய,DRIVEN"
"அவ்வழி,THAT_WAY"
"பிறகலம்,OTHER_VESSEL"
"செல்கலாது,NOT_GOING"
"அனையேம்,SUCH"
"அத்தை,THAT"
"இன்மை,POVERTY"
"துரப்ப,DRIVE"
"அசைதர,WEAKNESS_GIVE"
"வந்து,COME"
"நின்,YOUR"
"வண்மையின்,GENEROSITY"
"தொடுத்தனம்,TIED"
"யாமே,WE"
"முள்ளெயிற்று,THORN_TOOTHED"
"அரவு,SNAKE"
"எறி,STRIKE"
"உருமின்,THUNDER"
"முரசு,DRUM"
"எழுந்து,RISE"
"இயம்ப,SOUND"
"அண்ணல்,LORD"
"யானையொடு,WITH_ELEPHANT"
"வேந்து,KING"
"களத்து,BATTLEFIELD"
"ஒழிய,LEFT"
"அருஞ்சமம்,DIFFICULT_BATTLE"
"ததைய,BEATEN"
"தாக்கி,ATTACK"
"நன்றும்,GOOD"
"நண்ணாத்,NOT_APPROACHING"
"தெவ்வர்த்,ENEMIES"
"தாங்கும்,SUPPORT"
"பெண்ணையம்,PENNAI"
"படப்பை,GARDEN"
"நாடுகிழவோயே,LAND_OWNER"
"உரைசால்,FAMOUS"
"புகழ்,FAME"
"ஏணிச்சேரி,ENICHERI"
"முடமோசியார்,MUDAMOSIYAR"
"வேளாய்,VELIR"
"அரண்டின்,ARANDIN"
"கடைஇநிலை,FINAL_STATE"
"களங்கனியன்ன,FIELD_FRUIT_LIKE"
"கருங்கோட்டுச்,BLACK_BRANCH"
"சீறியாழ்ப்,SMALL_YAAZH"
"பாடுஇன்,SONG_SWEET"
"பனுவல்,POEM"
"பாணர்,BARDS"
"உய்த்தென,DRIVEN"
"களிறிலவாகிய,WITHOUT_ELEPHANT"
"புல்லரை,GRASS"
"நெடுவெளிற்,LONG_FIELD"
"கான,JUNGLE"
"மஞ்ஞை,PEACOCK"
"கணனுடு,GROUP"
"சேப்ப,GO"
"ஈகை,GIVING"
"அரிய,RARE"
"இழையணி,JEWEL_ADORN"
"மகளிரொடு,WITH_WOMEN"
"சாயின்று,LAID"
"என்ப,SAY"
"ஆஅய்கோயில்,AAY_PALACE"
"சுவைக்கு,TO_TASTE"
"இனிதாகிய,SWEET_BECAME"
"குய்யுடை,SOFT"
"அடிசில்,FOOD"
"பிறர்க்கு,TO_OTHERS"
"ஈவின்றி,WITHOUT_GIVING"
"தம்,THEIR"
"வயிறு,STOMACH"
"அருத்தி,FEEDING"
"உரைசால்,FAMOUS"
"ஓங்குபுகழ்,HIGH_FAME"
"ஒரிஇ,LEAVING"
"முரைசுகெழு,DRUM_HAVING"
"செல்வர்,RICH"
"நகர்போலாதே,LIKE_CITY_NOT"
"முழவு,DRUM"
"அடித்த,BEATEN"
"மந்தி,MONKEY"
"மன்றப்,COMMON"
"பலவின்,JACKFRUIT"
"மாச்சினை,GREAT_BRANCH"
"மந்தி,MONKEY"
"இரவலர்,BEGGARS"
"நாற்றிய,PLANTED"
"விசிகூடு,STRING_JOIN"
"முழவின்,DRUM"
"பாடின்,SONG"
"தெண்கண்,CLEAR_EYE"
"கனி,FRUIT"
"செத்து,WANTING"
"அடிப்பின்,IF_STRIKE"
"அன்னச்சேவல்,SWAN_COCK"
"மாறு,OPPOSITE"
"எழுந்து,RISE"
"ஆலும்,CRY"
"கழல்தொடி,ANKLET_BANGLE"
"ஆஅய்,AAY"
"மழை,CLOUD"
"தவழ்,CRAWL"
"பொதியில்,POTHIYIL"
"ஆடுமகள்,DANCER"
"குறுகின்,IF_APPROACH"
"அல்லது,EXCEPT"
"பீடுகெழு,MAJESTIC"
"மன்னர்,KINGS"
"குறுகலோ,APPROACH"
"அரிதே,DIFFICULT"
"வேங்கை,VENGAI"
"முன்றில்,COURTYARD"
"தேறலுண்டு,DRINK_ATE"
"குரவை,KURAVAI"
"ஆடுதல்,DANCING"
"பரிசிலர்க்கு,TO_BARDS"
"யானைகளை,ELEPHANTS"
"வழங்கல்,GIVING"
"குறியிறைக்,SHORT_TOP"
"குரம்பை,HUT"
"குறவர்,HUNTERS"
"மாக்கள்,PEOPLE"
"வாங்குஅமைப்,BENT"
"பழுனிய,AGED"
"தேறல்,CLEAR_DRINK"
"மகிழ்ந்து,JOYING"
"வேங்கை,VENGAI"
"முன்றில்,COURTYARD"
"குரவை,KURAVAI"
"அயரும்,PERFORM"
"தீஞ்சுளைப்,SWEET_PULP"
"பலவின்,JACKFRUIT"
"மாமலை,GREAT_MOUNTAIN"
"கிழவன்,LORD"
"ஆஅய்அண்டிரன்,AAY_ANDIRAN"
"அடுபோர்அண்ணல்,FIERCE_WAR_LORD"
"இரவலர்க்கு,TO_BEGGARS"
"ஈத்த,GAVE"
"யானையின்,THAN_ELEPHANT"
"கரவின்று,WITHOUT_HIDING"
"வானம்,SKY"
"மீன்பல,MANY_STARS"
"பூப்பின்,FLOWER"
"ஆனாது,CEASELESS"
"ஒருவழிக்,ONE_WAY"
"கருவழியின்றி,WITHOUT_DIFFICULTY"
"பெருவெள்ளென்னிற்,GREAT_WHITE_ANT"
"பிழையாதுமன்னே,NOT_WRONG"
"சூல்பத்து,PREGNANCY_TEN"
"ஈனுமோ,WILL_GIVE_BIRTH"
"விளங்குமணிக்,SHINING_GEM"
"கொடும்பூண்,CURVED_ORNAMENT"
"ஆஅய்,AAY"
"நின்னாட்டு,YOUR_LAND"
"இளம்பிடி,YOUNG_FEMALE_ELEPHANT"
"ஒருசூல்,ONE_PREGNANCY"
"பத்து,TEN"
"ஈனும்மோ,WILL_GIVE_BIRTH"
"நின்னும்,YOU"
"நின்மலையும்,YOUR_MOUNTAIN"
"பாடி,SINGING"
"வருநர்க்கு,TO_COMERS"
"இன்முகம்,SWEET_FACE"
"கரவாது,NOT_HIDING"
"உவந்து,JOYFULLY"
"நீ,YOU"
"அளித்த,GAVE"
"அண்ணல்,LORD"
"யானை,ELEPHANT"
"எண்ணின்,IF_COUNT"
"கொங்கர்க்,KONGARS"
"குடகடல்,WEST_SEA"
"ஓட்டிய,DRIVEN"
"ஞான்றை,DAY"
"தலைப்பெயர்த்திட்ட,HEAD_TURNED"
"வேலினும்,THAN_SPEARS"
"பலவே,MANY"
"காடும்,FOREST"
"பாடினதோ,SANG"
"மழைக்கணஞ்,RAIN_CLOUD"
"சேக்கும்,REST"
"மாமலை,GREAT_MOUNTAIN"
"கிழவன்,LORD"
"வழைப்பூங்கண்ணி,FLOWER_GARLAND"
"வாய்வாள்,TRUTHFUL_SWORD"
"அண்டிரன்,ANDIRAN"
"குன்றம்,HILL"
"பாடினகொல்லோ,SANG"
"களிறு,ELEPHANT"
"மிக,MANY"
"உடைய,HAVING"
"இக்,THIS"
"கவின்பெறு,BEAUTIFUL"
"காடே,FOREST"
"போழ்க,SPLIT"
"என்னாவே,MY_TONGUE"
"முன்னுள்ளுவோனை,THOUGHT_BEFORE"
"பின்னுள்ளினேனே,THOUGHT_LATER"
"ஆழ்க,SINK"
"என்உள்ளம்,MY_HEART"
"போழ்க,SPLIT"
"என்னாவே,MY_TONGUE"
"பாழூர்,RUINED_VILLAGE"
"கிணற்றின்,WELL"
"தூர்க,FILL"
"என்செவியே,MY_EARS"
"நரந்தை,FRAGRANT_GRASS"
"நறும்புல்,SWEET_GRASS"
"மேய்ந்த,GRAZED"
"கவரி,YAK"
"குவளைப்,KUVALAI"
"பைஞ்சுனை,GREEN_POND"
"பருகி,DRINKING"
"அயல,NEARBY"
"தகரத்த,THAGARAM"
"தண்ணிழல்,COOL_SHADE"
"பிணையொடு,WITH_DOE"
"வதியும்,LIVE"
"வடதிசை,NORTH_DIRECTION"
"யதுவே,THAT"
"வான்தோய்,SKY_TOUCHING"
"இமையம்,HIMALAYA"
"தென்திசை,SOUTH_DIRECTION"
"ஆஅய்,AAY"
"குடி,FAMILY"
"இன்றாயின்,IF_NOT"
"பிறழ்வது,CHANGE"
"மன்னோ,INDEED"
"இம்மலர்தலை,THIS_FLOWER_HEADED"
"உலகே,WORLD"
"காண,SEE"
"செல்க,GO"
"நீ,YOU"
"மெல்லியல்,SOFT_NATURE"
"விறலி,DANCER"
"நீ,YOU"
"நல்லிசை,GOOD_FAME"
"செவியிற்,IN_EAR"
"கேட்பின்,IF_HEAR"
"அல்லது,EXCEPT"
"காண்பு,SEE"
"அறியலையே,NOT_KNOW"
"காண்டல்,SEEING"
"சால,VERY"
"வேண்டினையாயின்,IF_YOU_WANT"
"மாண்ட,EXCELLENT"
"நின்,YOUR"
"விரைவளர்,SPEED_GROW"
"கூந்தல்,HAIR"
"வரைவளி,MOUNTAIN_WIND"
"உளர,SHAKE"
"கலவமஞ்ஞையின்,PEACOCK"
"காண்வர,APPEAR"
"இயலி,WALKING"
"மாரியன்ன,RAIN_LIKE"
"வண்மைத்,GENEROSITY"
"தேர்வேள்,CHARIOT_VEL"
"ஆயை,AAY"
"காணிய,TO_SEE"
"சென்மே,GO"
"இம்மையும்,THIS_WORLD"
"மறுமையும்,NEXT_WORLD"
"இம்மை,THIS_WORLD"
"செய்தது,DONE"
"மறுமைக்கு,FOR_NEXT_WORLD"
"ஆம்,WILL_BE"
"எனும்,SAYING"
"அறவிலை,RIGHTEOUS_PRICE"
"வணிகன்,MERCHANT"
"ஆஅய்,AAY"
"அல்லன்,NOT"
"பிறரும்,OTHERS"
"சான்றோர்,NOBLES"
"சென்ற,GONE"
"நெறியென,AS_PATH"
"ஆங்கு,THERE"
"ப்பட்டன்று,OBTAINED"
"அவன்கைவண்மையே,HIS_HAND_GENEROSITY"
"காணவே,TO_SEE"
"வந்தேன்,CAME"
"கொடுவரி,CURVED_LINE"
"வழங்கும்,GIVES"
"கோடுயர்,HIGH_PEAK"
"நெடுவரை,LONG_MOUNTAIN"
"அருளிடர்ச்,GRACE_DIFFICULT"
"சிறுநெறி,SMALL_PATH"
"ஏறலின்,CLIMBING"
"வருந்தி,SUFFERING"
"தடவரல்,BAMBOO"
"கொண்ட,TOOK"
"தகைமெல்,DIGNIFIED_SOFT"
"ஒதுக்கின்,FOLD"
"வளைக்கை,CURVED_HAND"
"விறலியென்,DANCER_MY"
"பின்னள்,BEHIND"
"ஆக,BEING"
"பொன்வார்ந்தன்ன,GOLD_STRING_LIKE"
"புரிஅடங்கு,THREAD_CONTAIN"
"நரம்பின்,STRING"
"வரிநவில்,LINE_FINE"
"பனுவல்,POEM"
"புலம்பெயர்ந்து,LEAVING_PLACE"
"இசைப்ப,PLAY"
"படுமலை,SOUNDING_MOUNTAIN"
"நின்ற,STOOD"
"பயங்கெழு,RICH"
"சீறியாழ்,SMALL_YAAZH"
"ஒல்கல்,LEAN"
"உள்ளமொடு,WITH_HEART"
"ஒருபுடை,ONE_SIDE"
"தழீஇ,EMBRACE"
"புகழ்சால்,FAMOUS"
"சிறப்பின்,GLORY"
"நின்,YOUR"
"நல்லிசை,GOOD_FAME"
"உள்ளி,THINKING"
"வந்தெனன்,CAME"
"எந்தை,FATHER"
"யானே,I"
"என்றும்,EVER"
"மன்றுபடு,COMMON_PLACE"
"பரிசிலர்க்,TO_BARDS"
"காணின்,IF_SEE"
"கன்றொடு,WITH_CALF"
"கறையடி,SPOTTED_FOOT"
"யானை,ELEPHANT"
"இரியல்,HERD"
"போக்கும்,DRIVE"
"மலைகெழு,MOUNTAIN_HAVING"
"நாடன்,LORD"
"மாவேள்,GREAT_VEL"
"ஆஅய்,AAY"
"களிறும்,ELEPHANT"
"அன்றே,NOT"
"மாவும்,HORSE"
"அன்றே,NOT"
"ஒளிறுபடைப்,SHINING_WEAPON"
"புரவிய,HORSE"
"தேரும்,CHARIOT"
"அன்றே,NOT"
"பாணர்,BARDS"
"படுநர்,SUFFERERS"
"பரிசிலர்,BARDS"
"ஆங்கவர்,THOSE"
"தமதென,THEIRS_SAY"
"தொடுக்குவராயின்,IF_COLLECT"
"எமதென,OURS_SAY"
"பற்றல்,GRASP"
"தேற்றாப்,NOT_BELIEVE"
"பயங்கெழு,RICH"
"தாயமொடு,WITH_INHERITANCE"
"அன்ன,SUCH"
"வாக,BE"
"நின்ஊழி,YOUR_REIGN"
"நின்னை,YOU"
"காண்டல்,SEEING"
"வேண்டிய,NEEDED"
"அளவை,TIME"
"வேண்டார்,ENEMIES"
"உறுமுரண்,GREAT_CONFLICT"
"கடந்த,CROSSED"
"ஆற்றல்,ABILITY"
"பொதுமீக்கூற்றத்து,COMMON_PRAISE"
"நாடுகிழவோயே,LAND_OWNER"
"துறையூர்,THURAIYUR"
"ஓடைகிழார்,ODAIKIZHAR"
"வாழ்வை,LIFE"
"ஊடறுக்கும்,INTERRUPT"
"பகைகள்,ENMITIES"
"பலவற்றை,MANY"
"யாழ்ப்பத்தர்ப்,YAAZH_PATHAR"
"புறம்,BACK"
"கடுப்ப,LIKE"
"இழை,JEWEL"
"வலந்த,WON"
"பறுன்னத்து,CLOTH"
"இடைப்புரைபற்றி,INTERMEDIATE_HOLE_HOLD"
"பிணி,DISEASE"
"விடாஅ,NOT_LEAVE"
"ஈர்க்குழாத்தொடு,WITH_WORM_GROUP"
"இறைகூர்ந்த,COMMAND_INCREASED"
"பேஎன்பகையென,DEMON_ENMITY"
"ஒன்று,ONE"
"என்கோ,SAY"
"உண்ணாமையின்,NOT_EATING"
"ஊன்,FLESH"
"வாடి,DRY"
"தெண்ணீரின்,CLEAR_WATER"
"கண்,EYE"
"மல்கி,FILL"
"கசிவுற்ற,MELTED"
"என்பல்கிளையொடு,MY_MANY_RELATIVES"
"பசி,HUNGER"
"அலைக்கும்,TROUBLES"
"பகைஒன்றென்கோ,ENMITY_ONE_SAY"
"அன்ன,SUCH"
"தன்மையும்,NATURE"
"அறிந்து,KNOWING"
"ஈயார்,NOT_GIVE"
"நின்னதுதா,YOURS_GIVE"
"என,SAY"
"நிலை,POSITION"
"தளర,WEAKEN"
"மரம்,TREE"
"பிறங்கிய,HIGH"
"நளிச்சிலம்பின்,DEEP_HILL"
"குரங்கன்ன,MONKEY_LIKE"
"புன்குறுங்கூளியர்,SMALL_DWARFS"
"பரந்தலைக்கும்,SPREAD"
"பகைஒன்றென்கோ,ENMITY_ONE_SAY"
"ஆஅங்கு,LIKE_THAT"
"எனைப்பகையும்,ALL_ENMITIES"
"அறியுநன்,KNOWER"
"ஆய்,AAY"
"எனக்கருதிப்,FOR_ME_THINKING"
"பெயர்,NAME"
"ஏத்தி,PRAISING"
"வாயார,FULL_MOUTH"
"இசை,FAME"
"நம்பி,BELIEVING"
"சுடர்சுட்ட,FLAME_BURNT"
"சுரத்து,JUNGLE"
"ஏறி,CLIMBING"
"இவண்,HERE"
"வந்த,CAME"
"பெருநசையேம்,GREAT_DESIRE"
"எமக்கு,FOR_US"
"ஈவோர்,GIVERS"
"பிறர்க்கு,TO_OTHERS"
"ஈவோர்,GIVERS"
"பிறர்க்கு,TO_OTHERS"
"ஈவோர்,GIVERS"
"தமக்கு,TO_THEMSELVES"
"ஈப,GIVE"
"என,SAY"
"அனைத்துரைத்தனன்,ALL_SAID"
"யான்,I"
"ஆக,BEING"
"நினக்கு,TO_YOU"
"ஒத்தது,SUITABLE"
"நீ,YOU"
"நாடி,CONSIDER"
"நல்கினை,BESTOW"
"விடுமதி,ALLOW"
"பரிசில்,GIFT"
"அல்கலும்,EVER_DAY"
"தண்புனல்,COOL_WATER"
"வாயில்,DOOR"
"துறையூர்,THURAIYUR"
"முன்றுறை,GHAT"
"நுண்பல,FINE_MANY"
"மணலினும்,THAN_SAND"
"ஏத்தி,PRAISING"
"உண்குவம்,WILL_EAT"
"பெரும,LORD"
"நீ,YOU"
"நல்கிய,BESTOWED"
"வளனே,WEALTH"
"நின்பெற்றோரும்,YOUR_PARENTS"
"வாழ்க,LIVE"
"ஒருசிறைப்பெரியனார்,ORUSIRAIPERIYANAR"
"நாஞ்சில்வள்ளுவன்,NANCHILVALLUVAN"
"இரங்குமுரசின்,RESOUNDING_DRUM"
"இனம்சால்,HERD_HAVING"
"யானை,ELEPHANT"
"முந்நீர்,SEA"
"ஏணி,LADDER"
"விறல்கெழு,VICTORY_HAVING"
"மூவரை,THREE_KINGS"
"இன்னும்,STILL"
"ஓர்,ONE"
"யான்,I"
"அவாஅறியேனே,NOT_KNOW_DESIRE"
"நீயே,YOU"
"முன்,BEFORE"
"யான்,I"
"அரியுமோனே,DIFFICULT"
"துவன்றிய,ABUNDANT"
"கயத்திட்ட,LAKE_PLACED"
"வித்து,SEED"
"வறத்திற்,DRYNESS"
"சாவாது,NOT_DIE"
"கழைக்கரும்பின்,BAMBOO_SUGARCANE"
"ஒலிக்கும்,SOUND"
"கொண்டல்,CLOUD"
"கொண்டநீர்,TOOK_WATER"
"கோடை,SUMMER"
"காயினும்,EVEN_IF_HOT"
"கண்ணன்ன,EYE_LIKE"
"மலர்பூக்கும்,FLOWER_BLOOM"
"கருங்கால்,DARK_STEM"
"வேங்கை,VENGAI"
"மலரின்,FLOWER"
"நாளும்,EVERY_DAY"
"பொன்னன்ன,GOLD_LIKE"
"வீ,FLOWER"
"சுமந்த,CARRY"
"மணியன்ன,GEM_LIKE"
"நீர்,WATER"
"கடற்படரும்,SEA_SPREAD"
"செவ்வரை,RED_MOUNTAIN"
"படப்பை,GARDEN"
"நாஞ்சிற்பொருந,NANCHIL_WARRIOR"
"சிறுவெள்ளருவிப்,SMALL_WHITE_WATERFALL"
"பெருங்கல்,GREAT_MOUNTAIN"
"நாடனை,LORD"
"நீ,YOU"
"வாழியர்,LONG_LIVE"
"நின்தந்தை,YOUR_FATHER"
"தாய்,MOTHER"
"வாழியர்,LONG_LIVE"
"நிற்பயந்திசினோரே,THOSE_WHO_BIRTHED_YOU"
"மருதன்இளநாகனார்,MARUTHANILANAGANAR"
"பாணாற்றுப்படை,BARD_GUIDE"
"ஆனினம்,COW_HERD"
"கலித்த,ABOUND"
"அதர்பல,MANY_PATHS"
"கடந்து,CROSS"
"மானினம்,DEER_HERD"
"கலித்த,ABOUND"
"மலையின்,MOUNTAIN"
"ஒழிய,LEFT"
"மீளினம்,RETURNING_HERD"
"கலித்த,ABOUND"
"துறைபல,MANY_GHATS"
"நீந்தி,SWIM"
"உள்ளி,THINKING"
"வந்த,CAME"
"வள்ளுயிர்ச்,GENEROUS_LIFE"
"சீறியாழ்,SMALL_YAAZH"
"சிதாஅர்,RAGGED_CLOTH"
"உடுக்கை,DRESS"
"முதாஅரிப்,OLD"
"பாண,SINGER"
"நீயே,YOU"
"பேரெண்ணலையே,GREAT_COUNT"
"நின்இறை,YOUR_LORD"
"மாறி,CHANGE"
"வா,COME"
"என,SAY"
"மொழியலன்மாதோ,NOT_SPEAK"
"ஒலியிருங்,SOUND_DARK"
"கதுப்பின்,HAIR"
"ஆயிழை,BEAUTIFUL_JEWEL"
"கணவன்,HUSBAND"
"கிளி,PARROT"
"மரீஇய,ACCUSTOMED"
"வியன்புனத்து,WIDE_FIELD"
"மரனணி,TREE_ADORN"
"பெருங்குரல்,GREAT_VOICE"
"அனையன்,LIKE"
"ஆதலின்,BECAUSE"
"நின்னை,YOU"
"வருதல்,COMING"
"அறிந்தனர்,KNEW"
"யாரே,WHO"
"சாதல்,DEATH"
"அஞ்சாய்,NOT_FEAR"
"நீயே,YOU"
"வாழ்தல்,LIVING"
"வேண்டிப,FOR_SAKE"
"பொய்,LIE"
"கூறேன்,NOT_SPEAK"
"மெய்,TRUTH"
"கூறுவல்,WILL_SPEAK"
"சுவல்,BACK"
"அழுந்த,SINK"
"பல,MANY"
"காய,FRUIT"
"சில்லோதிப்,FEW_HAIR"
"பல்இளைஞருமே,MANY_YOUTHS"
"அடி,FOOT"
"வருந்த,SUFFER"
"நெடிது,LONG"
"ஏறிய,CLIMBED"
"கொடி,FLAG"
"மருங்குல்,WAIST"
"விறலியருமே,DANCERS"
"ஓடாப்,NOT_RUNNING"
"பூட்கை,NATURE"
"உரவோர்,STRONG_ONES"
"மருக,OFFSPRING"
"உயர்சிமைய,HIGH_PEAK"
"உழாஅ,NOT_PLOUGH"
"நாஞ்சில்பொருந,NANCHIL_WARRIOR"
"மாயா,IMPERISHABLE"
"உள்ளமொடு,WITH_HEART"
"பரிசில்,GIFT"
"துன்னி,APPROACH"
"கனிபதம்,RIPE_CONDITION"
"பார்க்கும்,LOOK"
"காலையன்றே,TIME"
"ஈதல்ஆனான்,GIVER"
"வேந்தே,KING"
"வேந்தற்கு,TO_KING"
"சாதல்,DEATH"
"அஞ்சாய்,NOT_FEAR"
"நீயே,YOU"
"ஆயிடை,THEN"
"இருநிலம்,GREAT_EARTH"
"மிளிர்ந்திசின்ஆஅங்கு,SHONE"
"ஒருநாள்,ONE_DAY"
"அருஞ்சமம்,DIFFICULT_BATTLE"
"வருகுவதாயின்,IF_COME"
"வருந்தலுமுண்டு,SUFFERING_EXISTS"
"என்பைதலங்கடும்பே,MY_SUFFERING_FAMILY"
"தேற்றாஈகை,UNCERTAIN_CHARITY"
"ஔவையார்,AUVAIYAR"
"பரிசில்விடை,GIFT_SENDING"
"தடவுநிலை,FIRM_STATE"
"பலவின்,JACKFRUIT"
"நாஞ்சில்பொருநன்,NANCHIL_WARRIOR"
"மடவன்,SIMPLE"
"மன்ற,INDEED"
"செந்நாப்,RED_TONGUE"
"புலவீர்,POETS"
"வளைக்கை,CURVED_HAND"
"விறலியர்,DANCERS"
"படப்பை,GARDEN"
"கொய்த,PLUCKED"
"அடகின்,LEAF"
"கண்ணுறை,COVER"
"ஆக,BEING"
"யாம்,WE"
"சில,FEW"
"அரிசி,RICE"
"வேண்டினெம்,WANTED"
"ஆக,BEING"
"தான்,HE"
"பிற,OTHER"
"வரிசை,RANK"
"அறிதலின்,KNOWING"
"தன்னும்,HIMSELF"
"தூக்கி,LIFTING"
"இருங்கடல்,GREAT_SEA"
"வளைஇய,SURROUNDED"
"குன்றத்தன்ன,HILL_LIKE"
"ஓர்,ONE"
"பெருங்களிறு,GREAT_ELEPHANT"
"நல்கியோனே,GAVE"
"அன்னதோர்,SUCH"
"தேற்றாஈகையும்,UNCERTAIN_CHARITY"
"உளதுகொல்,EXISTS"
"போற்றார்,ENEMIES"
"அம்ம,AH"
"பெரியோர்,GREAT_ONES"
"தம்கடனே,THEIR_DUTY"
"மறுமை,NEXT_WORLD"
"நோக்கின்று,LOOKS"
"வையாவிக்,VAIYAVIK"
"கோப்பெரும்பேகன்,KOPERUMPEGAN"
"பாணாற்றுபடை,BARD_GUIDE"
"பாணன்,BARD"
"சூடிய,WORE"
"பசும்பொன்,FRESH_GOLD"
"தாமரை,LOTUS"
"மாணிழை,EXCELLENT_JEWEL"
"விறலி,DANCER"
"மாலையொடு,WITH_GARLAND"
"விளங்க,SHINE"
"கடும்பரி,FAST_HORSE"
"நெடுந்தேர்,LONG_CHARIOT"
"பூட்டுவிட்டு,UNYOKE"
"அசைஇ,REST"
"ஊரீர்போல,LIKE_VILLAGERS"
"சுரத்திடை,JUNGLE"
"இருந்தனிர்,SAT"
"யாரீரோ,WHO_ARE_YOU"
"என,SAY"
"வனவல்ஆனாக்,ASKING_CEASELESS"
"காரென்ஒக்கல்,DARK_MY_KIN"
"கடும்பசி,SEVERE_HUNGER"
"இரவல,BEGGAR"
"வென்வேல்,VICTORIOUS_SPEAR"
"அண்ணல்,LORD"
"காணா,NOT_SEEING"
"ஊங்கே,BEFORE"
"நின்னினும்,THAN_YOU"
"புல்லியேம்,POOR"
"மன்னே,INDEED"
"இனியே,NOW"
"இன்னேம்,SUCH"
"ஆயினேம்,BECAME"
"மன்னே,INDEED"
"என்றும்,EVER"
"உடாஅ,NOT_WEARING"
"போரா,NOT_FIGHTING"
"ஆகுதல்,BEING"
"அறிந்தும்,KNOWING"
"படாஅம்,NOT_FLYING"
"மஞ்ஞைக்கு,TO_PEACOCK"
"ஈத்த,GAVE"
"எம்கோ,OUR_KING"
"கடாஅ,MUSTH"
"யானை,ELEPHANT"
"கலிமான்,WAR_HORSE"
"பேகன்,PEGAN"
"எத்துணை,WHATEVER"
"ஆயினும்,EVEN_IF"
"ஈதல்,GIVING"
"நன்று,GOOD"
"என,SAY"
"மறுமை,NEXT_WORLD"
"நோக்கின்றோ,LOOKS"
"அன்றே,NOT"
"பிறர்,OTHERS"
"வறுமை,POVERTY"
"நோக்கின்று,LOOKS"
"அவன்கைவண்மையே,HIS_HAND_GENEROSITY"
"கொடைமடமும்,GENEROSITY_FOOLISHNESS"
"படைமடமும்,WEAPON_FOOLISHNESS"
"அறுகுளத்து,NEAR_TANK"
"உகுத்தும்,POURED"
"அகல்வயல்,WIDE_FIELD"
"பொழிந்தும்,RAINED"
"உறுமிடத்து,SUITABLE_PLACE"
"உதவாது,NOT_HELPING"
"உவர்நிலம்,SALINE_LAND"
"ஊட்டியும்,FEED"
"வரையா,UNLIMITED"
"மரபின்,NATURE"
"மாரிபோல,LIKE_RAIN"
"கடாஅ,MUSTH"
"யானை,ELEPHANT"
"கழற்கால்,ANKLET_LEG"
"பேகன்,PEGAN"
"கொடைமடம்,GENEROSITY_FOOLISHNESS"
"படுதல்,HAPPEN"
"அல்லது,EXCEPT"
"படைமடம்,WEAPON_FOOLISHNESS"
"படான்,NOT_HAPPEN"
"பிறர்படை,OTHERS_WEAPONS"
"மயக்குறினே,IF_CONFUSE"
"யார்கொல்அளியள்,WHO_PITIFUL_SHE"
"வையாவிக்,VAIYAVIK"
"கோப்பெரும்பேகன்,KOPERUMPEGAN"
"பெருந்திணை,PERUNTHINAI"
"குறுங்கலி,KURUNKALI"
"தாபதநிலையும்,ASCETIC_STATE"
"துறக்கப்பட்ட,ABANDONED"
"கண்ணகி,KANNAGI"
"காரணமாக,BECAUSE"
"மலைவான்,MOUNTAIN_SKY"
"கொள்க,TAKE"
"என,SAY"
"உயர்பலி,HIGH_OFFERING"
"தூஉய்,POUR"
"மாரி,RAIN"
"ஆன்று,SUFFICIENT"
"மழை,RAIN"
"மேக்கு,HIGH"
"உயர்க,RISE"
"என,SAY"
"கடவுட்,GOD"
"பேணிய,WORSHIPED"
"குறவர்,HUNTERS"
"மாக்கள்,PEOPLE"
"பெயல்கண்,RAIN_EYE"
"மாறிய,CHANGED"
"உவகையர்,JOYFUL"
"சாரல்,SLOPE"
"புனைத்தினை,CULTIVATED_MILLET"
"அயிலும்,GUARD"
"நாட,COUNTRY"
"சினப்போர்க்,ANGRY_WAR"
"கைவளீகை,HAND_GENEROSITY"
"கடுமான்,FAST_HORSE"
"பேகன்,PEGAN"
"யார்கொல்அளியள்,WHO_PITIFUL_SHE"
"தானே,SHE"
"நெருநல்,YESTERDAY"
"சுரன்,JUNGLE"
"உழந்து,SUFFER"
"வருந்திய,SUFFERED"
"ஒக்கல்,KIN"
"பசித்தென,HUNGRY"
"குணில்பாய்,LOOM_JUMP"
"முரசின்,DRUM"
"இரங்கும்,RESOUND"
"அருவி,WATERFALL"
"நளிஇருஞ்சிலம்பின்,DEEP_DARK_HILL"
"சீறூர்,SMALL_VILLAGE"
"ஆங்கண்,THERE"
"வாயில்,DOOR"
"தோன்றி,APPEARING"
"வாழ்த்தி,PRAISING"
"நின்று,STANDING"
"நின்னும்,YOU"
"நின்மலையும்,YOUR_MOUNTAIN"
"பாட,SING"
"இன்னாது,PAINFULLY"
"இகுத்த,SHED"
"கண்ணீர்,TEARS"
"நிறுத்தல்,STOPPING"
"செல்லாள்,UNABLE"
"முலையகம்,CHEST"
"நனைப்ப,WET"
"விம்மి,SOB"
"குழல்,FLUTE"
"இனைவதுபோல்,PAIN_LIKE"
"அழுதனள்,SHED_TEARS"
"பெரிதே,GREATLY"
"அருளாயாகலோ,NOT_GRACE"
"கொடிதே,CRUEL"
"இருள்வர,DARKNESS_COME"
"சீறியாழ்,SMALL_YAAZH"
"செவ்வழி,SEVVAZHIRAGA"
"பண்ணி,TUNING"
"யாழ,YAAZH"
"நின்,YOUR"
"கார்எதிர்,RAIN_CLOUD_OPPOSITE"
"கானம்,JUNGLE"
"பாடினேமாக,SANG"
"நீல்நறு,BLUE_FRAGRANT"
"நெய்தலிற்,NEYDAL"
"பொலிந்த,SHONE"
"உண்கண்,PAINTED_EYE"
"கலுழ்ந்து,CRY"
"வாரரி,FLOWING"
"ப்பனி,DEW"
"பூண்அகம்,ORNAMENT_CHEST"
"நனைப்ப,WET"
"இனைதல்ஆனாளாக,GRIEVING"
"இளையோய்,YOUNG_ONE"
"கிளையை,RELATIVE"
"மன்,INDEED"
"எம்கேள்வெய்யோற்கு,OUR_HOT_HEARTED_LORD"
"என,SAY"
"யாம்,WE"
"தன்தொழுதனம்,HER_WORSHIPED"
"வினவ,ASK"
"காந்தள்,KANTHAL"
"முகைபுரை,BUD_LIKE"
"விரலின்,FINGER"
"கண்ணீர்,TEARS"
"துடையா,WIPE"
"யாம்,WE"
"அவன்கிளைஞரேம்,HIS_RELATIVES_NOT"
"அல்லேம்,NOT"
"கேள்,HEAR"
"இனி,NOW"
"எம்போல்,LIKE_US"
"ஒருத்தி,ONE_WOMAN"
"நலன்நயந்து,GOODNESS_DESIRE"
"என்றும்,EVER"
"வரூஉம்என்ப,WILL_COME_SAY"
"வயங்குபுகழ்ப்,SHINING_FAME"
"பேகன்,PEGAN"
"ஒல்லென,QUICKLY"
"ஒலிக்கும்,SOUND"
"தேரொடு,WITH_CHARIOT"
"முல்லைவேலி,MULLAI_FENCE"
"நல்லூரானே,GOOD_VILLAGE_ONE"
"அவள்இடர்,HER_DISTRESS"
"களைவாய,REMOVE"
"மடத்தகை,SIMPLE_NATURE"
"மாமயில்,GREAT_PEACOCK"
"பனிக்கும்,SHIVER"
"என்று,SAY"
"அருளிப,GRACE"
"படாஅம்,NOT_FLYING"
"ஈத்த,GAVE"
"கெடாநல்லிசை,IMPERISHABLE_GOOD_FAME"
"கடாஅ,MUSTH"
"யானை,ELEPHANT"
"கலிமான்,WAR_HORSE"
"பேக,PEGA"
"பசித்தும்,HUNGRY"
"வாரோம்,NOT_COME"
"பாரமும்,BURDEN"
"இலமே,NOT"
"களங்கனியன்ன,FIELD_FRUIT_LIKE"
"கருங்கோட்டுச்,BLACK_BRANCH"
"சீறியாழ்,SMALL_YAAZH"
"நயம்புரிந்து,LOVE_DO"
"உறையுநர்,LIVERS"
"நடுங்க,FEAR"
"பண்ணி,MAKE"
"அறம்செய்தீமோ,RIGHTEOUSNESS_DID_YOU"
"அருள்வெய்யோய்,MERCIFUL_HOT_ONE"
"என,SAY"
"இதுயாம்,THIS_WE"
"இரந்த,ASKED"
"பரிசில்,GIFT"
"அது,THAT"
"இருளின்,IF_DARK"
"இனமணி,GROUP_GEM"
"நெடுந்தேர்,LONG_CHARIOT"
"ஏறி,CLIMB"
"இன்னாதுறைவி,PAINFUL_LIVING"
"அரும்படர்,DIFFICULT_SUFFERING"
"களைமே,REMOVE"
"தேர்பூண்கமாவே,CHARIOT_WEAR_HORSE"
"அரிசில்கிழார்,ARICHILKIZHAR"
"அன்ன,SUCH"
"வாக,BE"
"நின்,YOUR"
"அருங்கலவெறுக்கை,JEWEL"
"அவை,THEY"
"பெறல்,GETTING"
"வேண்டேם,NOT_WANT"
"அடுபோர்ப்,FIERCE_WAR"
"பேக,PEGA"
"சீறியாழ்,SMALL_YAAZH"
"செவ்வழி,SEVVAZHIRAGA"
"பண்ணி,TUNE"
"நின்வன்புல,YOUR_DRY_LAND"
"நன்னாடு,GOOD_COUNTRY"
"பாட,SING"
"என்னை,ME"
"நயந்து,LOVE"
"பரிசில்,GIFT"
"நல்குவையாயின்,IF_YOU_GIVE"
"குரிசில்,LORD"
"நீ,YOU"
"நல்காமையின்,NOT_GIVING"
"நைவர,SUFFER"
"சாஅய்,DIE"
"அருந்துயர்,DIFFICULT_SORROW"
"உழக்கும்,SUFFER"
"நின்திருந்திழை,YOUR_PERFECT_JEWEL"
"அரிவை,WOMAN"
"கலிமயில்,WAR_PEACOCK"
"கலாவம்,PLUMAGE"
"கால்,LEG"
"குவித்தன்ன,FOLDED_LIKE"
"ஒலிமென்,SOUND_SOFT"
"கூந்தல்,HAIR"
"கமழ்புகை,FRAGRANT_SMOKE"
"கொளீஇ,TAKING"
"தண்கமழ்,COOL_FRAGRANT"
"கோதை,GARLAND"
"புனைய,ADORN"
"வண்பரி,GOOD_HORSE"
"நெடுந்தேர்,LONG_CHARIOT"
"பூண்க,WEAR"
"நின்மாவே,YOUR_HORSE"
"எம்பரிசில்,OUR_GIFT"
"பெருங்குன்றூர்,PERUNKUNRUR"
"கிழார்,POET"
"கல்முழை,STONE_CAVE"
"அருவிப்,WATERFALL"
"பன்மலை,MANY_MOUNTAINS"
"நீந்தி,SWIM"
"சீறியாழ்,SMALL_YAAZH"
"செவ்வழி,SEVVAZHIRAGA"
"பண்ணி,TUNE"
"வந்ததை,WHAT_CAME"
"கார்வான்,RAIN_CLOUD"
"இன்னுறை,SWEET_SOUND"
"தமியள்,ALONE"
"கேளா,HEARING"
"நெருநல்,YESTERDAY"
"ஒருசிறை,ONE_SIDE"
"புலம்புகொண்டு,ALONE"
"உறையும்,LIVE"
"அரிமதர்,LION_ANGER"
"மழைக்கண்,CLOUD_EYE"
"அம்மா,BEAUTIFUL_GREAT"
"அரிவை,WOMAN"
"நெய்யொடு,WITH_GHEE"
"துறந்த,LEFT"
"மையிருங்,DARK_GREAT"
"கூந்தல்,HAIR"
"மண்ணூறுமணியின்,SOIL_GEM"
"மாசற,FLAWLESS"
"மண்ணி,SOIL"
"புதுமலர்,NEW_FLOWER"
"கஞல,APPEAR"
"இன்று,TODAY"
"பெயரின்,IF_GO"
"அதுமன்,THAT"
"எம்பரிசில்,OUR_GIFT"
"ஆவியர்கோவே,AVIYAR_KING"
"என்சிறுசெந்நா,MY_SMALL_RED_TONGUE"
"வன்பரணர்,VANPARANAR"
"கண்டீரக்கோப்,KANDEERAKKO"
"பெருநள்ளி,PERUNALLI"
"கறங்குமிசை,SOUNDING_TOP"
"அருவிய,WATERFALL"
"பிறங்குமலை,HIGH_MOUNTAIN"
"நள்ளி,NALLI"
"நின்,YOUR"
"அசைவுஇல்,STEADY"
"நோந்தாள்,LEG"
"நசைவளன்,DESIRE_WEALTH"
"ஏத்தி,PRAISING"
"நாடொறும்,EVERY_DAY"
"நன்கலம்,GOOD_VESSEL"
"கனிற்றொடு,WITH_FRUIT"
"கொணர்ந்து,BRING"
"கூடிவிளங்கு,JOIN_SHINE"
"வியன்நகர்ப்,WIDE_PALACE"
"பரிசில்,GIFT"
"முற்று,COMPLETE"
"அளிப்ப,GIVE"
"பீடில்,MAJESTY_NOT"
"மன்னர்ப்,KINGS"
"புகழ்ச்சி,PRAISE"
"வேண்டி,WANTING"
"செய்யாகூறி,NOT_DOING_SAY"
"கிளத்தல்,SPEAKING"
"எய்யாதாகின்று,NOT_POSSIBLE"
"எம்சிறுசெந்நாவே,OUR_SMALL_RED_TONGUE"
"வண்மையான்,GENEROSITY"
"மறந்தனர்,FORGOT"
"நள்ளி,NALLI"
"வாழியோ,LONG_LIVE"
"நள்ளி,NALLI"
"நள்ளென்,SLOW"
"மாலை,EVENING"
"மருதம்,MARUTHAM"
"பண்ணி,TUNING"
"காலை,MORNING"
"கைவழி,HAND_PATH"
"மருங்கிற்,SIDE"
"செவ்வழி,SEVVAZHIRAGA"
"பண்ணி,TUNE"
"வரவு,COMING"
"எமர்,OUR_PEOPLE"
"மறந்தனர்,FORGOT"
"அது,THAT"
"நீ,YOU"
"புரவுக்கடன்,PROSPERITY_DUTY"
"பூண்ட,TOOK"
"வண்மையானே,GENEROSITY"
"நளிமலை,DENSE_MOUNTAIN"
"நாடன்,LORD"
"தோட்டி,THOTTI"
"மலைக்கு,TO_MOUNTAIN"
"உரியவன்,OWNER"
"இவன்,THIS"
"என்பதும்,SAYING"
"வேட்டுவக்குடியினன்,HUNTER_CLAN"
"என்பதும்,SAYING"
"கூதிர்ப்,WINTER"
"பருந்தின்,EAGLE"
"இருஞ்சிறகு,GREAT_WING"
"அன்ன,LIKE"
"பாறிய,SPREAD"
"சிதாரேன்,RAGGED_CLOTH"
"பலவுமுதல்,MANY_TREES"
"பொருந்தி,JOIN"
"தன்னும்,HIMSELF"
"உள்ளேன்,NOT"
"பிறிதுபுலம்,OTHER_LAND"
"படர்ந்த,SPREAD"
"என்,MY"
"உயங்குபடர்,SUFFERING"
"வருத்தமும்,PAIN"
"உலைவும்,WEAKNESS"
"நோக்கி,SEEING"
"மான்கணம்,DEER_HERD"
"தொலைச்சிய,DESTROYED"
"குருதியங்,BLOOD"
"கழற்கால்,ANKLET_LEG"
"வான்கதிர்த்,SKY_RAY"
"திருமணி,SACRED_GEM"
"விளங்கும்,SHINE"
"சென்னி,HEAD"
"செல்வத்தோன்றல்,WEALTHY_LORD"
"ஓர்,ONE"
"வல்வில்,STRONG_BOW"
"வேட்டுவன்,HUNTER"
"தொழுதனென்,I_WORSHIPED"
"எழுவேற்,RISING_SPEAR"
"கைகவித்து,FOLD_HAND"
"இரீஇ,PLACE"
"இழுதின்,GHEE"
"அன்ன,LIKE"
"வால்நிணக்,WHITE_FAT"
"கொழுங்குறை,FAT_PIECE"
"கான்அதர்,JUNGLE_PATH"
"மயங்கிய,CONFUSED"
"இளையர்,YOUTHS"
"வல்லே,QUICKLY"
"தாம்,THEY"
"வந்து,COME"
"எய்தா,NOT_REACH"
"அளவை,TIME"
"ஒய்யென,QUICKLY"
"தான்,HE"
"ஞெலிதீயின்,BURNING_FIRE"
"விரைவனன்,QUICK"
"சுட்டு,BURN"
"நின்,YOUR"
"இரும்பேரொக்கலொடு,GREAT_KIN"
"தின்ம்,EAT"
"என,SAY"
"தருதலின்,GIVING"
"அமிழ்தின்,NECTAR"
"மிசைந்து,EAT"
"காய்பசி,HOT_HUNGER"
"நீங்கி,REMOVE"
"நல்மரன்,GOOD_TREE"
"நளிய,DENSE"
"நறுந்தண்சாரல்,SWEET_COOL_SLOPE"
"கல்மிசை,STONE_TOP"
"அருவி,WATERFALL"
"தண்ணென,COOL"
"பருகி,DRINK"
"விடுத்தல்,LEAVING"
"தொடங்கினேன்ஆக,I_STARTED"
"வல்லே,QUICKLY"
"பெறுதற்கரிய,DIFFICULT_TO_GET"
"வீறுசால்,EXCELLENT"
"நன்கலம்,GOOD_VESSEL"
"பிறிதொன்று,OTHER_THING"
"இல்லை,NO"
"காட்டுநாட்டோம்,WE_WILL_SHOW_LAND"
"என,SAY"
"மார்பிற்,CHEST"
"பூண்ட,TOOK"
"வயங்குகாழ்,SHINING_BEAD"
"ஆரம்,GARLAND"
"மடைசெறி,LOCK_TIGHT"
"முன்கை,FOREARM"
"கடகமொடு,WITH_BRACELET"
"ஈத்தனன்,GAVE"
"எந்நாடோ,WHICH_COUNTRY"
"என,SAY"
"நாடும்,COUNTRY"
"சொல்லான்,NOT_SAY"
"யாரீரோ,WHO_ARE_YOU"
"என,SAY"
"பேரும்,NAME"
"சொல்லான்,NOT_SAY"
"பிறர்பிறர்,OTHERS"
"கூற,SAY"
"வழிக்கேட்டிசினே,HEARD"
"இரும்புபுனைந்து,IRON_ADORN"
"இயற்றாப்,MADE"
"பெரும்பெயர்த்தோட்டி,GREAT_NAME_THOTTI"
"அம்மலை,THAT_MOUNTAIN"
"காக்கும்,PROTECT"
"அணிநெடுங்குன்றின்,BEAUTIFUL_LONG_HILL"
"பளிங்கு,CRYSTAL"
"வகுத்தன்ன,ARRANGED_LIKE"
"தீநீர்,SWEET_WATER"
"நளிமலை,DENSE_MOUNTAIN"
"நாடன்,LORD"
"நள்ளிஅவன்எனவே,NALLI_HE_SAYING"
"அடைத்த,CLOSED"
"கதவினை,DOOR"
"பெருந்தலைச்சாத்தனார்,PERUNTHALAISATHANAR"
"இளவிச்சிக்கோ,ILAVICHIKKO"
"இளங்கண்டீரக்கோவும்,ILANKANDEERAKKOVUM"
"இளவிச்சிக்கோவும்,ILAVICHIKKOVUM"
"ஒருங்கு,TOGETHER"
"இருந்தன,SAT"
"அவண்,THERE"
"சென்ற,GONE"
"புலவர்,POET"
"இளங்கண்டீரக்கோவை,ILANKANDEERAKKOVAI"
"புல்லி,EMBRACE"
"இளவிச்சிக்கோவை,ILAVICHIKKOVAI"
"புல்லராயினர்,NOT_EMBRACE"
"என்னை,WHY"
"என்செயப்,WHAT_TO_DO"
"புல்லீராயினர்,NOT_EMBRACE"
"என,SAY"
"அவன்,HE"
"கேட்க,ASK"
"புலவர்,POET"
"பாடிய,SANG"
"இருவரது,TWO_PERSONS"
"குடியியல்புகளையும்,FAMILY_NATURE"
"கூறிப,SAYING"
"பாடுதலால்,BY_SINGING"
"இயன்மொழி,GOOD_SPEECH"
"ஆயிற்று,BECAME"
"பண்டும்,ANCIENT"
"பண்டும்,ANCIENT"
"பாடுநர்,SINGERS"
"உவப்ப,REJOICE"
"விண்தோய்,SKY_TOUCH"
"சிமைய,PEAK"
"விறல்வரைக்,VICTORY_MOUNTAIN"
"கவாஅன்,CAVE"
"கிழவன்,LORD"
"சேட்புலம்,DISTANT_LAND"
"படரின்,IF_GO"
"இழை,JEWEL"
"அணிந்து,ADORN"
"புன்தலை,SMALL_HEAD"
"மடப்பிடி,YOUNG_FEMALE_ELEPHANT"
"பரிசிலாக,GIFT"
"பெண்டிரும்,WOMEN"
"தம்பதம்,THEIR_PLACE"
"கொடுக்கும்,GIVE"
"வண்புகழ்,GOOD_FAME"
"கண்டீரக்கோன்,KANDEERAKKON"
"ஆகலின்,BECAUSE"
"நன்றும்,GOOD"
"முயங்கல்,EMBRACE"
"ஆன்றிசின்,ABLE"
"யானே,I"
"பொலந்தேர்,GOLDEN_CHARIOT"
"நன்னன்,NANNAN"
"மருகன்,OFFSPRING"
"அன்றியும்,NOT_ONLY"
"நீயும்,YOU"
"முயங்கற்கு,TO_EMBRACE"
"ஒத்தனை,FIT"
"மன்னே,INDEED"
"வயங்குமொழிப்,SHINING_WORD"
"பாடுநர்க்கு,TO_SINGERS"
"அடைத்த,CLOSED"
"கதவின்,DOOR"
"ஆடுமழை,DANCING_CLOUD"
"அணங்குசால்,FEARFUL"
"அடுக்கம்,SLOPE"
"பொழியும்,POUR"
"நும்,YOUR"
"மணங்கமழ்,FRAGRANT"
"மால்வரை,GREAT_MOUNTAIN"
"வரைந்தனர்,DREW"
"எமரே,OUR_PEOPLE"
"பெயர்,NAME"
"கேட்க,HEAR"
"நாணினன்,ASHAMED"
"வண்பரணர்,VANPARANAR"
"வல்வில்ஓரி,VALVILORI"
"பெருமிதநிலையின்,PRIDE_STATE"
"விளக்கம்,EXPLANATION"
"வேட்டுவக்குடியினன்,HUNTER_CLAN"
"என்பது,SAYING"
"பரிசில்பெற்ற,BARD_GOT"
"புலவர்,POET"
"அவனை,HIM"
"வியந்து,PRAISE"
"பாடியது,SANG"
"இச்செய்யுள்,THIS_POEM"
"வேழம்,ELEPHANT"
"வீழ்த்த,CAUSE_TO_FALL"
"விழுத்தொடை,GREAT_BOW"
"பகழி,ARROW"
"பேழ்வாய்,WIDE_MOUTH"
"உழுவையை,TIGER"
"பெரும்பிறிது,GREAT_OTHER"
"உறீஇ,PLACE"
"புழல்தலை,HOLE_HEAD"
"புகர்க்கலை,SMOKE_STAG"
"உருட்டி,ROLL"
"உரல்தலை,MORTAR_HEAD"
"கேழற்பன்றி,WILD_BOAR"
"வீழ,FALL"
"அயலது,NEAR"
"ஆழற்புற்றத்து,DEEP_ANT_HILL"
"உடும்பில்,LIZARD"
"செற்றும்,KILL"
"வல்வில்,STRONG_BOW"
"வேட்டம்,HUNTING"
"வலம்படுத்திருந்தோன்,MAKE_SUCCESSFUL"
"புகழ்சால்,FAMOUS"
"சிறப்பின்,GLORY"
"அம்பு,ARROW"
"மிக,MANY"
"திளைக்கும்,ENJOY"
"கொலைவன்,KILLER"
"யார்கொலோ,WHO"
"கொலைவன்,KILLER"
"மற்று,THEN"
"இவன்,THIS"
"விலைவன்,MERCHANT"
"போலான்,NOT_LIKE"
"வெறுக்கை,WEALTH"
"நன்கு,WELL"
"உடையன்,HAVE"
"ஆரம்,GARLAND"
"தாழ்ந்த,HANGING"
"அம்பகட்டு,ARROW_STRIP"
"மார்பின்,CHEST"
"சாரல்,SLOPE"
"அருவிப்,WATERFALL"
"பயமலை,FRUITFUL_MOUNTAIN"
"கிழவன்,LORD"
"ஓரி,ORI"
"கொல்லோ,PERHAPS"
"அல்லன்கொல்லோ,NOT_PERHAPS"
"பாடுவல்,WILL_SING"
"விறலி,DANCER"
"ஓர்வண்ணம்,ONE_WAY"
"நீரும்,YOU"
"மண்முழா,EARTH_DRUM"
"அமைமின்,MAKE"
"பண்யாழ்,TUNE_YAAZH"
"நிறுமின்,ESTABLISH"
"கண்விடு,EYE_RELEASE"
"தூம்பின்,HOLLOW"
"களிற்றுயிர்,ELEPHANT_LIFE"
"தொடுமின்,TOUCH"
"எல்லரி,BELL"
"தொடுமின்,TOUCH"
"ஆகுளி,AGULI_DRUM"
"தொடுமின்,TOUCH"
"பதலை,PADALAI_DRUM"
"ஒருகண்,ONE_EYE"
"பையென,SOFTLY"
"இயக்குமின்,PLAY"
"மதலை,CHILD"
"மாக்கோல்,GREAT_STICK"
"கைவலம்,LEFT_HAND"
"தமின்,GIVE"
"என்று,SAY"
"இறைவன்,LORD"
"ஆகலின்,BECAUSE"
"சொல்லுபு,SPEAKING"
"குறுகி,APPROACH"
"மூவேழ்,THREE_SEVEN"
"துறையும்,GHATS"
"ழுறையுளிக்,RULER"
"கழிப்பிக,REMOVE"
"கோவென,KING_SAY"
"பெயரிய,NAMED"
"காலை,TIME"
"ஆங்கு,THERE"
"அது,THAT"
"தன்பெயர்,HIS_NAME"
"ஆகலின்,BECOMING"
"நாணி,ASHAMED"
"மற்று,THEN"
"யாம்,WE"
"நாட்டிடன்,LAND_PLACE"
"நாட்டிடன்,LAND_PLACE"
"வருதும்,WILL_COME"
"ஈங்கு,HERE"
"ஓர்,ONE"
"வேட்டுவர்,HUNTERS"
"இல்லை,NO"
"நின்ஒப்போர்,YOUR_LIKE"
"என,SAY"
"வேட்டது,WANTED"
"மொழியவும்,SPEAK"
"விடாஅன்,NOT_LEAVE"
"வேட்டத்தில்,IN_HUNTING"
"தான்,HE"
"உயிர்,LIFE"
"செகுத்த,KILLED"
"மான்,DEER"
"நிணப்,FAT"
"புழுக்கோடு,WITH_ROAST"
"ஆன்,COW"
"உருக்கு,MELT"
"அன்ன,LIKE"
"வேரியை,DRINK"
"நல்கித,GAVE"
"தன்மலைப்,HIS_MOUNTAIN"
"பிறந்த,BORN"
"தாவில்,FLAWLESS"
"நன்பொன்,GOOD_GOLD"
"பன்மணிக்,MANY_GEMS"
"குவையொடும்,WITH_HEAP"
"விரைஇ,MIX"
"கொண்ம்,TAKE"
"என,SAY"
"சுரத்திடை,JUNGLE"
"நல்கியோனே,GAVE"
"விடர்ச்சிமை,CAVE_PEAK"
"ஓங்கிருங்,HIGH_DARK"
"கொல்லிப்,KOLLI"
"பொருநன்,WARRIOR"
"ஓம்பா,UNPROTECTED"
"ஈகை,CHARITY"
"விறல்வெய்யோனே,VICTORIOUS_HOT_ONE"
"கூத்தச்சுற்றத்தினர்,DANCE_KIN"
"வண்பரணர்,VANPARANAR"
"மழையணி,RAIN_ADORN"
"குன்றத்துக்,HILL"
"கிழவன்,LORD"
"நாளும்,EVERY_DAY"
"இழையணி,JEWEL_ADORN"
"யானை,ELEPHANT"
"இரப்போர்க்கு,TO_BEGGARS"
"ஈயும்,GIVES"
"சுடர்விடு,FLAME_RELEASE"
"பசும்பூண்,FRESH_ORNAMENT"
"சூர்ப்பு,STRENGTH"
"அமைமுன்கை,COMPOSED_FOREARM"
"அடுபோர்ஆனா,UNCEASING_WAR"
"ஆதன்ஓரி,ATHANORI"
"மாரி,RAIN"
"வண்கொடை,GOOD_GIFT"
"காணிய,TO_SEE"
"நன்றும்,GOOD"
"சென்றதுமன்,WENT"
"எம்கண்ணுளங்கடும்பே,OUR_EYE_FAMILY"
"பனிநீர்ப்,COLD_WATER"
"பூவா,FLOWER"
"மணிமிடை,GEM_MIX"
"குவளை,KUVALAI"
"வால்நார்த்,WHITE_THREAD"
"தொடுத்த,TIED"
"கண்ணியும்,GARLAND"
"கலனும்,VESSEL"
"யானை,ELEPHANT"
"இனத்தொடு,WITH_HERD"
"பெற்றனர்,OBTAINED"
"நீங்கி,LEAVING"
"பசியார்,HUNGER"
"ஆகல்,BE"
"மாறுகொல்,REASON"
"விசிபிணிக்,TIGHT_BINDING"
"கூடுகொள்,NEST_TAKE"
"இன்னியம்,INNIYAM"
"கறங்க,RESOUND"
"ஆடலும்,DANCE"
"ஒல்லார்,NOT_ABLE"
"தம்பாடலும்,THEIR_SONG"
"மறந்தே,FORGOT"
"இரத்தல்,BEGGING"
"அரிது,DIFFICULT"
"பாடல்,SONG"
"எளிது,EASY"
"மோசிகீரனார்,CHERA_POET"
"கொண்கானங்கிழான்,KONKANANGKIZHAN"
"திரைபொரு,WAVE_FIGHT"
"முந்நீர்க்,SEA"
"கரைநணிச்,NEAR_SHORE"
"செலினும்,EVEN_IF_GO"
"அறியுநர்க்,KNOWERS"
"காணின்,IF_SEE"
"வேட்கை,DESIRE"
"நீக்கும்,REMOVE"
"சின்னீர்,SMALL_WATER"
"வினவுவர்,ASK"
"மாந்தர்,PEOPLE"
"அதுபோல்,LIKE_THAT"
"அரசர்,KINGS"
"உழையராகவும்,NEARBY"
"புரைதபு,FLAWLESS"
"வள்ளியோர்ப்,GENEROUS_PEOPLE"
"படர்குவர்,GO"
"புலவர்,POETS"
"அதனால்,THEREFORE"
"யானும்,I"
"பெற்றது,GOT"
"ஊதியம்,PROFIT"
"பேறியாது,WHAT_GAIN"
"என்னேன்,I_WILL_NOT_SAY"
"உற்றனென்,I_ACHIEVED"
"ஆதலின்,BECAUSE"
"உள்ளிவந்தனனே,THOUGHT_CAME"
"ஈ,FLY"
"என,SAY"
"இரத்தலோ,BEGGING"
"அரிதே,DIFFICULT"
"நீ,YOU"
"அது,THAT"
"நல்கினும்,EVEN_IF_GIVE"
"நல்காய்ஆயினும்,EVEN_IF_NOT_GIVE"
"வெல்போர்,VICTORIOUS_WAR"
"எறிபடைக்கு,THROWING_WEAPON"
"ஓடா,NOT_RUN"
"ஆண்மை,MASCULINITY"
"அறுவை,CLOTH"
"தூவிரி,WHITE_SPREAD"
"கடுப்ப,LIKE"
"துவன்றி,ABUNDANT"
"மீமிசை,TOP"
"தண்பல,COOL_MANY"
"இழிதரும்,FLOW_DOWN"
"அருவி,WATERFALL"
"நின்,YOUR"
"கொண்டுபெருங்கானம்,HAVING_GREAT_FOREST"
"பாடல்,SONG"
"எனக்கு,FOR_ME"
"எளிதே,EASY"
"ஞாயிறு,SUN"
"எதிர்ந்த,OPPOSED"
"நெருஞ்சி,NERUNCHI"
"வணர்கோட்டுச்,BENT_BRANCH"
"சீறியாழ்,SMALL_YAAZH"
"வாடுபுடை,SUFFER_SIDE"
"தழீஇ,EMBRACE"
"உணர்வோர்,KNOWERS"
"யார்,WHO"
"என்இடும்பை,MY_DISTRESS"
"தீர்க்க,REMOVE"
"என,SAY"
"கிளக்கும்,SPEAK"
"பாண,SINGER"
"கேளினி,HEAR_NOW"
"நயத்தின்,WITH_LOVE"
"பாழூர்,RUINED_VILLAGE"
"நெருஞ்சிப்,NERUNCHI"
"பசலை,PALLOR"
"வான்பூ,WHITE_FLOWER"
"ஏர்தரு,BEAUTY_GIVE"
"சுடரின்,FLAME"
"எதிர்கொண்டு,OPPOSITE_TAKE"
"ஆஅங்கு,LIKE_THAT"
"இலம்படு,SUFFERING"
"புலவர்,POETS"
"மண்டை,POT"
"விளங்குபுகழ்,SHINING_FAME"
"கொண்பெருங்காலத்துக்,KONPERUNKALATHU"
"கிழவன்,LORD"
"தண்தார்,COOL_GARLAND"
"அகலம்,CHEST"
"நோக்கின்,IF_LOOK"
"மலர்ந்தே,BLOOMED"
"இரண்டு,TWO"
"நன்கு,GOOD"
"உடைத்தே,HAVE"
"ஒன்று,ONE"
"நன்குடைய,GOOD_HAVING"
"பிறர்குன்றம்,OTHERS_HILL"
"என்றும்,EVER"
"இரண்டு,TWO"
"நன்குடைத்தே,GOOD_HAVING"
"கொண்பெருங்கானம்,KONPERUNKANAM"
"நச்சி,DESIRE"
"சென்ற,GONE"
"இரவலர்ச்,BEGGARS"
"சுட்டி,POINT"
"தொடுத்து,TIED"
"உண,FOOD"
"கிடப்பினும்,EVEN_IF_LAY"
"கிடக்கும்,LAY"
"அதான்று,THAT"
"நிறையருந்,FULL_DIFFICULT"
"தானை,ARMY"
"வேந்தரை,KINGS"
"திறைகொண்டு,TAX_TAKE"
"பெயர்க்கும்,CAUSE_GO"
"செம்மலும்,LORD"
"உடைத்தே,HAVE"
"ஏறைக்குத்,TO_ERAI"
"தகுமே,FIT"
"குறமகள்,HUNTER_WOMAN"
"இளவெயினி,ILAVEYINI"
"ஏறைக்கோன்,ERAIKON"
"குறவர்குடியினன்,HUNTER_CLAN"
"என்பது,SAYING"
"தமர்தன்,RELATIVES"
"தப்பின்,FAULT"
"அது,THAT"
"நோன்றல்லும்,ENDURE"
"பிறர்கை,OTHERS_HAND"
"யறவு,HELP"
"தான்,HE"
"நாணுதலும்,ASHAME"
"படைப்பழி,WEAPON_BLAME"
"தாரா,NOT_GIVE"
"மைந்தினன்,STRONG"
"ஆகலும்,BEING"
"வேந்துடை,KING_HAVING"
"அவையத்து,COURT"
"ஓங்குபு,HIGH"
"நடத்தலும்,WALKING"
"நும்மோர்க்கு,TO_YOU"
"தகுவன,FITTING"
"அல்ல,NOT"
"எம்மோன்,OUR_LORD"
"சிலை,BOW"
"செல,GO"
"மலர்ந்த,BLOOMED"
"மார்பின்,CHEST"
"கொலைவேல்,KILLING_SPEAR"
"கோடல்,FLOWER"
"கண்ணி,GARLAND"
"குறவர்,HUNTERS"
"பெருமகன்,GREAT_SON"
"ஆடுமழை,DANCING_CLOUD"
"தவிர்க்கும்,STOP"
"பயங்கெழு,RICH"
"மீமிசை,TOP"
"எற்படு,ANT_FALL"
"பொழுதின்,TIME"
"இனம்,HERD"
"தலைமயங்கி,HEAD_CONFUSE"
"கட்சி,GROUP"
"காணாக,NOT_SEEING"
"கடமான்,WILD_DEER"
"நல்லேறு,GOOD_BULL"
"மடமான்,SOFT_DEER"
"நாகு,COW"
"பிணை,DOE"
"பயிரின்,CRY"
"விடர்முழை,CAVE"
"இரும்புலிப்,GREAT_TIGER"
"புகர்ப்போத்து,SPOTTED_MALE"
"ஓர்க்கும்,HEAR"
"பெருங்கல்,GREAT_MOUNTAIN"
"நாடன்,LORD"
"எம்ஏறைக்குத்தகுமே,OUR_ERAIKU_FITS"
"உள்ளி,THINKING"
"வந்தெனன்,CAME"
"யானே,I"
"பெருஞ்சித்திரனார்,PERUNCHITRANAR"
"குமணன்,KUMANAN"
"எழுவர்வள்ளல்கள்,SEVEN_PATRONS"
"என்னும்,CALLED"
"குறிப்பு,HINT"
"முரசுகடிப்பு,DRUM_BIT"
"இகுப்பவும்,CAUSE_TO_SOUND"
"வால்வளை,WHITE_BANGLE"
"துவைப்பவும்,BEAT"
"அரசுடன்,WITH_KING"
"பொருத,FOUGHT"
"அண்ணல்,LORD"
"நெடுவரைக்,LONG_MOUNTAIN"
"கறங்கு,RESOUND"
"வெள்ளருவி,WHITE_WATERFALL"
"கல்,STONE"
"அலைத்து,STRIKE"
"ஒழுகும்,FLOW"
"பறம்பின்,PARAMPU"
"கோமான்,KING"
"பாரியும்,PARI"
"பிறங்குமிசை,HIGH_TOP"
"கொல்லி,KOLLI"
"ஆண்ட,RULED"
"வல்வில்ஓரியும்,STRONG_BOW_ORI"
"காரி,KARI"
"ஊர்ந்து,RIDE"
"பேரமர்க்,GREAT_BATTLE"
"கடந்த,CROSSED"
"மாரிஈகை,RAIN_CHARITY"
"மறப்போர்,VALIANT_WAR"
"மலையனும்,MALAYAN"
"ஊராது,NOT_RIDE"
"ஏந்திய,RAISED"
"குதிரைக்,HORSE"
"கூர்வேல்,SHARP_SPEAR"
"கூவிளங்,KOOVILAM"
"கண்ணி,GARLAND"
"கொடும்பூண்,CURVED_ORNAMENT"
"எழினியும்,EZHINI"
"ஈர்ந்தண்,COLD_COOL"
"சிலம்பின்,HILL"
"இருள்,DARKNESS"
"தூங்கும்,HANG"
"நளிமுழை,DEEP_CAVE"
"அருந்திறல்,DIFFICULT_POWER"
"கடவுள்,GOD"
"காக்கும்,PROTECT"
"உயர்சிமைப்,HIGH_PEAK"
"பெருங்கல்,GREAT_MOUNTAIN"
"நாடன்,LORD"
"பேகனும்,PEGAN"
"திருந்துமொழி,PERFECT_WORD"
"மோசி,MOSI"
"பாடிய,SANG"
"ஆயும்,AAY"
"ஆர்வமுற்று,LOVE_HAVING"
"உள்ளி,THINKING"
"வருநர்,COMERS"
"உலைவு,WEAKNESS"
"நனி,VERY"
"தீர,REMOVE"
"தள்ளாது,NOT_HESITATE"
"ஈயும்,GIVES"
"தகைசால்,DIGNIFIED"
"வண்மைக்,GENEROSITY"
"கொள்ளார்,ENEMIES"
"ஓட்டிய,DRIVEN"
"நள்ளையும்,NALLAI"
"என,SAY"
"ஆங்கு,THERE"
"எழுவர்,SEVEN"
"மாய்ந்த,DIED"
"பின்றை,AFTER"
"அழிவர,PERISH"
"பாடி,SINGING"
"வருநரும்,COMERS"
"பிறருங்,OTHERS"
"கூடி,JOIN"
"இரந்தோர்,BEGGARS"
"அற்றம்,DISTRESS"
"தீர்க்கென,REMOVE_SAY"
"விரைந்து,QUICKLY"
"இவண்,HERE"
"உள்ளி,THINKING"
"வந்தனென்,CAME"
"யானே,I"
"விசும்புஉற,SKY_TOUCH"
"கழைவளர்,BAMBOO_GROW"
"சிலம்பின்,HILL"
"வழையொடு,WITH_VALAI"
"நீடி,EXTEND"
"ஆசினிக்,ASINI"
"கவினிய,BEAUTIFUL"
"பலவின்,JACKFRUIT"
"ஆர்வுற்று,LOVE_HAVING"
"முட்புற,THORN_SIDE"
"முதுகனி,RIPE_FRUIT"
"பெற்ற,GOT"
"கடுவன்,MALE_MONKEY"
"துய்த்தலை,SOFT_HEAD"
"மந்தியை,FEMALE_MONKEY"
"கையிடூஉ,HAND_EXTEND"
"பயிரும்,CRY"
"அதிரா,NOT_SOUND"
"யாணர்,RENEWAL"
"முதிரத்து,MUTHIRAM"
"கிழவ,LORD"
"இவண்,HERE"
"விளங்குசிறப்பின்,SHINING_GLORY"
"இயல்தேர்க்,CHARIOT"
"குமண,KUMANA"
"இசைமேந்தோன்றிய,FAME_APPEARED"
"வண்மையொடு,WITH_GENEROSITY"
"பகைமேம்படுக,ENMITY_EXCEL"
"நீ,YOU"
"ஏந்திய,RAISED"
"வேலே,SPEAR"
"கொள்ளேன்,WILL_NOT_TAKE"
"கொள்வேன்,WILL_TAKE"
"வறுமை,POVERTY"
"வாழ்வின்,LIFE"
"ஒரு,ONE"
"கூற்றைய,ASPECT"
"காட்டும்,SHOW"
"சொல்லோவியம்,WORD_PAINTING"
"வாழும்நாளொடு,LIVING_DAYS"
"யாண்டுபல,MANY_YEARS"
"உண்மையின்,EXISTENCE"
"தீர்தல்செல்லாது,NOT_REMOVE"
"என்உயிர்,MY_LIFE"
"என,SAY"
"பலபுலந்து,MANY_GRIEVE"
"கோல்கால்,STICK_LEG"
"ஆக,BEING"
"குறும்பல,SMALL_MANY"
"ஒதுங்கி,AVOID"
"நூல்விரித்தன்ன,THREAD_SPREAD_LIKE"
"கதுப்பினள்,HAIR"
"கண்துயின்று,EYE_SLEEP"
"முன்றிற்,COURTYARD"
"போகா,NOT_GO"
"முதுவினள்,OLD_WORK"
"யாயும்,MOTHER"
"பசந்த,PALE"
"மேனியொடு,WITH_BODY"
"படர்அட,SUFFER"
"வருந்தி,SUFFER"
"மருங்கில்,SIDE"
"கொண்ட,TOOK"
"பல்குறுமாக்கள்,MANY_SHORT_CHILDREN"
"பிசைந்து,MIX"
"தினவாடிய,EAT_SUFFER"
"முலையள்,BREAST"
"பெரிது,GREAT"
"அழிந்து,DESTROY"
"குப்பைக்கீரை,HEAP_GREENS"
"கொய்கண்,PLUCK_EYE"
"அகைத்த,OPEN"
"முற்றா,NOT_RIPE"
"இளந்தளிர்,YOUNG_SPROUT"
"கொய்துகொண்டு,PLUCK_TAKE"
"உப்பின்று,WITHOUT_SALT"
"நீர்உலையாக,WATER_BOIL"
"ஏற்றி,BOIL"
"மோரின்று,WITHOUT_BUTTERMILK"
"அவிழ்பதம்,BOILED_CONDITION"
"மறந்து,FORGET"
"பாசடகு,RAFT"
"மிசைந்து,EAT"
"மாசொடு,WITH_DIRT"
"குறைந்த,REDUCED"
"உடுக்கையள்,DRESS"
"அறம்,RIGHTEOUSNESS"
"பழியாத்,NOT_BLAME"
"துவ்வாள்,NOT_EAT"
"ஆகிய,BECAME"
"என்வெய்யோளும்,MY_HOT_WOMAN"
"என்றாங்கு,THUS"
"இருவர்,TWO"
"நெஞ்சமும்,HEARTS"
"உவப்ப,REJOICE"
"கானவர்,JUNGLE_PEOPLE"
"கரிபுனம்,BURNT_FIELD"
"மயக்கிய,MIXED"
"அகன்கண்,WIDE_EYED"
"கொல்லை,FIELD"
"ஐவனம்,IVANAM_GRAIN"
"வித்தி,SOW"
"மையுற,DARKEN"
"கவினி,BEAUTIFUL"
"ஈனல்,BIRTH"
"செல்லா,NOT_GO"
"ஏனற்கு,TO_MILLET"
"இழுமென,SOUND"
"கருவிவானம்,RAIN_CLOUD"
"தலைஇ,START"
"யாங்கும்,EVERYWHERE"
"ஈத்த,GAVE"
"நின்புகழ்,YOUR_FAME"
"ஏத்தி,PRAISING"
"தொக்க,GATHERED"
"என்என்,MY"
"பசி,HUNGER"
"தினத்,EVERY_DAY"
"திரங்கிய,SUFFER"
"ஒக்கலும்,KIN"
"உவப்ப,REJOICE"
"உயர்ந்து,HIGH"
"ஏந்துமருப்பின்,RAISED_TUSK"
"கொல்களிறு,KILLING_ELEPHANT"
"பெறினும்,EVEN_IF_GET"
"தவிர்ந்துவிடு,STOP_LEAVE"
"பரிசில்,GIFT"
"கொள்ளலென்,I_WILL_NOT_TAKE"
"உவந்து,JOYFULLY"
"நீ,YOU"
"இன்புற,JOY"
"விடுதியாயின்,IF_YOU_LEAVE"
"சிறிது,SMALL"
"குன்றியும்,DECREASE"
"கொள்வல்,WILL_TAKE"
"கூர்வேற்,SHARP_SPEAR"
"குமண,KUMANA"
"அதற்பட,THAT_WAY"
"அருளல்,GRACE"
"வேண்டுவல்,WANT"
"விறற்புகழ்,VICTORY_FAME"
"வசையில்,FLAWLESS"
"விழுத்திணைப்,GOOD_CLAN"
"பிறந்த,BORN"
"இசைமேந்தோன்றல்,FAME_LORD"
"நிற்பாடிய,THOSE_SANG_YOU"
"யானே,I"
"புலி,TIGER"
"வரவும்,COMING"
"அம்புலியும்,MOON"
"வறுமையின்,POVERTY"
"ஒரு,ONE"
"சோகமான,SAD"
"காட்சி,SCENE"
"பற்றிய,ABOUT"
"சொல்லோவியம்,WORD_PAINTING"
"பரிசிலை,GIFT"
"விரும்பி,WANTING"
"அரசனை,KING"
"புகழ்ந்து,PRAISING"
"வேண்டுகின்றார்,ASK"
"புலவர்,POET"
"உருகெழு,FORM_HAVING"
"ஞாயிற்று,SUN"
"ஒண்கதிர்,BRIGHT_RAY"
"மிசைந்த,EAT"
"முளிபுல்,DRY_GRASS"
"கானம்,JUNGLE"
"குழைப்ப,SOFTEN"
"கல்லென,STONE_LIKE"
"அதிர்குரல்,RESOUNDING_VOICE"
"ஏறோடு,WITH_BULL"
"துளி,RAIN_DROP"
"சொரிந்தாங்கு,POURED_LIKE"
"பசி,HUNGER"
"தினத்,EVERY_DAY"
"திரங்கிய,SUFFER"
"கசிவுடை,MELTED"
"யாக்கை,BODY"
"அவிழ்புகு,BOIL_ENTER"
"அறியாது,NOT_KNOWING"
"ஆகலின்,BECAUSE"
"வாடிய,DRY"
"நெறிகொள்,PATH_TAKE"
"வரிக்குடர்,LINE_STOMACH"
"குனிப்ப,CONTRACT"
"தண்ணென,COOL"
"குய்கொள்,COOK"
"கொழுந்துவை,FAT"
"நெய்யுடை,GHEE_HAVING"
"அடிசில்,FOOD"
"சிறுபொன்,SMALL_GOLD"
"நன்கலஞ்,GOOD_VESSEL"
"சுற்ற,SURROUND"
"இரீஇ,PLACE"
"கோடின்றாக,POVERTY_NOT"
"பாடுநர்கடும்பு,SINGER_FAMILY"
"என,SAY"
"அரிதுபெறு,RARE_GET"
"பொலங்கலம்,GOLD_VESSEL"
"எளிதினின்,EASILY"
"வீசி,GIVE"
"நட்டோர்,FRIENDS"
"நட்ட,ESTABLISHED"
"நல்லிசைக்,GOOD_FAME"
"குமணன்,KUMANAN"
"மட்டார்,HONEY"
"மறுகின்,STREET"
"முதிரத்தோனே,MUTHIRATHONE"
"செல்குவையாயின்,IF_YOU_GO"
"நல்குவை,WILL_GIVE"
"பெரிது,GREAT"
"என,SAY"
"பல்புகழ்,MANY_FAME"
"நுவலுநர்,SPEAKERS"
"கூற,SAY"
"வல்விரைந்து,QUICKLY"
"உள்ளம்,HEART"
"துரப்ப,DRIVE"
"வந்தனென்,CAME"
"எள்ளுற்று,SCORN"
"இல்லுளை,HOUSE"
"குடுமிப்,TOP_KNOT"
"புதல்வன்,SON"
"பன்மாண்,MANY_EXCELLENT"
"பாலில்,IN_MILK"
"வறுமுலை,DRY_BREAST"
"சுவைத்தனன்,TASTED"
"பெறாஅன்,NOT_GET"
"கூழும்,FOOD"
"சோறும்,RICE"
"கடைஇ,DRIVE"
"ஊழின்,FATE"
"உள்ளில்,HOUSE"
"வருங்கலம்,COMING_VESSEL"
"திறந்து,OPEN"
"அழ,CRY"
"கண்டு,SEEING"
"மறப்புலி,FORGET_TIGER"
"உரைத்தும்,SPOKE"
"மதியம்,MOON"
"காட்டியும்,SHOWED"
"நொந்தனள்,GRIEVED"
"ஆகி,BEING"
"நுந்தையை,YOUR_FATHER"
"உள்ளி,THINKING"
"பொடிந்த,SMALL"
"நின்செவ்வி,YOUR_STATE"
"காட்டு,SHOW"
"என,SAY"
"பலவும்,MANY"
"வினவல்,ASKING"
"ஆனாளாகி,BEING"
"நனவின்,IN_WAKING"
"அல்லல்,DISTRESS"
"உழப்போள்,SUFFER"
"மல்லல்,RICH"
"சிறப்ப,GLORY"
"செல்லாச்,NOT_GOING"
"செல்வம்,WEALTH"
"மிகுந்தனை,INCREASE"
"வல்லே,QUICKLY"
"விடுதல்,LEAVE"
"வேண்டுவல்அத்தை,WANT"
"படுதிரை,WAVING_WAVE"
"நீர்சூழ்,WATER_SURROUND"
"நிலவரை,EARTH_LIMIT"
"உயர,HIGH"
"நின்,YOUR"
"சீர்கெழு,FAME_HAVING"
"விழுப்புகழ்,GOOD_FAME"
"ஏத்துகம்,WILL_PRAISE"
"பலவே,MANY"
"பின்,BEHIND"
"நின்று,STANDING"
"துரத்தும்,CHASE"
"பாடிப்,SINGING"
"பகடு,BULL"
"பெற்றது,GOT"
"நீண்டொலி,LONG_SOUND"
"அழுவம்,FIELD"
"குறைய,DECREASE"
"முகந்துகொண்டு,TAKING"
"ஈண்டுசெலல்,ABUNDANT_GOING"
"கொண்மூ,CLOUD"
"வேண்டுவயின்,WANTED_PLACE"
"குழீஇ,GATHER"
"பெருமலையன்ன,GREAT_MOUNTAIN_LIKE"
"தோன்றுதல்,APPEAR"
"சூன்முதிர்பு,MAGIC_AGE"
"உரும்உரறு,THUNDER_SOUND"
"கருவியொடு,WITH_CLOUD"
"பெயல்கடன்,RAIN_DUTY"
"இறுத்து,PERFORM"
"வள்மலை,WEALTH_MOUNTAIN"
"மாறி,CHANGE"
"என்றூழ்க்காலை,SUMMER_SEASON"
"மன்பதை,PEOPLE"
"எல்லாம்,ALL"
"சென்றுணர்,GO_KNOW"
"கங்கைக்,GANGES"
"கரைபொரு,SHORE_FIGHT"
"மலிநீர்,ABUNDANT_WATER"
"நிறைந்து,FULL"
"தோன்றியாங்கு,APPEARED_LIKE"
"எமக்கும்,TO_US"
"பிறர்க்கும்,TO_OTHERS"
"செம்மலையாகி,LORD_BEING"
"ஆகலின்,BECAUSE"
"அன்பில்,LOVE_NOT"
"ஆடவர்,MEN"
"கொன்று,KILL"
"ஆறு,PATH"
"கவர,STEAL"
"சென்று,GOING"
"தலைவருந,LEAD"
"அல்ல,NOT"
"அன்பின்று,LOVE_WITHOUT"
"வன்கலை,STRONG_STAG"
"தெவிட்டும்,BE_SATIATED"
"அருஞ்சுரம்,DIFFICULT_JUNGLE"
"இறந்தோர்க்கு,TO_THOSE_CROSSED"
"இற்றை,TODAY"
"நாளொடும்,WITH_DAY"
"யாண்டு,YEAR"
"தலைப்பெயர்,HEAD_NAME"
"என,SAY"
"கண்பொறி,EYE_SPOT"
"போகிய,GONE"
"கசிவொடு,WITH_MELT"
"உரன்அழிந்து,STRENGTH_DESTROYED"
"அருந்துயர்,DIFFICULT_SORROW"
"உழக்கும்,SUFFER"
"என்பெருந்துன்புறுவி,MY_GREAT_SORROW"
"நின்,YOUR"
"தாள்படு,LEG_FALL"
"செல்வம்,WEALTH"
"காண்டொறும்,EVERY_SEEING"
"மருள,CONFUSE"
"பனைமருள்,PALM_LIKE"
"தடக்கையொடு,WITH_LARGE_HAND"
"முத்துப்படு,PEARL_FALL"
"முற்றிய,FULL"
"유யர்மருப்பு,HIGH_TUSK"
"ஏந்திய,RAISED"
"வரைமருள்,MOUNTAIN_LIKE"
"நோன்பகடு,STRONG_BULL"
"ஒளிதிகழ்,LIGHT_SHINE"
"ஓடை,WATER"
"பொலிய,SHINE"
"மருங்கில்,SIDE"
"படுமணி,SOUNDING_BELL"
"இரட்ட,SOUND"
"ஏறி,CLIMB"
"செம்மாந்து,PROUD"
"செலல்நசைஇ,GOING_DESIRE"
"உற்றனென்,OBTAINED"
"விறல்மிகு,VICTORY_GREAT"
"குருசில்,LORD"
"இன்மை,POVERTY"
"துரப்ப,DRIVE"
"இசைதர,FAME_GIVE"
"வந்து,COME"
"நின்,YOUR"
"வண்மையில்,GENEROSITY"
"தொடுத்தஎன்,TIED_MY"
"நயந்தினை,LOVE"
"கேண்மதி,HEAR"
"வல்லினும்,EVEN_IF_ABLE"
"வல்லேன்ஆயினும்,EVEN_IF_ABLE"
"வல்லே,QUICKLY"
"என்அளந்து,MY_MEASURE"
"அறிந்தனை,KNOW"
"நோக்காது,NOT_LOOKING"
"சிறந்த,EXCELLENT"
"நின்,YOUR"
"அளந்து,MEASURE"
"அறிமதி,KNOW"
"பெரும,LORD"
"என்றும்,EVER"
"வேந்தர்,KINGS"
"நாண,SHAME"
"பெயர்வேன்,WILL_GO"
"சாந்தருந்தி,SANDAL_SMELL"
"பல்பொறிக்,MANY_SPOTS"
"கொண்ட,TOOK"
"ஏந்தெழில்,HIGH_BEAUTY"
"அகலம்,CHEST"
"மாண்இழை,EXCELLENT_JEWEL"
"மகளிர்,WOMEN"
"புல்லுதொறும்,EVERY_EMBRACE"
"புகல,SPEAK"
"நாள்முரசு,DAY_DRUM"
"இரங்கும்,RESOUND"
"இடனுடை,PLACE_HAVING"
"வரைப்பின்,ENCLOSURE"
"நின்,YOUR"
"தாள்நிழல்,LEG_SHADE"
"வாழ்நர்,LIVERS"
"நன்கலம்,GOOD_VESSEL"
"மிகுப்ப,INCREASE"
"வாளமர்,SWORD_BATTLE"
"உயர்ந்த,HIGH"
"நின்தானையும்,YOUR_ARMY"
"சீர்மிகு,GLORY_GREAT"
"செல்வமும்,WEALTH"
"ஏந்துகம்,WILL_RAISE"
"பலவே,MANY"
"இரவலர்அளித்த,BEGGARS_GIVEN"
"பரிசில்,GIFT"
"இளவெளிமான்,ILAVELIMAN"
"புலவர்,POET"
"பெருமிதம்,PRIDE"
"இரவலர்,BEGGARS"
"புரவலை,PATRON"
"நீயும்,YOU"
"அல்லை,NOT"
"புரவலர்,PATRONS"
"இரவலர்க்கு,TO_BEGGARS"
"இல்லையும்,NO"
"அல்லர்,NOT"
"இரவலர்,BEGGARS"
"உண்மையும்,EXISTENCE"
"காண்இனி,SEE_NOW"
"இரவலர்க்கு,TO_BEGGARS"
"ஈவோர்,GIVERS"
"உண்மையும்,EXISTENCE"
"காண்இனி,SEE_NOW"
"நின்ஊர்க்,YOUR_VILLAGE"
"கடுமரம்,FORT_TREE"
"வருந்த,SUFFER"
"தந்து,GIVING"
"யாம்,WE"
"பிணித்த,TIED"
"நெடுநல்யானை,LONG_GOOD_ELEPHANT"
"எம்பரிசில்,OUR_GIFT"
"கடுமான்தோன்றல்,FAST_HORSE_LORD"
"செல்வல்,WILL_GO"
"யானே,I"
"தமிழ்,TAMIL"
"உள்ளம்,HEART"
"புலவரின்,POET"
"மனைவி,WIFE"
"நின்,YOUR"
"நயந்து,LOVE"
"உறைநர்க்கும்,TO_LIVERS"
"நீ,YOU"
"நயந்து,LOVE"
"உறைநர்க்கும்,TO_LIVERS"
"பன்மாண்,MANY_GOOD"
"கற்பின்,CHASTITY"
"நின்கிளைமுதலோர்க்கும்,YOUR_RELATIVES_ELDERS"
"கடும்பின்,FAMILY"
"கடும்பசி,SEVERE_HUNGER"
"தீர,REMOVE"
"யாழ,YAAZH"
"நின்,YOUR"
"நெடுங்குறி,LONG_SIGN"
"எதிர்ப்பை,OPPOSITE"
"நல்கியோர்க்கும்,TO_THOSE_GAVE"
"இன்னோர்க்கு,TO_THESE"
"என்னாது,NOT_SAYING"
"என்னோடும்,WITH_ME"
"சூழாது,NOT_CONSIDER"
"வல்லாங்கு,SKILLFULLY"
"வாழ்தும்,WILL_LIVE"
"என்னாது,NOT_SAYING"
"நீயும்,YOU"
"எல்லோர்க்கும்,TO_ALL"
"கொடுமதி,GIVE"
"மனைகிழவோயே,HOME_LADY"
"பழந்தூங்கு,OLD_HANG"
"முதிரத்து,MUTHIRATHU"
"கிழவன்,LORD"
"திருந்துவேல்,PERFECT_SPEAR"
"குமணன்,KUMANAN"
"நல்கிய,GAVE"
"வளனே,WEALTH"
"வளைத்தாயினும்,EVEN_IF_BEND"
"கொள்வேன்,WILL_TAKE"
"பெருந்தலைச்சாத்தனார்,PERUNTHALAISATHANAR"
"தம்பியால்,BROTHER"
"நாடு,COUNTRY"
"கொள்ளப்பட்டுக்,TAKEN"
"குமணன்,KUMANAN"
"காட்டிடத்து,JUNGLE"
"மறைந்து,HIDE"
"வாழ்ந்த,LIVED"
"காலை,TIME"
"அவனை,HIM"
"கண்டு,SEEING"
"பாடியது,SANG"
"பரிசில்,GIFT"
"விரும்பி,WANTING"
"பாடுதலால்,BY_SINGING"
"பரிசில்கடாநிலை,GIFT_STATE"
"ஆயிற்று,BECAME"
"வாகைத்,VAGAI"
"திணையின்,THINAI"
"பகுதியாகிய,PART"
"கடைக்கூட்டுநிலைக்கு,FINAL_STATE"
"இளம்பூரணர்,ILAMPURANAR"
"எடுத்துக்காட்டுவர்,CITE"
"தொல்.புறத்.சூ.30,REFERENCE"
"ஆடுநனி,PLAY_VERY"
"மறந்த,FORGOT"
