Word,Entity,Explanation
**Poem 1**,,
செங்களம்பட,O,causing the battlefield to be red due to blood
கொன்று,O,verb meaning killed
அவுணர்,MYTH,demons destroyed by Murukan
தேய்த்த,O,verb meaning destroyed
செங்கோல்,WEAPON,thick red arrows
அம்பின்,WEAPON,arrows of Murukan
செங்கோட்டு,ANIMAL,elephant with red tusks
யானைக்,ANIMAL,elephant vehicle of Murukan
கழல்,OBJECT,whirling bracelets worn by Murukan
தொடிச்,OBJECT,bangles worn by Murukan
சேஎய்,DEITY,Murukan the red god
குன்றம்,MOUNTAIN,Murukan's mountain
குருதிப்,NATURE,blood-colored reference
பூவின்,FLOWER,blood-red flowers
குலைக்,PLANT,clusters of glory lilies
காந்தட்டு,FLOWER,Malabar glory lily blossoms
ஏ,O,expletive particle
**Poem 2**,,
கொங்கு,FOOD,honey or pollen collected by bees
தேர்,O,verb meaning choosing
வாழ்க்கை,O,noun meaning life
அஞ்சிறை்,INSECT,bee with beautiful wings
தும்பி,INSECT,bee addressed by the hero
காமம்,O,what you desire
செப்பாது,O,verb meaning not uttering
கண்டது,O,what you saw
மொழிமோ,O,please tell me (with expletive)
பயிலியது,O,verb meaning due to habit
கெழீஇய,O,adverb meaning greatly
நட்பின்,O,with love or friendship
மயில்,BIRD,peacock-like nature
இயல்,O,nature or behavior
செறி,O,adjective meaning perfect or close
எயிற்று,ANIMAL,with perfect teeth
அரிவை,PERSON,young woman
கூந்தலின்,O,like the young woman's hair
நறியவும்,O,adjective meaning with fragrance
உளவோ,O,verb meaning is it there
நீ,O,pronoun meaning you
அறியும்,O,verb meaning you know
பூ,FLOWER,flowers
ஏ,O,expletive particle
**Poem 3**,,
நிலத்தினும்,NATURE,larger than the earth
பெரிது,O,adjective meaning larger
ஏ,O,expletive particle
வானினும்,NATURE,higher than the sky
உயர்ந்தன்று,O,adjective meaning higher
நீரினும்,WATERBODY,harder to fathom than the ocean
ஆர்,O,adjective meaning difficult
அளவின்று,O,noun meaning without measure
ஏ,O,expletive particle
சாரல்,MOUNTAIN,mountain slopes
கருங்கோல்,PLANT,kurinji plants with dark stems
குறிஞ்சிப்,FLOWER,kurinji flowers
பூக்,FLOWER,flowers
கொண்டு,O,verb meaning using
பெருந்தேன்,FOOD,rich honey
இழைக்கும்,O,verb meaning they make
நாடனொடு,PERSON,with the man from the mountain country
நட்பே,O,friendship or love
**Poem 4**,,
நோம்,O,verb meaning aches
என்,O,pronoun meaning my
நெஞ்சே,O,noun meaning heart (vocative)
நோம்,O,verb meaning aches
என்,O,pronoun meaning my
நெஞ்சே,O,noun meaning heart (vocative)
இமை,O,body part meaning eyelids
தீய்ப்பன்ன,O,adjective meaning like burning
கண்ணீர்,NATURE,tears
தாங்கி,O,verb meaning wiped or blocked
அமைதற்கு,O,verb meaning to console
அமைந்த,O,adjective meaning perfect or gracious
நம்,O,pronoun meaning my
காதலர்,PERSON,my lover
அமைவு,O,noun meaning harmony
இலர்,O,adjective meaning without
ஆகுதல்,O,verb meaning becoming
நோம்,O,verb meaning aches
என்,O,pronoun meaning my
நெஞ்சே,O,noun meaning heart (vocative)
**Poem 5**,,
அது,O,pronoun meaning that
கொல்,O,particle implying doubt
தோழி,PERSON,my friend
காம,O,love or desire
நோயே,O,noun meaning affliction or disease
வதி,BIRD,residing herons or egrets
குருகு,BIRD,herons or egrets
உறங்கும்,O,verb meaning sleeping
இன்,O,adjective meaning sweet
நிழல்,NATURE,sweet shade
புன்னை,PLANT,Indian Laurel tree
உடை,WATERBODY,breaking waves
திரை,WATERBODY,waves
திவலை,WATERBODY,water spray
அரும்பும்,O,verb meaning they put out buds
தீ,NATURE,sweet or pure
நீர்,WATERBODY,water
மெல்லம்,O,adjective meaning delicate
புலம்பன்,PERSON,lord of the delicate seashore
பிரிந்தென,O,since he has left
பல்லிதழ்,FLOWER,flowers with many petals
உண்கண்,O,eyes with kohl
பாடு,O,noun meaning sleep
ஒல்லாவே,O,verb meaning they do not agree
**Poem 6**,,
நள்ளென்றன்று,NATURE,with dense darkness
ஏ,O,expletive particle
சொல்,O,words
அவிந்து,O,verb meaning died down
இனிது,O,adverb meaning sweetly
அடங்கினர்,O,verb meaning they have slept
ஏ,O,expletive particle
மாக்கள்,PERSON,humans or family members
முனிவின்றி,O,without stress or malice
நனந்தலை,STRUCTURE,wide place
உலகமும்,STRUCTURE,the whole world
துஞ்சும்,O,verb meaning sleeps
ஓர்,O,adjective meaning alone
யான்,O,pronoun meaning I
மன்ற,O,particle implying certainty
துஞ்சாதேன்,O,verb meaning I am not sleeping
ஏ,O,expletive particle
**Poem 7**,,
வில்லோன்,WARRIOR,the man bearing a bow
காலன,O,on his feet
கழல்,OBJECT,warrior anklets
ஏ,O,expletive particle
தொடியோள்,PERSON,the young woman wearing bangles
மெல்லடி,O,delicate feet
மேலவும்,O,are on them
சிலம்பு,OBJECT,anklets
ஏ,O,expletive particle
நல்லோர்,PERSON,good people
யார்,O,pronoun meaning who
கொல்,O,particle implying doubt
அளியர்,O,adjective meaning they are pitiable
தாம்,O,expletive particle
ஏ,O,expletive particle
ஆரியர்,TRIBE,Aryans
கயிறாடு,PROFESSION,acrobats walking on a rope
பறையின்,OBJECT,like the drum
கால்,NATURE,due to the winds blowing
பொர,O,verb meaning blow against
கலங்கி,O,verb meaning tremble
வாகை,PLANT,Sirissa Tree
வெண்,PLANT,light colored seed pods
நெற்று,PLANT,seed pods
ஒலிக்கும்,O,verb meaning rattle
வேய்,PLANT,bamboo
பயில்,O,adjective meaning filled
அழுவம்,DESERT,forest or wasteland
முன்னியோர்,PERSON,those who are going
ஏ,O,expletive particle
**Poem 8**,,
கழனி,FIELD,agricultural field
மாஅத்து,FRUIT,of a mango tree
விளைந்து,O,verb meaning ripening
உகு,O,verb meaning dropping
தீம்,O,adjective meaning sweet
பழம்,FRUIT,fruits
பழன,WATERBODY,of a pond
வாளை,FISH,valai fish
கதூஉம்,O,verb meaning catches and bites
ஊரன்,PERSON,the man from such town
எம்,O,pronoun meaning our or my
இல்,STRUCTURE,at my place
பெருமொழி,O,great words
கூறி,O,verb meaning talking
தம்,O,pronoun meaning his own
இல்,STRUCTURE,in his house
கையும்,O,hands
காலும்,O,legs
தூக்கத்,O,to lift
தூக்கும்,O,verb meaning lifts
ஆடிப்,OBJECT,puppet
பாவை,OBJECT,reflection or image
போல,O,like
மேவன,O,verb meaning honors
செய்யும்,O,verb meaning does
தன்,O,pronoun meaning his
புதல்வன்,PERSON,son
தாய்க்கு,PERSON,to the mother
ஏ,O,expletive particle
**Poem 9**,,
யாய்,PERSON,woman with tolerant motherly nature
ஆகியளே,O,verb meaning she became
மாஅயோளே,PERSON,the dark colored woman
மடை,O,clasp
மாண்,O,adjective meaning fine
செப்பில்,OBJECT,in a box
தமிய,O,adverb meaning by themselves
வைகிய,O,verb meaning placed
பெய்யாப்,O,adjective meaning not worn
பூவின்,FLOWER,like flowers
மெய்,O,body
சாயினளே,O,verb meaning her body has wilted
பாசடை,PLANT,green leaves
நிவந்த,O,verb meaning rising above
கணைக்கால்,PLANT,thick-stemmed
நெய்தல்,FLOWER,blue or white waterlilies
இனமீன்,FISH,shoals of fish
இருங்கழி,WATERBODY,dark backwaters
ஓதம்,WATERBODY,floods or waves
மல்குதொறும்,O,whenever the water levels increase
கயம்,WATERBODY,ponds
மூழ்கு,O,verb meaning bathe
மகளிர்,PERSON,women
கண்ணின்,O,like eyes
மானும்,O,verb meaning they appear
தண்ணம்,O,adjective meaning cool and beautiful
துறைவன்,PERSON,lord of the seashore
கொடுமை,O,cruelty
நம்,O,pronoun meaning our
முன்,O,in front
நாணி,O,adjective meaning ashamed
கரப்பாடும்மே,O,verb meaning she hides it
**Poem 10**,,
யாய்,PERSON,she who is like a mother
ஆகியளே,O,verb meaning she became
விழவு,O,happiness or prosperity
முதலாட்டி,PERSON,she who brought joy
பயறு,FOOD,green gram lentil
போல்,O,like
இணர,FLOWER,in the clusters
பைந்தாது,FOOD,fresh pollen
படீஇயர்,O,for the pollen to fall on them
உழவர்,PROFESSION,farmers
வாங்கிய,O,verb meaning pulled or bent
கமழ்பூ,FLOWER,fragrant flowers
மென்,O,adjective meaning delicate
சினை,PLANT,delicate branches
காஞ்சி,PLANT,portia trees
ஊரன்,PERSON,man from town with kanchi trees
கொடுமை,O,cruelty
கரந்தனள்,O,verb meaning she hides
ஆகலின்,O,conjunction meaning so
நாணிய,O,adverb meaning with shame
வரும்,O,verb meaning he will come
ஏ,O,expletive particle
**Poem 11**,,
கோடு,OBJECT,conch shells
ஈர்,O,cutting and made
இலங்கு,O,adjective meaning bright
வளை,OBJECT,bangles
ஞெகிழ,O,verb meaning becoming loose
நாடொறும்,O,adverb meaning every day
பாடில,O,adjective meaning without sleep
கலிழும்,O,adjective meaning crying
கண்ணொடு,O,with eyes
புலம்பி,O,verb meaning being alone
ஈங்கு,O,adverb meaning here
இவண்,O,adverb meaning here
உறைதலும்,O,verb meaning to live
உய்குவம்,O,verb meaning let us escape
ஆங்கே,O,adverb meaning there
எழு,O,verb meaning wake up
இனி,O,adverb meaning now
வாழி,O,expletive particle
என்,O,pronoun meaning my
நெஞ்சே,O,noun meaning heart (vocative)
முனாது,O,in front of us
குல்லைக்,FLOWER,basil or cannabis garlands
கண்ணி,OBJECT,garlands
வடுகர்,TRIBE,Telugu speaking people
முனையது,REGION,in the place with enmity
பல்வேல்,WEAPON,Katti with many spears
கட்டி,KING,Katti the chieftain
நன்னாட்டு,REGION,fine country
உம்பர்,REGION,beyond
மொழிபெயர்,O,different language
தேஎத்தர்,PERSON,people of that nation
ஆயினும்,O,conjunction meaning even so
வழிபடல்,O,to go on that path
சூழ்ந்திசின்,O,verb meaning I have considered
அவருடை,O,pronoun meaning his
நாட்டு,REGION,to the country
ஏ,O,expletive particle
**Poem 12**,,
எறும்பி,ANIMAL,ant tunnels
அளையின்,STRUCTURE,like tunnels
குறும்பல்,O,adjective meaning many small
சுனைய,WATERBODY,with springs or ponds
உலைக்கல்,OBJECT,anvils of blacksmiths
அன்ன,O,like
பாறை,MOUNTAIN,on boulders
ஏறி,O,verb meaning climbing
கொடு,WEAPON,curved
வில்,WEAPON,bows
எயினர்,WARRIOR,Eyinar tribe warriors
பகழி,WEAPON,arrows
மாய்க்கும்,O,verb meaning they sharpen
கவலைத்து,O,noun meaning with forks
என்ப,O,verb meaning they say
அவர்,O,pronoun meaning he
சென்ற,O,verb meaning went
ஆறே,PATH,the path
அது,O,pronoun meaning that
மற்று,O,expletive particle
அவலம்,O,noun meaning worry
கொள்ளாது,O,verb meaning not worrying
நொதுமல்,O,adjective meaning harsh
கழறும்,O,verb meaning it taunts
இ,O,pronoun meaning this
அழுங்கல்,O,adjective meaning uproarious
ஊர்,STRUCTURE,town
ஏ,O,expletive particle
**Poem 13**,,
மாசு,O,noun meaning blemish
அற,O,adverb meaning without
கழீஇய,O,verb meaning washed
யானை,ANIMAL,like an elephant
போல,O,like
பெரும்,NATURE,heavy
பெயல்,NATURE,rain
உழந்த,O,verb meaning cleaned
இரும்,O,adjective meaning dark or large
பிணர்த்,O,adjective meaning rough
துறுகல்,MOUNTAIN,boulder
பைதல்,O,adjective meaning wet or cool
ஒரு,O,adjective meaning one
தலை,PLACE,a place
சேக்கும்,O,verb meaning was with me
நாடன்,PERSON,the man from such country
நோய்,O,noun meaning disease
தந்தனனே,O,verb meaning he gave
தோழி,PERSON,my friend
பசலை,O,pallor
ஆர்ந்த,O,verb meaning they have become yellow
நம்,O,pronoun meaning my
குவளை,FLOWER,blue waterlily
அம்,O,adjective meaning beautiful
கண்ணே,O,noun meaning eyes
**Poem 14**,,
அமிழ்து,FOOD,nectar
பொதி,O,verb meaning filled
செந்நா,O,red tongue
அஞ்ச,O,verb meaning to fear
வந்த,O,adjective meaning that causes
வார்ந்து,O,adverb meaning straight
இலங்கு,O,adjective meaning bright
வை,O,adjective meaning sharp
எயிற்று,ANIMAL,with sharp teeth
சின்மொழி,O,adjective meaning of few words
அரிவையை,PERSON,the young woman
பெறுக,O,verb meaning may I attain
தில்,O,particle signifying desire
அம்ம,O,expletive particle
பெற்றாங்கு,O,after attaining her
அறிக,O,verb meaning let the people know
தில்,O,particle signifying time
அம்ம,O,expletive particle
இவ்வூரே,STRUCTURE,this town
மறுகில்,STRUCTURE,in the streets
நல்லோள்,PERSON,good woman
கணவன்,PERSON,husband
இவன்,O,pronoun meaning he
என்று,O,conjunction meaning that
பல்லோர்,PERSON,many people
கூற,O,verb meaning when they talk
யாஅம்,O,pronoun meaning both of us
நாணுகம்,O,verb meaning we will be shy
சிறிது,O,adverb meaning a little bit
ஏ,O,expletive particle
**Poem 15**,,
பறைபட,OBJECT,as parai drums roared
பணிலம்,OBJECT,conch shells
ஆர்ப்ப,O,verb meaning created loud sounds
இறை,O,verb meaning staying
கொள்பு,O,verb meaning taking
தொன்,O,adjective meaning old and ancient
மூது,O,adjective meaning ancient
ஆலத்து,PLANT,banyan tree's
பொதியில்,STRUCTURE,under the tree in common grounds
தோன்றிய,O,verb meaning appeared
நாலூர்,STRUCTURE,four villages
கோசர்,TRIBE,Kosar tribe
நன்மொழி,O,good oaths
போல,O,like
வாயாகின்று,O,verb meaning this is the truth
ஏ,O,expletive particle
தோழி,PERSON,O friend
ஆய்,O,adjective meaning beautiful
கழல்,OBJECT,warrior anklets
சேய்,O,adjective meaning red
இலை,WEAPON,red tip
வெள்வேல்,WEAPON,white spear
விடலையொடு,WARRIOR,with the young man
தொகு,O,adjective meaning together
வளை,OBJECT,bangles
முன்கை,O,forearms
மடந்தை,PERSON,young woman
நட்பு,O,friendship or love
ஏ,O,expletive particle
**Poem 16**,,
உள்ளார்,O,verb meaning does he think
கொல்,O,particle implying doubt
ஓ,O,expletive particle
தோழி,PERSON,friend
கள்வர்,PROFESSION,thieves or highway robbers
தம்,O,pronoun meaning their
பொன்,WEAPON,iron
புனை,O,adjective meaning made
பகழி,WEAPON,arrows
செப்பங்கொண்மார்,O,verb meaning to clean them
உகிர்,O,fingernail ends
நுதி,O,tips
புரட்டும்,O,verb meaning they scratch
ஓசை,NATURE,sounds
போல,O,like
செங்கால்,BIRD,red-legged
பல்லி,ANIMAL,lizard
தன்,O,pronoun meaning its
துணை,ANIMAL,partner
பயிரும்,O,verb meaning calls
அம்,O,adjective meaning beautiful
கால்,PLANT,stems
கள்ளியங்,PLANT,kalli plants
காடு,DESERT,forest filled with kalli
இறந்தோர்,PERSON,one who went
ஏ,O,expletive particle
**Poem 17**,,
மாவென,O,as if the palm fronds were horses
மடலும்,VEHICLE,palm frond horses
ஊர்ப,O,verb meaning they will ride
பூவென,FLOWER,as signature flowers
குவி,O,adjective meaning pointed
முகிழ்,FLOWER,pointed buds
எருக்கங்கண்ணியும்,FLOWER,erukkam flower strands
சூடுப,O,verb meaning they will wear
மறுகின்,STRUCTURE,on the streets
ஆர்க்கவும்,O,verb meaning suffer ridicule
படுப,O,verb meaning they will suffer
பிறிதும்,O,adverb meaning even
ஆகுப,O,verb meaning they will court
காமம்,O,love
காழ்க்,O,verb meaning ripens
கொளினே,O,if it goes to seed
**Poem 18**,,
வேரல்,PLANT,bamboo
வேலி,STRUCTURE,fences
வேர்க்கோட்,PLANT,with clusters on the roots
பலவின்,FRUIT,of jackfruit trees
சாரல்,MOUNTAIN,mountain slopes
நாட,PERSON,O man from the mountain slopes
செவ்வியை,O,adjective meaning right or perfect
ஆகுமதி,O,verb meaning do the right thing
யார்,O,pronoun meaning who
அஃது,O,pronoun meaning that
அறிந்திசினோரே,O,verb meaning knows
சாரல்,MOUNTAIN,mountain slopes
சிறு,O,adjective meaning small
கோட்டு,PLANT,on the small branches
பெரும்பழம்,FRUIT,large jackfruits
தூங்கியாங்கு,O,like how they hang
இவள்,O,pronoun meaning her
உயிர்,O,life
தவ,O,adverb meaning very
சிறிது,O,adjective meaning short
காமம்,O,love
ஓ,O,expletive particle
பெரிது,O,adjective meaning large
ஏ,O,expletive particle
**Poem 19**,,
எவ்வி,KING,patron Evvi who was lost
இழந்த,O,verb meaning those who lost
வறுமை,O,noun meaning poverty
யாழ்ப்,OBJECT,lute
பாணர்,PROFESSION,lute bards
பூ,OBJECT,gold ornaments
இல்,O,adjective meaning without
வறுந்தலை,O,heads without adornments
போல,O,like
புல்லென்று,O,adjective meaning dull
இனைமதி,O,verb meaning may you become sad
வாழிய,O,expletive particle
நெஞ்சே,O,noun meaning heart (vocative)
மனை,STRUCTURE,in the house yard
மரத்து,PLANT,on the vine on the tree
எல்,NATURE,brightness
உறு,O,adjective meaning with
மௌவல்,FLOWER,fragrant wild jasmine
நாறும்,O,verb meaning fragrant
பல்,O,adjective meaning many
இருங்கூந்தல்,O,thick black hair (personification)
யாரளோ,PERSON,who is she
நமக்கு,O,pronoun meaning to us
ஏ,O,expletive particle
**Poem 20**,,
அருளும்,O,grace
அன்பும்,O,kindness
நீக்கி,O,verb meaning remove
துணை,PERSON,spouse or partner
துறந்து,O,verb meaning leaving
பொருள்வயின்,O,to earn wealth
பிரிவோர்,PERSON,those who separate
உரவோர்,O,adjective meaning if they are intelligent
ஆயின்,O,conjunction meaning if
உரவோர்,O,adjective meaning the intelligent one
உரவோர்,O,adjective meaning intelligent
ஆக,O,verb meaning let him be
மடவம்,O,adjective meaning let us be the stupid ones
ஆக,O,verb meaning let us be
மடந்தை,PERSON,naive or tender woman
நாம்,O,pronoun meaning we
ஏ,O,expletive particle
Word,Entity,Explanation
**Poem 21**,,
வண்டுபட,INSECT,bees falling or swarming
ததைந்த,O,verb meaning blossomed densely
கொடி,PLANT,long strands of flower bunches
இணர்,FLOWER,flower bunches
இடையிடுபு,O,verb meaning placed between
பொன்,OBJECT,gold
செய்,O,verb meaning made of
புனை,O,adjective meaning beautiful
இழை,CLOTHING,jewels
கட்டிய,O,verb meaning tied in hair
மகளிர,PERSON,women
கதுப்பின்,O,like their hair
தோன்றும்,O,verb meaning appearing
புதுப்,FLOWER,fresh
பூங்கொன்றை,FLOWER,laburnum flowers
கானம்,FOREST,forest
கார்,NATURE,rainy season
என,O,conjunction meaning that
கூறினும்,O,verb meaning even if it's said
யானோ,O,pronoun meaning I
தேறேன்,O,verb meaning I do not believe it
அவர்,PERSON,my lover
பொய்,O,lies
வழங்கலர்,O,verb meaning he does not tell
ஏ,O,expletive particle
**Poem 22**,,
நீர்,NATURE,tears
வார்,O,verb meaning dripping
கண்ணை,O,with tear-dripping eyes
நீ,O,pronoun meaning you
இவண்,O,adverb meaning here
ஒழிய,O,verb meaning staying here
யாரோ,PERSON,who can leave you
பிரிகிற்பவரே,PERSON,the one who can leave
சாரல்,MOUNTAIN,mountain slopes
சிலம்பு,MOUNTAIN,mountain
அணி,O,adjective meaning adorned
கொண்ட,O,verb meaning made beautiful
வலம்,O,adjective meaning right
சுரி,O,adjective meaning whorled
மராஅத்து,FLOWER,kadampam flowers
வேனில்,NATURE,summer
அம்,O,adjective meaning beautiful
சினை,PLANT,tree branches
கமழும்,O,verb meaning fragrant
தேம்,FOOD,bee-swarming fragrance
ஊர்,O,verb meaning spreading
ஒண்ணுதல்,PERSON,O woman with bright forehead
நின்னொடும்,O,pronoun meaning with you
செலவு,O,verb meaning he will leave
ஏ,O,expletive particle
**Poem 23**,,
அகவன்,PROFESSION,diviner woman who invites god
மகளே,PERSON,O diviner woman
அகவன்,PROFESSION,diviner woman
மகளே,PERSON,O diviner woman
மனவு,OBJECT,tiny conch shells
கோப்பு,O,strung or tied together
அன்ன,O,like
நல்,O,adjective meaning nice
நெடுங்கூந்தல்,O,long hair
அகவன்,PROFESSION,diviner woman
மகளே,PERSON,O diviner woman
பாடுக,O,verb meaning sing
பாட்டே,O,noun meaning the song
இன்னும்,O,adverb meaning again
பாடுக,O,verb meaning sing
பாட்டு,O,noun meaning the song
அவர்,O,pronoun meaning his
நன்,O,adjective meaning fine
நெடும்,O,adjective meaning tall
குன்றம்,MOUNTAIN,his mountains
பாடிய,O,verb meaning you sang
பாட்டு,O,noun meaning the song
ஏ,O,expletive particle
**Poem 24**,,
கருங்கால்,PLANT,dark-trunked
வேம்பின்,PLANT,of the neem trees
ஒண்,FLOWER,bright
பூ,FLOWER,flowers
யாணர்,NATURE,abundant new blossoms
என்,O,pronoun meaning my
ஐ,PERSON,lover or man
இன்றியும்,O,without
கழிவது,O,verb meaning will they pass
கொல்,O,particle implying doubt
ஓ,O,expletive particle
ஆற்று,WATERBODY,near the river
அயல்,PLACE,nearby
எழுந்த,O,verb meaning growing
வெண்கோட்டு,PLANT,with white branches
அதவத்து,PLANT,of the fig tree
எழு,ANIMAL,seven
குளிறு,ANIMAL,crabs
மிதித்த,O,verb meaning stepped on
ஒரு,O,adjective meaning one
பழம்,FRUIT,fruit
போல,O,like
குழைய,O,verb meaning for me to be distressed
கொடியோர்,PERSON,cruel people
நா,O,tongues
ஏ,O,expletive particle
காதலர்,PERSON,my lover
அகல,O,verb meaning since he has gone
கல்லென்றவ்வே,O,verb meaning they are noisy
**Poem 25**,,
யாரும்,O,pronoun meaning nobody
இல்லைத்,O,verb meaning was not there
தானே,O,pronoun meaning he
கள்வன்,PERSON,the thief who was there
தான்,O,pronoun meaning he
அது,O,pronoun meaning that
பொய்ப்பின்,O,verb meaning if he does not keep promise
யான்,O,pronoun meaning I
எவன்,O,pronoun meaning what
செய்கோ,O,verb meaning can I do
தினைத்,FOOD,millet
தாள்,PLANT,millet stalks
அன்ன,O,like
சிறு,O,adjective meaning thin
பசுங்கால,O,with green legs
ஒழுகு,WATERBODY,running water
நீர்,WATERBODY,stream
ஆரல்,FISH,eels
பார்க்கும்,O,verb meaning looking for
குருகும்,BIRD,heron was there
உண்டு,O,verb meaning was there
தான்,O,pronoun meaning he
மணந்த,O,verb meaning when he took me
ஞான்று,O,on that day
ஏ,O,expletive particle
**Poem 26**,,
அரும்பு,FLOWER,buds
அற,O,adverb meaning totally
மலர்ந்த,FLOWER,blossomed
கருங்கால்,PLANT,dark colored trunks
வேங்கை,FLOWER,kino trees
மேக்கு,O,above
எழு,O,verb meaning rising
பெருஞ்சினை,PLANT,large branches
இருந்த,O,verb meaning were there
தோகை,BIRD,peacocks
பூக்கொய்,PERSON,women who pluck flowers
மகளிரின்,PERSON,like the women
தோன்று,O,verb meaning they appear
நாடன்,PERSON,the man from such country
தகாஅன்,O,adjective meaning not a fit
போல,O,like
தான்,PERSON,the fortune teller
தீது,O,adjective meaning ill
மொழியினும்,O,verb meaning even if she has said
தன்,O,pronoun meaning his
கண்,O,eyes
கண்டது,O,what his eyes had seen
பொய்க்குவது,O,verb meaning he will lie
அன்று,O,adverb meaning not
ஏ,O,expletive particle
தேன்,FRUIT,sweet mango fruits
கொக்கு,PLANT,mango tree
அருந்தும்,O,verb meaning it eats
முள்,ANIMAL,sharp
எயிற்று,ANIMAL,with sharp teeth
துவர்,O,adjective meaning red
வாய்,O,mouth
வரை,MOUNTAIN,in the mountain
ஆடு,O,verb meaning playing
வன்,O,adjective meaning strong
பறழ்,ANIMAL,strong child
தந்தை,ANIMAL,father
கடுவனும்,ANIMAL,also the male monkey
அறியும்,O,verb meaning he knows
அக்கொடியோனை,PERSON,that cruel man
ஏ,O,expletive particle
**Poem 27**,,
கன்றும்,ANIMAL,the calf
உண்ணாது,O,verb meaning does not drink
கலத்தினும்,OBJECT,into the bowl
படாது,O,verb meaning it does not fall
நல்,O,adjective meaning fine
ஆன்,ANIMAL,cow
தீம்பால்,FOOD,sweet milk
நிலத்து,NATURE,on the ground
உக்காஅங்கு,O,like it falls on the ground
எனக்கும்,O,pronoun meaning to me
ஆகாது,O,verb meaning it does not benefit
என்,O,pronoun meaning my
ஐக்கும்,PERSON,to my lover
உதவாது,O,verb meaning it does not benefit
பசலை,O,pallor
உணீஇயர்,O,verb meaning it desires to ruin
வேண்டும்,O,verb meaning it needs to
திதலை,O,faded spots
அல்குல்,O,on my loins
என்,O,pronoun meaning my
மாமைக்,O,dark hued beauty
கவினே,O,noun meaning beauty
**Poem 28**,,
முட்டுவேன்,O,verb meaning will I hit
கொல்,O,particle implying doubt
தாக்குவேன்,O,verb meaning will I attack
கொல்,O,particle implying doubt
ஓரேன்,O,verb meaning I do not know
யானும்,O,pronoun meaning I
ஓர்,O,adjective meaning one
பெற்றி,O,noun meaning pretext
மேலிட்டு,O,verb meaning using
ஆஅ,O,sound of screaming
ஒல்லென,O,sound of screaming
கூவுவேன்,O,verb meaning will I shout
கொல்,O,particle implying doubt
அலமரல்,O,adjective meaning swirling
அசை,O,adjective meaning moving
வளி,NATURE,wind or breeze
அலைப்ப,O,verb meaning causing distress
என்,O,pronoun meaning my
உயவு,O,adjective meaning painful
நோய்,O,noun meaning disease
அறியாது,O,verb meaning not understanding
துஞ்சும்,O,verb meaning sleeping
ஊர்க்கு,STRUCTURE,to the sleeping town
ஏ,O,expletive particle
**Poem 29**,,
நல்,O,adjective meaning good
உரை,O,words
இகந்து,O,verb meaning removing
புல்,O,adjective meaning worthless
உரை,O,words
தாஅய்,O,verb meaning spreading
பெயல்,NATURE,pouring rain
நீர்க்கு,WATERBODY,to the rain water
ஏற்ற,O,verb meaning accepted
பசுங்கலம்,OBJECT,unfired clay pot
போல,O,like
உள்ளம்,O,heart or mind
தாங்கா,O,verb meaning unable to contain
வெள்ளம்,NATURE,flood
நீந்தி,O,verb meaning swimming
அரிது,O,adjective meaning hard to get
அவா,O,noun meaning desire
உற்றனை,O,verb meaning you desired
நெஞ்சே,O,noun meaning heart (vocative)
நன்றும்,O,adverb meaning very
பெரிது,O,adjective meaning great
ஆல்,O,expletive particle
அம்ம,O,expletive particle
நின்,O,pronoun meaning your
பூசல்,O,noun meaning struggles
உயர்,O,adjective meaning tall
கோட்டு,PLANT,tall branches
மகவுடை,ANIMAL,with a baby
மந்தி,ANIMAL,female monkey
போல,O,like
அகன்,O,adverb meaning in mind
உற,O,adverb meaning accepting
தழீஇ,O,verb meaning embracing
கேட்குநர்,PERSON,one who will listen
பெறின்,O,verb meaning if obtained
ஏ,O,expletive particle
**Poem 30**,,
கேட்டிசின்,O,verb meaning listen
வாழி,O,expletive particle
தோழி,PERSON,O friend
அல்கல்,NATURE,at night
பொய்வலாளன்,PERSON,the man who is a liar
மெய்யுறல்,O,embracing my body
மரீஇய,O,verb meaning hugging
வாய்த்தகை,O,noun meaning seemed like truth
பொய்க்கனா,O,false dream
மருட்ட,O,verb meaning confused
ஏற்று,O,verb meaning woke up realizing
எழுந்து,O,verb meaning rising
அமளி,OBJECT,mattress
தைவந்தனன்,O,verb meaning I still caressed
ஏ,O,expletive particle
குவளை,FLOWER,blue waterlily
வண்டுபட,INSECT,attacked by bees
மலரின்,FLOWER,like a flower
சாஅய்,O,verb meaning growing lean
தமியேன்,O,adjective meaning lonely me
மன்ற,O,particle implying certainty
அளியேன்,O,adjective meaning I am pitiful
யான்,O,pronoun meaning I
ஏ,O,expletive particle
**Poem 31**,,
மள்ளர்,WARRIOR,warriors
குழீஇய,O,verb meaning gathered
விழவினானும்,STRUCTURE,in the festival
மகளிர்,PERSON,women
தழீஇய,O,verb meaning hugging
துணங்கையானும்,O,in the thunangai dances
யாண்டும்,O,adverb meaning those places
காணேன்,O,verb meaning I cannot find
மாண்டக்கோனை,PERSON,my esteemed noble man
யானும்,O,pronoun meaning I
ஓர்,O,adjective meaning a
ஆடுகள,O,noun meaning dancer
மகளே,PERSON,I am a dancer
என்,O,pronoun meaning my
கைக்,O,hands
கோடு,OBJECT,conch shells
ஈர்,O,cutting and made
இலங்கு,O,adjective meaning bright
வளை,OBJECT,bangles
நெகிழ்த்த,O,verb meaning made them loose
பீடுகெழு,O,adjective meaning with pride
குரிசிலும்,PERSON,the lord
ஓர்,O,adjective meaning a
ஆடுகள,O,noun meaning dancer
மகனே,PERSON,he is a dancer
**Poem 32**,,
காலையும்,NATURE,in the mornings
பகலும்,NATURE,during the days
கை,O,adjective meaning helpless
அறு,O,verb meaning separated
மாலையும்,NATURE,in the evenings
ஊர்,STRUCTURE,the town
துஞ்சு,O,verb meaning sleeping
யாமமும்,NATURE,and at night
விடியலும்,NATURE,and at dawn
என்ற,O,pronoun meaning these
இப்,O,pronoun meaning these
பொழுது,NATURE,times
இடை,O,between
தெரியின்,O,verb meaning if known
பொய்யே,O,adjective meaning a lie
காமம்,O,love
மா,VEHICLE,considering it as a horse
என,O,conjunction meaning that
மடலொடு,VEHICLE,with the palmyra stem horse
மறுகில்,STRUCTURE,on the streets
தோன்றி,O,verb meaning appearing
தெற்றென,O,adverb meaning clearly
தூற்றலும்,O,verb meaning to talk ill
பழி,O,noun meaning accusation
ஏ,O,expletive particle
வாழ்தலும்,O,verb meaning living
பழி,O,noun meaning pain
ஏ,O,expletive particle
பிரிவு,O,noun meaning separation
தலைவரின்,O,verb meaning if I am separated
ஏ,O,expletive particle
**Poem 33**,,
அன்னாய்,PERSON,O friend
இவன்,O,pronoun meaning he
ஓர்,O,adjective meaning a
இள,O,adjective meaning young
மாணாக்கன்,PROFESSION,young student
தன்,O,pronoun meaning his
ஊர்,STRUCTURE,town
மன்றத்து,STRUCTURE,in public place
என்னன்,O,pronoun meaning how he is
கொல்லோ,O,particle implying doubt
இரந்து,O,verb meaning requesting
ஊண்,FOOD,food
நிரம்பா,O,verb meaning not filled out
மேனியொடு,O,with a body
விருந்தின்,O,feasts or festivals
ஊரும்,O,verb meaning he will go
பெருஞ்செம்மலன்,PERSON,man with great esteem
ஏ,O,expletive particle
**Poem 34**,,
ஒறுப்ப,PERSON,those in the family chastise
ஓவலர்,PERSON,those who stay close
மறுப்ப,PERSON,those who deny
தேறலர்,PERSON,those who do not understand
தமியர்,O,one who is alone
உறங்கும்,O,verb meaning sleeping
கௌவை,O,noun meaning sorrow
இன்றாய்,O,adjective meaning without
இனியது,O,adjective meaning sweet news
கேட்டு,O,verb meaning listening to
இன்புறுக,O,verb meaning may it be happy
இவ்வூர்,STRUCTURE,this town
ஏ,O,expletive particle
முனாஅது,PLACE,the land in front
யானையங்குருகின்,BIRD,of large herons
கானல்,FOREST,seashore grove
அம்,O,suffix meaning beautiful
பெருந்தோடு,O,huge flocks
அட்ட,WARRIOR,warriors who killed
மள்ளர்,WARRIOR,warriors
ஆர்ப்பிசை,NATURE,loud victory noises
வெரூஉம்,O,verb meaning they fear
குட்டுவன்,KING,king Kuttuvan
மரந்தை,STRUCTURE,Maranthai city
அன்ன,O,like
எம்,O,pronoun meaning our
குழை,CLOTHING,lovely hair style
விளங்கு,O,verb meaning splendid
ஆய்,O,adjective meaning beautiful
நுதல்,PERSON,woman with a beautiful forehead
கிழவனும்,PERSON,he alone is the one
அவனே,PERSON,he
**Poem 35**,,
நாண்,O,shame
இல,O,verb meaning they have no
மன்ற,O,particle implying certainty
எம்,O,pronoun meaning my
கண்ணே,O,noun meaning eyes
நாள்,NATURE,on the day
நேர்பு,O,verb meaning they agreed
சினை,PLANT,branch
பசும்,ANIMAL,green
பாம்பின்,ANIMAL,of the green snakes
சூன்,O,pregnancy
முதிர்ப்பு,O,adjective meaning late pregnancy
அன்ன,O,like
கனைத்த,O,adjective meaning thick
கரும்பின்,PLANT,of thick sugarcanes
கூம்பு,FLOWER,pointed
பொதி,O,tightness
அவிழ,O,verb meaning loosening
நுண்,NATURE,delicately falling
உறை,NATURE,rain
அழி,NATURE,large raindrops
துளி,NATURE,raindrops
தலைஇய,O,verb meaning with
தண்வரல்,NATURE,cold northern winds
வாடையும்,NATURE,the northern winds have come
பிரிந்திசினோர்க்கு,PERSON,for the man who left
அழல்,O,verb meaning crying
ஏ,O,expletive particle
**Poem 36**,,
துறுகல்,MOUNTAIN,near the big boulders
அயலது,PLACE,nearby
மாணை,PLANT,large manai vines
மாக்கொடி,PLANT,large manai vines
துஞ்சு,O,verb meaning sleeping
களிறு,ANIMAL,male elephant
இவரும்,O,verb meaning spreads on
குன்ற,MOUNTAIN,of the mountains
நாடன்,PERSON,the man from mountains
நெஞ்சு,O,heart
களன்,O,space
ஆக,O,verb meaning being
நீயலென்,O,verb meaning I will not leave you
யான்,O,pronoun meaning me
என,O,conjunction meaning thus
நல்,O,adjective meaning good
தோள்,O,shoulders
மணந்த,O,verb meaning he hugged
ஞான்றை,O,the day
மற்று,O,expletive particle
அவன்,O,pronoun meaning he
தாவா,O,adjective meaning faultless
வஞ்சினம்,O,noun meaning truthful promise
உரைத்தது,O,verb meaning uttered
நோயோ,O,verb meaning are you afraid
தோழி,PERSON,my friend
நின்வயினான்,O,on your side
ஏ,O,expletive particle
**Poem 37**,,
நசை,O,noun meaning love or desire
பெரிது,O,adjective meaning great
உடையர்,PERSON,he has
நல்கலும்,O,verb meaning he will shower graces
நல்குவர்,PERSON,he will be good
பிடி,ANIMAL,female elephant
பசி,FOOD,hunger
களைஇய,O,verb meaning to remove
பெருங்கை,ANIMAL,with big trunk
வேழம்,ANIMAL,male elephant
மென்,O,adjective meaning delicate
சினை,PLANT,branches
யாஅம்,PLANT,of ya trees
பொளிக்கும்,O,verb meaning strips the barks
அன்பின,O,noun meaning it has love
தோழி,PERSON,O friend
அவர்,O,pronoun meaning he
சென்ற,O,verb meaning went
ஆறு,PATH,the way
ஏ,O,expletive particle
**Poem 38**,,
கான,FOREST,forest
மஞ்ஞை,BIRD,peacock
அறை,MOUNTAIN,on rocks
ஈன்,O,verb meaning laid
முட்டை,OBJECT,eggs
வெயில்,NATURE,sun
ஆடு,O,verb meaning playing
முசுவின்,ANIMAL,of a black monkey
குருளை,ANIMAL,young monkey
உருட்டும்,O,verb meaning rolls them
குன்ற,MOUNTAIN,of the mountains
நாடன்,PERSON,the man from the mountains
கேண்மை,O,friendship
என்றும்,O,adverb meaning always
நன்று,O,adjective meaning good
மன்,O,expletive particle
வாழி,O,expletive particle
தோழி,PERSON,O friend
உண்கண்,O,eyes lined with kohl
நீரொடு,NATURE,with tears
ஒராங்கு,O,adverb meaning in the same manner
தணப்ப,O,verb meaning when separated
உள்ளாது,O,verb meaning without thinking
ஆற்றல்,O,verb meaning the ability to bear it
வல்லுவோர்க்கே,PERSON,only for those who are strong
**Poem 39**,,
வெந்திறல்,NATURE,hot and powerful
கடு,NATURE,fierce
வளி,NATURE,winds
பொங்கர்,PLANT,tree branches
போந்தென,O,since it blows
நெற்று,PLANT,seed pods
விளை,O,adjective meaning mature
உழிஞ்சில்,PLANT,vakai trees
வற்றல்,PLANT,dried pods
ஆர்க்கும்,O,verb meaning rattle
மலையுடை,MOUNTAIN,containing hills
அருஞ்சுரம்,DESERT,difficult wasteland
என்ப,O,verb meaning they say
நம்,O,pronoun meaning my
முலையிடை,O,on my breasts
முனிநர்,PERSON,the man who hated
சென்ற,O,verb meaning went
ஆறு,PATH,the path that he took
ஏ,O,expletive particle
**Poem 40**,,
யாயும்,PERSON,my mother
ஞாயும்,PERSON,and your mother
யார்,O,pronoun meaning who
ஆகியரோ,O,verb meaning are they to each other
எந்தையும்,PERSON,my father
நுந்தையும்,PERSON,and your father
எம்முறை,O,in what way
கேளிர்,PERSON,relatives
யானும்,O,pronoun meaning myself
நீயும்,O,pronoun meaning and you
எவ்வழி,O,in what manner
அறிதும்,O,verb meaning how did we know
செம்புல,NATURE,red earth
பெயல்,NATURE,rain
நீர்,NATURE,water
போல,O,like
அன்புடை,O,loving
நெஞ்சம்,O,hearts
தாம்,O,pronoun meaning they
கலந்தனவே,O,verb meaning they have merged
**Poem 41**,,
காதலர்,PERSON,lover
உழையராக,O,by my side
பெரிது,O,adverb meaning very
உவந்து,O,verb meaning I become happy
சாறு,STRUCTURE,with festivities
கொள்,O,verb meaning having
ஊரின்,STRUCTURE,like a town
புகல்வேன்,O,verb meaning I will be happy
மன்ற,O,particle implying certainty
அத்த,DESERT,near the wasteland
நண்ணிய,PLACE,in the wasteland
அம்,O,adjective meaning beautiful
குடிச்,STRUCTURE,small town
சீறூர்,STRUCTURE,small town with people
மக்கள்,PERSON,after people
போகிய,O,verb meaning have abandoned
அணில்,ANIMAL,squirrels
ஆடு,O,verb meaning playing
முன்றில்,STRUCTURE,front yard
புலம்பு,O,lonely
இல்,STRUCTURE,house
போல,O,like
புல்லென்று,O,adjective meaning without luster
அலப்பென்,O,verb meaning I will grieve
தோழி,PERSON,O friend
அவர்,O,pronoun meaning he
அகன்ற,O,verb meaning goes away
ஞான்று,O,when
ஏ,O,expletive particle
**Poem 42**,,
காமம்,O,love
ஒழிவது,O,verb meaning even if it got ruined
ஆயினும்,O,conjunction meaning even if
யாமத்து,NATURE,at midnight
கருவி,NATURE,dark clouds with thunder
மா,NATURE,dark
மழை,NATURE,rain
வீழ்ந்தென,O,since it fell
அருவி,WATERBALL,waterfalls
விடர்,MOUNTAIN,mountain clefts
அகத்து,PLACE,in the
இயம்பும்,O,verb meaning roar
நாட,PERSON,O man from such country
எம்,O,pronoun meaning our
தொடர்பும்,O,her love for you
தேயுமோ,O,verb meaning will it be ruined
நின்வயினான்,O,with you
ஏ,O,expletive particle
**Poem 43**,,
செல்வார்,O,verb meaning he would never leave
அல்லர்,O,adjective meaning not
என்று,O,conjunction meaning that
யான்,O,pronoun meaning I
இகழ்ந்தனனே,O,verb meaning I made a mistake
ஒல்வாள்,O,verb meaning she would not agree
அல்லள்,O,adjective meaning not
என்று,O,conjunction meaning that
அவர்,O,pronoun meaning he
இகழ்ந்தனரே,O,verb meaning he made a mistake
ஆயிடை,O,adverb meaning between
இரு,O,numeral meaning two
பேர்,O,adjective meaning big
ஆண்மை,O,noun meaning strong will
செய்த,O,verb meaning created
பூசல்,O,noun meaning friction
நல்,O,adjective meaning good
அரா,ANIMAL,cobra
கதுவியாங்கு,O,like it has been bit
என்,O,pronoun meaning my
அல்லல்,O,adjective meaning sad
நெஞ்சம்,O,heart
அலமலக்குறுமே,O,verb meaning it suffers
**Poem 44**,,
கால்,O,my feet
ஏ,O,expletive particle
பரி,O,verb meaning they became tired
தப்பினவே,O,verb meaning after walking
கண்ணே,O,my eyes
நோக்கி,O,verb meaning looking
நோக்கி,O,verb meaning looking
வாள்,O,brightness
இழந்தனவே,O,verb meaning they have lost
அகல்,NATURE,wide
இரு,NATURE,dark
விசும்பின்,NATURE,in the sky
மீனினும்,NATURE,more than the stars
பலரே,PERSON,more people
மன்ற,O,particle implying certainty
இவ்,O,pronoun meaning this
உலகத்து,STRUCTURE,in the world
பிறரே,PERSON,other people
**Poem 45**,,
காலை,NATURE,in the morning
எழுந்து,O,verb meaning gets up
கடுந்தேர்,VEHICLE,fast chariot
பண்ணி,O,verb meaning decorates
வால்,CLOTHING,pure jewels
இழை,CLOTHING,jewels
மகளிர்,PERSON,women
தழீஇய,O,verb meaning to embrace
சென்ற,O,verb meaning he goes
மல்லல்,O,adjective meaning flourishing
ஊரன்,PERSON,the man from the fertile town
எல்லினன்,O,adjective meaning he's bright
பெரிதென,O,conjunction meaning that he is mature
மறுவரும்,O,verb meaning she is distressed
சிறுவன்,PERSON,little boy
தாயே,PERSON,mother
தெறுவது,O,adjective meaning it is distressing
அம்ம,O,expletive particle
இத்,O,pronoun meaning this
திணைப்,O,noun meaning good family
பிறத்தல்லே,O,verb meaning having been born in
ஏ,O,expletive particle
**Poem 46**,,
ஆம்பல்,FLOWER,white waterlily
பூவின்,FLOWER,flowers
சாம்பல்,O,adjective meaning wilted
அன்ன,O,like
கூம்பிய,O,adjective meaning pointed
சிறகர்,BIRD,with pointed wings
மனை,STRUCTURE,house-dwelling
உறை,O,verb meaning living
குரீஇ,BIRD,sparrow
முன்றில்,STRUCTURE,front yard
உணங்கல்,FOOD,dried food
மாந்தி,O,verb meaning eat
மன்றத்து,STRUCTURE,in the town's common place
எருவின்,OBJECT,cow dung dust
நுண்,O,adjective meaning fine
தாது,FOOD,dust
குடைவன,O,verb meaning peck
ஆடி,O,verb meaning play
இல்,STRUCTURE,house
இறை,STRUCTURE,eaves
பள்ளி,STRUCTURE,space underneath
தம்,O,pronoun meaning their
பிள்ளையொடு,ANIMAL,with their young ones
வதியும்,O,verb meaning they live
புன்கண்,O,adjective meaning painful
மாலையும்,NATURE,in the evenings
புலம்பும்,O,loneliness
இன்று,O,verb meaning are there not
கொல்,O,particle implying doubt
தோழி,PERSON,O friend
அவர்,O,pronoun meaning he
சென்ற,O,verb meaning went
நாட்டே,REGION,in the land
**Poem 47**,,
கருங்கால்,PLANT,dark colored trunks
வேங்கை,FLOWER,Indian Kino Tree
வீ,FLOWER,flowers
உகு,O,verb meaning dropped
துறுகல்,MOUNTAIN,boulders
இரும்புலி,ANIMAL,big tigers
குருளையின்,ANIMAL,like tiger cubs
தோன்றும்,O,verb meaning they appear
காட்டிடை,FOREST,in the forest
எல்லி,NATURE,night
வருநர்,PERSON,the man who comes
களவிற்கு,O,for secret love
நல்லை,O,adjective meaning you are not good
அல்லை,O,verb meaning you are not
நெடு,NATURE,bright for a long time
வெண்ணிலவே,NATURE,O silver moon
**Poem 48**,,
தாதின்,FOOD,with flower pollen
செய்த,O,verb meaning made
தண்,NATURE,cool
பனிப்,NATURE,cool
பாவை,OBJECT,doll
காலை,NATURE,in the morning
வருந்தும்,O,verb meaning it will fade
கையாறு,O,noun meaning helplessness
ஓம்பு,O,verb meaning protect
என,O,conjunction meaning that
ஓரை,O,orai games
ஆயம்,PERSON,friends who play
கூற,O,verb meaning they said
கேட்டும்,O,verb meaning despite hearing
இன்ன,O,pronoun meaning such
பண்பின்,O,with such traits
இனை,O,adjective meaning great
பெரிது,O,adverb meaning greatly
உழக்கும்,O,verb meaning she attains sorrow
நன்னுதல்,PERSON,woman with a fine forehead
பசலை,O,pallor
நீங்க,O,verb meaning to be removed
அன்ன,O,like that
நசை,O,noun meaning desire
ஆகு,O,verb meaning having
பண்பின்,O,the desired trait
ஒரு,O,numeral meaning one
சொல்,O,word
இசையாது,O,verb meaning is it not possible
கொல்,O,particle implying doubt
ஓ,O,expletive particle
காதலர்,PERSON,for her lover
தமக்கு,O,pronoun meaning to her
ஏ,O,expletive particle
**Poem 49**,,
அணில்,ANIMAL,squirrels
பல்,ANIMAL,teeth
அன்ன,O,like
கொங்கு,FOOD,pollen filled
முதிர்,O,adjective meaning filled
முண்டகத்து,PLANT,with mundakam plants
மணி,OBJECT,sapphire
கேழ்,O,color
அன்ன,O,like
மா,NATURE,dark
நீர்ச்,WATERBODY,ocean
சேர்ப்ப,PERSON,O lord of the shore
இம்மை,O,this life
மாறி,O,verb meaning if this life ends
மறுமை,O,next birth
ஆயினும்,O,conjunction meaning even if
நீ,O,pronoun meaning you
ஆகியர்,O,verb meaning may you be
என்,O,pronoun meaning my
கணவனை,PERSON,husband
யான்,O,pronoun meaning I
ஆகியர்,O,verb meaning may I be
நின்,O,pronoun meaning your
நெஞ்சு,O,heart
நேர்பவளே,O,verb meaning I will be agreeable
**Poem 50**,,
ஐயவி,FOOD,white mustard seeds
அன்ன,O,like
சிறு,O,adjective meaning tiny
வீ,FLOWER,flowers
ஞாழல்,FLOWER,cassia flowers
செவ்,FLOWER,red or beautiful
வீ,FLOWER,blossoms
மருதின்,FLOWER,of marutham trees
செம்மலொடு,FLOWER,with wilted flowers
தாஅய்,O,verb meaning have spread
துறை,WATERBODY,shores
அணிந்தன்று,O,verb meaning adorned
அவர்,O,pronoun meaning his
ஊரே,STRUCTURE,in his town
இறை,O,wrist joints
இறந்து,O,verb meaning went past
இலங்கு,O,adjective meaning bright
வளை,OBJECT,bangles
ஞெகிழ,O,verb meaning slipping down
சாஅய்,O,verb meaning have become thin
புலம்பு,O,loneliness
அணிந்தன்று,O,verb meaning has become
அவர்,O,pronoun meaning he
மணந்த,O,verb meaning embraced
தோளே,O,my arms
Word,Entity,Explanation
**Poem 51**,,
கூன்,O,adjective meaning curved
முள்,PLANT,thorns
முண்டக,PLANT,of mundakam plants
கூர்ம்,O,adjective meaning sharp or cool
பனி,NATURE,cool
மா,FLOWER,dark colored
மலர்,FLOWER,flower
நூல்,OBJECT,thread
அறு,O,verb meaning breaks
முத்தின்,OBJECT,like pearls
காலொடு,NATURE,with the wind
பாறி,O,verb meaning scattering
துறைதொறும்,WATERBODY,on all the shores
பரக்கும்,O,verb meaning they spread
தூ,O,adjective meaning pure
மணல்,LANDFORM,sand
சேர்ப்பனை,PERSON,the lord of the shore
யானும்,O,pronoun meaning I also
காதலென்,O,verb meaning like him
யாயும்,PERSON,your mother also
நனி,O,adverb meaning very much
வெய்யள்,O,verb meaning she likes him
எந்தையும்,PERSON,our dad also
கொடீஇயர்,O,verb meaning desires to give in marriage
வேண்டும்,O,verb meaning he wishes
அம்பல்,O,gossip
ஊரும்,STRUCTURE,this town that gossips
அவனொடு,PERSON,with him
மொழிமே,O,verb meaning it will talk
**Poem 52**,,
ஆர்,O,adjective meaning filled
களிறு,ANIMAL,male elephants
மிதித்த,O,verb meaning stepped
நீர்,WATERBODY,water puddles
திகழ்,O,adjective meaning splendid
சிலம்பில்,MOUNTAIN,on the mountains
சூர்,MYTH,deities who cause terror
நசைந்தனையையாய்,O,as one who is desired
நடுங்கல்,O,verb meaning seeing you tremble
கண்டே,O,verb meaning seeing
நரந்த,FLOWER,bitter orange flowers
நாறும்,O,verb meaning fragrant
குவை,O,adjective meaning thick
இருங்கூந்தல்,O,black hair
நிரந்து,O,adverb meaning in a row
இலங்கு,O,adjective meaning shining
வெண்பல்,ANIMAL,white teeth
மடந்தை,PERSON,delicate woman
பரிந்தனென்,O,verb meaning was I not saddened
அல்லனோ,O,verb meaning was I not
இறை,O,little by little
இறை,O,little by little
யானே,O,pronoun meaning I
**Poem 53**,,
எம்,O,pronoun meaning us
அணங்கின,O,verb meaning they have distressed
ஏ,O,expletive particle
மகிழ்ந,PERSON,O lord
முன்றில்,STRUCTURE,house front yard
நனை,FLOWER,buds
முதிர்,O,adjective meaning matured
புன்கின்,PLANT,of punku trees
பூ,FLOWER,flowers
தாழ்,O,verb meaning spread
வெண்மணல்,LANDFORM,white sand
வேலன்,PROFESSION,velan priest
புனைந்த,O,verb meaning created by
வெறி,O,veriyattam rituals
அயர்,O,verb meaning performing
களந்தொறும்,PLACE,in all the ritual fields
செந்நெல்,FOOD,red paddy
வான்,FOOD,white
பொரி,FOOD,puffed rice
சிதறியன்ன,O,like it is scattered
எக்கர்,LANDFORM,sandy mounds
நண்ணிய,PLACE,filled
எம்,O,pronoun meaning our
ஊர்,STRUCTURE,town
வியன்,WATERBODY,wide seashore
துறை,WATERBODY,seashore
நேர்,O,adjective meaning perfect
இறை,O,joints
முன்கை,O,forearms or wrists
பற்றி,O,verb meaning holding
சூரர,MYTH,goddesses
மகளிரோடு,MYTH,pointing to the goddesses
உற்ற,O,verb meaning you made
சூள்,O,noun meaning promises
ஏ,O,expletive particle
**Poem 54**,,
யான்,O,pronoun meaning me
ஏ,O,expletive particle
யீண்டையேன்,O,adverb meaning I am here
ஏ,O,expletive particle
என்,O,pronoun meaning my
நலன்,O,virtue or beauty
ஏ,O,expletive particle
ஏனல்,FOOD,red millet
காவலர்,PROFESSION,guards
கவண்,WEAPON,slingshots
ஓலி,NATURE,sounds
வெரீஇ,O,verb meaning afraid of
கான,FOREST,forest
யானை,ANIMAL,elephant
கை,ANIMAL,trunk
விடு,O,verb meaning released
பசுங்கழை,PLANT,green bamboo
மீன்,FISH,fish
எறி,O,verb meaning caught
தூண்டிலின்,OBJECT,like the fishing rod
நிவக்கும்,O,verb meaning lifts up
கானக,FOREST,forest country
நாடனொடு,PERSON,with the man from the forest country
ஆண்டு,O,adverb meaning there
ஒழிந்தன்றே,O,verb meaning it has gone there
**Poem 55**,,
மாக்,WATERBODY,dark
கழி,WATERBODY,backwaters
மணிப்,FLOWER,sapphire-colored
பூக்,FLOWER,flowers
கூம்ப,O,verb meaning to close
தூத்,WATERBODY,pure
திரை,WATERBODY,waves
பொங்கு,O,adjective meaning overflowing
பிதிர்த்,WATERBODY,sprays
துவலையொடு,WATERBODY,with water droplets
மங்குல்,NATURE,clouds
தைஇ,O,verb meaning with
கையற,O,adjective meaning helpless
வந்த,O,verb meaning came
தைவரல்,O,verb meaning touching
ஊதையொடு,NATURE,with cold northern winds
இன்னா,O,adjective meaning sorrowful
உறையுட்டு,STRUCTURE,residing place
ஆகும்,O,verb meaning it is
சின்னாட்டு,O,has a few days
அம்ம,O,expletive particle
இச்சிறு,O,adjective meaning this small
நல்லூரே,STRUCTURE,fine town
**Poem 56**,,
வேட்டச்,ANIMAL,hunting
செந்நாய்,ANIMAL,wild dog
கிளைத்து,O,verb meaning dug
ஊண்,FOOD,food or drank
மிச்சில்,O,adjective meaning leftover
குளவி,PLANT,wild jasmine leaves
மொய்த்த,O,verb meaning covered
அழுகல்,O,adjective meaning stinking
சில்,WATERBODY,little water
நீர்,WATERBODY,stagnant water
வளை,OBJECT,bangles
உடைக்,O,verb meaning wearing
கையள்,O,with arms
எம்மொடு,O,pronoun meaning with me
உணீஇயர்,O,verb meaning to drink
வருக,O,verb meaning let her come
தில்,O,particle implying desire
அம்ம,O,expletive particle
தானே,O,expletive particle
அளியளோ,O,adjective meaning she would be pitiable
அளியள்,O,adjective meaning pitiable
என்,O,pronoun meaning my
நெஞ்சு,O,heart
அமர்ந்தோள்,PERSON,the young woman in my heart
**Poem 57**,,
பூ,FLOWER,a flower
இடைப்படினும்,O,even if a flower comes in between
யாண்டு,NATURE,a year
கழிந்தன்ன,O,it feels like has passed
நீர்,WATERBODY,water living
உறை,O,verb meaning living
மகன்றில்,BIRD,makandril birds
புணர்ச்சி,O,union
போல,O,like
பிரிவு,O,separation
அரிதாகிய,O,adjective meaning rare
தண்டாக்,O,adjective meaning unstoppable
காமமொடு,O,with love
உடன்,O,adverb meaning together
உயிர்,O,life
போகுக,O,verb meaning may our lives go away
தில்ல,O,particle implying desire
கடன்,O,noun meaning what is right
அறிந்து,O,verb meaning to know
இருவேம்,O,two people
ஆகிய,O,verb meaning being
உலகத்து,STRUCTURE,in this world
ஒருவேம்,O,have become one
ஆகிய,O,verb meaning have become
புன்மை,O,sorrow or lowly situation
நாம்,O,pronoun meaning us
உயற்கு,O,verb meaning to escape
ஏ,O,expletive particle
**Poem 58**,,
இடிக்கும்,O,verb meaning who goads me
கேளிர,PERSON,O friend
நுங்குறை,O,what you complain about
ஆக,O,verb meaning being
நிறுக்கல்,O,verb meaning stopping
ஆற்றினோ,O,verb meaning if I do that
நன்று,O,adjective meaning good
மற்றில்ல,O,expletive phrase meaning nothing else
ஞாயிறு,NATURE,sun
காயும்,O,verb meaning scorched
வெவ்வறை,MOUNTAIN,on a hot boulder
மருங்கில்,PLACE,on
கை,O,hands
இல்,O,adjective meaning without
ஊமன்,PERSON,a man who cannot talk
கண்ணின்,O,with his eyes
காக்கும்,O,verb meaning saving
வெண்ணெய்,FOOD,butter
உணங்கல்,O,verb meaning melting
போல,O,like
பரந்தன்று,O,verb meaning this disease has spread
இந்நோய்,O,this disease
நோன்று,O,verb meaning to tolerate
கொளற்கு,O,verb meaning to take
அரிதே,O,adjective meaning difficult
**Poem 59**,,
பதலை,OBJECT,pathalai drums
பாணி,O,rhythmic beat
பரிசிலர்,PROFESSION,bards and drummers
கோமான்,KING,donor king
அரலைக்,MOUNTAIN,on Aralai mountain
குன்றத்து,MOUNTAIN,mountain
அகல்வாய்,WATERBODY,wide-mouthed
குண்டு,WATERBODY,deep
சுனை,WATERBODY,springs
குவளையொடு,FLOWER,with blue waterlilies
பொதிந்த,O,verb meaning tied together
குளவி,FLOWER,wild jasmine
நாறு,O,verb meaning fragrant
நின்,O,pronoun meaning your
நறுநுதல்,O,fragrant forehead
மறப்பரோ,O,verb meaning will he forget
மற்று,O,expletive particle
ஏ,O,expletive particle
முயலவும்,O,verb meaning making efforts
சுரம்,DESERT,wasteland
பல,O,adjective meaning many
விலங்கிய,O,adjective meaning difficult
அரும்,O,adjective meaning precious
பொருள்,WEALTH,wealth
நிரம்பா,O,verb meaning even if he does not achieve
ஆகலின்,O,conjunction meaning because
நீடல்,O,verb meaning extending his stay
ஓ,O,expletive particle
இன்று,O,verb meaning will not happen
ஏ,O,expletive particle
**Poem 60**,,
குறுந்தாள்,O,short legs or short stems
கூதளி,PLANT,koothali vine
ஆடிய,O,verb meaning swaying
நெடுவரை,MOUNTAIN,tall mountains
பெருந்தேன்,FOOD,a big honeycomb
கண்ட,O,verb meaning saw
இருக்கை,O,adjective meaning seated
முடவன்,PERSON,a cripple
உள்,O,adjective meaning both
கைச்,O,hands
சிறுகுடை,OBJECT,small bowl
கோலி,O,verb meaning made
கீழிருந்து,O,verb meaning staying under
சுட்டுபு,O,verb meaning pointing
நக்கியாங்கு,O,like licking
காதலர்,PERSON,my lover
நல்கார்,O,verb meaning he does not shower graces
நயவார்,O,verb meaning he does not love
ஆயினும்,O,conjunction meaning even if
பல்கால்,O,adverb meaning many times
காண்டலும்,O,verb meaning just to see
உள்ளத்துக்கு,O,to my heart
இனிதே,O,adjective meaning it is pleasing
**Poem 61**,,
தச்சன்,PROFESSION,carpenter
செய்த,O,verb meaning made
சிறு,O,adjective meaning small
மா,VEHICLE,horse
வையம்,VEHICLE,carts
ஊர்ந்து,O,verb meaning riding
இன்புறாஅர்,O,verb meaning they do not get pleasure
ஆயினும்,O,conjunction meaning even if
கையின்,O,with their hands
ஈர்த்து,O,verb meaning pulling
இன்புறூஉம்,O,verb meaning are happy
இளையோர்,PERSON,like children
போல,O,like
உற்று,O,verb meaning having
இன்புறேஎம்,O,verb meaning we don't have pleasures
ஆயினும்,O,conjunction meaning even though
நல்,O,adjective meaning fine
தேர்ப்,VEHICLE,chariot
பொய்கை,WATERBODY,with ponds
ஊரன்,PERSON,the man from the town
கேண்மை,O,friendship
செய்து,O,verb meaning having
இன்புற்றனெம்,O,verb meaning we are happy
செறிந்தன,O,verb meaning they are tight
வளையே,OBJECT,her bangles
**Poem 62**,,
கோடல்,FLOWER,white glory lilies
எதிர்,O,adjective meaning appearing
முகை,FLOWER,buds
பசு,O,adjective meaning fresh
வீ,FLOWER,flowers
முல்லை,FLOWER,white jasmine
நாறு,O,adjective meaning fragrant
இதழ்,FLOWER,petals
குவளையொடு,FLOWER,with blue waterlilies
இடையிடுபு,O,verb meaning placed in between
விரைஇ,O,verb meaning mixed
ஐது,O,adjective meaning beautiful
தொடை,O,noun meaning garland string
மாண்ட,O,adjective meaning splendid
கோதை,OBJECT,garland
போல,O,like
நறிய,O,adjective meaning fragrant
நல்லோள்,PERSON,pretty young woman
மேனி,O,body
முறியினும்,O,adjective meaning better than tender sprouts
வாய்வது,O,verb meaning it is better
முயங்கற்கும்,O,verb meaning to embrace
இனிதே,O,adjective meaning it is sweet
**Poem 63**,,
ஈதலும்,O,verb meaning and giving
துய்த்தலும்,O,verb meaning and enjoying
இல்லோர்க்கு,PERSON,for those without wealth
இல்லென,O,thinking that it is not there
செய்வினை,O,to make wealth
கைம்மிக,O,verb meaning you think a lot about
எண்ணுதி,O,verb meaning you think
அவ்வினைக்கு,O,to assist you in that task
அம்,O,adjective meaning beautiful
மா,O,adjective meaning dark-hued
அரிவையும்,PERSON,the young woman
வருமோ,O,verb meaning will she come
எம்மை,O,pronoun meaning me
உய்த்தியோ,O,verb meaning are you just sending me
உரைத்திசின்,O,verb meaning please tell me
நெஞ்சே,O,noun meaning heart (vocative)
**Poem 64**,,
பல்,ANIMAL,many
ஆ,ANIMAL,cows
நெடு,O,adjective meaning long
நெறிக்கு,PATH,on the long path
அகன்று,O,verb meaning left from here
வந்தென,O,verb meaning and went
புன்தலை,STRUCTURE,lusterless cow stables
மன்றம்,STRUCTURE,cow stables
நோக்கி,O,verb meaning they look
மாலை,NATURE,evening
மடக்,O,adjective meaning innocent
கண்,O,eyes
குழவி,ANIMAL,calves
அணவந்தன,O,verb meaning they lifted their heads
நோயேம்,O,verb meaning being in distress
ஆகுதல்,O,verb meaning being aware
அறிந்தும்,O,verb meaning even though he knows
சேயர்,O,adjective meaning he is far away
தோழி,PERSON,O friend
சேய்,O,adjective meaning far-away
நாட்டோரே,PERSON,the man who is in a far-away land
**Poem 65**,,
வன்,O,adjective meaning hard
பரல்,LANDFORM,pebbles
தெள்,WATERBODY,clear
அறல்,WATERBODY,running water
பருகிய,O,verb meaning drank
இரலை,ANIMAL,stag
தன்,O,pronoun meaning its
இன்புறு,O,adjective meaning pleasurable
துணையொடு,ANIMAL,with its mate
மறுவந்து,O,adverb meaning with joy
உகள,O,verb meaning romps
தான்,O,expletive particle
வந்தன்றே,O,verb meaning it has come
தளிதரு,NATURE,giving raindrops
தண்,NATURE,cool
கார்,NATURE,rainy season
வாராது,O,verb meaning not coming back
உறையுநர்,PERSON,he who is staying
வரல்,O,verb meaning to come back
நசைஇ,O,verb meaning desiring
வருந்தி,O,verb meaning being very sad
நொந்து,O,verb meaning being sad
உறைய,O,verb meaning to stay
இருந்திரோ,O,verb meaning is that why I survived
என,O,conjunction meaning to ask
ஏ,O,expletive particle
**Poem 66**,,
மடவ,O,adjective meaning they are ignorant
மன்ற,O,particle implying certainty
தடவு,O,adjective meaning large
நிலை,PLANT,trunks
கொன்றை,FLOWER,kondrai trees
கல்,LANDFORM,rock filled
பிறங்கு,O,adjective meaning rising
அத்தம்,DESERT,wasteland
சென்றோர்,PERSON,the man who went
கூறிய,O,verb meaning he said
பருவம்,NATURE,season
வாரா,O,verb meaning when he did not come
அளவை,O,when
நெரிதர,O,verb meaning to be dense
கொம்பு,PLANT,branches
சேர்,O,verb meaning being on
கொடி,FLOWER,trailing clusters
இணர்,FLOWER,flower clusters
ஊழ்த்த,O,verb meaning flowers growing
வம்ப,NATURE,unseasonal
மாரியை,NATURE,rains
கார்,NATURE,rainy season
என,O,conjunction meaning thinking that
மதித்தே,O,verb meaning thinking
**Poem 67**,,
உள்ளார்,O,verb meaning does he think about me
கொல்,O,particle implying doubt
ஓ,O,expletive particle
தோழி,PERSON,O friend
கிள்ளை,BIRD,parrot
வளைவாய்,BIRD,on its curved beak
கொண்ட,O,verb meaning holding
வேப்ப,FRUIT,of a neem tree
ஒண்,FRUIT,bright
பழம்,FRUIT,fruit
புது,O,adjective meaning new
நாண்,OBJECT,thread
நுழைப்பான்,PROFESSION,goldsmith
நுதி,O,adjective meaning fine-tipped
மாண்,O,adjective meaning perfect
வள்,O,adjective meaning sharp
உகிர்,O,nails
பொலங்கல,OBJECT,gold jewel
ஒரு,O,numeral meaning one
காசு,OBJECT,coin
ஏய்க்கும்,O,verb meaning it resembles
நிலங்கரி,DESERT,burned earth
கள்ளியங்,PLANT,kalli plants
காடு,DESERT,wasteland
இறந்தோரே,PERSON,the man who went
**Poem 68**,,
பூழ்க்கால்,BIRD,like legs of quails
அன்ன,O,like
செங்கால்,PLANT,red-stemmed
உழுந்தின்,PLANT,of black-gram plants
ஊழ்ப்படு,O,adjective meaning overripe
முது,O,adjective meaning mature
காய்,FRUIT,pods
உழை,ANIMAL,deer
இனம்,ANIMAL,herds
கவரும்,O,verb meaning seize or eat
அரும்பனி,NATURE,harsh cold
அச்சிரம்,NATURE,early dew season sorrow
தீர்க்கும்,O,verb meaning to end
மருந்து,FOOD,medicine
பிறிது,O,adjective meaning other
இல்லை,O,verb meaning there is no
அவர்,PERSON,he
மணந்த,O,verb meaning embraced
மார்பே,O,chest
**Poem 69**,,
கருங்கண்,ANIMAL,black-eyed
தாக்,O,adjective meaning leaping or strong
கலை,ANIMAL,male monkey
பெரும்பிறிது,O,death or big separation
உற்றென,O,since it attained
கைம்மை,O,pain of widowhood
உய்யா,O,verb meaning unable to shed
காமர்,O,adjective meaning loving
மந்தி,ANIMAL,female monkey
கல்லா,O,adjective meaning untrained
வன்,O,adjective meaning strong
பறழ்,ANIMAL,child
கிளைமுதல்,ANIMAL,to relatives
சேர்த்தி,O,verb meaning giving
ஓங்கு,O,adjective meaning tall
வரை,MOUNTAIN,mountain peak
அடுக்கத்து,MOUNTAIN,mountain ranges
பாய்ந்து,O,verb meaning jumped
உயிர்,O,life
செகுக்கும்,O,verb meaning killed herself
சாரல்,MOUNTAIN,mountain slopes
நாட,PERSON,O man from such country
நடுநாள்,NATURE,midnight
வாரல்,O,verb meaning do not come
வாழியோ,O,expletive particle
வருந்துதும்,O,verb meaning we will feel sad
யாமே,O,pronoun meaning we
**Poem 70**,,
ஒடுங்கு,O,adjective meaning tied or curly
ஈர்,O,adjective meaning oiled
ஓதி,O,hair
ஒண்ணுதல்,PERSON,young woman with bright forehead
குறுமகள்,PERSON,young woman
நறும்,O,adjective meaning fragrant
தண்,O,adjective meaning cool
நீரள்,O,young woman with attributes
அணங்கினளே,O,verb meaning she gives me sorrow
இனையள்,O,pronoun meaning such
என்று,O,conjunction meaning that
அவள்,O,pronoun meaning her
புனை,O,verb meaning to describe
அளவு,O,limits
அறியேன்,O,verb meaning I don't know
சில,O,adjective meaning few
மெல்லிய,O,adjective meaning delicate
ஏ,O,expletive particle
கிளவி,O,words
அணை,OBJECT,cotton filled pillow
மெல்லியள்,O,adjective meaning she is soft
யான்,O,pronoun meaning I
முயங்கும்,O,verb meaning when I embrace
காலே,O,time
**Poem 71**,,
மருந்தெனின்,O,if I need to heal
மருந்தே,FOOD,she is medicine
வைப்பெனின்,O,if I need wealth
வைப்பே,WEALTH,she is wealth
அரும்பிய,O,verb meaning with budding
சுணங்கின்,O,pallor spots
அம்,O,adjective meaning beautiful
பகட்டு,O,adjective meaning proud or large
இள,O,adjective meaning young
முலை,O,breasts
பெருந்தோள்,O,wide arms or shoulders
நுணுகிய,O,adjective meaning thin
நுசுப்பின்,O,with a thin waist
கல்,MOUNTAIN,with rocks
கெழு,O,adjective meaning having
கானவர்,PERSON,those from the forest
நல்குறு,O,verb meaning given
மகளே,PERSON,daughter
**Poem 72**,,
பூ,FLOWER,like flowers
ஒத்து,O,verb meaning being like
அலமரும்,O,adjective meaning whirling
தகைய,O,adjective meaning of that nature
ஏ,WEAPON,like arrows
ஒத்து,O,verb meaning being like
எல்லாரும்,O,everyone
அறிய,O,verb meaning for everyone to know
நோய்,O,disease
செய்தனவே,O,verb meaning they have caused
தேமொழி,O,sweet words
திரண்ட,O,adjective meaning thick
மென்தோள்,O,delicate arms
மா,O,adjective meaning lofty
மலை,MOUNTAIN,mountains
பரீஇ,PLANT,cotton
வித்திய,O,verb meaning seeded
ஏனல்,FOOD,red millet
குரீஇ,BIRD,birds
ஓப்புவாள்,PERSON,the young woman who chases
பெருமழைக்,O,big moist
கண்ணே,O,eyes
**Poem 73**,,
மகிழ்நன்,PERSON,lover
மார்பே,O,chest
வெய்யையால்,O,verb meaning you desire
நீ,O,pronoun meaning you
அழியல்,O,verb meaning do not feel distressed
வாழி,O,expletive particle
தோழி,PERSON,my friend
நன்னன்,KING,King Nannan
நறு,O,adjective meaning fragrant
மா,FRUIT,mango tree
கொன்று,O,verb meaning chopped off
நாட்டில்,REGION,in his country
போகிய,O,verb meaning entered
ஒன்றுமொழிக்,O,adjective meaning of one vow
கோசர்,TRIBE,Kosars
போல,O,like
வன்கண்,O,adjective meaning cruel
சூழ்ச்சியும்,O,noun meaning scheming
வேண்டுமால்,O,verb meaning we need
சிறிது,O,adverb meaning a little bit
ஏ,O,expletive particle
**Poem 74**,,
விட்ட,O,verb meaning released
குதிரை,ANIMAL,horse
விசைப்பின்,O,verb meaning it springs up
அன்ன,O,like
விசும்பு,NATURE,sky
தோய்,O,verb meaning touching
பசுங்கழை,PLANT,green bamboo
குன்ற,MOUNTAIN,of the mountains
நாடன்,PERSON,the lord of the mountains
யாம்,O,pronoun meaning we
தன்,O,pronoun meaning his
படர்ந்தமை,O,our sorrow
அறியான்,O,verb meaning he does not understand
தானும்,O,adverb meaning also he
வேனில்,NATURE,summer
ஆன்,ANIMAL,cow's
ஏறு,ANIMAL,bull
போல,O,like
சாயினன்,O,verb meaning he has become thin
என்ப,O,verb meaning they say
நம்,O,pronoun meaning our
மாண்,O,adjective meaning great
நலம்,O,beauty
நயந்தே,O,verb meaning longing for
**Poem 75**,,
நீ,O,pronoun meaning you
கண்டனையோ,O,verb meaning did you see
கண்டார்க்,PERSON,from someone who saw
கேட்டனையோ,O,verb meaning did you hear
ஒன்று,O,pronoun meaning one truth
தெளிய,O,verb meaning to know clearly
நசையினம்,O,verb meaning I desire
மொழிமோ,O,verb meaning tell me
வெண்கோட்டு,ANIMAL,white-tusked
யானை,ANIMAL,elephants
சோணை,WATERBODY,Sonai river
படியும்,O,verb meaning bathing in
பொன்,WEALTH,gold
மலி,O,adjective meaning filled with
பாடலி,STRUCTURE,Pataliputra city
பெறீஇயர்,O,verb meaning may you receive
யார்,O,pronoun meaning whose
வாய்,O,mouth
கேட்டனை,O,verb meaning did you hear
காதலர்,PERSON,my lover's
வரவே,O,noun meaning arrival
**Poem 76**,,
காந்தள்,FLOWER,glory lily
வேலி,STRUCTURE,fences or hedges
ஓங்கு,O,adjective meaning lofty
மலை,MOUNTAIN,mountains
நல்,O,adjective meaning fine
நாட்டு,REGION,to the country
செல்ப,O,verb meaning he will leave
என்பவோ,O,verb meaning they say
கல்,MOUNTAIN,boulders
வரை,MOUNTAIN,mountain
மார்பர்,PERSON,the man with a chest
சிலம்பில்,MOUNTAIN,on the mountain slopes
சேம்பின்,PLANT,taro plant's
அலங்கல்,O,adjective meaning moving
வள்,O,adjective meaning thick
இலை,PLANT,leaves
பெருங்களிற்றுச்,ANIMAL,of big male elephants
செவியின்,ANIMAL,like the ears
மான,O,comparison word
தைஇ,O,verb meaning caressing
தண்,NATURE,cool
வரல்,NATURE,arriving
வாடை,NATURE,northerly winds
தூக்கும்,O,verb meaning it moves
கடும்,NATURE,harsh
பனி,NATURE,cold
அச்சிரம்,NATURE,early dew season
நடுங்கு,O,verb meaning trembling
அஞர்,O,noun meaning sorrow
உறவே,O,verb meaning to attain
**Poem 77**,,
அம்ம,O,particle meaning listen to me
வாழி,O,expletive particle
தோழி,PERSON,O friend
யாவதும்,O,adverb meaning even a little bit
தவறு,O,noun meaning fault
எனின்,O,conjunction meaning if blamed
தவறோ,O,noun meaning fault
இலவே,O,verb meaning it is not
வெஞ்சுரத்து,DESERT,on the harsh wasteland path
உலந்த,O,verb meaning died
வம்பலர்,PERSON,wayfarers
உவல்,PLANT,leaves
இடு,O,verb meaning covering
பதுக்கை,STRUCTURE,piles of stones and leaves
நெடு,O,adjective meaning tall
நல்,O,adjective meaning fine
யானைக்கு,ANIMAL,to the elephant
இடு,O,verb meaning they have become
நிழலாகும்,NATURE,shade
அரிய,O,adjective meaning harsh
கானம்,FOREST,forest
சென்றோர்க்கு,PERSON,for the man who went
எளியவாகிய,O,verb meaning they became thin
தட,O,adjective meaning curved
மென்தோள்,O,delicate arms
ஏ,O,expletive particle
**Poem 78**,,
பெருவரை,MOUNTAIN,lofty mountains
மிசையது,MOUNTAIN,above
நெடு,WATERBODY,tall
வெள்,WATERBODY,white
அருவி,WATERBODY,waterfalls
முதுவாய்க்,PROFESSION,wise
கோடியர்,PROFESSION,artists or dancers
முழவின்,OBJECT,like drums
ததும்பி,O,verb meaning roaring
சிலம்பின்,MOUNTAIN,mountain slopes
இழிதரும்,O,verb meaning they come down
இலங்கு,O,adjective meaning splendid
மலை,MOUNTAIN,mountains
வெற்ப,PERSON,O lord of the mountains
நோதக்கன்று,O,adjective meaning it is painful
ஏ,O,expletive particle
காமம்,O,love
யாவதும்,O,adverb meaning even a little bit
நன்றென,O,adjective meaning that it is good
உணரார்,PERSON,with those who don't know
மாட்டும்,O,with
சென்று,O,verb meaning it goes
ஏ,O,expletive particle
நிற்கும்,O,verb meaning it stays
பெரும்,O,adjective meaning very
பேதைமைத்தே,O,adjective meaning ignorant
**Poem 79**,,
கான,FOREST,forest
யானை,ANIMAL,elephant
தோல்,PLANT,bark
நயந்து,O,verb meaning desired
உண்ட,O,verb meaning ate
பொரி,O,adjective meaning rough
தாள்,PLANT,trunks
ஓமை,PLANT,omai trees
வளி,NATURE,wind
பொரு,O,verb meaning blowing
நெடுஞ்சினை,PLANT,tall branches
அலங்கல்,O,adjective meaning moving
உலவை,PLANT,dry tree
ஏறி,O,verb meaning climbing on
ஒய்யென,O,adverb meaning rapidly
புலம்புதரு,O,adjective meaning painful
குரல,NATURE,sounds
புறவு,BIRD,male pigeon
பெடை,BIRD,female pigeon
பயிரும்,O,verb meaning calling
அத்தம்,DESERT,wasteland
நண்ணிய,PLACE,existing in
அம்,O,adjective meaning beautiful
குடிச்,STRUCTURE,settlements
சீறூர்,STRUCTURE,small village
சேந்தனர்,O,verb meaning does he stay there
கொல்,O,particle implying doubt
ஓ,O,expletive particle
தாமே,O,expletive particle
யாம்,O,pronoun meaning I
தமக்கு,O,pronoun meaning to his
ஒல்லேம்,O,verb meaning I would not agree
என்ற,O,conjunction meaning that
தப்பற்கு,O,for the mistake
சொல்லாது,O,verb meaning not telling
அகறல்,O,verb meaning leaving
வல்லுவோரே,PERSON,the man who was capable of
**Poem 80**,,
கூந்தல்,O,hair
ஆம்பல்,FLOWER,white waterlilies
முழு,O,adjective meaning full
நெறி,FLOWER,flowers after removing sepals
அடைச்சி,O,verb meaning wearing
பெரும்,WATERBODY,huge
புனல்,WATERBODY,floods
வந்த,O,verb meaning came
இருந்துறை,STRUCTURE,big port
விரும்பி,O,verb meaning desiring
யாம்,O,pronoun meaning I
அஃது,O,pronoun meaning there
அயர்கம்,O,verb meaning I will play
சேறும்,O,verb meaning I will go
தான்,O,pronoun meaning she
அஃது,O,pronoun meaning that
அஞ்சுவது,O,verb meaning if she is afraid
உடையள்,O,verb meaning having
ஆயின்,O,conjunction meaning if
வெம்போர்,WARFARE,harsh battles
நுகம்பட,O,adverb meaning in a just manner
கடக்கும்,WARRIOR,wins
பல்,O,adjective meaning many
வேல்,WEAPON,spears
எழினி,WARRIOR,Ezhini with many spears
முனை,WARFARE,battlefield
ஆன்,ANIMAL,cows
பெரு,O,adjective meaning big
நிரை,ANIMAL,herds
போல,O,like
கிளையொடும்,PERSON,along with her relatives
காக்க,O,verb meaning let her protect
தன்,O,pronoun meaning her
கொழுநன்,PERSON,husband's
மார்பே,O,chest
Word,Entity,Explanation
**Poem 81**,,
இவளே,PERSON,she
நின்,O,pronoun meaning your
சொல்,O,words
கொண்ட,O,verb meaning trusting
என்,O,pronoun meaning my
சொல்,O,words
தேறி,O,verb meaning trusting
பசு,O,adjective meaning fresh
நனை,FLOWER,buds
ஞாழல்,FLOWER,cassia trees
பல்,O,adjective meaning many
சினை,PLANT,branches
ஒரு,O,adjective meaning one
சிறை,PLACE,on one side
புது,O,adjective meaning new
நலன்,O,virtue
இழந்த,O,verb meaning lost
புலம்புமார்,O,noun meaning lonely young woman
உடையள்,O,verb meaning she is
உதுக்காண்,O,look there
தெய்ய,O,expletive particle
உள்ளல்,O,verb meaning think about her
வேண்டும்,O,verb meaning need to
நிலவும்,NATURE,moon
இருளும்,NATURE,darkness
போல,O,like
புலவுத்,FISH,fish-stinking
திரைக்,WATERBODY,waves
கடலும்,WATERBODY,the ocean
கானலும்,FOREST,seashore groves
தோன்றும்,O,verb meaning appearing
மடல்,PLANT,palmyra fronds
தாழ்,O,verb meaning hang low
பெண்ணை,PLANT,female palmyra tree
எம்,O,pronoun meaning our
சிறு,O,adjective meaning small
நல்லூரே,STRUCTURE,fine village
**Poem 82**,,
வார்,O,noun meaning length
உறு,O,adjective meaning having
வணர்,O,adjective meaning wavy
கதுப்பு,O,hair
உளரி,O,verb meaning run fingers through
புறம்,O,back
சேர்பு,O,verb meaning standing behind
அழாஅல்,O,verb meaning do not cry
என்று,O,conjunction meaning he said
நம்,O,pronoun meaning my
அழுத,O,verb meaning crying
கண்,O,eyes
துடைப்பார்,O,verb meaning he used to wipe
யார்,O,pronoun meaning what
ஆகுவர்,O,verb meaning will become of him
கொல்,O,particle implying doubt
தோழி,PERSON,my friend
சாரல்,MOUNTAIN,mountain slopes
பெரும்,O,adjective meaning big
புனக்,FIELD,fields
குறவன்,PERSON,mountain dweller
சிறு,FOOD,tiny
தினை,FOOD,millet
மறுகால்,O,second yield from new branches
கொழுங்கொடி,PLANT,thick creepers
அவரை,FLOWER,avarai flowers
பூக்கும்,O,verb meaning bloom
அரும்பனி,NATURE,harsh
அச்சிரம்,NATURE,early dew season
வாராதோரே,PERSON,the one who has not come
**Poem 83**,,
அரும்,O,adjective meaning rare
பெறல்,O,verb meaning to obtain
அமிழ்தம்,FOOD,ambrosia or nectar
ஆர்பதம்,FOOD,as her food
ஆக,O,verb meaning may it be
பெரும்,O,adjective meaning very famous
பெயர்,O,adjective meaning famous
உலகம்,STRUCTURE,the upper world
பெறீஇயர்,O,verb meaning may she get
ஓ,O,expletive particle
அன்னை,PERSON,mother
தம்,O,pronoun meaning their
இல்,STRUCTURE,from their own house
தமது,O,pronoun meaning their own
உண்டன்ன,O,like eating what one has earned
சினைதொறும்,PLANT,in every branch
தீம்பழம்,FRUIT,sweet fruits
தூங்கும்,O,verb meaning are hanging
பலவின்,FRUIT,with jackfruit trees
ஓங்கு,O,adjective meaning lofty
மலை,MOUNTAIN,mountain
நாடனை,PERSON,the man from the mountain country
வரும்,O,verb meaning he will come
என்றோள்,O,verb meaning she said that
**Poem 84**,,
பெயர்த்தனென்,O,verb meaning when I embraced her moving her toward me
முயங்க,O,verb meaning embracing
யான்,O,pronoun meaning I
வியர்த்தனென்,O,verb meaning that I smell of sweat
என்றனள்,O,verb meaning she said
இனி,O,adverb meaning now
அறிந்தேன்,O,verb meaning I understand
அது,O,pronoun meaning that
துனி,O,noun meaning hated it
ஆகுதலே,O,verb meaning why
கழல்,OBJECT,whirling bracelets
தொடி,OBJECT,bangles
ஆய்,KING,king Ay
மழை,NATURE,clouds
தவழ்,O,verb meaning spreading
பொதியில்,MOUNTAIN,Pothiyil Mountain
வேங்கையும்,FLOWER,Indian kino tree flowers
காந்தளும்,FLOWER,glory lily
நாறி,O,verb meaning is fragrant
ஆம்பல்,FLOWER,white waterlily
மலரினும்,FLOWER,blossoms
தான்,O,expletive particle
தண்ணியளே,O,adjective meaning she is cooler
**Poem 85**,,
யாரினும்,O,than others
இனியன்,PERSON,he is sweeter
பேரன்பினன்,PERSON,he is very kind
ஏ,O,expletive particle
உள்ளூர்க்,BIRD,sparrow in town
குரீஇ,BIRD,sparrow
துள்ளு,O,adjective meaning hopping
நடை,O,gait
சேவல்,BIRD,a male sparrow
சூன்,O,pregnancy
முதிர்,O,adjective meaning fully pregnant
பேடைக்கு,BIRD,for the female
ஈன்,O,verb meaning to lay
இல்,STRUCTURE,nest
இழைஇயர்,O,verb meaning to build
தேம்,FOOD,sweetness filled
பொதிக்,O,with honeycombs
கொண்ட,O,adjective meaning having
தீங்கழைக்,PLANT,sweet
கரும்பின்,PLANT,sugarcane
நாறா,O,adjective meaning with no fragrance
வெண்பூ,FLOWER,white flowers
கொழுதும்,O,verb meaning it plucks
யாண,STRUCTURE,prosperous
ஊரன்,PERSON,the man from the prosperous town
பாணன்,PROFESSION,bard
வாய்,O,his words
ஏ,O,expletive particle
**Poem 86**,,
சிறை,O,blocked
பனி,NATURE,tears
உடைந்த,O,verb meaning dropped
சேயரி,O,red lines
மழைக்,O,moist
கண்,O,eyes
பொறை,O,adjective meaning difficult
அரு,O,adjective meaning difficult
நோயொடு,O,with love disease
புலம்பு,O,sorrow of loneliness
அலைக்,O,verb meaning distressed
கலங்கி,O,verb meaning distressed
பிறரும்,PERSON,others
கேட்குநர்,PERSON,who will hear
உளர்,O,verb meaning are there
கொல்,O,particle implying doubt
உறை,NATURE,heavy rains
சிறந்து,O,verb meaning exceeding
ஊதை,NATURE,northerly winds
தூற்றும்,O,verb meaning with spray
கூதிர்,NATURE,cold season
யாமத்து,NATURE,night
ஆன்,ANIMAL,cow
நுளம்பு,INSECT,flies
உலம்புதொறு,O,whenever they buzz
உளம்பும்,O,verb meaning cows shake heads
நா,O,clappers
நவில்,O,verb meaning ringing
கொடு,O,adjective meaning curved
மணி,OBJECT,bells
நல்கூர்,O,adjective meaning soft
குரலே,O,sounds
**Poem 87**,,
மன்ற,STRUCTURE,in the common place
மராஅத்த,PLANT,in a kadampam tree
பேஎ,O,adjective meaning fierce and ancient
முதிர்,O,adjective meaning ancient
கடவுள்,DEITY,god Murukan
கொடியோர்,PERSON,those who are evil
தெறூஉம்,O,verb meaning will terrorize them
என்ப,O,verb meaning they say
யாவதும்,O,adverb meaning at all
கொடியர்,O,adjective meaning harsh
அல்லர்,PERSON,he is not
எம்,O,pronoun meaning my
குன்று,MOUNTAIN,mountain
கெழு,O,adjective meaning having
நாடர்,PERSON,man from the mountain country
பசைஇ,O,verb meaning desired
பசந்தன்று,O,verb meaning my forehead has become yellow
நுதலே,O,forehead
ஞெகிழ,O,verb meaning since my mind weakened
ஞெகிழ்ந்தன்று,O,verb meaning they became slim
தட,O,adjective meaning curved or wide
மென்தோளே,O,delicate arms
**Poem 88**,,
ஒலி,WATERBODY,loud
வெள்ளருவி,WATERBODY,white waterfalls
ஓங்கு,O,adjective meaning tall
மலை,MOUNTAIN,mountain
நாடன்,PERSON,man from the mountain country
சிறுகண்,ANIMAL,small-eyed
பெருங்களிறு,ANIMAL,big bull elephant
வயப்,ANIMAL,mighty
புலி,ANIMAL,tiger
தாக்கி,O,verb meaning attacking
தொல்,O,adjective meaning ancient
முரண்,O,strength
சோரும்,O,verb meaning fades away
துன்,O,adjective meaning difficult
அருஞ்சாரல்,MOUNTAIN,difficult mountain slopes
நடுநாள்,NATURE,middle of the night
வருதலும்,O,verb meaning coming
வரூஉம்,O,verb meaning when he comes
வடு,O,noun meaning blame
நாணலமே,O,verb meaning we are not ashamed
தோழி,PERSON,O friend
நாம்,O,pronoun meaning we
ஏ,O,expletive particle
**Poem 89**,,
பாவடி,OBJECT,big base of stone mortar
உரல,OBJECT,stone mortar
பகுவாய்,O,adjective meaning big depression
வள்ளை,O,vallai songs
ஏதில்,O,adjective meaning strangers
மாக்கள்,PERSON,people
நுவறலும்,O,verb meaning they will talk ill
நுவல்ப,O,verb meaning talk
அழிவது,O,verb meaning what is the use of worrying
எவன்,O,pronoun meaning what
கொல்,O,particle implying doubt
இப்பேதை,O,adjective meaning this ignorant
ஊர்க்கே,STRUCTURE,because of this town
பெரும்பூண்,CLOTHING,large jewels or necklace
பொறையன்,KING,Chera king Poraiyan
பேஎ,O,adjective meaning fierce and ancient
முதிர்,O,adjective meaning ancient
கொல்லி,MOUNTAIN,Kolli Mountain
கருங்கண்,DEITY,black-eyed god
தெய்வம்,DEITY,god
குட,MOUNTAIN,west side
வரை,MOUNTAIN,mountain
எழுதிய,O,verb meaning etched or painted
நல்,O,adjective meaning good
இயல்,O,traits
பாவை,PERSON,woman
அன்ன,O,like
இம்,O,pronoun meaning this
மெல்லியல்,PERSON,women with delicate traits
குறுமகள்,PERSON,young woman
பாடினள்,O,verb meaning she sings
குறின்,O,verb meaning if she sings as she pounds
ஏ,O,expletive particle
**Poem 90**,,
எற்றோ,O,of what nature is this
வாழி,O,expletive particle
தோழி,PERSON,my friend
முற்றுபு,O,verb meaning maturing
கறி,FOOD,black pepper
வளர்,O,verb meaning growing
அடுக்கத்து,MOUNTAIN,mountain ranges
இரவில்,NATURE,at night
முழங்கி,O,verb meaning roaring
மங்குல்,NATURE,clouds
மா,NATURE,heavy
மழை,NATURE,rain
வீழ்ந்தென,O,since it fell
பொங்கு,O,adjective meaning thick
மயிர்,ANIMAL,hair
கலை,ANIMAL,male monkey
தொட,O,verb meaning as it touched
இழுக்கிய,O,verb meaning slipped
பூ,FLOWER,flower-fragrant
நாறு,O,adjective meaning fragrant
பலவுக்கனி,FRUIT,jackfruit
வரை,MOUNTAIN,mountain
இழி,WATERBODY,waterfall
அருவி,WATERBODY,waterfall
உண்,WATERBODY,drinking water
துறை,WATERBODY,shores
தரூஉம்,O,verb meaning brings
குன்ற,MOUNTAIN,of the mountains
நாடன்,PERSON,the man from the mountains
கேண்மை,O,friendship
மென்தோள்,O,delicate arms
சாய்த்தும்,O,verb meaning despite making them waste away
சால்பு,O,dignity
ஈன்றன்றே,O,verb meaning it has given you
**Poem 91**,,
அரில்,O,adjective meaning tangled
பவர்,PLANT,creeper
பிரம்பின்,PLANT,of rattan
வரிப்,O,adjective meaning lines on sides
புற,O,sides
விளை,O,adjective meaning ripe
கனி,FRUIT,fruits
குண்டு,WATERBODY,deep
நீர்,WATERBODY,water
இலஞ்சி,WATERBODY,pond
கெண்டை,FISH,carp
கதூஉம்,O,verb meaning bite and eat
தண்துறை,WATERBODY,cool port
ஊரன்,PERSON,the man from the town
பெண்டு,PERSON,woman
இனை,O,pronoun meaning of this nature
ஆயின்,O,conjunction meaning if you are
பல,O,adjective meaning many
ஆகுக,O,verb meaning may there be
நின்,O,pronoun meaning your
நெஞ்சில்,O,in your heart
படரே,O,noun meaning sorrow
ஓவாது,O,adverb meaning constantly
ஈயும்,O,verb meaning giving
மாரி,NATURE,rains
வண்கை,O,adjective meaning charitable hands
கடும்,O,adjective meaning fierce
பகட்டு,ANIMAL,proud male
யானை,ANIMAL,elephant
நெடுந்தேர்,VEHICLE,tall chariot
அஞ்சி,WARRIOR,Athiyaman Anchi
கொன்,O,adjective meaning fierce
முனை,WARFARE,battlefield
இரவு,NATURE,night
ஊர்,STRUCTURE,town
போல,O,like
சிலவாகுக,O,verb meaning may they be few
நீ,O,pronoun meaning your
துஞ்சு,O,verb meaning sleeping
நாளே,NATURE,days
**Poem 92**,,
ஞாயிறு,NATURE,sun
பட்ட,O,verb meaning hidden
அகல்வாய்,NATURE,wide
வானத்து,NATURE,in the sky
அளிய,O,adjective meaning they are pitiable
தாமே,O,expletive particle
கொடும்,O,adjective meaning curved
சிறை,BIRD,wings
பறவை,BIRD,birds
இறை,O,adjective meaning tall
உறை,O,verb meaning living
ஓங்கிய,O,adjective meaning tall
நெறி,PATH,path
அயல்,PLACE,nearby
மராஅத்த,PLANT,in kadampam trees
பிள்ளை,BIRD,young chicks
உள்,O,inside
வாய்,O,mouths
செரீஇய,O,verb meaning to thrust
இரை,FOOD,food
கொண்டமையின்,O,since they carry food
விரையுமால்,O,verb meaning they are going very fast
செலவே,O,noun meaning going
**Poem 93**,,
நல்,O,adjective meaning fine
நலம்,O,virtue or beauty
தொலைய,O,verb meaning is lost
நலமிக,O,beauty
சாஅய்,O,verb meaning ruined greatly
இன்,O,adjective meaning sweet
உயிர்,O,life
கழியினும்,O,verb meaning even if lost
உரையல்,O,verb meaning do not talk
அவர்,PERSON,he
நமக்கு,O,pronoun meaning to us
அன்னையும்,PERSON,mother
அத்தனும்,PERSON,father
அல்லரோ,O,verb meaning was he not
தோழி,PERSON,O friend
புலவி,O,friction or quarrel
அஃது,O,pronoun meaning that
எவனோ,O,pronoun meaning why
அன்பு,O,love
இலங்கடை,O,without between us
ஏ,O,expletive particle
**Poem 94**,,
பெரும்,NATURE,large or much
தண்,NATURE,cool
மாரிப்,NATURE,rainy season's
பேதைப்,O,adjective meaning naive
பித்திகத்து,FLOWER,jasmine
அரும்பே,FLOWER,buds
முன்னும்,O,adverb meaning before time
மிக,O,adverb meaning very
சிவந்தனவே,O,verb meaning they got red
யானே,O,pronoun meaning I
மருள்வேன்,O,verb meaning will I get confused
தோழி,PERSON,my friend
பானாள்,NATURE,midnight
இன்னும்,O,adverb meaning still
தமியர்,O,the one who is alone
கேட்பின்,O,verb meaning if he hears
பெயர்த்தும்,O,adverb meaning even though he moved away
என்,O,pronoun meaning what
ஆகுவர்,O,verb meaning will he do
கொல்,O,particle implying doubt
பிரிந்திசினோரே,PERSON,the one who is separated from me
அருவி,WATERBODY,waterfalls
மா,O,adjective meaning tall
மலை,MOUNTAIN,mountains
தத்த,O,verb meaning flowing down
கருவி,NATURE,dark clouds with thunder
மா,NATURE,heavy
மழை,NATURE,rain
சிலைதரும்,O,verb meaning roaring
குரலே,NATURE,sounds
**Poem 95**,,
மால்,O,adjective meaning sky-high
வரை,MOUNTAIN,mountain
இழிதரும்,WATERBODY,flowing down
தூ,O,adjective meaning pure
வெள்,WATERBODY,white
அருவி,WATERBODY,waterfalls
கல்,MOUNTAIN,mountain
முகை,MOUNTAIN,caves or crevices
ததும்பும்,O,verb meaning they roar
பன்மலர்,FLOWER,many flowers
சாரல்,MOUNTAIN,mountain slopes
சிறுகுடி,STRUCTURE,small village
குறவன்,PERSON,mountain dweller
பெருந்தோள்,PERSON,young woman with thick arms
குறுமகள்,PERSON,young girl
நீர்,NATURE,water
ஓரன்ன,O,like
சாயல்,O,delicate beauty
தீ,NATURE,fire
ஓரன்ன,O,like
என்,O,pronoun meaning my
உரன்,O,strength or energy
அவித்தன்றே,O,verb meaning it has ruined
**Poem 96**,,
அருவி,WATERBODY,near waterfalls
வேங்கை,FLOWER,kino trees
பெரு,O,adjective meaning tall
மலை,MOUNTAIN,mountains
நாடற்கு,PERSON,for the man from the country
யான்,O,pronoun meaning I
எவன்,O,pronoun meaning what
செய்கோ,O,verb meaning could I do
என்றி,O,verb meaning you said
யான்,O,pronoun meaning I
அது,O,pronoun meaning that
நகையென,O,noun meaning as a joke
உணரேன்,O,verb meaning if I did not realize
ஆயின்,O,conjunction meaning if
என்,O,pronoun meaning what
ஆகுவை,O,verb meaning will happen to you
கொல்,O,particle implying doubt
நன்னுதல்,PERSON,O young woman with bright forehead
நீயே,O,pronoun meaning you
**Poem 97**,,
யானே,O,pronoun meaning I
ஈண்டையேனே,O,adverb meaning I am here
என்,O,pronoun meaning my
நலனே,O,virtue or beauty
ஆனா,O,adjective meaning unsettling
நோயொடு,O,with pain
கானலஃதே,FOREST,in the seashore grove
துறைவன்,PERSON,the lord of the shore
தம்,O,pronoun meaning his
ஊரானே,STRUCTURE,in his town
மறை,O,secret love
அலர்,O,gossip
ஆகி,O,verb meaning it has become
மன்றத்தஃதே,STRUCTURE,to the common areas
**Poem 98**,,
இன்னள்,O,pronoun meaning this is what happened to her
ஆயினள்,O,verb meaning she became
நன்னுதல்,PERSON,young woman with fine forehead
என்று,O,conjunction meaning thus
அவர்த்,PERSON,to him
துன்னச்,O,adverb meaning near
சென்று,O,verb meaning go
செப்புநர்ப்,PERSON,someone who will tell
பெறினே,O,verb meaning if we can get
நன்று,O,adjective meaning good
மன்,O,expletive particle
வாழி,O,expletive particle
தோழி,PERSON,my friend
நம்,O,pronoun meaning our
படப்பை,GARDEN,garden
நீர்,WATERBODY,water
வார்,O,verb meaning dripping
பைம்புதல்,PLANT,green bushes
கலித்த,O,adjective meaning flourishing
மாரிப்,NATURE,rainy season's
பீரத்து,FLOWER,flowers of ridge gourd vines
அலர்,FLOWER,flowers
சில,O,adjective meaning some
கொண்டு,O,verb meaning taking
ஏ,O,expletive particle
**Poem 99**,,
உள்ளினென்,O,verb meaning did I not think about her
அல்லனோ,O,verb meaning did I not
யானே,O,pronoun meaning me
உள்ளி,O,verb meaning when I thought
நினைத்தனென்,O,verb meaning did I not think about her
அல்லனோ,O,verb meaning did I not
பெரிதே,O,adverb meaning greatly
நினைத்து,O,verb meaning thinking
மருண்டனென்,O,verb meaning did I not get confused
அல்லனோ,O,verb meaning did I not
உலகத்து,STRUCTURE,of the world
பண்பே,O,nature
நீடிய,O,adjective meaning tall
மரத்த,PLANT,trees
கோடு,PLANT,branches
தோய்,O,verb meaning touching
மலிர்,O,adjective meaning big
நிறை,WATERBODY,flood
இறைத்து,O,verb meaning to scoop
உண,O,verb meaning to drink
சென்று,O,verb meaning it subsides
அற்றாங்கு,O,like how it becomes nothing
அனை,O,like that
பெருங்காமம்,O,great love
ஈண்டு,O,adverb meaning here
கடைக்கொளவே,O,verb meaning for it to end
**Poem 100**,,
அருவிப்,WATERBODY,waterfall-fed
பரப்பின்,FIELD,vast land
ஐயனம்,FOOD,mountain rice
வித்தி,O,verb meaning seeded
பரு,O,adjective meaning thick
இலைக்,PLANT,leaves
குளவியொடு,PLANT,with wild jasmine vines
பசுமரல்,PLANT,green hemp plants
கட்கும்,O,verb meaning they remove
காந்தள்,FLOWER,glory lily plants
வேலி,STRUCTURE,as fences
சிறுகுடி,STRUCTURE,small villages
பசிப்பின்,O,verb meaning if hungry
கடுங்கண்,O,adjective meaning fierce
வேழத்து,ANIMAL,of elephants
கோடு,ANIMAL,tusks
நொடுத்து,O,verb meaning sell
உண்ணும்,O,verb meaning feed the family
வல்வில்,WEAPON,strong arrow
ஓரி,WARRIOR,Ori
கொல்லிக்,MOUNTAIN,Kolli Mountain
குட,MOUNTAIN,west side
வரை,MOUNTAIN,mountain
பாவையின்,DEITY,like the Kolli goddess
மடவந்தனளே,O,adjective meaning she is delicate and naive
மணத்தற்கு,O,verb meaning to embrace
அரிய,O,adjective meaning hard
பணை,O,adjective meaning bamboo-like
பெருந்தோளே,O,thick arms
Word,Entity,Explanation
**Poem 101**,,
விரி,WATERBODY,wide or huge
திரைப்,WATERBODY,waves
பெருங்கடல்,WATERBODY,huge ocean
வளைஇய,O,verb meaning surrounded
உலகமும்,STRUCTURE,even the world
அரிது,O,adjective meaning rare
பெறு,O,verb meaning to obtain
சிறப்பின்,O,with greatness
புத்தேள்,MYTH,celestial
நாடும்,REGION,world
இரண்டும்,O,both
தூக்கின்,O,verb meaning if you weighed
சீர்,O,wealth or glory
சாலாவே,O,verb meaning they will not be equal
பூப்,FLOWER,flower-like
போல்,O,like
உண்கண்,O,kohl-lined eyes
பொன்,WEALTH,gold
போல்,O,like
மேனி,O,body
மாண்,O,adjective meaning fine
வரி,O,lines
அல்குல்,O,loins
குறுமகள்,PERSON,young woman
தோள்,O,shoulders
மாறுபடூஉம்,O,verb meaning embracing each other
வைகலொடு,O,with a day
எமக்கே,O,pronoun meaning to me
**Poem 102**,,
உள்ளின்,O,verb meaning if I think
உள்ளம்,O,heart
வேமே,O,verb meaning will burn
உள்ளாது,O,verb meaning if I do not think
இருப்பின்,O,verb meaning if I stay
எம்,O,pronoun meaning my
அளவைத்து,O,extent of ability
அன்றே,O,adverb meaning it is beyond
வருத்தி,O,verb meaning causing sorrow
வான்,NATURE,sky
தோய்வற்றே,O,verb meaning it is like touching the sky
காமம்,O,love
சான்றோர்,O,wise man
அல்லர்,O,verb meaning he is not
யாம்,O,pronoun meaning I
மரீஇயோரே,PERSON,the man I embraced
**Poem 103**,,
கடும்,NATURE,fierce
புனல்,WATERBODY,floods
தொகுத்த,O,verb meaning collected
நடுங்கு,O,adjective meaning trembling
அஞர்,O,noun meaning cold
அள்ளல்,LANDFORM,mud
கவிர்,FLOWER,petals
இதழ்,FLOWER,petals
அன்ன,O,like
தூவி,BIRD,feathers
செவ்வாய்,BIRD,red beak
இரை,FOOD,prey
தேர்,O,verb meaning searches
நாரைக்கு,BIRD,to the stork
எவ்வமாக,O,verb meaning causing sorrow
தூஉம்,NATURE,thrown
துவலை,NATURE,water sprays
துயர்,O,noun meaning sorrow
கூர்,O,adjective meaning sharp
வாடையும்,NATURE,the northerly winds
வாரார்,PERSON,he will not come
போல்வர்,O,verb meaning it appears
நம்,O,pronoun meaning my
காதலர்,PERSON,my lover
வாழேன்,O,verb meaning I will not live
போல்வல்,O,verb meaning it appears
தோழி,PERSON,O friend
யானே,O,pronoun meaning me
**Poem 104**,,
அம்ம,O,particle meaning listen to me
வாழி,O,expletive particle
தோழி,PERSON,my friend
காதலர்,PERSON,my lover
நூல்,OBJECT,thread
அறு,O,verb meaning breaks
முத்தின்,OBJECT,like pearls
தண்,NATURE,cold
சிதர்,NATURE,rain water drops
உறைப்ப,NATURE,falling
தாளி,PLANT,thali vine
தண்,O,adjective meaning cool
பவர்,PLANT,vines
நாள்,NATURE,dawn
ஆ,ANIMAL,cows
மேயும்,O,verb meaning graze
பனிபடு,NATURE,dew falling
நாளே,NATURE,season
பிரிந்தனர்,PERSON,he left
பிரியும்,O,noun meaning the days of separation
நாளும்,NATURE,days
பல,O,adjective meaning many
ஆகுபவே,O,verb meaning are there
**Poem 105**,,
புனவன்,PERSON,mountain farmer
துடவை,FIELD,in the field
பொன்,WEALTH,gold-like
போல்,O,like
சிறு,FOOD,tiny
தினை,FOOD,millet
கடி,O,adjective meaning new
உண்,FOOD,offering
கடவுட்கு,DEITY,for god
இட்ட,O,verb meaning left
செழுங்குரல்,FOOD,mature clusters
அறியாது,O,verb meaning without knowing
உண்ட,O,verb meaning ate
மஞ்ஞை,BIRD,peacock
ஆடுமகள்,PROFESSION,female diviner
வெறியுறு,O,adjective meaning with frenzy
வனப்பின்,O,beautifully
வெய்துற்று,O,verb meaning panics with fear
நடுங்கும்,O,verb meaning trembles
சூர்,DEITY,gods
மலை,MOUNTAIN,mountain
நாடன்,PERSON,the man from the mountains
கேண்மை,O,friendship
நீர்,NATURE,tears
மலி,O,adjective meaning filled
கண்ணொடு,O,with eyes
நினைப்பாகின்றே,O,verb meaning when I think about it
**Poem 106**,,
புல்,O,adjective meaning thin
வீழ்,PLANT,aerial roots
இற்றிக்,PLANT,white fig tree
கல்,ROCK,on rocks
இவர்,O,verb meaning spreading
வெள்,PLANT,white
வேர்,PLANT,roots
வரை,MOUNTAIN,mountain
இழி,WATERBODY,flowing down
அருவியின்,WATERBODY,like the waterfalls
தோன்றும்,O,verb meaning appearing
நாடன்,PERSON,the man from the country
தீது,O,adjective meaning without blemish
இல்,O,adjective meaning without
நெஞ்சத்து,O,from a heart
கிளவி,O,words
நம்,O,pronoun meaning us
வயின்,O,to
வந்தன்று,O,verb meaning they have come
வாழி,O,expletive particle
தோழி,PERSON,O friend
நாமும்,O,pronoun meaning and let us
நெய்,FOOD,oil or ghee
பெய்,O,verb meaning poured
தீயின்,NATURE,like fire
எதிர்கொண்டு,O,verb meaning accepting it
தான்,O,pronoun meaning he
மணந்தனையம்,O,verb meaning the same like when he united with me
என,O,conjunction meaning thus
விடுகம்,O,verb meaning let us send
தூதே,O,noun meaning a message
**Poem 107**,,
குவி,O,adjective meaning pointed
இணர்த்,FLOWER,clusters
தோன்றி,FLOWER,glory lily blossoms
ஒண்,FLOWER,bright
பூ,FLOWER,flowers
அன்ன,O,like
தொகு,O,adjective meaning totally
செந்நெற்றிக்,ANIMAL,red combs
கணங்கொள்,O,adjective meaning with a flock
சேவல்,BIRD,rooster
நள்,NATURE,pitch dark
இருள்,NATURE,darkness
யாமத்தில்,NATURE,night time
எலி,ANIMAL,rats
பார்க்கும்,O,verb meaning looking for
பிள்ளை,ANIMAL,young
வெருகிற்கு,ANIMAL,to a wildcat
அல்கு,O,adverb meaning little by little
இரை,FOOD,food
ஆகி,O,verb meaning become
கடு,O,adjective meaning great
நவை,O,noun meaning sorrow
படீஇயர்,O,verb meaning may you suffer
ஓ,O,expletive particle
நீ,O,pronoun meaning you
யே,O,expletive particle
நெடு,WATERBODY,deep ponds
நீர்,WATERBODY,ponds
யாணர்,O,adjective meaning prosperous
ஊரன்,PERSON,the man from such town
தன்னொடு,O,with him
வதிந்த,O,verb meaning staying
ஏம,O,adjective meaning joyous
இன்,O,adjective meaning sweet
துயில்,O,sleep
எடுப்பியோயே,O,verb meaning you woke me up
**Poem 108**,,
மழை,NATURE,clouds
விளையாடும்,O,verb meaning playing
குன்று,MOUNTAIN,mountains
சேர்,O,verb meaning near
சிறுகுடி,STRUCTURE,small village
கறவை,ANIMAL,cows
கன்று,ANIMAL,calf
வயின்,PLACE,toward
படர,O,verb meaning go
புறவில்,FOREST,in the woodlands
பாசிலை,PLANT,tender leaves
முல்லை,FLOWER,jasmine vines
ஆசு,O,adjective meaning without fault
இல்,O,adjective meaning without
வான்,FLOWER,white
பூ,FLOWER,flowers
செவ்வான்,NATURE,red sky
செவ்வி,O,beauty
கொண்டன்று,O,verb meaning it has become
உய்யேன்,O,verb meaning I will not live
போல்வல்,O,verb meaning it appears
தோழி,PERSON,friend
யானே,O,pronoun meaning I
**Poem 109**,,
முடக்கால்,FISH,with curved legs
இறவின்,FISH,of shrimp
முடங்கு,O,adjective meaning curved
புற,FISH,backs
பெருங்கிளை,FISH,huge group
புணரி,WATERBODY,ocean
இகு,O,verb meaning flow down
திரை,WATERBODY,waves
தரூஉம்,O,verb meaning they bring
துறைவன்,PERSON,lord of the seashore
புணரிய,O,verb meaning when you united
இருந்த,O,verb meaning were
ஞான்றும்,O,even when
இன்னது,O,pronoun meaning it is like this
மன்னோ,O,it is pitiable
நன்னுதல்,PERSON,young woman with fine forehead
கவினே,O,beauty
**Poem 110**,,
வாரார்,PERSON,even if he does not come
ஆயினும்,O,conjunction meaning even if
வரினும்,O,verb meaning or even if he comes
அவர்,PERSON,he
நமக்கு,O,pronoun meaning to us
யார்,O,pronoun meaning who
ஆகியரோ,O,verb meaning is he to us
ஓ,O,expletive particle
தோழி,PERSON,O friend
நீர,WATERBODY,in the water
நீலப்,FLOWER,blue waterlilies
பைம்போது,FLOWER,fresh buds
உளரி,O,verb meaning causing them to blossom
புதல,PLANT,on the bushes
பீலி,BIRD,peacock feathers
ஒண்,BIRD,bright spots
பொறி,BIRD,spots or eyes
கருவிளை,FLOWER,karuvilai flowers
ஆட்டி,O,verb meaning to shake
நுண்,O,adjective meaning fine
முள்,PLANT,thorns
ஈங்கை,PLANT,eengai's
செவ்,FLOWER,red
அரும்பு,FLOWER,buds
ஊழ்த்த,O,verb meaning blossomed
வண்ண,O,adjective meaning colorful
துய்ம்,FLOWER,fuzzy flowers
மலர்,FLOWER,flowers
உதிர,O,verb meaning to drop
தண்ணென்று,O,adverb meaning in a cool manner
இன்னாது,O,adjective meaning painful
எறிதரும்,O,verb meaning blow
வாடையொடு,NATURE,due to northerly winds
என்னாயினள்,O,verb meaning what happened to her
கொல்,O,particle implying doubt
என்னாதோரே,PERSON,the man who does not consider
**Poem 111**,,
மென்தோள்,O,delicate arms
நெகிழ்த்த,O,verb meaning caused to become thin
செல்லல்,O,noun meaning sorrow
வேலன்,PROFESSION,Murukan priest
வென்றி,O,adjective meaning victorious
நெடுவேள்,DEITY,Murukan
என்னும்,O,verb meaning he says that
அன்னையும்,PERSON,mother also
அதுவென,O,conjunction meaning that it is so
உணரும்,O,verb meaning she thinks
ஆயின்,O,conjunction meaning if
ஆ,O,pronoun meaning that
இடை,O,at that time
கூழை,ANIMAL,short
இரும்,ANIMAL,black
பிடிக்,ANIMAL,female elephants
கை,ANIMAL,trunks
கரந்தன்ன,O,as though hidden
கேழ்,O,adjective meaning dark color and huge
இருந்துறுகல்,MOUNTAIN,boulders
கெழு,O,adjective meaning having
மலை,MOUNTAIN,mountains
நாடன்,PERSON,the man from the country
வல்லே,O,adverb meaning fast
வருக,O,verb meaning may he come
தோழி,PERSON,friend
நம்,O,pronoun meaning our
இல்லோர்,PERSON,family members
பெருநகை,O,greatly laughable
காணிய,O,verb meaning to watch
சிறிது,O,adverb meaning for a little while
ஏ,O,expletive particle
**Poem 112**,,
கௌவை,O,gossip or slander
அஞ்சின்,O,verb meaning if one is afraid of
காமம்,O,love
எய்க்கும்,O,verb meaning will hurt
எள்,O,condemnation
அற,O,adverb meaning totally
விடினே,O,verb meaning if let go
உள்ளது,O,verb meaning what remains
நாணே,O,shame
பெருங்களிறு,ANIMAL,a huge male elephant
வாங்க,O,verb meaning bent or pulled
முரிந்து,O,verb meaning bent or cracked
நிலம்,NATURE,ground
படாஅ,O,verb meaning not touching
நார்,PLANT,fibrous
உடை,O,adjective meaning having
ஒசியல்,PLANT,branch
அற்று,O,like
கண்டிசின்,O,verb meaning see this
தோழி,PERSON,O friend
அவர்,PERSON,he
உண்ட,O,verb meaning enjoyed
என்,O,pronoun meaning my
நலனே,O,virtue or beauty
**Poem 113**,,
ஊர்க்கும்,STRUCTURE,to the town
அணித்து,O,adjective meaning near
ஏ,O,expletive particle
பொய்கை,WATERBODY,the pond
பொய்கைக்கு,WATERBODY,to the pond
சேய்த்தும்,O,adjective meaning far
அன்று,O,verb meaning it is not
ஏ,O,expletive particle
சிறு,O,adjective meaning small
கான்,FOREST,forest
யாறு,WATERBODY,river
ஏ,O,expletive particle
இரை,FOOD,prey
தேர்,O,verb meaning seek
வெண்குருகு,BIRD,white heron
அல்லது,O,other than that
யாவதும்,O,pronoun meaning there is nobody
துன்னல்,O,verb meaning getting near
போகின்றால்,O,verb meaning it does not happen
பொழில்,FOREST,grove
ஏ,O,expletive particle
யாம்,O,pronoun meaning we
எம்,O,pronoun meaning our
கூழைக்கு,O,for our hair
எருமண்,OBJECT,mud
கொணர்கம்,O,verb meaning we go to bring
சேறும்,O,verb meaning we go
ஆண்டும்,O,adverb meaning there
வருகுவள்,O,verb meaning she will come
பெரும்பேதை,PERSON,the very innocent young woman
ஏ,O,expletive particle
**Poem 114**,,
நெய்தல்,FLOWER,waterlilies
பரப்பில்,PLACE,on the seashore
பாவை,PERSON,doll or friend
கிடப்பி,O,verb meaning leaving
நின்,O,pronoun meaning your
குறி,O,sign for tryst
வந்தனென்,O,verb meaning I came
இயல்,O,adjective meaning riding or constructed
தேர்க்,VEHICLE,chariot
கொண்க,PERSON,O lord of the shores
செல்கம்,O,verb meaning we are going there
செல,O,verb meaning to go
வியங்கொண்மோ,O,verb meaning please urge her to leave
அல்கலும்,NATURE,at night
ஆரல்,FISH,eels
அருந்த,O,verb meaning filled with
வயிற்ற,O,with stomachs
நாரை,BIRD,storks
மிதிக்கும்,O,verb meaning they will walk on
என்,O,pronoun meaning my
மகள்,PERSON,daughter's
நுதலே,O,forehead
**Poem 115**,,
பெரு,O,adjective meaning great
நன்று,O,adjective meaning good
ஆற்றின்,O,verb meaning if done
பேணாரும்,PERSON,those who won't praise
உளரே,O,verb meaning are there
ஒரு,O,adjective meaning one or a little
நன்று,O,adjective meaning good
உடையள்,PERSON,she has
ஆயினும்,O,conjunction meaning even if
புரி,O,desire
மாண்டு,O,adverb meaning with esteem
புலவி,O,lovers' spat
தீர,O,verb meaning to end
அளிமதி,O,verb meaning please protect her
இலை,PLANT,leaves
கவர்பு,O,verb meaning seizing
ஆடு,PLANT,swaying
அமை,PLANT,bamboo
ஒழுகிய,O,verb meaning growing tall
தண்,O,adjective meaning cool
நறும்,O,adjective meaning fragrant
சாரல்,MOUNTAIN,slopes
மெல்,O,adjective meaning delicate
நடை,O,walk
மரையா,ANIMAL,female deer
துஞ்சும்,O,verb meaning sleep
நன்,O,adjective meaning fine
மலை,MOUNTAIN,mountain
நாட,PERSON,O man from fine mountain country
நின்,O,pronoun meaning you
அலது,O,without
இலளே,O,verb meaning she is nothing
**Poem 116**,,
யான்,O,pronoun meaning I
நயந்து,O,verb meaning love
உறைவோள்,PERSON,the young woman I love
தேம்,INSECT,bee-swarming
பாய்,O,verb meaning swarming
கூந்தல்,O,hair
வளம்,WEALTH,flourishing
கெழு,O,adjective meaning with
சோழர்,KING,Chozha kings
உறந்தை,STRUCTURE,Uranthai
பெருந்துறை,WATERBODY,big port
நுண்,O,adjective meaning fine
மணல்,LANDFORM,sand
அறல்,WATERBODY,long stretch of sand
வார்ந்தன்ன,O,like
நல்,O,adjective meaning perfectly
நெறியவ்வே,O,adjective meaning wavy
நறும்தண்ணியவே,O,adjective meaning fragrant and cool
**Poem 117**,,
மாரி,NATURE,rainy season's
ஆம்பல்,FLOWER,white waterlily
அன்ன,O,like
கொக்கின்,BIRD,of a stork
பார்வல்,O,seeing
அஞ்சிய,O,verb meaning afraid of
பருவரல்,O,adjective meaning sad
ஈர்,O,adjective meaning wet
ஞெண்டு,ANIMAL,crab
கண்டல்,PLANT,kandal tree
வேர்,PLANT,root
அளை,STRUCTURE,crevice
செலீஇயர்,O,verb meaning to go
அண்டர்,PROFESSION,herdsmen
கயிறு,OBJECT,rope
அரி,O,verb meaning breaks
எருத்தின்,ANIMAL,like a bull
கதழும்,O,verb meaning goes fast
துறைவன்,PERSON,lord of the seashore
வாராது,O,verb meaning if he does not come
அமையினும்,O,conjunction meaning even if so
அமைக,O,verb meaning let it be so
சிறியவும்,O,adjective meaning small ones
உள,O,verb meaning there are
ஈண்டு,O,adverb meaning here
விலைஞர்,PROFESSION,seller
கை,O,hand
வளையே,OBJECT,bangles
**Poem 118**,,
புள்ளும்,BIRD,birds
மாவும்,ANIMAL,animals
புலம்பொடு,O,in loneliness
வதிய,O,verb meaning reside
நள்ளென,NATURE,with darkness
வந்த,O,verb meaning set in
நார்,O,adjective meaning unkind
இல்,O,adjective meaning without
மாலை,NATURE,evening
பலர்,PERSON,many
புகு,O,verb meaning enter
வாயில்,STRUCTURE,gate
அடைப்ப,O,verb meaning closing
கடவுநர்,PERSON,gate keeper
வருவீர்,O,verb meaning anybody wanted to come
உளீரோ,O,verb meaning is there
எனவும்,O,conjunction meaning when asked
வாரார்,PERSON,he did not come
தோழி,PERSON,my friend
நம்,O,pronoun meaning my
காதலோரே,PERSON,my lover
**Poem 119**,,
சிறு,O,adjective meaning small
வெள்,ANIMAL,white
அரவின்,ANIMAL,snake's
அவ்வரி,O,adjective meaning pretty striped
குருளை,ANIMAL,baby
கான,FOREST,forest
யானை,ANIMAL,elephant
அணங்கியாஅங்கு,O,like how it terrorizes
இளையள்,PERSON,the young girl
முளை,O,sprout-like
வாள்,O,bright
எயிற்றள்,PERSON,woman with bright teeth
வளை,OBJECT,bangles
உடைக்,O,verb meaning wearing
கையள்,PERSON,woman with bangles on arms
எம்,O,pronoun meaning me
அணங்கியோளே,PERSON,she who distresses me
**Poem 120**,,
இல்லோன்,PERSON,a pauper
இன்பங்,O,pleasures
காமுற்றாஅங்கு,O,like who desires
அரிது,O,adjective meaning hard to get
வேட்டனையால்,O,verb meaning you desired
நெஞ்சே,O,O my heart
காதலி,PERSON,my lover
நல்லள்,O,adjective meaning she wanting to be nice
ஆகுதல்,O,verb meaning being
அறிந்தாங்கு,O,like you know that
அரியள்,O,adjective meaning she is hard to obtain
ஆகுதல்,O,verb meaning being
அறியாதோயே,O,verb meaning you do not understand
**Poem 121**,,
மெய்யோ,O,is it true
வாழி,O,expletive particle
தோழி,PERSON,O friend
சாரல்,MOUNTAIN,mountain slopes
மை,O,blackness
பட்டன்ன,O,like smeared
மா,O,adjective meaning black
முக,ANIMAL,face
முசுக்கலை,ANIMAL,male monkey
ஆற்ற,O,adverb meaning on a branch that could bear
பாயாத்,O,verb meaning because of not jumping
தப்பல்,O,noun meaning the mistake
ஏற்ற,O,adjective meaning that could bear
கோட்டொடு,PLANT,with the branch
போகியாங்கு,O,like it went away
நாடன்,PERSON,the hero
தான்,O,pronoun meaning he
குறி,O,signal or tryst
வாயாத்,O,verb meaning not understanding
தப்பற்கு,O,due to his mistake
தாம்,O,pronoun meaning they
பசந்தன,O,verb meaning they became pale
என்,O,pronoun meaning my
தட,O,adjective meaning curved or wide
மென்தோளே,O,delicate arms
**Poem 122**,,
பைங்கால்,BIRD,with green legs
கொக்கின்,BIRD,of storks
புன்புறத்து,O,small backs
அன்ன,O,like
குண்டு,WATERBODY,deep
நீர்,WATERBODY,waters
ஆம்பலும்,FLOWER,white waterlilies
கூம்பின,O,verb meaning have closed
இனி,O,adverb meaning now
ஏ,O,expletive particle
வந்தன்று,O,verb meaning it has come
வாழி,O,may it live long
ஓ,O,expletive particle
மாலை,NATURE,evening time
ஒரு,O,adjective meaning one
தான்,O,pronoun meaning that
அன்றே,O,adverb meaning not only that
கங்குலும்,NATURE,night also
உடைத்தே,O,verb meaning it has
**Poem 123**,,
இருள்,NATURE,darkness
திணிந்தன்ன,O,like filled
ஈர்ந்தண்,O,adjective meaning damp cool
கொழு,O,adjective meaning thick
நிழல்,NATURE,shade
நிலவுக்,NATURE,moonlight
குவித்தன்ன,O,like heaped up
வெண்மணல்,LANDFORM,white sand
ஒரு,O,adjective meaning one
சிறை,PLACE,on one side
கருங்கோட்டு,PLANT,with black branches
புன்னைப்,PLANT,punnai trees
பூம்பொழில்,FOREST,beautiful grove
புலம்ப,O,lonely
இன்னும்,O,adverb meaning not yet
வாரார்,PERSON,he has not come
வரூஉம்,O,verb meaning will return
பன்,O,adjective meaning many
மீன்,FISH,fish
வேட்டத்து,O,catching
என்,O,pronoun meaning our
ஐயர்,PERSON,brothers
திமிலே,VEHICLE,boats
**Poem 124**,,
உமணர்,PROFESSION,salt merchants
சேர்ந்து,O,verb meaning gather
கழிந்த,O,verb meaning leave
மருங்கின்,PLACE,with places
அகன்தலை,PLACE,large spaces
ஊர்,STRUCTURE,towns
பாழ்த்தன்ன,O,like ruined
ஓமையம்,PLANT,omai trees
பெருங்காடு,FOREST,big forest
இன்னா,O,adjective meaning suffering
என்றிர்,O,verb meaning if you say
ஆயின்,O,conjunction meaning if
இனியவோ,O,adjective meaning is it sweet
பெரும,PERSON,O lord
தமியோர்க்கு,PERSON,to those who are alone
மனையே,STRUCTURE,home
**Poem 125**,,
இலங்கு,O,adjective meaning bright
வளை,OBJECT,bangles
நெகிழ,O,verb meaning slipped
சாஅய்,O,verb meaning becoming thin
யானே,O,pronoun meaning I
உளெனே,O,verb meaning I am still alive
வாழி,O,expletive particle
தோழி,PERSON,O friend
சாரல்,MOUNTAIN,slopes
தழை,PLANT,leaves
அணி,CLOTHING,clothing
அல்குல்,O,loins or waist
மகளிருள்ளும்,PERSON,among the women
விழவு,O,festival
மேம்பட்ட,O,adjective meaning splendid
என்,O,pronoun meaning my
நலனே,O,virtue or beauty
பழ,O,adjective meaning old
விறல்,O,strength
பறை,BIRD,wings
வலம்,O,strength
தப்பிய,O,verb meaning lost
பைதல்,O,adjective meaning sad
நாரை,BIRD,stork
திரை,WATERBODY,waves
தோய்,O,verb meaning touching
வாங்கு,O,adjective meaning curved
சினை,PLANT,branch
இருக்கும்,O,verb meaning sits
தண்ணம்,O,adjective meaning cool and beautiful
துறைவனொடு,PERSON,with the lord of the seashore
கண்மாறின்றே,O,verb meaning has gone away
**Poem 126**,,
இளமை,O,youth
பாரார்,O,verb meaning he did not consider
வள,O,noun meaning wealth
நசைஇச்,O,verb meaning with the desire for
சென்றோர்,PERSON,he who went
இவணும்,O,adverb meaning here
வாரார்,PERSON,he has not come back
எவணரோ,O,pronoun meaning I wonder where he is
என,O,conjunction meaning that
பெயல்,NATURE,rain
புறந்தந்த,O,verb meaning protected by
பூங்கொடி,FLOWER,flower-bearing vines
முல்லை,FLOWER,jasmine
தொகு,O,adjective meaning in clusters
முகை,FLOWER,buds
இலங்கு,O,adjective meaning bright
எயிறாக,ANIMAL,as teeth
நகுமே,O,verb meaning they will laugh
தோழி,PERSON,O friend
நறும்,O,adjective meaning fragrant
தண்,NATURE,cool
காரே,NATURE,rainy season
**Poem 127**,,
குருகு,BIRD,heron
கொள,O,verb meaning caught
குளித்த,O,verb meaning jumped into water
கெண்டை,FISH,carp
அயலது,PLACE,nearby
உருகெழு,O,adjective meaning with color
தாமரை,FLOWER,lotus
வான்,FLOWER,white
முகை,FLOWER,buds
வெரூஉம்,O,verb meaning it fears
கழனி,FIELD,rice fields
அம்,O,suffix meaning beautiful
படப்பை,GARDEN,groves
காஞ்சி,PLANT,portia trees
ஊர,PERSON,O man from such town
ஒரு,O,adjective meaning one
நின்,O,pronoun meaning your
பாணன்,PROFESSION,bard
பொய்யனாக,O,adjective meaning is a liar
உள்ள,O,adjective meaning here
பாணர்,PROFESSION,bards
எல்லாம்,O,all
கள்வர்,PERSON,thieves
போல்வர்,O,verb meaning they appear
நீ,O,pronoun meaning you
அகன்றிசினோர்க்கே,PERSON,to those abandoned by you
**Poem 128**,,
குணகடல்,WATERBODY,the eastern ocean
திரையது,WATERBODY,near the waves
பறை,BIRD,feathers
தபு,O,adjective meaning ruined
நாரை,BIRD,stork
திண்,O,adjective meaning sturdy
தேர்ப்,VEHICLE,chariot
பொறையன்,KING,Chera king
தொண்டி,STRUCTURE,Thondi
முன்துறை,WATERBODY,seashore
அயிரை,FISH,loach fish
ஆரிரைக்கு,FOOD,as rare food
அணவந்தாங்கு,O,like it lifted its head
சேயள்,PERSON,she is far away
அரியோள்,PERSON,she is hard to get
படர்தி,O,verb meaning you desire
நோயை,O,you are with love affliction
நெஞ்சே,O,O my heart
நோய்,O,mental distress
பாலோயே,O,it is your fate
**Poem 129**,,
எலுவ,PERSON,O friend
சிறாஅர்,PERSON,children
ஏமுறு,O,adjective meaning giving happiness
நண்ப,PERSON,O friend
புலவர்,POET,poets
தோழ,PERSON,O friend of poets
கேளாய்,O,verb meaning listen to this
அத்தை,O,expletive particle
மாக்,WATERBODY,big or dark
கடல்,WATERBODY,ocean
நடுவண்,PLACE,in the middle
எண்,NATURE,the 8th day
நாள்,NATURE,day
பக்கத்துப்,NATURE,side
பசு,NATURE,cool or young
வெண்,NATURE,white
திங்கள்,NATURE,moon
தோன்றியாங்கு,O,like how it appeared
கதுப்பு,O,hair
அயல்,PLACE,near
விளங்கும்,O,verb meaning bright
சிறு,O,adjective meaning small
நுதல்,O,forehead
புது,O,adjective meaning newly
கோள்,O,adjective meaning caught
யானையின்,ANIMAL,like an elephant
பிணித்தற்று,O,verb meaning it has tied up
ஆல்,O,expletive particle
எம்,O,pronoun meaning me
ஏ,O,expletive particle
**Poem 130**,,
நிலம்,NATURE,earth
தொட்டுப்,O,verb meaning dig
புகாஅர்,O,verb meaning he did not enter
வானம்,NATURE,sky
ஏறார்,O,verb meaning he did not climb
விலங்கு,O,adjective meaning blocking
இரு,O,adjective meaning vast
முந்நீர்,WATERBODY,ocean
காலின்,O,verb meaning walk
செல்லார்,O,verb meaning he did not go
நாட்டின்,REGION,in every country
நாட்டின்,REGION,in every country
ஊரின்,STRUCTURE,in every town
ஊரின்,STRUCTURE,in every town
குடி,STRUCTURE,in every community
முறை,O,order
குடி,STRUCTURE,in every community
முறை,O,order
தேரின்,O,verb meaning if searched
கெடுநரும்,PERSON,can he escape
உளரோ,O,verb meaning is there
நம்,O,pronoun meaning our
காதலோரே,PERSON,beloved man
Word,Entity,Explanation
**Poem 131**,,
ஆடு,PLANT,swaying bamboo
அமை,PLANT,bamboo
புரையும்,O,like
வனப்பின்,O,adjective meaning pretty
பணைத்தோள்,O,thick arms
பேர்,O,adjective meaning large
அமர்க்,O,adjective meaning calm
கண்ணி,PERSON,girl with large eyes
இருந்த,O,verb meaning she resides
ஊரே,STRUCTURE,the town where
நெடுஞ்சேண்,O,adverb meaning very far away
ஆர்,O,adjective meaning difficult
இடையது,O,to reach
நெஞ்சே,O,O my heart
ஈரம்,O,adjective meaning wet or moist
பட்ட,O,adjective meaning perfect
செவ்விப்,O,adjective meaning beautiful
பைம்புனத்து,FIELD,fresh field
ஓர்,O,adjective meaning one
ஏர்,OBJECT,plow
உழவன்,PROFESSION,farmer with a single plow
போல,O,like
பெரு,O,adjective meaning greatly
விதுப்பு,O,noun meaning desire
உற்றன்றால்,O,verb meaning it desires greatly
நோகோ,O,verb meaning I am hurting
யானே,O,pronoun meaning me
**Poem 132**,,
கவவுக்,O,embrace
கடுங்குரையள்,PERSON,she is fast to embrace
காமர்,O,adjective meaning fine
வனப்பினள்,PERSON,she is of fine beauty
குவவு,O,adjective meaning raised or rounded
மென்,O,adjective meaning delicate
முலையள்,PERSON,she is with delicate breasts
கொடிக்,O,adjective meaning long
கூந்தலளே,PERSON,she is a woman with long hair
யாங்கு,O,pronoun meaning how
மறந்து,O,verb meaning forget
அமைகோ,O,verb meaning stay relaxed
யானே,O,pronoun meaning I
ஞாங்கர்,PLACE,in that place nearby
கடுஞ்சுரை,ANIMAL,udder full with milk
நல்,O,adjective meaning fine
ஆன்,ANIMAL,cow
நடுங்கு,O,adjective meaning trembling
தலைக்,O,noun meaning head
குழவி,ANIMAL,calf
தாய்,ANIMAL,mother
காண்,O,verb meaning to see
விருப்பின்,O,with desire
அன்ன,O,like
சாஅய்,O,verb meaning with desiring looks
நோக்கினளே,O,verb meaning she looked
மாஅயோளே,PERSON,the dark young woman
**Poem 133**,,
புனவன்,PERSON,mountain dweller
துடவை,FIELD,in the field
பொன்,WEALTH,gold-like
போல்,O,like
சிறு,FOOD,tiny
தினை,FOOD,millet
கிளி,BIRD,parrots
குறைத்து,O,verb meaning reduced
உண்ட,O,verb meaning ate
கூழை,O,adjective meaning mushy
இருவி,PLANT,stubble
பெரும்,NATURE,heavy
பெயல்,NATURE,rains
உண்மையின்,O,since it happened
இலை,PLANT,leaves
ஒலித்தாங்கு,O,like how they started to flourish
என்,O,pronoun meaning my
உரம்,O,strength
செத்தும்,O,verb meaning even when died
உளெனே,O,verb meaning I still live
தோழி,PERSON,my friend
என்,O,pronoun meaning my
நலம்,O,beauty or virtue
புதிது,O,adverb meaning first
உண்ட,O,verb meaning since he enjoyed
புலம்பினானே,O,verb meaning being in sorrow
**Poem 134**,,
அம்ம,O,particle meaning listen to me
வாழி,O,expletive particle
தோழி,PERSON,my friend
நம்மொடு,O,pronoun meaning from us
பிரிவு,O,noun meaning separation
இன்று,O,verb meaning is not
ஆயின்,O,conjunction meaning if
நன்று,O,adjective meaning good
மன்,O,expletive particle with implied meaning
தில்ல,O,particle implying desire
குறும்பொறை,MOUNTAIN,small boulders
தடைஇய,O,verb meaning growing large between
நெடுந்தாள்,PLANT,tall-trunked
வேங்கை,FLOWER,kino trees
பூவுடை,FLOWER,flower-laden
அலங்கு,O,adjective meaning moving
சினை,PLANT,branches
புலம்ப,O,verb meaning to be alone
தாக்கி,O,verb meaning attacked
கல்,ROCK,hitting the rocks
பொருது,O,verb meaning crashing against
இரங்கும்,WATERBODY,loud
கதழ்,O,adjective meaning rapidly
வீழ்,WATERBODY,falling
அருவி,WATERBODY,waterfalls
நிலம்,NATURE,ground
கொள்,O,verb meaning slither on
பாம்பின்,ANIMAL,like snakes
இழிதரும்,O,verb meaning they flow down
விலங்கு,O,adjective meaning blocking
மலை,MOUNTAIN,mountains
நாடனொடு,PERSON,with the man from the mountains
கலந்த,O,verb meaning with union
நட்பே,O,friendship
**Poem 135**,,
வினையே,O,jobs or business
ஆடவர்க்கு,PERSON,to men
உயிரே,O,life
வாள்,O,bright
நுதல்,PERSON,bright foreheads
மனை,STRUCTURE,house
உறை,O,verb meaning staying
மகளிர்க்கு,PERSON,for women
ஆடவர்,PERSON,men
உயிரென,O,that they are life
நமக்கு,O,pronoun meaning us
உரைத்தோரும்,PERSON,he is the one who told
தாமே,O,pronoun meaning he
அழாஅல்,O,verb meaning do not cry
தோழி,PERSON,my friend
அழுங்குவர்,O,verb meaning he will avoid
செலவே,O,noun meaning leaving
**Poem 136**,,
காமம்,O,love
காமம்,O,love
என்ப,O,verb meaning they say
காமம்,O,love
அணங்கும்,O,terror
பிணியும்,O,disease
அன்றே,O,verb meaning is not
நுணங்கி,O,verb meaning becoming tiny
கடுத்தலும்,O,verb meaning increasing
தணிதலும்,O,verb meaning reducing
இன்றே,O,verb meaning it does not
யானை,ANIMAL,elephant
குளகு,FOOD,leaves
மென்று,O,verb meaning chewed
ஆள்,O,verb meaning in rut
மதம்,O,noun madness
போல,O,like
பாணியும்,O,noun meaning tendency
உடைத்து,O,verb meaning it has
அது,O,pronoun meaning it
காணுநர்ப்,PERSON,when it sees the right person
பெறினே,O,verb meaning if it gets
**Poem 137**,,
மெல்லியல்,O,adjective meaning delicate-natured
அரிவை,PERSON,O young woman
நின்,O,pronoun meaning your
நல்,O,adjective meaning good
அகம்,O,heart
புலம்ப,O,verb meaning to suffer in loneliness
நின்,O,pronoun meaning you
துறந்து,O,verb meaning leaving
அமைகுவென்,O,verb meaning if I get comfortable elsewhere
ஆயின்,O,conjunction meaning if
என்,O,pronoun meaning me
துறந்து,O,verb meaning abandoning
இரவலர்,PERSON,those in need
வாரா,O,verb meaning not coming
வைகல்,NATURE,days
பல,O,adjective meaning many
ஆகுக,O,verb meaning may it become
யான்,O,pronoun meaning I
செலவு,O,noun meaning leaving
உறு,O,verb meaning in this manner
தகவே,O,noun meaning nature or manner
**Poem 138**,,
கொன்,O,adjective meaning big or fear causing
ஊர்,STRUCTURE,town
துஞ்சினும்,O,verb meaning even when it sleeps
யாம்,O,pronoun meaning we
துஞ்சலமே,O,verb meaning we did not sleep
எம்,O,pronoun meaning our
இல்,STRUCTURE,home
அயலது,PLACE,near
ஏழில்,MOUNTAIN,Ezhil mountain
உம்பர்,PLACE,above
மயில்,BIRD,peacock
அடி,ANIMAL,feet
இலைய,PLANT,with leaves like
மாக்,O,adjective meaning dark or large
குரல்,FLOWER,flower bunches
நொச்சி,PLANT,nochi trees
அணி,O,adjective meaning very beautiful
மிகு,O,adjective meaning very
மென்,O,adjective meaning delicate
கொம்பு,PLANT,branches
ஊழ்த்த,O,verb meaning as they dropped
மணி,OBJECT,sapphire-like
மருள்,O,comparison word
பூவின்,FLOWER,flowers
பாடு,NATURE,sounds
நனி,O,adverb meaning a lot
கேட்டே,O,verb meaning listening to
**Poem 139**,,
மனை,STRUCTURE,house
உறை,O,verb meaning dwelling
கோழிக்,BIRD,hen
குறுங்கால்,BIRD,short legged
பேடை,BIRD,female
வேலி,STRUCTURE,fence
வெருகின,ANIMAL,wild cats
மாலை,NATURE,evening
உற்றென,O,since it was
புகும்,O,verb meaning to enter
இடம்,PLACE,place
அறியாது,O,verb meaning not knowing
தொகுபுடன்,O,adverb meaning together
குழீஇய,O,verb meaning group joins
பைதல்,O,adjective meaning distressed
பிள்ளை,BIRD,young chicks
கிளை,BIRD,family
பயிர்ந்தாஅங்கு,O,like how it calls
இன்னாது,O,adjective meaning distressing
இசைக்கும்,O,verb meaning uttering words
அம்பலொடு,O,with blame or slander
வாரல்,O,verb meaning do not come
வாழியர்,O,expletive particle
ஐய,PERSON,sir
எம்,O,pronoun meaning our
தெருவே,STRUCTURE,to our street
**Poem 140**,,
வேதின,ANIMAL,saw-like
வெரிநின்,ANIMAL,back
ஓதி,ANIMAL,chameleon
முது,O,adjective meaning old
போத்து,ANIMAL,male
ஆறு,PATH,path
செல்,O,verb meaning travel
மாக்கள்,PERSON,people
புள்,NATURE,omen
கொள,O,verb meaning to spell
பொருந்தும்,O,verb meaning it resides
சுரனே,DESERT,to the wasteland
சென்றனர்,PERSON,my lover went
காதலர்,PERSON,lover
உரன்,O,strength
அழிந்து,O,verb meaning destroyed
ஈங்கு,O,adverb meaning here
யான்,O,pronoun meaning I
தாங்கிய,O,verb meaning borne
எவ்வம்,O,noun meaning pain
யாங்கு,O,pronoun meaning how
அறிந்தன்று,O,verb meaning did it know
இவ்,O,pronoun meaning this
அழுங்கல்,O,adjective meaning pitying
ஊரே,STRUCTURE,town
**Poem 141**,,
வளைவாய்,BIRD,curved beaks
சிறுகிளி,BIRD,small parrots
விளை,FOOD,mature
தினை,FOOD,millet
கடீஇயர்,O,verb meaning in order to chase
செல்க,O,verb meaning go
என்றோளே,PERSON,she said
அன்னை,PERSON,mother
என,O,conjunction meaning and so
நீ,O,pronoun meaning you
சொல்லின்,O,verb meaning why don't you tell
எவனோ,O,pronoun meaning why
தோழி,PERSON,my friend
கொல்லை,FOREST,forest land
நெடுங்கை,ANIMAL,long trunk
வன்மான்,ANIMAL,strong elephant
கடும்,O,adjective meaning great
பகை,O,noun meaning rage
உழந்த,O,verb meaning with
குறுங்கை,ANIMAL,short legged
இரும்புலி,ANIMAL,big tiger
கோள்,O,adjective meaning murderous
வல்,O,adjective meaning strong
ஏற்றை,ANIMAL,male
பைங்கண்,ANIMAL,green-eyed
செந்நாய்,ANIMAL,wild dog
படுபதம்,O,perfect opportunity to attack
பார்க்கும்,O,verb meaning it looks
ஆர்,NATURE,pitch darkness
இரு,NATURE,darkness
நடுநாள்,NATURE,midnight
வருதி,O,verb meaning you are coming
சாரல்,MOUNTAIN,mountain slopes
நாட,PERSON,O man from the mountain slopes
வாரல்,O,verb meaning do not come
ஓ,O,expletive particle
என,O,conjunction meaning so
ஏ,O,expletive particle
**Poem 142**,,
சுனை,WATERBODY,spring
பூக்,FLOWER,flowers
குற்று,O,verb meaning plucked
தொடலை,OBJECT,garland
தைஇ,O,verb meaning woven or strung
புனக்,FIELD,millet fields
கிளி,BIRD,parrots
கடியும்,O,verb meaning chasing
பூங்கண்,O,flower-like eyes
பேதை,PERSON,young woman
தான்,O,pronoun meaning she
அறிந்தனளோ,O,verb meaning she might know
இலளோ,O,verb meaning she might not know
பானாள்,NATURE,midnight
பள்ளி,O,sleeping
யானையின்,ANIMAL,like an elephant
உயிர்த்து,O,verb meaning sighing
என்,O,pronoun meaning my
உள்ளம்,O,heart
பின்னும்,O,adverb meaning when away
தன்,O,pronoun meaning her
உழையதுவே,O,it is with her
**Poem 143**,,
அழியல்,O,verb meaning do not get distressed
ஆய்,CLOTHING,pretty or fine
இழை,CLOTHING,jewels
அழிபு,O,noun meaning pity
பெரிது,O,adverb meaning greatly
உடையன்,PERSON,he is one with
பழியும்,O,blame
அஞ்சும்,O,verb meaning is afraid of
பய,O,adjective meaning beneficial
மலை,MOUNTAIN,mountains
நாடன்,PERSON,the lord of the mountains
நில்லாமையே,O,uncertainty
நிலையிற்று,O,is the only certainty
ஆகலின்,O,conjunction meaning so
நல்,O,adjective meaning good
இசை,O,fame
வேட்ட,O,verb meaning desiring to get
நயன்,O,adjective meaning fair
உடை,O,adjective meaning having
நெஞ்சின்,O,with a heart
கடப்பாட்டாளனுடை,PROFESSION,a generous man's
பொருள்,WEALTH,wealth
போல,O,like
தங்குதற்கு,O,verb meaning to last
உரியது,O,adjective meaning fit
அன்று,O,adverb meaning not
நின்,O,pronoun meaning your
அம்,O,adjective meaning beautiful
கலுழ்,O,verb meaning flowing
மேனிப்,O,body
பாய,O,verb meaning has spread
பசப்பே,O,pallor
**Poem 144**,,
கழிய,WATERBODY,from the brackish waters
காவி,FLOWER,red or blue waterlilies
குற்றும்,O,verb meaning plucking
கடல,WATERBODY,ocean
வெண்தலைப்,WATERBODY,white
புணரி,WATERBODY,waves
ஆடியும்,O,verb meaning playing
நன்றே,O,adjective meaning fine
பிரிவு,O,separation
இல்,O,adjective meaning without
ஆயம்,PERSON,friends
உரியது,O,suitable
ஒன்று,O,adjective meaning one
அயர,O,verb meaning playing together
இவ்வழிப்படுதலும்,O,verb meaning to be here
ஒல்லாள்,O,verb meaning she is not agreeable
அவ்வழிப்,PATH,that way
பரல்,LANDFORM,pebbles or stones
பாழ்படுப்ப,O,verb meaning hurting
சென்றனள்,O,verb meaning she went
மாதோ,O,expletive particle
செல்,NATURE,moving
மழை,NATURE,clouds
தவழும்,O,verb meaning crawl
சென்னி,MOUNTAIN,summits
விண்,NATURE,sky-high
உயர்,O,adjective meaning high
பிறங்கல்,MOUNTAIN,bright mountains
விலங்கு,O,adjective meaning blocking
மலை,MOUNTAIN,mountains
நாட்டே,REGION,country
**Poem 145**,,
உறை,O,verb meaning to live
பதியன்றி,PLACE,not a place
துறை,WATERBODY,on the seashore
கெழு,O,adjective meaning having
சிறுகுடி,STRUCTURE,small settlement
கானல்,FOREST,with groves
அம்,O,suffix meaning beautiful
சேர்ப்பன்,PERSON,lord of the seashore
கொடுமை,O,cruelty
எற்றி,O,verb meaning thinking about
ஆனாத்,O,adjective meaning great
துயரமொடு,O,with sorrow
வருந்தி,O,verb meaning be sad
பானாள்,NATURE,midnight
துஞ்சாது,O,verb meaning without sleeping
உறைநரொடு,PERSON,with those who stay
உசாவா,O,verb meaning not asking why
துயிற்கண்,O,sleeping
மாக்களொடு,PERSON,with people
நெட்டிரா,NATURE,long nights
உடைத்தே,O,verb meaning it has
**Poem 146**,,
அம்ம,O,particle meaning listen to me
வாழி,O,expletive particle
தோழி,PERSON,O friend
நம்மூர்,STRUCTURE,our town
பிரிந்தோர்ப்,PERSON,those who are separated
புணர்ப்போர்,PERSON,those who unite
இருந்தனர்,O,verb meaning there are
கொல்லோ,O,particle implying doubt
தண்டுடைக்,OBJECT,with walking sticks
கையர்,PERSON,elders
வெண்தலை,O,grey hair
சிதவலர்,PERSON,those with covered heads
நன்று,O,adjective meaning good
நன்று,O,adjective meaning good
என்னும்,O,verb meaning who say
மாக்களோடு,PERSON,with those
இன்று,NATURE,today
பெரிது,O,adjective meaning special
என்னும்,O,verb meaning they say
ஆங்கணது,PLACE,in that assembly
அவையே,GROUP,those gathered
**Poem 147**,,
வேனில்,NATURE,summer
பாதிரிக்,FLOWER,pathiri flower
கூன்,O,adjective meaning curved
மலர்,FLOWER,flower
அன்ன,O,like
மயிர்,O,hair
ஏர்பு,O,verb meaning standing up
ஒழுகிய,O,verb meaning flowing
அம்,O,adjective meaning beautiful
கலுழ்,O,verb meaning flowing
மாமை,O,dark-hued color
நுண்,O,adjective meaning delicate
பூண்,CLOTHING,ornaments
மடந்தையை,PERSON,the delicate woman
தந்தோய்,O,verb meaning you gave her
போல,O,like
இன்,O,adjective meaning sweet
துயில்,O,sleep
எடுப்புதி,O,verb meaning you woke me up
கனவே,O,O dream
எள்ளார்,O,verb meaning they don't tease you
அம்ம,O,particle
துணை,PERSON,partners
பிரிந்தோரே,PERSON,those who are separated
**Poem 148**,,
செல்வச்,PERSON,rich
சிறாஅர்,PERSON,children
சீறடி,O,small feet
பொலிந்த,O,verb meaning shining on
தவளை,ANIMAL,frogs
வாய,ANIMAL,like the mouths
பொலஞ்செய்,OBJECT,made with gold
கிண்கிணிக்,OBJECT,anklets
காசின்,OBJECT,like the anklet bells
அன்ன,O,like
போது,FLOWER,buds
ஈன்,O,verb meaning have put out
கொன்றை,FLOWER,kondrai trees
குருந்தோடு,PLANT,with wild orange
அலம்வரும்,O,verb meaning whirl or sway
பெருந்தண்,NATURE,cold
காலையும்,NATURE,season
கார்,NATURE,rainy season
அன்று,O,verb meaning is not
என்றி,O,verb meaning if you say
ஆயின்,O,conjunction meaning if
கனவோ,O,noun meaning dream
மற்று,O,expletive particle
இது,O,pronoun meaning this
வினவுவல்,O,verb meaning I am asking
யானே,O,pronoun meaning me
**Poem 149**,,
அளிதோ,O,adjective meaning it is pitiable
தானே,O,expletive particle
நாணே,O,this shyness
நம்மொடு,O,pronoun meaning with me
நனி,O,adverb meaning very
நீடு,O,adverb meaning long time
உழந்தன்று,O,verb meaning it has been suffering
மன்னே,O,what was in the past
இனியே,O,adverb meaning now
வான்,FLOWER,white
பூங்கரும்பின்,PLANT,of sugarcane
ஓங்கு,O,adjective meaning tall
மணல்,LANDFORM,sand
சிறு,O,adjective meaning short
சிறை,WATERBODY,shore wall
தீம்புனல்,WATERBODY,sweet stream
நெரிதர,O,verb meaning flowing densely
வீய்ந்த,O,verb meaning ruined
உக்காஅங்கு,O,like how it falls down
தாங்கும்,O,verb meaning bear
அளவைத்,O,extent
தாங்கி,O,verb meaning bearing to that extent
காமம்,O,love
நெரிதர,O,verb meaning puts pressure
கை,O,it
நில்லாதே,O,verb meaning will not stay with me
**Poem 150**,,
சேணோன்,PERSON,millet field guard on tall tower
மாட்டிய,O,verb meaning lit by him
நறும்,O,adjective meaning fragrant
புகை,NATURE,smoke
ஞெகிழி,OBJECT,fire torch
வான,NATURE,sky
மீனின்,NATURE,like stars
வயின்,O,adverb meaning here and there
வயின்,O,adverb meaning here and there
இமைக்கும்,O,verb meaning twinkles
ஓங்கு,O,adjective meaning lofty
மலை,MOUNTAIN,mountains
நாடன்,PERSON,man from the country
சாந்து,OBJECT,sandalwood paste
புலர்,O,verb meaning dried
அகலம்,O,chest
உள்ளின்,O,verb meaning if I think
உள்,O,inner
நோய்,O,disease
மல்கும்,O,verb meaning increases
புல்லின்,O,verb meaning if I embrace
மாய்வது,O,verb meaning dies down
எவன்,O,pronoun meaning why
கொல்,O,particle implying doubt
அன்னாய்,PERSON,O friend
Word,Entity,Explanation
**Poem 151**,,
வங்காக்,BIRD,male vanga bird
கடந்த,O,verb meaning left
செங்கால்,BIRD,red legged
பேடை,BIRD,female bird
எழால்,BIRD,bird of prey
உற,O,verb meaning got near
வீழ்ந்தென,O,since it fell on it
கணவன்,BIRD,her mate
காணாது,O,verb meaning on not seeing
குழல்,OBJECT,flute
இசை,NATURE,sound
குரல,NATURE,sounds
குறும்,O,adjective meaning few and short
பல,O,adjective meaning several
அகவும்,O,verb meaning she let out cries
குன்று,MOUNTAIN,with mountains
கெழு,O,adjective meaning having
சிறுநெறி,PATH,narrow paths
அரிய,O,adjective meaning hard
என்னாது,O,verb meaning not thinking that
மறப்பு,O,adjective meaning difficult
அருங்காதலி,PERSON,difficult-to-forget lover
ஒழிய,O,verb meaning to leave
இறப்பல்,O,verb meaning me leaving
என்பது,O,what is
ஈண்டு,O,adverb meaning here
இளமைக்கு,O,to our youth
முடிவே,O,noun meaning end
**Poem 152**,,
யாவதும்,O,adverb meaning at all
அறிகிலர்,O,verb meaning they do not understand
கழறுவோர்,PERSON,those who give advice
ஏ,O,expletive particle
தாய்,ANIMAL,mother
இல்,O,adjective meaning without
முட்டை,OBJECT,egg
போல,O,like
உள்,O,inside
கிடந்து,O,verb meaning lying
சாயின்,O,verb meaning other than to be ruined
அல்லது,O,other than
பிறிது,O,adjective meaning what else
எவன்,O,pronoun meaning what
உடைத்தோ,O,verb meaning does it have
யாமை,ANIMAL,tortoise
பார்ப்பின்,ANIMAL,young
அன்ன,O,like
காமம்,O,love
காதலர்,PERSON,lover
கையற,O,adjective meaning helpless
விடினே,O,verb meaning if he abandons
**Poem 153**,,
குன்றக்,MOUNTAIN,on the hill
கூகை,BIRD,owl
குழறினும்,O,verb meaning even if it hooted
முன்றில்,STRUCTURE,front yard
பலவின்,FRUIT,jackfruit tree
இருஞ்சினை,PLANT,big branches
கலை,ANIMAL,male monkey
பாய்ந்து,O,verb meaning jumped
உகளினும்,O,verb meaning leaped
அஞ்சுமன்,O,verb meaning would be afraid
அளித்து,O,adjective meaning pitiful
என்,O,pronoun meaning my
நெஞ்சம்,O,heart
இனியே,O,adverb meaning now
ஆர்,NATURE,pitch
இருள்,NATURE,darkness
கங்குல்,NATURE,night
அவர்வயின்,PERSON,to him
சாரல்,MOUNTAIN,slopes
நீள்,O,adjective meaning long
இடை,PATH,path
செலவு,O,going
ஆனாதே,O,verb meaning it does not stop
**Poem 154**,,
யாங்கு,O,pronoun meaning how
அறிந்தனர்,O,verb meaning did he learn
கொல்,O,particle implying doubt
தோழி,PERSON,O friend
பாம்பின்,ANIMAL,snake
உரி,ANIMAL,skin
நிமிர்ந்தன்ன,O,like lifted
உருப்பு,O,noun meaning heat
அவிர்,O,adjective meaning bright
அமையத்து,NATURE,mid-day time
இரை,FOOD,food
வேட்டு,O,verb meaning in search of
எழுந்த,O,verb meaning flew
சேவல்,BIRD,male bird
உள்ளி,O,verb meaning thinking
பொறி,O,adjective meaning spotted
மயிர்,ANIMAL,hair
எருத்தின்,ANIMAL,neck
குறு,O,adjective meaning short
நடை,O,strides
பேடை,BIRD,female pigeon
பொரி,O,adjective meaning cracked or rough
கால்,PLANT,trunk
கள்ளி,PLANT,kalli tree
விரி,O,adjective meaning opened
காய்,FRUIT,fruit
அம்,O,adjective meaning beautiful
கவட்டு,PLANT,branch
தயங்க,O,adverb meaning splendidly
இருந்து,O,verb meaning sitting
புலம்ப,O,adverb meaning in loneliness
கூஉம்,O,verb meaning it cries
அருஞ்சுர,DESERT,harsh wasteland
வைப்பின்,PLACE,place
கானம்,DESERT,wasteland
பிரிந்து,O,verb meaning separate
சேண்,O,adverb meaning far away
உறைதல்,O,verb meaning residing
வல்லுவோரே,PERSON,the man who is capable
**Poem 155**,,
முதை,O,adjective meaning old
புனம்,FOREST,forest
கொன்ற,O,verb meaning cleared
ஆர்கலி,O,adjective meaning very loud
உழவர்,PROFESSION,farmers
விதை,FOOD,seed
குறு,O,verb meaning in order to
வட்டி,OBJECT,bowls or baskets
போதொடு,FLOWER,with flowers
பொதுள,O,verb meaning filled
பொழுது,NATURE,time
ஓ,O,expletive particle
தான்,O,expletive particle
வந்தன்றே,O,verb meaning it came
மெழுகு,OBJECT,wax
ஆன்று,O,verb meaning making the structure with
ஊது,O,verb meaning blowing
உலை,STRUCTURE,furnace
பெய்த,O,verb meaning cast or poured
பகுவாய்,O,adjective meaning wide
தெண்,O,adjective meaning clear
மணி,OBJECT,bells
மரம்,PLANT,tree
பயில்,O,adjective meaning filled
இறும்பின்,FOREST,in the small forest
ஆர்ப்ப,NATURE,ringing
சுரன்,PATH,harsh path
இழிபு,O,verb meaning passing
மாலை,NATURE,evening
நனி,O,adverb meaning lot of
விருந்து,FOOD,feast
அயர்மார்,O,verb meaning to celebrate
தேர்,VEHICLE,chariot
வரும்,O,verb meaning will come
என்னும்,O,conjunction meaning that
உரை,O,words or message
வாராதே,O,verb meaning has not come
**Poem 156**,,
பார்ப்பன,PROFESSION,Brahmin
மகனே,PERSON,O Brahmin
பார்ப்பன,PROFESSION,Brahmin
மகனே,PERSON,O Brahmin
செம்பூ,FLOWER,red flowers
முருக்கின்,PLANT,murukkam tree
நல்,O,adjective meaning lovely
நார்,PLANT,bark
களைந்து,O,verb meaning removing
தண்டொடு,OBJECT,with a wooden rod
பிடித்த,O,verb meaning holding
தாழ்,O,adjective meaning low hanging
கமண்டலத்து,OBJECT,pots
படிவ,FOOD,ritual food
உண்டி,FOOD,food
பார்ப்பன,PROFESSION,Brahmin
மகனே,PERSON,O Brahmin man
எழுதாக்,O,adjective meaning unwritten
கற்பின்,O,in the Vedas
நின்,O,pronoun meaning your
சொல்,O,words
உள்ளும்,O,in
பிரிந்தோர்ப்,PERSON,those separated
புணர்க்கும்,O,verb meaning to unite
பண்பின்,O,method
மருந்தும்,FOOD,remedy
உண்டோ,O,verb meaning is there
மயலோ,O,confusion
இதுவே,O,this comes from
**Poem 157**,,
குக்கூ,NATURE,sound of crowing
என்றது,O,verb meaning crowed
கோழி,BIRD,rooster
அதன்,O,pronoun meaning its
எதிர்,O,after that
துட்கு,O,verb meaning became afraid
என்றன்று,O,verb meaning it became
என்,O,pronoun meaning my
தூய,O,adjective meaning pure
நெஞ்சம்,O,heart
தோள்,O,shoulders or arms
தோய்,O,verb meaning hugging
காதலர்ப்,PERSON,lover
பிரிக்கும்,O,verb meaning separating me from
வாள்,WEAPON,like a sword
போல்,O,like
வைகறை,NATURE,dawn
வந்தன்றால்,O,verb meaning it came
என,O,conjunction meaning since
**Poem 158**,,
நெடு,O,adjective meaning tall
வரை,MOUNTAIN,mountains
மருங்கின்,PLACE,in
பாம்பு,ANIMAL,snakes
பட,O,verb meaning kills
இடிக்கும்,NATURE,thundering
கடு,O,adjective meaning fast
விசை,O,noun meaning speed
உருமின்,NATURE,thunder
கழறு,O,adjective meaning loud
குரல்,NATURE,sounds
அளைஇ,O,verb meaning mixed with
காலொடு,NATURE,with wind
வந்த,O,verb meaning came
கமஞ்சூல்,O,adjective meaning swollen
மா,NATURE,dark
மழை,NATURE,clouds and rain
ஆர்,O,adjective meaning filled
அளி,O,noun meaning pity
இலையோ,O,verb meaning don't you have
நீயே,O,pronoun meaning you
பேர்,O,adjective meaning very famous
இசை,O,fame
இமயமும்,MOUNTAIN,Himalayas
துளக்கும்,O,verb meaning cause trembling
பண்பினை,O,you have the ability
துணை,PERSON,partners
இலர்,O,adjective meaning without
அளியர்,O,adjective meaning pitiful
பெண்டிர்,PERSON,women
இஃது,O,pronoun meaning in this manner
எவனோ,O,pronoun meaning why
**Poem 159**,,
தழை,PLANT,leaves
அணி,CLOTHING,garment
அல்குல்,O,loins or waist
தாங்கல்,O,verb meaning bear
செல்லா,O,verb meaning unable
நுழை,O,adjective meaning very
சிறு,O,adjective meaning small
நுசுப்பிற்கு,O,for the waist
எவ்வமாக,O,as a pain
அம்,O,adjective meaning beautiful
மெல்,O,adjective meaning delicate
ஆகம்,O,chest
நிறைய,O,adverb meaning fully
வீங்கி,O,verb meaning swollen
கொம்மை,O,adjective meaning rounded or large
வரி,O,lines or spots
முலை,O,breasts
செப்புடன்,OBJECT,with round containers
எதிரின,O,verb meaning they have grown
யாங்கு,O,pronoun meaning what
ஆகுவள்,O,verb meaning will happen to her
கொல்,O,particle implying doubt
பூங்குழை,PERSON,woman with flower earrings
என்னும்,O,verb meaning not considering
அவல,O,adjective meaning sad
நெஞ்சமொடு,O,with heart
உசாவா,O,verb meaning not caring
கவலை,O,adjective meaning pathetic
மாக்கட்டு,O,it has people
இப்,O,pronoun meaning this
பேதை,O,adjective meaning ignorant
ஊரே,STRUCTURE,town
**Poem 160**,,
நெருப்பின்,NATURE,like flame
அன்ன,O,like
செந்தலை,BIRD,red head crest
அன்றில்,BIRD,ibis bird
இறவின்,FISH,like shrimp
அன்ன,O,like
கொடுவாய்,BIRD,curved beak
பெடையொடு,BIRD,with the female
தடவின்,PLANT,thada tree's
ஓங்கு,O,adjective meaning soaring
சினை,PLANT,branch
கட்சியில்,STRUCTURE,in the nest
பிரிந்தோர்,PERSON,one who is separated
கையற,O,adjective meaning helpless
நரலும்,O,verb meaning cries
நள்ளென்,NATURE,pitch dark
யாமத்து,NATURE,night
பெருந்தண்,NATURE,very cold
வாடையும்,NATURE,northern winds
வாரார்,PERSON,he has not come back
இஃதோ,O,is this how it is
தோழி,PERSON,my friend
நம்,O,pronoun meaning my
காதலர்,PERSON,lover
வரைவே,O,coming to marry me
**Poem 161**,,
பொழுதும்,NATURE,the day
எல்லின்று,O,verb meaning turned into night
பெயலும்,NATURE,rain
ஓவாது,O,verb meaning not stopped
கழுது,MYTH,ghouls
கண்,O,eyes
பனிப்ப,NATURE,to flicker and tremble
வீசும்,O,verb meaning falling rapidly
அதன்,O,pronoun meaning that
தலை,O,more than
புலிப்பல்,ANIMAL,tiger teeth
தாலி,OBJECT,chain with pendant
புதல்வர்ப்,PERSON,son
புல்லி,O,verb meaning embracing
அன்னா,O,exclamation
என்னும்,O,verb meaning said
அன்னையும்,PERSON,mother
அன்னோ,O,exclamation of pity
என்,O,pronoun meaning what
மலைந்தனன்,O,verb meaning he was doing
கொல்,O,particle implying doubt
தானே,O,pronoun meaning he
தன்,O,pronoun meaning his
மலை,MOUNTAIN,mountain
ஆரம்,OBJECT,sandalwood
நாறு,O,verb meaning fragrant
மார்பினன்,PERSON,man with fragrant chest
மாரி,NATURE,rain-drenched
யானையின்,ANIMAL,like an elephant
வந்து,O,verb meaning coming
நின்றனனே,O,verb meaning he stood
**Poem 162**,,
கார்,NATURE,clouds
புறந்தந்த,O,verb meaning protected by
நீருடை,WATERBODY,water filled
வியன்,O,adjective meaning vast
புலத்து,FOREST,in the woodlands
பலர்,PERSON,everyone
புகுதரூஉம்,O,verb meaning return to
புல்லென்,O,adjective meaning dull or sad
மாலை,NATURE,evening
முல்லை,FLOWER,O jasmine
வாழியோ,O,expletive particle
முல்லை,FLOWER,O jasmine
நீ,O,pronoun meaning you
நின்,O,pronoun meaning your
சிறு,O,adjective meaning small
வெண்,FLOWER,white
முகையின்,FLOWER,with your buds
முறுவல்,O,smile
கொண்டனை,O,verb meaning you are smiling
நகுவை,O,verb meaning laughing
போல,O,like
காட்டல்,O,verb meaning appearing
தகுமோ,O,verb meaning is this fitting
மற்று,O,expletive particle
இது,O,pronoun meaning this
தமியோர்,PERSON,to those who are lonely
மாட்டே,O,at
**Poem 163**,,
யார்,O,pronoun meaning who
அணங்கு,O,noun meaning distress
உற்றனை,O,verb meaning caused you
கடலே,WATERBODY,O ocean
பூழியர்,TRIBE,Poozhiyar people
சிறுதலை,O,adjective meaning small-headed
வெள்ளைத்,ANIMAL,white goat
தோடு,ANIMAL,herds
பரந்தன்ன,O,like they are spread
மீன்,FISH,fish
ஆர்,O,verb meaning eats
குருகின்,BIRD,herons or egrets
கானலம்,FOREST,seashore grove
பெருந்துறை,WATERBODY,big seashore
வெள்,FLOWER,white
வீத்,FLOWER,flowers
தாழை,PLANT,thazhai trees
திரை,WATERBODY,rolling waves
அலை,WATERBODY,waves
நள்ளென்,NATURE,pitch dark
கங்குலும்,NATURE,even at night
கேட்கு,O,verb meaning I hear
நின்,O,pronoun meaning your
குரலே,NATURE,voice
**Poem 164**,,
கணைக்,O,adjective meaning thick
கோட்டு,FISH,dorsal fin
வாளை,FISH,valai fish
கமஞ்சூல்,FISH,pregnant
மட,O,adjective meaning innocent
நாகு,FISH,female fish
துணர்த்,FRUIT,clusters of
தே,FRUIT,mango
கொக்கின்,FRUIT,mango's
தீம்பழம்,FRUIT,sweet fruit
கதூஉம்,O,verb meaning grabs and bites
தொன்று,O,adjective meaning very ancient
முதிர்,O,adjective meaning ancient
வேளிர்,TRIBE,velir clan
குன்றூர்,STRUCTURE,Kundrur town
குணாது,REGION,east side
தண்,WATERBODY,cool
பெரும்,WATERBODY,huge
பவ்வம்,WATERBODY,ocean
அணங்குக,O,verb meaning may it hurt me
தோழி,PERSON,my friend
மனையோள்,PERSON,wife
மடமையின்,O,ignorance
புலக்கும்,O,verb meaning reason for hatred
அனையேம்,O,pronoun meaning me becoming like that
மகிழ்நற்கு,PERSON,to my lover
யாம்,O,pronoun meaning I
ஆயினம்,O,verb meaning me becoming
எனின்,O,conjunction meaning if
ஏ,O,expletive particle
**Poem 165**,,
மகிழ்ந்ததன்,O,happy even after
தலையும்,O,adverb meaning also
நற,FOOD,alcohol
உண்டாங்கு,O,like drunk after drinking
விழைந்ததன்,O,after desiring once before
தலையும்,O,adverb meaning also
நீ,O,pronoun meaning you
வெய்துற்றனை,O,verb meaning you craved
அருங்கரை,LANDFORM,steep bank
நின்ற,O,verb meaning stationed at
உப்பு,FOOD,salt
ஒய்,VEHICLE,bearing
சகடம்,VEHICLE,cart
பெரும்,NATURE,heavy
பெயல்,NATURE,rain
தலைய,O,since
வீந்தாங்கு,O,like how it got ruined
இவள்,O,pronoun meaning her
இரும்,O,adjective meaning black
பல்,O,adjective meaning thick
கூந்தல்,O,hair
இயல்,O,natural
அணி,O,beauty
கண்டே,O,on seeing
**Poem 166**,,
தண்,WATERBODY,cold
கடல்,WATERBODY,ocean
படு,WATERBODY,appearing
திரை,WATERBODY,waves
பெயர்த்தலின்,O,since they made the fish move away
வெண்பறை,BIRD,white wings
நாரை,BIRD,storks
நிரை,O,flocks
பெயர்ந்து,O,verb meaning moving away
அயிரை,FISH,ayirai fish
ஆரும்,O,verb meaning they eat
ஊரோ,STRUCTURE,town
நன்று,O,adjective meaning good
மன்,O,expletive particle
மரந்தை,STRUCTURE,Maranthai
ஒரு,O,adjective meaning one
தனி,O,adjective meaning alone
வைகின்,O,verb meaning if staying
புலம்பு,O,loneliness
ஆகின்றே,O,verb meaning causes sorrow
**Poem 167**,,
முளி,FOOD,well set or thick
தயிர்,FOOD,curds
பிசைந்த,O,verb meaning kneaded
காந்தள்,FLOWER,glory lily
மெல்,O,adjective meaning delicate
விரல்,O,fingers
கழுவுறு,O,adjective meaning washed
கலிங்கம்,CLOTHING,garment
கழாஅது,O,verb meaning without washing
உடீஇ,O,verb meaning she wore
குவளை,FLOWER,kuvalai-like
உண்கண்,O,eyes with kohl
குய்ப்,NATURE,frying smoke
புகை,NATURE,smoke
கமழ,O,verb meaning spread
தான்,O,pronoun meaning she
துழந்து,O,verb meaning mixed
அட்ட,O,verb meaning cooked
தீம்,FOOD,sweet
புளிப்,FOOD,tamarind
பாகர்,FOOD,curry or sauce
இனிதென,O,considering it tasty
கணவன்,PERSON,husband
உண்டலின்,O,since he ate
நுண்ணிதின்,O,adverb meaning in a delicate manner
மகிழ்ந்தன்று,O,verb meaning it was happy
ஒண்ணுதல்,PERSON,woman with bright forehead
முகனே,O,face
**Poem 168**,,
மாரிப்,NATURE,rainy season
பித்திகத்து,FLOWER,jasmine
நீர்,WATERBODY,water drenched
வார்,O,verb meaning drenched
கொழு,O,adjective meaning big or thick
முகை,FLOWER,buds
இரும்,OBJECT,big
பனம்,PLANT,palm frond
பசுங்குடை,OBJECT,bowl or basket
பலவுடன்,O,with many
பொதிந்து,O,verb meaning stuffed
பெரும்,NATURE,heavy
பெயல்,NATURE,rain
விடியல்,NATURE,morning
விரித்து,O,verb meaning blossomed
விட்டன்ன,O,like
நறும்,O,adjective meaning fragrant
தண்ணியளே,PERSON,she is fragrant and cool
நல்,O,adjective meaning beautiful
மா,O,dark-hued
மேனி,O,body
புனல்,WATERBODY,flowing water
புணை,VEHICLE,raft
அன்ன,O,like
சாய்,O,adjective meaning curved or delicate
இறை,O,joints or wrists
பணைத்தோள்,O,bamboo-like arms
மணத்தலும்,O,verb meaning to embrace
தணத்தலும்,O,verb meaning to separate
இலமே,O,verb meaning we will be unable
பிரியின்,O,verb meaning if separated
வாழ்தல்,O,verb meaning living
அதனினும்,O,more than that
இலமே,O,verb meaning it would be impossible
**Poem 169**,,
சுரஞ்செல்,DESERT,wasteland going
யானைக்,ANIMAL,elephant
கல்,ROCK,rock
உறு,O,verb meaning hitting against
கோட்டின்,ANIMAL,like tusks
தெற்றென,O,adverb meaning rapidly
இறீஇயர்,O,verb meaning may they break
ஓ,O,expletive particle
ஐய,PERSON,sir
மற்று,O,expletive particle
யாம்,O,pronoun meaning me
நும்மொடு,O,pronoun meaning with you
நக்க,O,verb meaning laughed
வால்,O,adjective meaning very white
வெள்,O,adjective meaning pure white
எயிறே,ANIMAL,teeth
பாணர்,PROFESSION,bards
பசு,FOOD,fresh
மீன்,FISH,fish
சொரிந்த,O,verb meaning poured
மண்டை,OBJECT,bowls
போல,O,like
எமக்கும்,O,pronoun meaning to me
பெரும்,O,adjective meaning big
புலவாகி,O,verb meaning it stinks greatly
நும்மும்,O,pronoun meaning you
பெறேஎம்,O,verb meaning me not getting
இறீஇயர்,O,verb meaning may it get ruined
எம்,O,pronoun meaning my
உயிரே,O,life
**Poem 170**,,
பலரும்,PERSON,many people
கூறுக,O,verb meaning let them say
அஃது,O,pronoun meaning that
அறியாதோரே,PERSON,those who don't know
அருவி,WATERBODY,waterfalls
தந்த,O,verb meaning gave
நாள்,O,adjective meaning fresh
குரல்,PLANT,clusters
எருவை,PLANT,reed
கயம்,WATERBODY,pond
நாடு,O,verb meaning seeking
யானை,ANIMAL,elephants
கவள,FOOD,ball of food
மாந்தும்,O,verb meaning they eat
மலை,MOUNTAIN,splendid mountains
கெழு,O,adjective meaning having
நாடன்,PERSON,man from the mountain country
கேண்மை,O,friendship
தலைபோகாமை,O,not spoiled
நற்கு,O,adverb meaning well
அறிந்தனென்,O,verb meaning I understand
யானே,O,pronoun meaning I
Word,Entity,Explanation
**Poem 171**,,
காண்,O,verb meaning see or look
இனி,O,adverb meaning now
வாழி,O,expletive particle
தோழி,PERSON,O friend
யாணர்,O,adjective meaning flourishing
கடும்,WATERBODY,fierce
புனல்,WATERBODY,flood water
அடைகரை,WATERBODY,shore filled with water
நெடுங்கயத்து,WATERBODY,in the deep pond
இட்ட,O,verb meaning thrown
மீன்,FISH,fish
வலை,OBJECT,net
மா,ANIMAL,animal
பட்டாஅங்கு,O,like being caught
இது,O,pronoun meaning this
மற்று,O,expletive particle
எவனோ,O,pronoun meaning what use
நொதுமலர்தலை,PERSON,with strangers
**Poem 172**,,
தாஅ,O,adjective meaning strong
அம்,O,adjective meaning beautiful
சிறை,BIRD,wings
நொப்பறை,O,adverb meaning delicately flying
வாவல்,ANIMAL,bats
பழுமரம்,FRUIT,fruit trees
படரும்,O,verb meaning go to
பையுள்,O,adjective meaning painful
மாலை,NATURE,evening time
எமியமாக,O,me being alone
ஈங்கு,O,adverb meaning here
துறந்தோர்,PERSON,the one who parted from me
தமியராக,O,being alone
இனியர்,O,adjective meaning sweet person
கொல்லோ,O,particle implying doubt
ஏழ்,NUMERAL,seven
ஊர்ப்,STRUCTURE,towns
பொது,O,adjective meaning common
வினைக்கு,O,for the work
ஓர்,O,adjective meaning one
ஊர்,STRUCTURE,town
யாத்த,O,verb meaning set up
உலை,STRUCTURE,forge
வாங்கு,O,verb meaning operated by
மிதிதோல்,OBJECT,bellows
போல,O,like
தலைவரம்பு,O,limits
அறியாது,O,verb meaning not aware of
வருந்தும்,O,verb meaning aches
என்,O,pronoun meaning my
நெஞ்சே,O,heart
**Poem 173**,,
பொன்,WEALTH,gold-like
நேர்,O,adjective meaning like
ஆவிரை,FLOWER,avirai flowers
புது,O,adjective meaning new
மலர்,FLOWER,flowers
மிடைந்த,O,verb meaning tied together
பன்,O,adjective meaning many
நூல்,OBJECT,threads
மாலை,OBJECT,garland
பனைபடு,OBJECT,made of palm fronds
கலி,O,adjective meaning proud
மா,VEHICLE,horse
பூண்மணி,OBJECT,bells
கறங்க,O,verb meaning ringing
ஏறி,O,verb meaning climbing
நாண்,O,modesty
அட்டு,O,verb meaning destroying
அழிபடர்,O,noun meaning great sorrow
உள்,O,inner
நோய்,O,disease
வழிவழி,O,adverb meaning more and more
சிறப்ப,O,verb meaning increasing
இன்னள்,PERSON,she
செய்தது,O,verb meaning did
இது,O,pronoun meaning this
என,O,conjunction meaning thus
முன்,O,front
நின்று,O,verb meaning standing
அவள்,PERSON,her
பழி,O,blame
நுவலும்,O,verb meaning will speak
இவ்வூர்,STRUCTURE,this town
ஆங்கு,O,adverb meaning there
உணர்ந்தமையின்,O,since I understand that
ஈங்கு,O,adverb meaning here
ஏகுமார்,O,verb meaning to leave
உளெனே,O,verb meaning I am ready
**Poem 174**,,
பெயன்,NATURE,falling rains
மழை,NATURE,clouds
துறந்த,O,verb meaning have abandoned
புலம்பு,O,adjective meaning lonely
உறு,O,adjective meaning very
கடத்து,DESERT,in the wasteland
கவை,O,adjective meaning forked
முள்,PLANT,thorns
கள்ளி,PLANT,kalli tree
காய்,FRUIT,fruits
விடு,O,verb meaning cracking
கடு,NATURE,loud
நொடி,NATURE,sounds
துதை,O,adjective meaning dense
மென்,O,adjective meaning delicate
தூவி,BIRD,feathers
துணை,BIRD,pair
புறவு,BIRD,pigeon
இரிக்கும்,O,verb meaning make move away
அத்தம்,DESERT,wasteland
அரிய,O,adjective meaning harsh
என்னார்,O,verb meaning without consideration
நத்துறந்து,O,verb meaning abandoning us
பொருள்வயின்,O,to earn wealth
பிரிவார்,O,verb meaning if he leaves
ஆயின்,O,conjunction meaning if
இவ்,O,pronoun meaning this
உலகத்து,STRUCTURE,in this world
பொருளே,WEALTH,material wealth
மன்ற,O,particle implying certainty
பொருளே,WEALTH,wealth
அருளே,O,grace
மன்ற,O,particle implying certainty
ஆரும்,PERSON,anybody
இல்லதுவே,O,verb meaning does not have
**Poem 175**,,
பருவத்,NATURE,season's
தேன்,FOOD,honey
நசைஇ,O,verb meaning eager for
பல்,O,adjective meaning many
பறை,INSECT,swarming bees
தொழுதி,INSECT,swarms
உரவுத்,WATERBODY,strong
திரை,WATERBODY,waves
பொருத,O,verb meaning attacking
திணி,O,adjective meaning compacted
மணல்,LANDFORM,sand
அடைகரை,WATERBODY,seashore
நனைந்த,O,adjective meaning wet
புன்னை,PLANT,punnai trees
மாச்,O,adjective meaning large or dark
சினை,PLANT,branches
தொகூஉம்,O,verb meaning gather at
மலர்ந்த,O,adjective meaning blossomed
பூவின்,FLOWER,flowers
மா,NATURE,huge
நீர்ச்,WATERBODY,ocean
சேர்ப்பற்கு,PERSON,for the lord of the shore
இரங்கேன்,O,verb meaning I do not yearn
தோழி,PERSON,my friend
ஈங்கு,O,adverb meaning here
என்,O,pronoun meaning what
கொல்,O,particle implying doubt
என்று,O,conjunction meaning that
பிறர்,PERSON,others
பிறர்,PERSON,others
அறிய,O,verb meaning to know
கூறல்,O,verb meaning saying
அமைந்தாங்கு,O,according to how they feel
அமைக,O,verb meaning let it be so
அம்பல்,O,gossip
அஃது,O,pronoun meaning that
எவனே,O,pronoun meaning of what good
**Poem 176**,,
ஒரு,NUMERAL,one
நாள்,NATURE,day
வாரலன்,PERSON,he did not come
இரு,NUMERAL,two
நாள்,NATURE,day
வாரலன்,PERSON,he did not come
பல்,O,adjective meaning many
நாள்,NATURE,days
வந்து,O,verb meaning coming
பணி,O,adjective meaning modest
மொழி,O,words
பயிற்றி,O,verb meaning uttering
என்,O,pronoun meaning my
நன்னர்,O,adjective meaning good
நெஞ்ச,O,heart
நெகிழ்த்த,O,verb meaning softened
பின்றை,O,after
வரை,MOUNTAIN,mountain
முதிர்,O,adjective meaning ripe
தேனின்,FOOD,like honeycomb
போகியோனே,PERSON,he went away like
ஆசு,O,noun meaning support
ஆகு,O,verb meaning was
எந்தை,PERSON,our lord
யாண்டு,O,adverb meaning where
உளன்,O,verb meaning is he
கொல்லோ,O,particle implying doubt
வேறு,O,adjective meaning different
புலன்,REGION,land
நல்,O,adjective meaning fine
நாட்டுப்,REGION,country
பெய்த,O,verb meaning fell
ஏறுடை,NATURE,with thunder
மழையின்,NATURE,like rain
கலிழும்,O,verb meaning is muddied
என்,O,pronoun meaning my
நெஞ்சே,O,heart
**Poem 177**,,
கடல்,WATERBODY,ocean
பாடு,NATURE,sounds
அவிந்து,O,verb meaning died down
கானல்,FOREST,seashore groves
மயங்கி,O,verb meaning become dark
துறை,WATERBODY,shores
நீர்,WATERBODY,water
இருங்கழி,WATERBODY,dark backwaters
புல்லென்றன்றே,O,verb meaning appear dull
மன்ற,STRUCTURE,common grounds
அம்,O,adjective meaning beautiful
பெண்ணை,PLANT,female palmyra tree
மடல்,PLANT,fronds
சேர்,O,verb meaning living in
வாழ்க்கை,O,life
அன்றிலும்,BIRD,andril bird
பையென,O,adverb meaning slowly
நரலும்,O,verb meaning calls out
இன்று,NATURE,today
அவர்,PERSON,he
வருவர்,O,verb meaning will come
கொல்,O,particle implying doubt
வாழி,O,expletive particle
தோழி,PERSON,my friend
நாம்,O,pronoun meaning we
தம்,O,pronoun meaning her
புலப்பினும்,O,verb meaning despite sulking
பிரிவு,O,separation
ஆங்கு,O,adverb meaning there
அஞ்சி,O,verb meaning fearing
தணப்பு,O,adjective meaning difficult to remove
அருங்காமம்,O,love
தண்டியோரே,PERSON,the man who possesses
**Poem 178**,,
அயிரை,FISH,ayirai fish
பரந்த,O,adjective meaning abundant
அம்,O,adjective meaning beautiful
தண்,WATERBODY,cold
பழனத்து,WATERBODY,pond
ஏந்து,O,adjective meaning rising
எழில்,O,adjective meaning beautiful
மலர,FLOWER,flowers
தூம்புடை,PLANT,hollow
திரள்,O,adjective meaning thick
கால்,PLANT,stems
ஆம்பல்,FLOWER,white waterlilies
குறுநர்,PERSON,flower-pickers
நீர்,WATERBODY,drinking water
வேட்டாங்கு,O,like thirsting
இவள்,O,pronoun meaning her
இடை,O,between
முலை,O,breasts
கிடந்து,O,verb meaning lying
நடுங்கல்,O,verb meaning you trembled
ஆனீர்,O,verb meaning you were
தொழுது,O,verb meaning worshipped
காண்,O,verb meaning seen
பிறையின்,NATURE,like the crescent moon
தோன்றி,O,verb meaning appearing
யாம்,O,pronoun meaning us
நுமக்கு,O,pronoun meaning you
அரியம்,O,adjective meaning difficult
ஆகிய,O,verb meaning it was
காலை,NATURE,time
பெரிய,O,adverb meaning greatly
நோன்றனிர்,O,verb meaning you tolerated
நோகோ,O,verb meaning I am hurting
யானே,O,pronoun meaning me
**Poem 179**,,
கல்லென்,O,adjective meaning noisy
கானத்து,FOREST,in the forest
கடமா,ANIMAL,bisons
ஆட்டி,O,verb meaning chasing
எல்லும்,NATURE,daytime
எல்லின்று,O,verb meaning has ended
ஞமலியும்,ANIMAL,dogs
இளைத்தன,O,verb meaning are tired
செல்லல்,O,verb meaning do not go
ஐஇய,PERSON,sir
உது,O,pronoun meaning that
எம்,O,pronoun meaning our
ஊரே,STRUCTURE,town
ஓங்கு,O,adjective meaning tall
வரை,MOUNTAIN,mountain
அடுக்கத்து,MOUNTAIN,ranges
தீந்தேன்,FOOD,sweet honey
கிழித்த,O,verb meaning tearing
குவை,O,adjective meaning densely
உடை,O,adjective meaning growing
பசும்,PLANT,green
கழை,PLANT,bamboo
தின்ற,O,verb meaning ate
கயவாய்,ANIMAL,big-mouthed
பேதை,O,adjective meaning innocent
யானை,ANIMAL,elephant
சுவைத்த,O,verb meaning ate and softened
கூழை,O,adjective meaning short
மூங்கில்,PLANT,bamboo
குவட்டு,MOUNTAIN,peaks
இடை,PLACE,between
அதுவே,O,pronoun meaning that
**Poem 180**,,
பழூஉ,MYTH,ghouls
பல்,ANIMAL,teeth
அன்ன,O,like
பரு,O,adjective meaning big
உகிர்,ANIMAL,nails
பா,O,adjective meaning wide
அடி,ANIMAL,feet
இருங்களிறு,ANIMAL,big elephants
இன,ANIMAL,herd
நிரை,ANIMAL,herd
ஏந்தல்,ANIMAL,leader
வரின்,O,verb meaning if comes
மாய்ந்து,O,verb meaning ruined
அறை,FIELD,patch of a field
மடி,O,verb meaning dropped
கரும்பின்,PLANT,sugarcane
கண்,PLANT,nodes
இடை,PLACE,between
அன்ன,O,like
பைதல்,O,adjective meaning sad
ஒரு,O,adjective meaning single
கழை,PLANT,bamboo
நீடிய,O,adjective meaning tall
சுரன்,DESERT,wasteland
இறந்து,O,verb meaning crossing
எய்தினர்,O,verb meaning did he attain
கொல்லோ,O,particle implying doubt
பொருளே,WEALTH,the wealth
அல்குல்,O,loins
அவ்வரி,O,beautiful pallor spots
வாட,O,verb meaning to fade
துறந்தோர்,PERSON,your man who left
வன்பராக,O,adverb meaning with a strong heart
தாம்,O,pronoun meaning he
சென்ற,O,verb meaning went
நாட்டே,REGION,to the country
Word,Entity,Explanation
**Poem 181**,,
இது,O,pronoun meaning this
மற்று,O,expletive particle
எவனோ,O,pronoun meaning what use
தோழி,PERSON,my friend
துனி,O,noun meaning estrangement
இடை,O,at this time
இன்னர்,O,pronoun meaning such
என்னும்,O,verb meaning saying
இன்னா,O,adjective meaning harsh
கிளவி,O,words
இரு,ANIMAL,big
மருப்பு,ANIMAL,horns
எருமை,ANIMAL,buffalo
ஈன்ற,O,verb meaning gave birth
அணிக்,O,adjective meaning beautiful
கார்,ANIMAL,female
ஆன்,ANIMAL,buffalo
உழவன்,PROFESSION,farmer
யாத்த,O,verb meaning tied
குழவியின்,ANIMAL,from her calf
அகலாது,O,verb meaning not moving away
பாஅல்,PLACE,nearby
பைம்பயிர்,PLANT,tender plants
ஆரும்,O,verb meaning she grazes
ஊரன்,PERSON,man from such town
திரு,O,adjective meaning rich
மனை,STRUCTURE,home
பல,O,adjective meaning many
கடம்,O,noun meaning responsibilities
பூண்ட,O,verb meaning having undertaken
பெரு,O,adjective meaning older
முது,O,adjective meaning mature
பெண்டிரேம்,PERSON,we who are women
ஆகிய,O,verb meaning being
நமக்கே,O,pronoun meaning for us
**Poem 182**,,
விழுத்தலை,PLANT,excellent top
பெண்ணை,PLANT,female palmyra tree
விளையல்,O,adjective meaning mature
மாமடல்,PLANT,huge palm leaf or stem
மணி,OBJECT,bells
அணி,O,adjective meaning adorned with
பெருந்தார்,OBJECT,big garland
மரபின்,O,according to tradition
பூட்டி,O,verb meaning wore or tied
வெள்,O,adjective meaning white
என்பு,OBJECT,bones
அணிந்து,O,verb meaning wearing
பிறர்,PERSON,others
எள்ள,O,verb meaning tease
தோன்றி,O,verb meaning appearing
ஒரு,O,adjective meaning one
நாள்,NATURE,day
மருங்கில்,O,on
பெரு,O,adjective meaning great
நாண்,O,modesty
நீக்கி,O,verb meaning removing
தெருவின்,STRUCTURE,on the streets
இயலவும்,O,verb meaning riding
தருவது,O,verb meaning will it give
கொல்லோ,O,particle implying doubt
கலிழ்ந்து,O,verb meaning dazzling
அவிர்,O,adjective meaning bright
அசை,O,adjective meaning swaying
நடை,O,walk
பேதை,PERSON,young woman
மெலிந்திலள்,O,verb meaning she does not melt
நாம்,O,pronoun meaning I
விடற்கு,O,verb meaning to send
அமைந்த,O,adjective meaning fitting
தூதே,O,noun meaning message
**Poem 183**,,
சென்ற,O,verb meaning went
நாட்ட,REGION,in the country
கொன்றையம்,FLOWER,kondrai flowers
பசு,O,adjective meaning fresh
வீ,FLOWER,flowers
நம்,O,pronoun meaning me
போல்,O,like
பசக்கும்,O,verb meaning become yellow
காலை,NATURE,when
தம்,O,pronoun meaning him
போல்,O,like
சிறுதலை,ANIMAL,small head
பிணையின்,ANIMAL,its female
தீர்ந்த,O,verb meaning separated from
நெறி,O,adjective meaning twisted
கோட்டு,ANIMAL,antlers
இரலை,ANIMAL,male deer
மானையும்,ANIMAL,deer
காண்பர்,O,verb meaning will he see
கொல்,O,particle implying doubt
நமரே,PERSON,my man
புல்லென்,O,adjective meaning dull or dried
காயாப்,FLOWER,kaya flowers
பூ,FLOWER,flowers
கெழு,O,adjective meaning laden with
பெருஞ்சினை,PLANT,big branches
மென்,O,adjective meaning delicate
மயில்,BIRD,peacock
எருத்தின்,ANIMAL,like the neck
தோன்றும்,O,verb meaning looking like
கான,FOREST,forest
வைப்பின்,PLACE,place
புன்புலத்தானே,FOREST,in the dry forest
**Poem 184**,,
அறிகரி,O,witnessed truths
பொய்த்தல்,O,lying
ஆன்றோர்க்கு,PERSON,to the wise
இல்லை,O,verb meaning is not
குறுகல்,O,verb meaning going near
ஓம்புமின்,O,verb meaning you avoid
சிறுகுடி,STRUCTURE,small village
செலவே,O,noun meaning going
இதற்கு,O,for this
இது,O,pronoun meaning this
மாண்டது,O,adjective meaning suited with esteem
என்னாது,O,verb meaning without considering
அதன்,O,pronoun meaning it
பட்டு,O,verb meaning got caught
ஆண்டு,O,adverb meaning there
ஒழிந்தன்றே,O,verb meaning it has stayed
மாண்,O,adjective meaning esteemed
தகை,O,adjective meaning esteemed
நெஞ்சம்,O,heart
மயில்,BIRD,peacock
கண்,ANIMAL,eye-like patterns
அன்ன,O,like
மாண்,O,adjective meaning splendid
முடி,O,hair
பாவை,PERSON,doll-like young woman
நுண்,O,adjective meaning thin or fine
வலை,OBJECT,net
பரதவர்,PROFESSION,fishermen
மடமகள்,PERSON,delicate daughter
கண்,O,eyes
வலைப்படூஉம்,O,verb meaning will get caught in her eye net
கானலானே,FOREST,in the seashore grove
**Poem 185**,,
நுதல்,O,forehead
பசப்பு,O,paleness
இவர்ந்து,O,verb meaning has spread
திதலை,O,spots
வாடி,O,verb meaning faded
நெடு,O,adjective meaning long
மென்,O,adjective meaning delicate
பணைத்தோள்,O,bamboo-like arms
சாஅய்,O,verb meaning have become thin
தொடி,OBJECT,bangles
நெகிழ்ந்து,O,verb meaning became loose
இன்னள்,O,pronoun meaning this is how she has become
ஆகுதல்,O,verb meaning being
நும்மின்,O,pronoun meaning you
ஆகும்,O,verb meaning it is because of
என,O,conjunction meaning that
சொல்லின்,O,verb meaning if you tell
எவனாம்,O,pronoun meaning what harm
தோழி,PERSON,O friend
பல்,O,adjective meaning many
வரிப்,ANIMAL,with stripes
பாம்பு,ANIMAL,snake
பை,ANIMAL,hood
அவிந்தது,O,verb meaning shrunk
போல,O,like
கூம்பி,O,verb meaning become shrunk
கொண்டலின்,NATURE,by the eastern winds
தொலைந்த,O,verb meaning ruined
ஒண்,FLOWER,bright red
செங்காந்தள்,FLOWER,glory lilies
கல்,ROCK,on the rocks
மிசை,PLACE,on
கவியும்,O,verb meaning they drop
நாடற்கு,PERSON,for the man from such country
என்,O,pronoun meaning my
நல்,O,adjective meaning fine
மா,O,dark-hued
மேனி,O,body
அழிபடர்,O,noun meaning great distress
நிலையே,O,noun meaning situation
**Poem 186**,,
ஆர்கலி,NATURE,very loud thunder
ஏற்றொடு,NATURE,with
கார்,NATURE,rain clouds
தலைமணந்த,O,verb meaning rained and mixed
கொல்லைப்,FOREST,woodlands
புனத்த,FOREST,in the forests
முல்லை,FLOWER,jasmine
மென்,O,adjective meaning delicate
கொடி,PLANT,vines
எயிறு,ANIMAL,teeth
என,O,conjunction meaning that
முகைக்கு,O,verb meaning have put out buds
நாடற்கு,PERSON,because of the man from such country
துயில்,O,sleep
துறந்தனவால்,O,verb meaning they have abandoned
தோழி,PERSON,O friend
என்,O,pronoun meaning my
கண்ணே,O,eyes
**Poem 187**,,
செவ்வரை,MOUNTAIN,beautiful or steep mountain
சேக்கை,O,staying there
வருடை,ANIMAL,mountain goat
மான்,ANIMAL,goat
மறி,ANIMAL,kid
சுரை,ANIMAL,udder
பொழி,O,verb meaning secreted
தீம்,FOOD,sweet
பால்,FOOD,milk
ஆர,O,adverb meaning fully
மாந்தி,O,verb meaning drinks
பெருவரை,MOUNTAIN,tall mountain
நீழல்,NATURE,shade
உகளும்,O,verb meaning romps around
நாடன்,PERSON,the man from such country
கல்லினும்,ROCK,than a rock
வலியன்,O,adjective meaning tougher
தோழி,PERSON,my friend
வலியன்,O,adjective meaning he is strong
என்னாது,O,verb meaning not considering
மெலியும்,O,verb meaning is moved or weakened
என்,O,pronoun meaning my
நெஞ்சே,O,heart
**Poem 188**,,
முகை,FLOWER,buds
முற்றினவே,O,verb meaning they have matured
முல்லை,FLOWER,jasmine
முல்லையொடு,FLOWER,along with the jasmine flowers
தகை,O,adverb meaning splendidly
முற்றினவே,O,verb meaning they flourish
தண்,NATURE,cool
கார்,NATURE,rainy season
வியன்,O,adjective meaning vast
புனம்,FOREST,mullai land
வால்,O,adjective meaning pure
இழை,CLOTHING,jewels
நெகிழ்த்தோர்,PERSON,the one who made my jewels slip down
வாரார்,PERSON,he has not come
மாலை,NATURE,evening time
வந்தன்று,O,verb meaning has come
என்,O,pronoun meaning my
மாண்,O,adjective meaning perfect
நலம்,O,beauty
குறித்தே,O,verb meaning aiming
**Poem 189**,,
இன்றே,NATURE,today
சென்று,O,verb meaning going
வருவது,O,verb meaning come back
நாளை,NATURE,tomorrow
குன்று,MOUNTAIN,mountain
இழி,WATERBODY,flowing down
அருவியின்,WATERBODY,like the waterfalls
வெண்தேர்,VEHICLE,white chariot
முடுக,O,verb meaning riding fast
இளம்,NATURE,youthful
பிறை,NATURE,crescent moon
அன்ன,O,like
விளங்கு,O,adjective meaning gleaming
சுடர்,O,adjective meaning bright
நேமி,VEHICLE,wheels
விசும்பு,NATURE,sky
வீழ்,O,verb meaning falling
கொள்ளியின்,NATURE,like shooting stars
பைம்பயிர்,PLANT,lush plants
துமிப்ப,O,verb meaning ruining
கால்,NATURE,wind
இயல்,O,adjective meaning like
செலவின்,O,with the speed
மாலை,NATURE,evening
எய்தி,O,verb meaning reaching
சில்,O,adjective meaning few
நிரை,O,rows
வால்,OBJECT,white
வளை,OBJECT,bangles
குறுமகள்,PERSON,young woman
பன்,O,adjective meaning esteemed
மாண்,O,adjective meaning esteemed
ஆகம்,O,chest
மணந்து,O,verb meaning embracing
உவக்குவம்மே,O,verb meaning I will rejoice
**Poem 190**,,
நெறி,O,adjective meaning wavy
இருங்கதுப்பொடு,O,with black hair
பெருந்தோள்,O,wide arms
நீவிச்,O,verb meaning stroked
செறி,O,adjective meaning stacked
வளை,OBJECT,bangles
நெகிழ,O,verb meaning to slip
செய்,O,verb meaning causing
பொருட்கு,WEALTH,to earn wealth
அகன்றோர்,PERSON,one who parted
அறிவர்,O,verb meaning does he know
கொல்,O,particle implying doubt
வாழி,O,expletive particle
தோழி,PERSON,O friend
பொறி,ANIMAL,with spots
வரி,ANIMAL,with lines
வெஞ்சின,O,adjective meaning very angry
அரவின்,ANIMAL,of snakes
பைந்தலை,ANIMAL,their green heads
துமிய,O,verb meaning to be cut off
உரவு,NATURE,loud
உரும்,NATURE,thunder
உரறும்,O,verb meaning rumbles
அரை,NATURE,half
இருள்,NATURE,darkness
நடுநாள்,NATURE,middle of the night
நல்,O,adjective meaning fine
ஏறு,ANIMAL,bull
இயங்குதொறு,O,whenever it moves
இயம்பும்,O,verb meaning rings
பல்,ANIMAL,many
ஆன்,ANIMAL,cows
தொழுவத்து,STRUCTURE,in the stable
ஒரு,O,adjective meaning one
மணிக்,OBJECT,bell
குரலே,NATURE,tinkling sound
**Poem 191**,,
உதுக்காண்,O,look at this
அதுவே,O,pronoun meaning that
இது,O,pronoun meaning this
என்,O,pronoun meaning what
மொழிகோ,O,verb meaning I can say
நோன்,O,adjective meaning strong
சினை,PLANT,branches
இருந்த,O,verb meaning on
இரு,O,adjective meaning huge
தோட்டுப்,BIRD,flocks of
புள்ளினம்,BIRD,birds
தாம்,O,pronoun meaning they
புணர்ந்தமையின்,O,since they united
பிரிந்தோர்,PERSON,one who is separated
உள்ளா,O,verb meaning not thinking
தீங்குரல்,NATURE,sweet calls
அகவ,O,verb meaning calling
கேட்டு,O,verb meaning even after hearing
நீங்கிய,O,verb meaning parted
ஏதிலாளர்,PERSON,the stranger
இவண்,O,adverb meaning here
வரின்,O,verb meaning if he comes
போதின்,FLOWER,with flowers
பொம்மல்,O,adjective meaning luxuriant
ஓதியும்,O,hair
புனையல்,O,verb meaning do not decorate
எம்மும்,O,pronoun meaning me
தொடாஅல்,O,verb meaning do not touch
என்குவெம்,O,verb meaning I will say
மன்னே,O,expletive particle
**Poem 192**,,
ஈங்கே,O,adverb meaning here
வருவர்,O,verb meaning he will come
இனையல்,O,verb meaning do not worry
அவர்,PERSON,he
என,O,conjunction meaning that
அழாஅற்கோ,O,verb meaning will I not cry
இனியே,O,adverb meaning now
நோய்,O,pain
நொந்து,O,verb meaning in distress
உறைவி,PERSON,O friend who lives
மின்,INSECT,shining
இன்,O,adjective meaning sweet
தூவி,BIRD,feathers
இருங்குயில்,BIRD,black cuckoo
பொன்னின்,WEALTH,gold
உரை,O,verb meaning rubbing
திகழ்,O,adjective meaning shining
கட்டளை,OBJECT,touchstone
கடுப்ப,O,like
மாச்,FRUIT,mango
சினை,PLANT,branches
நறுந்தாது,FOOD,fragrant pollen
கொழுதும்,O,verb meaning pecks
பொழுதும்,NATURE,at this time
வறுங்குரல்,O,unadorned thick hair
கூந்தல்,O,hair
தைவருவேனே,O,verb meaning I will massage
**Poem 193**,,
மட்டம்,FOOD,liquor
பெய்த,O,verb meaning poured
மணிக்,OBJECT,sapphire-like
கலத்து,OBJECT,glass jars
அன்ன,O,like
இட்டு,O,adjective meaning small-mouthed
வாய்ச்,WATERBODY,mouthed
சுனைய,WATERBODY,springs
பகுவாய்,ANIMAL,gaping mouths
தேரை,ANIMAL,toads
தட்டைப்,OBJECT,bamboo gadget
பறையின்,OBJECT,like thattai drum
கறங்கு,O,verb meaning croak
நாடன்,PERSON,the man from such country
தொல்லைத்,O,adjective meaning past
திங்கள்,NATURE,months
நெடு,NATURE,waxing
வெண்ணிலவின்,NATURE,moon
மணந்தனன்,O,verb meaning he embraced me
மன்,O,expletive particle
நெடுந்தோளே,O,the long arms
இன்று,NATURE,today
முல்லை,FLOWER,jasmine
முகை,FLOWER,buds
நாறும்மே,O,verb meaning smell like
**Poem 194**,,
என்,O,pronoun meaning what
எனப்படும்,O,verb meaning would be considered
கொல்,O,particle implying doubt
தோழி,PERSON,O friend
மின்னுபு,NATURE,lightning occurs
வான்,NATURE,sky
ஏர்பு,O,verb meaning rises
இரங்கும்,NATURE,rumbles with thunder
ஒன்றோ,O,is it just this one
அதன்,O,pronoun meaning its
எதிர்,O,in response
கான,FOREST,forest
மஞ்ஞை,BIRD,peacocks
கடிய,O,adverb meaning rapidly
ஏங்கும்,O,verb meaning screech
ஏதில,O,adjective meaning discordant
கலந்த,O,verb meaning mixed
இரண்டற்கு,O,for these two
என்,O,pronoun meaning my
பேதை,O,adjective meaning naive
நெஞ்சம்,O,heart
பெரு,O,adverb meaning greatly
மலக்குறுமே,O,verb meaning will be confused
**Poem 195**,,
சுடர்,NATURE,sun
சினம்,NATURE,heat
தணிந்து,O,verb meaning reduced
குன்றம்,MOUNTAIN,mountains
சேர,O,verb meaning reached
படர்,O,noun meaning sorrow
சுமந்து,O,verb meaning carrying
எழுதரு,O,verb meaning rising
பையுள்,O,adjective meaning painful
மாலை,NATURE,evening
யாண்டு,O,adverb meaning where
உளர்,O,verb meaning is he
கொல்லோ,O,particle implying doubt
வேண்டு,O,verb meaning he desires
வினை,O,work
முடிநர்,PERSON,one who went to finish
இன்னாது,O,adverb meaning in sorrow
இரங்கும்,O,verb meaning think
என்னார்,O,verb meaning he does not think
அன்னோ,O,exclamation of pity
தைவரல்,O,verb meaning touching
அசை,O,adjective meaning moving
வளி,NATURE,wind
மெய்,O,body
பாய்ந்து,O,verb meaning attacking
உறுதர,O,verb meaning giving grief
செய்வுறு,O,adjective meaning created
பாவை,OBJECT,doll
அன்ன,O,like
என்,O,pronoun meaning my
மெய்,O,body
பிறிது,O,adjective meaning changed
ஆகுதல்,O,verb meaning the changing
அறியாதோரே,PERSON,the man who does not know
**Poem 196**,,
வேம்பின்,PLANT,neem trees
பைங்காய்,FRUIT,unripe fruits
என்,O,pronoun meaning my
தோழி,PERSON,friend
தரினே,O,verb meaning if she gave to you
தேம்பூங்கட்டி,FOOD,sweet sugar cube
என்றனிர்,O,verb meaning you said
இனியே,O,adverb meaning now
பாரி,KING,Pari
பறம்பின்,MOUNTAIN,Parampu mountain
பனிச்,WATERBODY,cold
சுனை,WATERBODY,spring
தெண்ணீர்,WATERBODY,clear water
தைஇ,O,Thai month
திங்கள்,NATURE,month
தண்ணிய,O,adjective meaning cold
தரினும்,O,verb meaning even if she gives
வெய்ய,O,adjective meaning hot
உவர்க்கும்,O,verb meaning it is brackish
என்றனிர்,O,verb meaning you are saying
ஐய,PERSON,sir
அற்றால்,O,that is how it is
அன்பின்,O,love
பாலே,O,nature
**Poem 197**,,
யாது,O,pronoun meaning what
செய்வாம்,O,verb meaning can we do
கொல்,O,particle implying doubt
தோழி,PERSON,O friend
நோதக,O,adjective meaning hurting
நீர்,WATERBODY,water
எதிர்,O,verb meaning accepting
கருவிய,NATURE,clouds with lightning
கார்,NATURE,rainy season
எதிர்,O,verb meaning accepting
கிளை,NATURE,heavy
மழை,NATURE,rain
ஊதையம்,NATURE,northern winds
குளிரொடு,NATURE,with chillness
பேதுற்று,O,verb meaning very confused
மயங்கிய,O,verb meaning confused
கூதிர்,NATURE,cold season
உருவின்,DEITY,in the form of
கூற்றம்,DEITY,Kootruvan
காதலர்ப்,PERSON,from my lover
பிரிந்த,O,verb meaning separated
என்,O,pronoun meaning me
குறித்து,O,verb meaning toward
வருமே,O,verb meaning it comes
**Poem 198**,,
யாஅம்,PLANT,ya trees
கொன்ற,O,verb meaning were cut
மரம்,PLANT,trees
சுட்ட,O,verb meaning burned
இயவில்,PATH,in the path
கரும்பு,PLANT,sugarcane
மருள்,O,like
முதல,PLANT,bases or trunks
பைந்தாள்,PLANT,green stems
செந்தினை,FOOD,red millet
மட,O,adjective meaning innocent or young
பிடித்,ANIMAL,female elephant
தடக்கை,ANIMAL,big trunk
அன்ன,O,like
பால்,FOOD,milk or flour stage
வார்பு,O,adjective meaning filled with
கரிக்குறட்டு,OBJECT,coal tongs
இறைஞ்சிய,O,verb meaning bent like
செறி,O,adjective meaning dense
கோள்,O,verb meaning seizing
பைங்குரல்,FOOD,fresh spikes
படுகிளி,BIRD,parrots that attack
கடிகம்,O,verb meaning we are going to chase
சேறும்,O,verb meaning we go
அடு,O,adjective meaning killing
போர்,WARFARE,battle
எஃகு,WEAPON,spear
விளங்கு,O,adjective meaning shining
தடக்கை,WARRIOR,with huge hands
மலையன்,KING,king Malaiyan
கானத்து,FOREST,in the forest
ஆரம்,OBJECT,sandalwood
நாறு,O,verb meaning fragrant
மார்பினை,PERSON,you with fragrant chest
வாரற்க,O,verb meaning do not come
தில்ல,O,particle implying desire
வருகுவள்,O,verb meaning she will come
யாயே,PERSON,mother
**Poem 199**,,
பெறுவது,O,verb meaning to get her
இயையாது,O,verb meaning is impossible
ஆயினும்,O,conjunction meaning even if
உறுவது,O,noun meaning benefit
ஒன்று,O,adjective meaning one
உண்டு,O,verb meaning there is
மன்,O,expletive particle
வாழிய,O,expletive particle
நெஞ்சே,O,O heart
திண்,O,adjective meaning sturdy
தேர்க்,VEHICLE,chariots
கைவள்,O,adjective meaning charitable
ஓரி,WARRIOR,Ori
கானம்,FOREST,forests
தீண்டி,O,verb meaning touching
எறி,O,verb meaning blowing
வளி,NATURE,wind
கமழு,O,verb meaning fragrant
நெறிபடு,O,adjective meaning curly
கூந்தல்,O,hair
மை,O,adjective meaning ink-like
ஈர்,O,adjective meaning oiled
ஓதி,O,hair
மாஅயோள்,PERSON,dark-hued woman
வயின்,O,with
இன்றை,NATURE,today
அன்ன,O,like
நட்பின்,O,with friendship
இந்நோய்,O,this love disease
இறுமுறை,O,getting destroyed
என,O,conjunction meaning that
ஒன்று,O,adjective meaning one
இன்றி,O,without
மறுமை,O,next
உலகத்து,STRUCTURE,world
மன்னுதல்,O,stability
பெறுமே,O,verb meaning will attain
**Poem 200**,,
பெய்த,NATURE,rains
குன்றத்து,MOUNTAIN,on the mountains
பூ,FLOWER,flowers
நாறு,O,adjective meaning fragrant
தண்,NATURE,cold
கலுழ்,WATERBODY,turbid streams
மீமிசை,O,above
தாஅய,O,verb meaning spread
வீ,FLOWER,flowers
சுமந்து,O,verb meaning carry
வந்து,O,verb meaning bring
இழிதரும்,O,verb meaning they flow down
புனலும்,WATERBODY,streams
வாரார்,PERSON,he does not come
தோழி,PERSON,friend
மறந்தோர்,PERSON,he who has forgotten
மன்ற,O,particle implying certainty
மறவா,O,verb meaning not forgetting
நாமே,O,pronoun meaning I
கால,NATURE,season's
மாரி,NATURE,rains
மாலை,NATURE,evening
மாமழை,NATURE,dark clouds
இன்னிசை,NATURE,sweet music
உருமின,NATURE,thunder
முரலும்,O,verb meaning they roar
முன்வரல்,O,he said that he will come before
ஏமம்,O,noun meaning assurance
செய்து,O,verb meaning giving
அகன்றோரே,PERSON,the one who left me after assuring
poem201,,
அமிழ்தம்,FOOD,nectar-like food substance
உண்க,O,verb meaning may she eat
அயல்,PLACE,neighbouring house
இல்,STRUCTURE,house structure
ஆட்டி,PERSON,woman of the house
பால்,FOOD,milk
கலப்பு,O,verbal noun meaning mixing
அன்ன,O,adjective meaning like/resembling
தேம்,FOOD,sweetness/honey
கொக்கு,BIRD,crane-like bird
அருந்துபு,O,verb meaning having eaten
நீல,O,adjective meaning blue/black
மென்,O,adjective meaning soft/delicate
சிறை,O,noun meaning wings
வள்,O,adjective meaning sharp/strong
உகிர்,O,noun meaning claws
பறவை,BIRD,bat creature
நெல்லியம்,FRUIT,gooseberry fruit
புளி,FOOD,sour taste
மாந்தி,O,verb meaning having eaten/consumed
அயலது,PLACE,nearby place
முள்,PLANT,thorn
இல்,O,negative particle meaning without
அம்,O,expletive/beautifying suffix
பணை,PLANT,thick bamboo stem
மூங்கில்,PLANT,bamboo tree species
தூங்கும்,O,verb meaning they hang/swing
கழை,PLANT,bamboo plant
நிவந்து,O,verb meaning having grown tall
ஓங்கிய,O,adjective meaning lofty
சோலை,FOREST,grove with trees
மலை,MOUNTAIN,mountain
கெழு,O,verb meaning abounding in
நாடனை,PERSON,man from the mountain country
வரும்,O,verb meaning he will come
என்றாள்,O,verb meaning she said
ஏ,O,expletive/particle

poem202,,
நோம்,O,verb meaning it aches
என்,O,pronoun meaning my
நெஞ்சே,O,heart with expletive
நோம்,O,verb meaning it aches
என்,O,pronoun meaning my
நெஞ்சே,O,heart with expletive
புன்புலத்து,FIELD,in the arid land
அமன்ற,O,adjective meaning densely grown
சிறியிலை,PLANT,small-leaved plant
நெருஞ்சி,PLANT,nerunji caltrop plant
கட்கு,O,postposition meaning to the eyes
இன்,O,adjective meaning sweet
புது,O,adjective meaning new
மலர்,FLOWER,flower blossom
முள்,PLANT,thorn
பயந்தாஅங்கு,O,verb phrase like how they yielded
இனிய,O,adjective meaning sweet
செய்த,O,verb meaning having done
நம்,O,pronoun meaning our
காதலர்,PERSON,our beloved/lover
இன்னா,O,adjective meaning unpleasant
செய்தல்,O,verb meaning to cause
நோம்,O,verb meaning it aches
என்,O,pronoun meaning my
நெஞ்சே,O,heart with expletive

poem203,,
மலை,MOUNTAIN,mountain
இடை,PLACE,space between
இட்ட,O,verb meaning placed/blocked
நாட்டரும்,PERSON,person from such country
அல்லர்,O,negative verb meaning he is not
மரந்தலை,FOREST,trees with expletive
தோன்றா,O,verb meaning do not appear
ஊரரும்,PERSON,person from such town
அல்லர்,O,negative verb meaning he is not
கண்ணின்,O,postposition meaning with the eyes
காண,O,verb meaning to see
நண்ணுவழி,PLACE,nearby place
இருந்தும்,O,verb meaning although being
கடவுள்,DEITY,god/divine being
நண்ணிய,O,adjective meaning having attained
பாலோர்,PERSON,ascetics/those who seek god
போல,O,postposition meaning like
ஒரீஇ,O,verb meaning avoiding
ஒழுகும்,O,verb meaning conducts himself
என்,O,pronoun meaning my
ஐக்கு,PERSON,for my lover
பரியலென்,O,verb meaning I was fond of
மன்,O,expletive indicating past
யான்,O,pronoun meaning I
பண்டு,O,adverb meaning in the past
ஒரு,O,adjective meaning one
காலே,O,noun meaning time with expletive

poem204,,
காமம்,O,great love/affection
காமம்,O,great love/affection
என்ப,O,verb meaning they say
காமம்,O,great love/affection
அணங்கும்,DEITY,attacking deity/spirit
பிணியும்,O,illness/disease
அன்றே,O,negative verb meaning it is not
நினைப்பின்,O,verb meaning if thinking
முதைச்,PLACE,ancient hilly mound
சுவல்,MOUNTAIN,plateau/mountain slope
கலித்த,O,adjective meaning flourishing
முற்றா,O,adjective meaning immature/not mature
இளம்,O,adjective meaning tender/young
புல்,PLANT,grass
மூது,ANIMAL,old cow
ஆ,ANIMAL,cow
தைவந்தாங்கு,O,verb phrase like how it licked
விருந்தே,FOOD,feast/delicacy
காமம்,O,great love/affection
பெருந்தோளோயே,PERSON,O one with broad shoulders

poem205,,
மின்னுச்,NATURE,lightning flashing
செய்,O,verb meaning making/causing
கருவிய,NATURE,with lightning and thunder
பெயன்,NATURE,rain clouds
மழை,NATURE,rain
தூங்க,NATURE,hanging/floating clouds
விசும்பு,NATURE,sky
ஆடு,O,verb meaning flying/moving
அன்னம்,BIRD,swan/goose
பறை,O,noun meaning wing
நிவந்தாங்கு,O,verb phrase like raising
பொலம்,OBJECT,gold
படை,OBJECT,decorations/seat
பொலிந்த,O,adjective meaning splendid
வெண்தேர்,VEHICLE,white/silver chariot
ஏறி,O,verb meaning climbing/riding
கலங்கு,WATERBODY,churned ocean
கடல்,WATERBODY,ocean
துவலை,NATURE,water spray
ஆழி,VEHICLE,chariot wheels
நனைப்ப,O,verb meaning getting wet
இனிச்,O,adverb meaning now/afterwards
சென்றனன்,O,verb meaning he went away
ஏ,O,expletive/particle
இடு,O,adjective meaning deposited/piled
மணல்,PLACE,sand
சேர்ப்பன்,PERSON,lord of the seashore
யாங்கு,O,interrogative meaning how
அறிந்தன்று,O,verb meaning it knew
கொல்,O,particle implying doubt
தோழி,PERSON,O friend
என்,O,pronoun meaning my
தேங்கமழ்,O,adjective meaning honey-fragrant
திரு,O,adjective meaning beautiful/sacred
நுதல்,O,noun meaning forehead
ஊர்தரும்,O,verb meaning spreading
பசப்பு,O,noun meaning pallor
ஏ,O,expletive/particle

poem206,,
அமிழ்தத்து,FOOD,like nectar
அன்ன,O,adjective meaning like/resembling
அம்,O,adjective meaning beautiful
தீம்,O,adjective meaning sweet
கிளவி,O,noun meaning words
அன்ன,O,adjective meaning like
இனியோள்,PERSON,sweet young woman
குணனும்,O,traits/character also
இன்ன,O,adverb meaning like this
இன்னா,O,adjective meaning unpleasant
அரும்,O,adjective meaning difficult/rare
படர்,O,noun meaning suffering/pain
செய்யும்,O,verb meaning it causes
ஆயின்,O,conditional particle meaning if
உடன்,O,adverb meaning together
உறைவு,O,noun meaning living with
அரிதே,O,adjective meaning it is difficult
காமம்,O,great love/affection
குறுகல்,O,verb meaning approaching
ஓம்புமின்,O,verb meaning protect yourselves
அறிவுடையீரே,PERSON,O intelligent friend

poem207,,
செப்பினம்,O,verb meaning if I tell
செலினே,O,verb meaning if I leave
செலவு,O,noun meaning going/leaving
அரிது,O,adjective meaning difficult
ஆகும்,O,verb meaning it will become
என்று,O,quotative particle meaning that
அத்த,PLACE,in the wasteland
ஓமை,PLANT,ōmai tree
அம்,O,expletive/beautifying
கவட்டு,O,noun meaning branch fork
இருந்த,O,verb meaning was there
இனம்,ANIMAL,flock/herd
தீர்,O,adjective meaning separated from
பருந்தின்,BIRD,kite/vulture
புலம்பு,O,noun meaning loneliness
கொள்,O,verb meaning having/possessing
தெள்,O,adjective meaning clear
விளி,O,noun meaning call/sound
சுரம்,PLACE,wasteland path
செல்,O,verb meaning going
மாக்கட்கு,PERSON,for the people
உயவுத்,O,adjective meaning comforting
துணை,PERSON,companion
ஆகும்,O,verb meaning will be
கல்,MOUNTAIN,rocky
வரை,MOUNTAIN,mountain
அயலது,PLACE,nearby place
தொல்,O,adjective meaning ancient
வழங்கு,O,verb meaning where people walk
சிறுநெறி,PLACE,small/narrow path
நல்,O,adjective meaning fine/good
அடி,O,noun meaning feet
பொறிப்ப,O,verb meaning causing marks
தாஅய்ச்,O,verb meaning having jumped
சென்றென,O,verb phrase meaning that he went
கேட்ட,O,verb meaning they heard
நம்,O,pronoun meaning our
ஆர்வலர்,PERSON,caring friends
பலர்,O,adjective meaning many
ஏ,O,expletive/particle

poem208,,
ஒன்றேன்,O,verb meaning I am not one
அல்லேன்,O,negative verb meaning I am not
ஒன்றுவென்,O,verb meaning I am of same mind
குன்றத்து,MOUNTAIN,of the mountain
பொரு,O,verb meaning fighting/battling
களிறு,ANIMAL,male elephant
மிதித்த,O,verb meaning trampled
நெரி,O,adjective meaning crushed
தாள்,PLANT,tree trunk
வேங்கை,PLANT,Indian kino tree
குறவர்,TRIBE,mountain dwellers
மகளிர்,PERSON,daughters
கூந்தல்,O,noun meaning hair
பெய்ம்மார்,O,verb meaning to wear on hair
நின்று,O,verb meaning standing
கொய,O,verb meaning to pluck
மலரும்,FLOWER,they blossom
நாடனொடு,PERSON,with the man from the country
ஒன்றேன்,O,verb meaning I am not of same mind
தோழி,PERSON,O friend
ஒன்றனான்,O,adverb meaning due to one reason
ஏ,O,expletive/particle

poem209,,
அறம்,O,charity/righteousness
தலைப்பட்ட,O,adjective meaning best/superior
நெல்லியம்,FRUIT,beautiful gooseberries
பசுங்காய்,FRUIT,fresh green fruit
மற,O,adjective meaning strong/fierce
புலி,ANIMAL,tiger
குருளை,ANIMAL,cubs
கோள்,O,noun meaning seizing
இடம்,PLACE,place
கறங்கும்,O,verb meaning drop and disperse
இறப்பு,O,verb meaning to cross
அருங்குன்றம்,MOUNTAIN,harsh/difficult mountains
இறந்த,O,verb meaning crossed
யாமே,O,pronoun meaning I/we
குறுநடை,O,adjective meaning walking with small steps
பல,O,adjective meaning many
உள்ளலம்,O,verb meaning I did not think
ஏ,O,expletive/particle
நெறி,PLACE,path
முதல்,PLACE,on the path
கடற்றில்,FOREST,in the forest
கலித்த,O,adjective meaning flourishing
முடச்,O,adjective meaning curved
சினை,O,noun meaning branches
வெட்சி,PLANT,vetchi bushes
தளை,O,noun meaning buds/ties
அவிழ்,O,verb meaning loosening
பல்,O,adjective meaning many
போது,FLOWER,flower buds
கமழும்,O,verb meaning with fragrance
மை,O,adjective meaning dark/black
இருங்கூந்தல்,O,noun meaning thick dark hair
மடந்தை,PERSON,young woman
நட்பே,O,friendship/love

poem210,,
திண்,O,adjective meaning sturdy/strong
தேர்,VEHICLE,chariot
நள்ளி,KING,Nalli the chieftain
கானத்து,FOREST,in the forest
அண்டர்,PROFESSION,cattle herders
பல்,O,adjective meaning many
ஆ,ANIMAL,cows
பயந்த,O,verb meaning gave/yielded
நெய்யின்,FOOD,with the ghee
தொண்டி,PLACE,Thondi city
முழுதுடன்,O,adverb meaning fully
விளைந்த,O,adjective meaning grown/mature
வெண்ணெல்,FOOD,white rice
வெஞ்சோறு,FOOD,hot cooked rice
எழு,O,numeral meaning seven
கலத்து,OBJECT,in bowls/pots
ஏந்தினும்,O,verb meaning even if given
சிறிது,O,adjective meaning it is little
என்,O,pronoun meaning my
தோழி,PERSON,O friend
பெருந்தோள்,O,noun meaning thick arms
நெகிழ்த்த,O,verb meaning caused to become thin
செல்லற்கு,O,noun meaning for the distress
விருந்து,O,noun meaning guests
வர,O,verb meaning to come
கரைந்த,O,verb meaning cawed
காக்கையது,BIRD,of the crow
பலி,FOOD,food offerings
ஏ,O,expletive/particle
poem211,,
அம்,O,adjective meaning beautiful
சில்,O,adjective meaning delicate/fine
ஓதி,O,noun meaning hair
ஆய்,O,adjective meaning beautiful/chosen
வளை,OBJECT,bangles
நெகிழ,O,verb meaning to slip down
நேர்ந்து,O,verb meaning having agreed
நம்,O,pronoun meaning our
அருளார்,PERSON,heartless man
நீத்தோர்க்கு,PERSON,for the one who left
அஞ்சல்,O,verb meaning do not fear
எஞ்சினம்,O,verb meaning we removed
வாழி,O,expletive meaning may you live long
தோழி,PERSON,O friend
எஞ்சாத்,O,adjective meaning not reduced/stunted
தீய்ந்த,O,adjective meaning parched/burned
மராஅத்து,PLANT,of the kadampam tree
ஓங்கல்,O,adjective meaning tall
வெஞ்சினை,O,noun meaning dried branch
வேனில்,NATURE,summer
ஓர்,O,adjective meaning one
இணர்,FLOWER,flower cluster
தேனோடு,INSECT,with honey bees
ஊதி,O,verb meaning swarming
ஆராது,O,verb meaning not eating/satiating
பெயரும்,O,verb meaning moving away/returning
தும்பி,INSECT,thumpi bees
நீர்,NATURE,water
இல்,O,negative particle meaning without
வைப்பின்,PLACE,in a place
சுரன்,PLACE,wasteland path
இறந்தோரே,PERSON,the man who went
ஏ,O,expletive/particle

poem212,,
கொண்கன்,PERSON,lord of the seashore
ஊர்ந்த,O,verb meaning rode
கொடுஞ்சி,VEHICLE,lotus-shaped chariot decoration
நெடுந்தேர்,VEHICLE,tall chariot
தெண்,WATERBODY,clear water
கடல்,WATERBODY,ocean
அடைகரை,PLACE,sandy shore
தெளி,O,adjective meaning clear
மணி,OBJECT,bells
ஒலிப்ப,O,verb meaning to ring
காண,O,verb meaning to see
வந்து,O,verb meaning having come
நாண,O,verb meaning to be ashamed
பெயரும்,O,verb meaning he leaves
அளிதோ,O,adjective meaning pitiable
காமம்,O,great love/affection
விளிவது,O,verb meaning getting destroyed
மன்ற,O,particle implying certainty
நோகோ,O,verb meaning I am saddened
யானே,O,pronoun meaning I/me

poem213,,
நசை,O,noun meaning love/desire
நன்கு,O,adverb meaning greatly
உடையர்,O,verb meaning he possesses
தோழி,PERSON,O friend
ஞெரேரென,O,adverb meaning rapidly
கவைத்தலை,O,noun meaning forked heads
முது,O,adjective meaning adult/old
கலை,ANIMAL,male deer
காலின்,O,noun meaning with legs
ஒற்றி,O,verb meaning kicking
பசிப்,O,noun meaning hunger
பிணிக்கு,O,noun meaning for the pain
இறைஞ்சிய,O,verb meaning bending
பரூஉம்,O,adjective meaning thick/big
பெருந்ததரல்,PLANT,big barks
ஒழியின்,O,verb meaning what is left
உண்டு,O,verb meaning eating
வழு,O,adjective meaning faultless
இல்,O,negative particle meaning without
நெஞ்சின்,O,noun meaning with hearts
தெறித்து,O,verb meaning leaping
நடை,O,noun meaning walk
மரபின்,O,noun meaning with nature
தன்,O,pronoun meaning their own
மறிக்கு,ANIMAL,for their young ones
நிழலாகி,NATURE,becoming shade
நின்று,O,verb meaning standing
வெயில்,NATURE,sunlight
கழிக்கும்,O,verb meaning they remove
என்ப,O,verb meaning they say
நம்,O,pronoun meaning our
இன்,O,adjective meaning sweet
துயில்,O,noun meaning sleep
முனிநர்,PERSON,the man who rejected
சென்ற,O,verb meaning went
ஆறு,PLACE,path
ஏ,O,expletive/particle

poem214,,
மரம்,PLANT,tree
கொல்,O,verb meaning kills/clears
கானவன்,PROFESSION,forest dweller
புனம்,FIELD,millet field
துளர்ந்து,O,verb meaning having plowed
வித்திய,O,verb meaning having seeded
பிறங்கு,O,adjective meaning flourishing
குரல்,FOOD,millet clusters
இறடி,FOOD,millet grains
காக்கும்,O,verb meaning protects
புறம்,O,noun meaning backside
தாழ்,O,verb meaning hanging
அம்,O,adjective meaning beautiful
சில்,O,adjective meaning delicate
ஓதி,O,noun meaning hair
அசை,O,adjective meaning swaying
இயல்,O,noun meaning walk
கொடிச்சி,PERSON,mountain woman
திருந்திழை,OBJECT,perfect jewels
அல்குற்கு,O,noun meaning on her waist
பெரும்,O,adjective meaning big
தழை,CLOTHING,leaf garment
உதவிச்,O,verb meaning having offered
செயலை,PLANT,asoka tree
முழு,O,adjective meaning whole/thick
முதல்,PLANT,tree trunk
ஒழிய,O,verb meaning ignoring/ruining
அயலது,PLACE,nearby
அரலை,FLOWER,arali flowers
மாலை,FLOWER,garland
சூட்டி,O,verb meaning adorning
ஏம்,O,adjective meaning confused
உற்றன்று,O,verb meaning it became
இ,O,pronoun meaning this
அழுங்கல்,O,adjective meaning uproarious
ஊர்,STRUCTURE,town
ஏ,O,expletive/particle

poem215,,
படரும்,O,noun meaning sorrow
பைபய,O,adverb meaning little by little
பெயரும்,O,verb meaning will go away
சுடரும்,NATURE,bright sun
என்றூழ்,O,adjective meaning hot
மா,O,adjective meaning great/big
மலை,MOUNTAIN,mountains
மறையும்,NATURE,will hide
இன்று,NATURE,today
அவர்,PERSON,he
வருவர்,O,verb meaning he will come
கொல்,O,expletive/particle
வாழி,O,expletive meaning may you live long
தோழி,PERSON,O friend
நீர்,NATURE,water
இல்,O,negative particle meaning without
வறுங்கயம்,WATERBODY,dried pond
துழைஇய,O,verb meaning searching/stirring
இலங்கு,O,adjective meaning splendid
மருப்பு,ANIMAL,tusks
யானை,ANIMAL,elephant
குறும்பொறை,MOUNTAIN,small boulder
மருங்கின்,PLACE,nearby
அமர்,O,adjective meaning loving
துணை,ANIMAL,mate
தழீஇ,O,verb meaning hugging
கொடுவரி,ANIMAL,striped
இரும்புலி,ANIMAL,huge tiger
காக்கும்,O,verb meaning protects
நெடுவரை,MOUNTAIN,tall mountains
மருங்கின்,PLACE,near
சுரன்,PLACE,wasteland path
இறந்தோரே,PERSON,the man who went
ஏ,O,expletive/particle

poem216,,
அவர்,PERSON,he
ஏ,O,expletive/particle
கேடு,O,adjective meaning faultless
இல்,O,negative particle meaning without
விழுப்,O,adjective meaning superior
பொருள்,OBJECT,wealth
தருமார்,O,verb meaning in order to bring
பாசிலை,PLANT,green leaves
வாடா,O,adjective meaning that do not fade
வள்ளியங்காடு,FOREST,valli yam forest
இறந்தோரே,PERSON,one who went through
யானே,O,pronoun meaning I
தோடு,O,adjective meaning stacked
ஆர்,O,adjective meaning beautiful
எல்,O,adjective meaning bright
வளை,OBJECT,bangles
ஞெகிழ,O,verb meaning slipping down
ஏங்கி,O,verb meaning yearning
பாடு,O,adjective meaning well-made
அமை,O,adjective meaning arranged
சேக்கையில்,OBJECT,on the bed
படர்,O,noun meaning distress
கூர்ந்திசின்,O,verb meaning I am distressed
ஏ,O,expletive/particle
அன்னள்,PERSON,she
அளியள்,O,adjective meaning pitiable
என்னாது,O,verb meaning without considering
மா,NATURE,black
மழை,NATURE,clouds
இன்னும்,NATURE,still
பெய்ய,NATURE,to rain
முழங்கி,NATURE,thundering
மின்னும்,NATURE,lightning
தோழி,PERSON,O friend
என்,O,pronoun meaning my
இன்,O,adjective meaning sweet
உயிர்,O,noun meaning life
குறித்து,O,verb meaning targeting
ஏ,O,expletive/particle

poem217,,
தினை,FOOD,millet grain
கிளி,BIRD,parrot
கடிக,O,verb meaning chase away
எனின்,O,conditional if said
பகலும்,NATURE,daytime also
ஒல்லும்,O,verb meaning it is possible
இரவு,NATURE,night
நீ,O,pronoun meaning you
வருதலின்,O,verb meaning since you come
ஊறும்,O,noun meaning difficulties
அஞ்சுவல்,O,verb meaning I worry
யாங்குச்,O,interrogative meaning how
செய்வாம்,O,verb meaning we can do
எம்,O,pronoun meaning our
இடும்பை,O,noun meaning suffering
நோய்க்கு,O,noun meaning for the affliction
என,O,quotative thus
ஆங்கு,O,adverb meaning there
யான்,O,pronoun meaning I
கூறிய,O,verb meaning what I said
அனைத்திற்கு,O,noun meaning for all that
பிறிது,O,adjective meaning different
செத்து,O,verb meaning thinking
ஓங்கு,O,adjective meaning lofty
மலை,MOUNTAIN,mountains
நாடன்,PERSON,man from the country
உயிர்த்தோன்,O,verb meaning he sighed
மன்ற,O,particle implying certainty
ஐதே,O,adjective meaning delicate/astonishing
காமம்,O,great love/affection
யானே,O,pronoun meaning I/me
கழி,O,adverb meaning very/excessively
முதுக்குறைமையும்,O,noun meaning intelligence also
பழியும்,O,noun meaning blame also
என்றிசினே,O,verb meaning I said
ஏ,O,expletive/particle

poem218,,
விடர்,MOUNTAIN,mountain cleft
முகை,MOUNTAIN,mountain cave
அடுக்கத்து,MOUNTAIN,on the mountain ranges
விறல்,O,adjective meaning victorious
கெழு,O,verb meaning endowed with
சூலிக்கு,DEITY,to goddess Kotravai
கடனும்,O,noun meaning offerings also
பூணாம்,O,verb meaning I will not wear/make
கைந்நூல்,OBJECT,ritual thread on wrist
யாவாம்,O,verb meaning I will not tie
புள்ளும்,BIRD,bird omens also
ஓராம்,O,verb meaning I will not listen
விரிச்சியும்,O,noun meaning soothsayer words also
நில்லாம்,O,verb meaning I will not wait
உள்ளலும்,O,noun meaning thinking also
உள்ளாம்,O,verb meaning I will not think
அன்றே,O,negative particle meaning it is not
தோழி,PERSON,O friend
உயிர்க்கு,O,noun meaning for life
உயிர்,O,noun meaning life
அன்னர்,O,adjective meaning like
ஆகலின்,O,verb meaning since being
தம்மின்று,O,adverb meaning without him
இமைப்பு,O,noun meaning wink of time
வரை,O,noun meaning limit/until
அமையா,O,verb meaning suffering due to separation
நம்வயின்,O,postposition meaning regarding us
மறந்து,O,verb meaning forgetting
ஆண்டு,PLACE,there where he went
அமைதல்,O,verb meaning staying
வல்லியோர்,PERSON,the man who is capable
மாட்டு,O,postposition meaning for him
ஏ,O,expletive/particle

poem219,,
பயப்பு,O,noun meaning pallor
என்,O,pronoun meaning my
மேனியது,O,noun meaning on the body
நயப்பு,O,noun meaning love
அவர்,PERSON,his
நார்,O,adjective meaning compassion
இல்,O,negative particle meaning without
நெஞ்சத்து,O,noun meaning in the heart
ஆர்,O,adjective meaning difficult
இடை,O,noun meaning place
அதுவே,O,pronoun meaning that
செறிவும்,O,noun meaning restraint also
சேண்,PLACE,distance
இகந்தன்று,O,verb meaning it has gone
அறிவே,O,noun meaning intelligence/thinking
ஆங்கண்,PLACE,there
செல்கம்,O,verb meaning let us go
எழுகென,O,verb meaning telling to rise up
ஈங்கே,PLACE,here
வல்லா,O,verb meaning impossible things
கூறி,O,verb meaning telling
இருக்கும்,O,verb meaning staying
முள்,PLANT,thorn
இலை,PLANT,leaf
தடவு,O,adjective meaning thick/bent
நிலை,O,noun meaning trunk
தாழை,PLANT,thāzhai tree
சேர்ப்பர்க்கு,PERSON,for the lord of the seashore
இடம்,PLACE,place
மன்,O,expletive/particle
தோழி,PERSON,O friend
என்,O,pronoun meaning my
நீரிரோ,O,noun meaning state/condition
எனின்,O,conditional if he asks
ஏ,O,expletive/particle

poem220,,
பழ,NATURE,old
மழை,NATURE,rain
கலித்த,O,adjective meaning flourishing
புதுப்புன,FIELD,new field
வரகின்,FOOD,of millet grain
இரலை,ANIMAL,male deer
மேய்ந்த,O,verb meaning grazed
குறைத்தலைப்,O,adjective meaning trimmed
பாவை,PLANT,millet stubble
இருவி,PLANT,stubble
சேர்,O,verb meaning joined
மருங்கில்,PLACE,nearby
பூத்த,FLOWER,bloomed
முல்லை,FLOWER,jasmine flower
வெருகு,ANIMAL,wildcat
சிரித்தன்ன,O,verb phrase like laughing
பசு,O,adjective meaning fresh
வீ,FLOWER,flowers
மென்,O,adjective meaning delicate
பிணி,O,noun meaning held together
குறு,O,adjective meaning small
முகை,FLOWER,buds
அவிழ்ந்த,O,verb meaning opened
நறு,O,adjective meaning fragrant
மலர்ப்,FLOWER,flowers
புறவின்,FOREST,in the mullai land/forest
வண்டு,INSECT,bees
சூழ்,O,verb meaning swarmed
மாலையும்,NATURE,evening time also
வாரார்,O,verb meaning he does not come
கண்டிசின்,O,verb meaning look see this
தோழி,PERSON,O friend
பொருள்,OBJECT,wealth
பிரிந்தோரே,PERSON,one who has separated
ஏ,O,expletive/particle
poem221,,
அவர்,PERSON,he
ஓ,O,expletive/particle
வாரார்,O,verb meaning he has not come
முல்லையும்,FLOWER,mullai flowers also
பூத்தன,FLOWER,they have blossomed
பறி,OBJECT,palm leaf rain guard
உடைக்,O,verb meaning having/possessing
கையர்,O,noun meaning those with hands
மறி,ANIMAL,young goat
இனத்து,ANIMAL,from the herd
ஒழிய,O,verb meaning leaving behind
பாலொடு,FOOD,with milk
வந்து,O,verb meaning having come
கூழொடு,FOOD,with rice gruel
பெயரும்,O,verb meaning he leaves
ஆடுடை,ANIMAL,with goats
இடைமகன்,PROFESSION,goat herder
சென்னி,O,noun meaning on the head
சூடிய,O,verb meaning wore
எல்லாம்,O,adjective meaning all
சிறு,O,adjective meaning tiny
பசு,O,adjective meaning fresh/tender
முகையே,FLOWER,buds

poem222,,
தலைப்,O,adjective meaning front/head
புணை,OBJECT,raft
கொளினே,O,verb meaning if she takes
தலைப்,O,adjective meaning front/head
புணை,OBJECT,raft
கொள்ளும்,O,verb meaning she will take
கடைப்,O,adjective meaning end/rear
புணை,OBJECT,raft
கொளினே,O,verb meaning if she takes
கடைப்,O,adjective meaning end/rear
புணைக்,OBJECT,raft
கொள்ளும்,O,verb meaning she will take
புணை,OBJECT,raft
கைவிட்டு,O,verb meaning letting go
புனலோடு,WATERBODY,with the water
ஒழுகின்,O,verb meaning if she goes
ஆண்டும்,O,adverb meaning there also
வருகுவள்,O,verb meaning she will do that
போலும்,O,particle meaning it appears
மாண்ட,O,adjective meaning esteemed/fine
மாரிப்,NATURE,rainy season
பித்திகத்து,FLOWER,of jasmine flowers
நீர்,NATURE,water
வார்,O,verb meaning dripping
கொழு,O,adjective meaning big/plump
முகை,FLOWER,buds
செவ்வெரிந்,O,noun meaning red sides
உறழும்,O,verb meaning resembling
கொழுங்கடை,O,noun meaning big on the sides
மழைக்கண்,O,noun meaning moist eyes
துளி,NATURE,raindrop
தலைத்,O,postposition meaning on
தலைஇய,O,verb meaning fallen on
தளிர்,PLANT,tender sprout
அன்னோள்,PERSON,she is delicate like a sprout
ஏ,O,expletive/particle

poem223,,
பேரூர்,STRUCTURE,big city
கொண்ட,O,verb meaning held/celebrated
ஆர்கலி,O,adjective meaning uproarious
விழவில்,O,noun meaning in the festival
செல்வாம்,O,verb meaning let us go
செல்வாம்,O,verb meaning let us go
என்றி,O,verb meaning you said
அன்று,NATURE,on that day
இவண்,PLACE,here
நல்லோர்,PERSON,wise people
நல்ல,O,adjective meaning good
பலவால்,O,noun meaning desired words
தில்ல,O,particle implying time/suggestion
தழலும்,OBJECT,noise-making slingshot
தட்டையும்,OBJECT,bamboo noise-making gadget
முறியும்,PLANT,tender leaves also
தந்து,O,verb meaning having given
இவை,O,pronoun meaning these
ஒத்தன,O,adjective meaning suitable
நினக்கு,O,pronoun meaning for you
என,O,quotative meaning thus
பொய்த்தன,O,adjective meaning false
கூறி,O,verb meaning having uttered
அன்னை,PERSON,mother
ஓம்பிய,O,verb meaning protected
ஆய்,O,adjective meaning fine
நலம்,O,noun meaning virtue/beauty
என்,O,pronoun meaning my
ஐ,PERSON,lover
கொண்டான்,O,verb meaning took
யாம்,O,pronoun meaning I/me
இன்னமால்,O,adjective meaning like this
இனி,O,adverb meaning now
ஏ,O,expletive/particle

poem224,,
கவலை,PLACE,forked paths
யாத்த,PLANT,with yā trees
அவல,O,adjective meaning distressing
நீள்,O,adjective meaning long
இடை,PLACE,paths
சென்றோர்,PERSON,the man who went
கொடுமை,O,noun meaning cruelty
எற்றி,O,verb meaning thinking about
துஞ்சா,O,verb meaning sleepless
நோயினும்,O,noun meaning than the pain
நோய்,O,noun meaning disease/pain
ஆகின்று,O,verb meaning it becomes
ஏ,O,expletive/particle
கூவல்,WATERBODY,well
குரால்,O,adjective meaning tawny colored
ஆன்,ANIMAL,cow
படு,O,verb meaning suffering
துயர்,O,noun meaning suffering
இராவில்,NATURE,at night
கண்ட,O,verb meaning witnessed
உயர்திணை,PERSON,human being
ஊமன்,PERSON,dumb person
போல,O,postposition meaning like
துயர்,O,noun meaning distress
பொறுக்கல்லேன்,O,verb meaning I am unable to bear
தோழி,PERSON,O friend
நோய்க்கு,O,noun meaning for the distress
ஏ,O,expletive/particle

poem225,,
கன்று,ANIMAL,calf
தன்,O,pronoun meaning its
பய,O,adjective meaning yielding
முலை,O,noun meaning breast
மாந்த,O,verb meaning to suckle
முன்றில்,STRUCTURE,front yard
தினை,FOOD,millet
பிடி,ANIMAL,female elephant
உண்ணும்,O,verb meaning eats
பெருங்கல்,MOUNTAIN,huge mountains
நாடா,PERSON,O lord of the country
கெட்டிடத்து,PLACE,in bad times
உவந்த,O,adjective meaning joyful
உதவி,O,noun meaning help
கட்டில்,OBJECT,throne
வீறு,O,noun meaning royal rights
பெற்று,O,verb meaning having attained
மறந்த,O,verb meaning forgot
மன்னன்,KING,king
போல,O,postposition meaning like
நன்றி,O,noun meaning gratitude
மறந்து,O,verb meaning forgetting
அமையாய்,O,verb meaning if you do not forget
ஆயின்,O,conditional meaning if
மென்,O,adjective meaning delicate
சீர்க்,O,adjective meaning lovely
கலி,O,adjective meaning clamoring/proud
மயில்,BIRD,peacock
கலாவத்து,O,noun meaning plume/feathers
அன்ன,O,adjective meaning like
இவள்,PERSON,this girl
ஒலி,O,adjective meaning thick
மென்,O,adjective meaning soft
கூந்தல்,O,noun meaning hair
உரியவால்,O,verb meaning will rightfully belong
நினக்கு,O,pronoun meaning to you
ஏ,O,expletive/particle

poem226,,
பூவொடு,FLOWER,with flowers
புரையும்,O,verb meaning resembling
கண்ணும்,O,noun meaning eyes also
வேய்,PLANT,bamboo
என,O,quotative meaning like
விறல்,O,adjective meaning victorious
வனப்பு,O,noun meaning beauty
எய்திய,O,verb meaning attained
தோளும்,O,noun meaning arms also
பிறை,NATURE,crescent moon
என,O,quotative meaning like
மதி,NATURE,moon
மயக்குறூஉ,O,verb meaning gets mistaken
நுதலும்,O,noun meaning forehead also
நன்றும்,O,adverb meaning very
நல்ல,O,adjective meaning good
மன்,O,expletive indicating past
வாழி,O,expletive meaning may you live long
தோழி,PERSON,O friend
அல்கலும்,NATURE,during nights
தயங்கு,O,adjective meaning glittering/swaying
திரை,WATERBODY,waves
பொருத,O,verb meaning hitting
தாழை,PLANT,thāzhai tree
வெண்பூக்,FLOWER,white blossoms
குருகு,BIRD,heron/egret
என,O,quotative meaning like
மலரும்,FLOWER,blossoms
பெருந்துறை,PLACE,big shore
விரிநீர்ச்,WATERBODY,wide ocean
சேர்ப்பனொடு,PERSON,with the lord of the shore
நகாஅ,O,verb meaning laughing
ஊங்கே,O,adverb meaning before
ஏ,O,expletive/particle

poem227,,
பூண்,OBJECT,jewel/ornament
வனைந்தன்ன,O,adjective meaning like set/adorned
பொலஞ்சூட்டு,OBJECT,gold-rimmed
நேமி,VEHICLE,chariot wheel
வாள்,WEAPON,sword
முகம்,O,noun meaning edges
துமிப்ப,O,verb meaning to cut
வள்,O,adjective meaning dense/splendid
இதழ்,FLOWER,petals
குறைந்த,O,verb meaning reduced
கூழை,O,adjective meaning chopped/reduced
நெய்தலும்,FLOWER,waterlily flowers also
உடைத்து,O,verb meaning has
இவண்,PLACE,here
தேரோன்,PERSON,one riding the chariot
போகிய,O,verb meaning went
கானலான்,PLACE,on the seashore grove
ஏ,O,expletive/particle

poem228,,
வீழ்,O,verb meaning hanging
தாழ்,O,verb meaning cascading
தாழை,PLANT,thāzhai tree
ஊழுறு,O,adjective meaning mature/seasonal
கொழு,O,adjective meaning plump
முகை,FLOWER,buds
குருகு,BIRD,heron/egret/stork
உளர்,O,verb meaning preening
இறகின்,O,noun meaning like wings
விரிபு,O,adjective meaning opened
தோடு,FLOWER,petals
அவிழும்,O,verb meaning open
கானல்,PLACE,seashore grove
நண்ணிய,O,verb meaning near
சிறுகுடி,STRUCTURE,small village
முன்றில்,STRUCTURE,front yard
திரை,WATERBODY,waves
வந்து,O,verb meaning come
பெயரும்,O,verb meaning leave
என்ப,O,expletive/particle
நாம்,O,pronoun meaning me
துறந்து,O,verb meaning leaving
நெடுஞ்சேண்,PLACE,very distant
நாட்டார்,PERSON,person from that country
ஆயினும்,O,verb meaning even though
நெஞ்சிற்கு,O,noun meaning to the heart
அணியர்,O,adjective meaning close
தண்,NATURE,cool
கடல்,WATERBODY,ocean
நாட்டு,PLACE,in the country
ஏ,O,expletive/particle

poem229,,
இவன்,PERSON,this man
இவள்,PERSON,this woman
ஐம்பால்,O,noun meaning five-part braid
பற்றவும்,O,verb meaning he used to pull
இவள்,PERSON,this woman
இவன்,PERSON,this man
புன்தலை,O,noun meaning dry/thin hair
ஓரி,O,verb meaning twisting
வாங்குநள்,O,verb meaning she used to pull
பரியவும்,O,verb meaning running away swiftly
காதல்,O,adjective meaning loving
செவிலியர்,PERSON,foster mothers
தவிர்ப்பவும்,O,verb meaning they would intervene
தவிராது,O,verb meaning without stopping
ஏதில்,O,adjective meaning unfriendly
சிறு,O,adjective meaning little
செரு,O,noun meaning battle/fight
உறுப,O,verb meaning they fought
மன்னோ,O,expletive indicating past
நல்லை,O,adjective meaning good
மன்ற,O,particle implying certainty
அம்ம,O,particle signifying surprise
பாலே,DEITY,O fate
மெல்லியல்,O,adjective meaning delicate natured
துணை,FLOWER,two
மலர்ப்,FLOWER,flowers
பிணையல்,FLOWER,garland
அன்ன,O,adjective meaning like
இவர்,PERSON,these two
மணம்,O,noun meaning marriage/union
மகிழ்,O,verb meaning happy
இயற்கை,O,noun meaning nature
காட்டியோய்,O,verb meaning you made them be
ஏ,O,expletive/particle

poem230,,
அம்ம,O,particle meaning listen
வாழி,O,expletive meaning may you live long
தோழி,PERSON,O friend
கொண்கன்,PERSON,lord of the shores
தான்,O,pronoun meaning he
அது,O,pronoun meaning that
துணிகுவன்,O,verb meaning he has the courage
அல்லன்,O,negative verb meaning he is not
யான்,O,pronoun meaning I
என்,O,pronoun meaning my
பேதைமையால்,O,noun meaning because of naivete
பெருந்தகை,O,noun meaning great liberties
கெழுமி,O,verb meaning having taken
நோதக,O,verb meaning to hurt
செய்தது,O,verb meaning did
ஒன்று,O,numeral meaning one thing
உடையேன்,O,verb meaning I did
கொல்லோ,O,particle implying doubt
வயச்சுறா,FISH,strong sharks
வழங்கு,O,verb meaning frequent
நீர்,WATERBODY,water
அத்தம்,PLACE,path
சின்னாள்,NATURE,past few days
அன்ன,O,postposition meaning like
வரவு,O,noun meaning coming
அறியானே,O,verb meaning he has not come

poem231,,
ஓரூர்,STRUCTURE,same town
வாழினும்,O,verb meaning even though he lives
சேரி,PLACE,street
வாரார்,O,verb meaning he does not come
சேரி,PLACE,street
வரினும்,O,verb meaning even when he comes
ஆர,O,adverb meaning well/with love
முயங்கார்,O,verb meaning he does not embrace
ஏதிலாளர்,PERSON,strangers
சுடலை,PLACE,cremation ground
போல,O,postposition meaning like
காணாக்,O,verb meaning even though he sees
கழிப,O,verb meaning he passes by
மன்னே,O,expletive/particle
நாண்,O,noun meaning shame/modesty
அட்டு,O,verb meaning killing
நல்,O,adjective meaning good
அறிவு,O,noun meaning reason/intelligence
இழந்த,O,verb meaning lost
விழுந்த,O,adjective meaning ruined
காமம்,O,great love/affection
வில்,WEAPON,bow
உமிழ்,O,verb meaning shot from
கணையின்,WEAPON,like an arrow
சென்று,O,verb meaning having gone
சேண்,PLACE,far away
படவே,O,verb meaning it falls

poem232,,
உள்ளார்,O,verb meaning does he think
கொல்லோ,O,particle implying doubt
தோழி,PERSON,O friend
உள்ளியும்,O,verb meaning if he thinks
வாய்ப்பு,O,noun meaning work
உணர்வு,O,noun meaning understanding
இன்மையின்,O,noun meaning because of not finishing
வாரார்,O,verb meaning will he not come
கொல்லோ,O,particle implying doubt
மரல்,PLANT,hemp plants
புகா,O,verb meaning ate
அருந்திய,O,verb meaning having eaten
மா,O,adjective meaning big
எருத்து,ANIMAL,neck
இரலை,ANIMAL,stag
உரல்,OBJECT,mortar/pounding stone
கால்,O,noun meaning legs
யானை,ANIMAL,elephant
ஒடித்து,O,verb meaning having broken
உண்டு,O,verb meaning ate
எஞ்சிய,O,verb meaning left over
யாஅ,PLANT,yā tree
வரி,O,adjective meaning dappled
நிழல்,NATURE,shade
துஞ்சும்,O,verb meaning sleeps
மா,O,adjective meaning big/dark
இருஞ்சோலை,FOREST,dark big groves
மலை,MOUNTAIN,on the mountains
இறந்தோரே,PERSON,one who went
ஏ,O,expletive/particle

poem233,,
கவலை,PLANT,kavalai yam
கெண்டிய,O,verb meaning dug up
அகல்வாய்,O,adjective meaning wide-mouthed
சிறு,O,adjective meaning small
குழி,PLACE,pits/holes
கொன்றை,FLOWER,kondrai flowers
ஒள்,O,adjective meaning bright
வீ,FLOWER,flowers
தாஅய்ச்,O,verb meaning dropped
செல்வர்,PERSON,rich people
பொன்,OBJECT,gold
பெய்,O,verb meaning placed
பேழை,OBJECT,boxes
மூய்,OBJECT,lid
திறந்தன்ன,O,adjective meaning like opened
கார்,NATURE,rainy season
எதிர்,O,verb meaning accepted
புறவினதுவே,FOREST,in the woodlands
உயர்ந்தோர்க்கு,PERSON,to the wise
நீரொடு,NATURE,with water
சொரிந்த,O,verb meaning pours
மிச்சில்,FOOD,remainder
யாவர்க்கும்,O,pronoun meaning to everybody
வரை,O,noun meaning limit
கோள்,O,noun meaning hindering
அறியாச்,O,verb meaning not knowing
சொன்றி,FOOD,cooked rice
நிரை,O,adjective meaning stacked/rows
கோல்,O,adjective meaning rounded/thick
குறுந்தொடி,PERSON,woman wearing small bangles
தந்தை,PERSON,her father
ஊர்,STRUCTURE,town
ஏ,O,expletive/particle

poem234,,
சுடர்,NATURE,sun
செல்,O,verb meaning goes away
வானம்,NATURE,sky
சேப்ப,NATURE,becomes red
படர்,O,noun meaning sorrow
கூர்ந்து,O,verb meaning increasing
எல்,NATURE,light
அறு,O,verb meaning fades
பொழுதின்,NATURE,at the time
முல்லை,FLOWER,jasmine
மலரும்,FLOWER,blooms
மாலை,NATURE,evening
என்மனார்,O,verb meaning they say so
மயங்கியோர்,PERSON,those who are confused
ஏ,O,expletive/particle
குடுமிக்,ANIMAL,with combs
கோழி,BIRD,rooster/cock
நெடு,O,adjective meaning tall
நகர்,STRUCTURE,house/town
இயம்பும்,O,verb meaning they crow
பெரும்,O,adjective meaning great/early
புலர்,NATURE,dawn
விடியலும்,NATURE,morning also
மாலை,NATURE,evening
பகலும்,NATURE,daytime also
மாலை,NATURE,evening
துணை,PERSON,partners
இலோர்க்கு,PERSON,to those who do not have
ஏ,O,expletive/particle

poem235,,
ஓம்புமதி,O,verb meaning protect her
வாழியோ,O,expletive meaning may you live long
வாடை,NATURE,northerly wind
பாம்பின்,ANIMAL,of snakes
தூங்கு,O,verb meaning hanging
தோல்,ANIMAL,skins
கடுக்கும்,O,verb meaning like/resembling
தூ,O,adjective meaning pure
வெள்,O,adjective meaning white
அருவி,WATERBODY,waterfall
கல்,MOUNTAIN,mountain
உயர்,MOUNTAIN,top
நண்ணியதுவே,O,verb meaning it is nearby
நெல்லி,FRUIT,gooseberries
மரை,ANIMAL,marai deer
இனம்,ANIMAL,herd
ஆரும்,O,verb meaning they eat
முன்றில்,STRUCTURE,front yard
புல்,PLANT,grass
வேய்,O,verb meaning woven
குரம்பை,STRUCTURE,hut
நல்லோள்,PERSON,the good woman's
ஊர்,STRUCTURE,town
ஏ,O,expletive/particle

poem236,,
விட்டென,O,adverb meaning abandoning
விடுக்கு,O,verb meaning to leave
நாள்,NATURE,day
வருக,O,verb meaning let it come
அது,O,pronoun meaning that
நீ,O,pronoun meaning you
நேர்ந்தனை,O,verb meaning if you agree
ஆயின்,O,conditional meaning if
தந்தனை,O,verb meaning return
சென்மோ,O,verb meaning and leave
குன்றத்து,MOUNTAIN,like hills
அன்ன,O,adjective meaning like
குவவு,PLACE,sand dunes
மணல்,PLACE,sand
அடைகரை,PLACE,sand-filled shores
நின்ற,O,verb meaning stood
புன்னை,PLANT,laurel tree
நிலம்,PLACE,land
தோய்,O,verb meaning touching
படுசினை,O,noun meaning low branches
வம்ப,O,adjective meaning newly arrived
நாரை,BIRD,white stork
சேக்கும்,O,verb meaning resides
தண்,NATURE,cool
கடல்,WATERBODY,ocean
சேர்ப்ப,PERSON,O lord of the seashore
நீ,O,pronoun meaning you
உண்ட,O,verb meaning took
என்,O,pronoun meaning my
நலன்,O,noun meaning virtue
ஏ,O,expletive/particle

poem237,,
அஞ்சுவது,O,verb meaning fearing
அறியாது,O,verb meaning not knowing
அமர்,O,adjective meaning loving
துணை,PERSON,partner
தழீஇய,O,verb meaning desiring to embrace
நெஞ்சு,O,noun meaning heart
நப்பிரிந்தன்று,O,verb meaning separated from us
ஆயினும்,O,verb meaning even if
எஞ்சிய,O,verb meaning remaining
கை,O,noun meaning arms
பிணி,O,noun meaning tightness
நெகிழின்,O,verb meaning if loosen
அஃது,O,pronoun meaning that
எவனோ,O,interrogative meaning what use
நன்றும்,O,adverb meaning very
சேய,PLACE,distant
அம்ம,O,expletive/particle
இருவாம்,O,pronoun meaning the two of us
இடையே,PLACE,between
மாக்கடல்,WATERBODY,dark ocean
திரையின்,WATERBODY,like the waves
முழங்கி,NATURE,roaring
வலன்,O,adverb meaning with strength
ஏர்பு,O,verb meaning rising up
கோள்,O,adjective meaning murderous
புலி,ANIMAL,tiger
வழங்கும்,O,verb meaning roam
சோலை,FOREST,groves
எனைத்து,O,interrogative meaning how many
என்று,O,quotative meaning that
எண்ணுகோ,O,verb meaning can I count
முயக்கிடை,O,noun meaning for us to unite
மலைவு,O,noun meaning hindrances
ஏ,O,expletive/particle

poem238,,
பாசவல்,FOOD,rice pounded without frying
இடித்த,O,verb meaning pounded
கருங்காழ்,OBJECT,black dense wood
உலக்கை,OBJECT,pounding rod
ஆய்,O,adjective meaning beautiful
கதிர்,FOOD,paddy spears
நெல்லின்,FOOD,of the paddy fields
வரம்பு,PLACE,ridges/banks
அணைத்,O,verb meaning on the
துயிற்றி,O,verb meaning having placed
ஒள்,O,adjective meaning bright
தொடி,OBJECT,bangles
மகளிர்,PERSON,young women
வண்டல்,O,noun meaning playing with sand houses
அயரும்,O,verb meaning they play
தொண்டி,PLACE,Thondi town
அன்ன,O,adjective meaning like
என்,O,pronoun meaning my
நலம்,O,noun meaning virtue
தந்து,O,verb meaning return
கொண்டனை,O,verb meaning you take
சென்மோ,O,verb meaning you leave
மகிழ்ந,PERSON,O lord
நின்,O,pronoun meaning your
சூளே,O,noun meaning promises

poem239,,
தொடி,OBJECT,bangles
நெகிழ்ந்தனவே,O,verb meaning have slipped
தோள்,O,noun meaning arms
சாயினவே,O,verb meaning have become thin
விடும்,O,verb meaning to lose
நாண்,O,noun meaning modesty
உண்டோ,O,verb meaning is there any
தோழி,PERSON,O friend
விடர்,MOUNTAIN,crevices
முகை,MOUNTAIN,caves
சிலம்புடன்,MOUNTAIN,in the mountains
கமழும்,O,verb meaning spreading fragrance
அலங்கு,O,adjective meaning swaying
குலைக்,FLOWER,flower clusters
காந்தள்,FLOWER,glory lily
நறும்,O,adjective meaning fragrant
தாது,FLOWER,pollen
ஊதும்,O,verb meaning they swarm
குறுஞ்சிறை,INSECT,with short wings
தும்பி,INSECT,bees
பாம்பு,ANIMAL,snake
உமிழ்,O,verb meaning spit
மணியின்,OBJECT,like gems
தோன்றும்,O,verb meaning they appear
முந்தூழ்,PLANT,spiny bamboo
வேலிய,O,noun meaning with fences
மலை,MOUNTAIN,mountain
கிழவோற்கே,PERSON,for the lord of the mountain

poem240,,
பனிப்,NATURE,cold season
புதல்,PLANT,bushes
இவர்ந்த,O,verb meaning spread
பைங்கொடி,PLANT,green creeper
அவரை,PLANT,avarai beans
கிளிவாய்,BIRD,like beaks of parrots
ஒப்பின்,O,postposition meaning resembling
ஒளி,O,adjective meaning bright
விடு,O,verb meaning giving
பன்,O,adjective meaning many
மலர்,FLOWER,flowers
வெருக்குப்பல்,ANIMAL,teeth of wildcats
உருவின்,O,noun meaning in the shape
முல்லையொடு,FLOWER,with jasmine
கஞலி,O,verb meaning to flourish
வாடை,NATURE,northerly winds
வந்ததன்,O,verb meaning have arrived
தலையும்,O,noun meaning on top of that
நோய்,O,noun meaning distress
பொர,O,verb meaning attacking
கண்டிசின்,O,verb meaning look at this
வாழி,O,expletive meaning may you live long
தோழி,PERSON,O friend
தெண்,WATERBODY,clear
திரை,WATERBODY,waves
கடல்,WATERBODY,ocean
ஆழ்,O,verb meaning plying/sinking
கலத்தின்,VEHICLE,like a ship
தோன்றி,O,verb meaning appearing
மாலை,NATURE,evening
மறையும்,O,verb meaning disappears
அவர்,PERSON,his
மணி,OBJECT,gems
நெடுங்குன்று,MOUNTAIN,tall mountain
ஏ,O,expletive/particle

poem241,,
யாமே,O,pronoun meaning I/me
காமம்,O,great love/affection
தாங்கவும்,O,verb meaning despite bearing
தாம்,O,pronoun meaning they
தம்,O,pronoun meaning their
கெழுதகைமையின,O,noun meaning because of intimacy
அழுதன,O,verb meaning they cried
தோழி,PERSON,O friend
கன்று,ANIMAL,calves
ஆற்றுப்படுத்த,O,verb meaning herded on the path
புன்தலை,O,adjective meaning parched heads
சிறாஅர்,PERSON,children
மன்ற,PLACE,village square
வேங்கை,PLANT,Indian kino tree
மலர்,FLOWER,flowers
பதம்,O,noun meaning beautifully
நோக்கி,O,verb meaning on seeing
ஏறாது,O,verb meaning without climbing
இட்ட,O,verb meaning raised
ஏமப்,O,adjective meaning delightful
பூசல்,O,noun meaning cries/shouts
விண்,NATURE,sky
தோய்,O,verb meaning touching
விடரகத்து,MOUNTAIN,in the caves
இயம்பும்,O,verb meaning echoes
குன்ற,MOUNTAIN,mountain
நாடன்,PERSON,man from the country
கண்ட,O,verb meaning saw
எம்,O,pronoun meaning my
கண்ணே,O,noun meaning eyes

poem242,,
கானங்கோழி,BIRD,forest fowl
கவர்,O,adjective meaning desirable/split
குரல்,O,noun meaning voice/call
சேவல்,BIRD,rooster
ஒண்,O,adjective meaning bright
பொறி,O,noun meaning spots
எருத்தில்,O,noun meaning on the neck
தண்,NATURE,cold
சிதர்,NATURE,water droplets
உறைப்ப,O,verb meaning spraying
புதல்,PLANT,bushes
நீர்,NATURE,water
வாரும்,O,verb meaning drips
பூ,FLOWER,flower
நாறு,O,verb meaning fragrant
புறவில்,FOREST,in the woodland
சீறூரோள்,PERSON,woman from a small town
மடந்தை,PERSON,naive young woman
வேறு,O,adjective meaning other/different
ஊர்,STRUCTURE,another town
வேந்து,KING,king
விடு,O,verb meaning sent
தொழிலொடு,PROFESSION,with business
செலினும்,O,verb meaning even if he went
சேந்துவரல்,O,verb meaning to stay away
அறியாது,O,verb meaning will not know
செம்மல்,PERSON,esteemed man's
தேர்,VEHICLE,chariot
ஏ,O,expletive/particle

poem243,,
மான்,ANIMAL,deer
அடி,ANIMAL,hoof
அன்ன,O,adjective meaning like
கவட்டு,O,adjective meaning forked/split
இலை,PLANT,leaf
அடும்பின்,PLANT,adumpu vine
தார்,O,noun meaning chain
மணி,OBJECT,bells
அன்ன,O,adjective meaning like
ஒண்,O,adjective meaning bright
பூ,FLOWER,flowers
கொழுதி,O,verb meaning plucking
ஒண்,O,adjective meaning bright
தொடி,OBJECT,bangles
மகளிர்,PERSON,young women
வண்டல்,O,noun meaning little sand houses
அயரும்,O,verb meaning they play
புள்,BIRD,birds
இமிழ்,O,verb meaning screeching
பெருங்கடல்,WATERBODY,vast ocean
சேர்ப்பனை,PERSON,lord of the seashore
உள்ளேன்,O,verb meaning I will not think
தோழி,PERSON,O friend
படீஇயர்,O,verb meaning may my eyes sleep
என்,O,pronoun meaning my
கண்ணே,O,noun meaning eyes

poem244,,
பல்லோர்,PERSON,many people/everyone
துஞ்சு,O,verb meaning sleeping
நள்ளென்,NATURE,pitch dark
யாமத்து,NATURE,at midnight time
உரவுக்,O,adjective meaning strong/mighty
களிறு,ANIMAL,male elephant
போல்,O,postposition meaning like
வந்து,O,verb meaning having come
இரவுக்,O,noun meaning night
கதவ,STRUCTURE,door
முயறல்,O,verb meaning tried to open
கேளேம்,O,verb meaning we did not hear
அல்லேம்,O,negative verb meaning it is not
கேட்டனெம்,O,verb meaning we heard
பெரும,PERSON,O lord
ஓரி,ANIMAL,head crest
முருங்க,O,verb meaning crushed
பீலி,ANIMAL,feathers
சாய,O,verb meaning ruined
நன்,O,adjective meaning fine
மயில்,BIRD,peacock
வலைப்பட்டாங்கு,O,verb phrase like caught in a net
யாம்,O,pronoun meaning we
உயங்குதொறும்,O,verb meaning whenever distressed
முயங்கும்,O,verb meaning she embraces
அறன்,O,adjective meaning without fairness
இல்,O,negative particle meaning without
யாய்,PERSON,mother
ஏ,O,expletive/particle

poem245,,
கடல்,WATERBODY,ocean
அம்,O,expletive/beautifying
கானல்,PLACE,seashore grove
ஆயம்,PERSON,friends/playmates
ஆய்ந்த,O,verb meaning praised
என்,O,pronoun meaning my
நலம்,O,noun meaning virtue/beauty
இழந்ததனினும்,O,verb meaning more than the loss
நனி,O,adverb meaning greatly
இன்னாதே,O,adjective meaning gives pain
வாள்,WEAPON,sword
போல்,O,postposition meaning like
வாய,O,noun meaning edges
கொழு,O,adjective meaning thick
மடல்,PLANT,fronds
தாழை,PLANT,thāzhai tree
மாலை,O,noun meaning rows
வேல்,WEAPON,spear
நாட்டு,O,verb meaning stuck/planted
வேலி,STRUCTURE,fence
ஆகும்,O,verb meaning is
மெல்லம்புலம்பன்,PERSON,lord of the delicate shores
கொடுமை,O,noun meaning cruelty
பல்லோர்,PERSON,many people
அறிய,O,verb meaning to know
பரந்து,O,verb meaning spreading
வெளிப்படினே,O,verb meaning if it comes out
ஏ,O,expletive/particle

poem246,,
பெருங்கடல்,WATERBODY,vast ocean
கரையது,PLACE,on the seashore
சிறுவெண்காக்கை,BIRD,small white gull
களிற்றுச்,ANIMAL,male elephant's
செவியன்ன,O,adjective meaning like ears
பாசடை,PLANT,green leaves
மயக்கி,O,verb meaning disturbing
பனிக்,NATURE,cold
கழி,WATERBODY,backwaters
துழவும்,O,verb meaning searches for food
பானாள்,NATURE,midnight
தனித்து,O,adjective meaning alone
ஓர்,O,adjective meaning one
தேர்,VEHICLE,chariot
வந்து,O,verb meaning came
பெயர்ந்தது,O,verb meaning went away
என்ப,O,verb meaning they say
அதற்கொண்டு,O,adverb meaning since then
ஓரும்,O,expletive/particle
அலைக்கும்,O,verb meaning harassing
அன்னை,PERSON,mother
பிறரும்,PERSON,others also
பின்னு,O,adjective meaning braided
விடு,O,verb meaning hanging
கதுப்பின்,O,noun meaning with hair
மின்,O,adjective meaning flashy
இழை,OBJECT,jewels
மகளிர்,PERSON,young women
இளையரும்,PERSON,young women also
மடவரும்,PERSON,naive women also
உளரே,O,verb meaning there are
அலையாத்,O,verb meaning who do not bother
தாயரொடு,PERSON,with mothers
நற்பாலோரே,PERSON,those with good destiny

poem247,,
எழின்,O,adjective meaning beautiful
மிக,O,adverb meaning very
உடைய,O,verb meaning it has
ஈங்கு,PLACE,here
அணிப்படூஉம்,O,verb meaning will happen soon
திறவோர்,PERSON,wise elders
செய்,O,verb meaning doing
வினை,O,noun meaning work/rituals
அறவதாகும்,O,verb meaning it is the right thing
கிளை,PERSON,relatives
உடை,O,verb meaning having
மாந்தர்க்கு,PERSON,for women/people
புணையுமாம்,O,verb meaning becomes support
இவ்வென,O,adverb meaning thus
ஆங்கு,PLACE,there
அறிந்திசின்,O,verb meaning I understand
தோழி,PERSON,O friend
வேங்கை,PLANT,Indian kino tree
வீயா,O,adjective meaning unspoilt
மென்,O,adjective meaning delicate
சினை,O,noun meaning branches
வீ,FLOWER,flowers
உக,O,verb meaning drop
யானை,ANIMAL,elephant
ஆர்,O,adjective meaning rare
துயில்,O,noun meaning sleep
இயம்பும்,O,verb meaning with sounds/snores
நாடன்,PERSON,man from such country
மார்பு,O,noun meaning chest
உரித்து,O,verb meaning holding
ஆகிய,O,verb meaning in his
மறு,O,adjective meaning faultless
இல்,O,negative particle meaning without
நட்பே,O,noun meaning friendship

poem248,,
அது,O,pronoun meaning that
வரல்,O,verb meaning to happen
அன்மையோ,O,verb meaning if it isn't
அரிதே,O,adjective meaning it will be rare
அவன்,PERSON,his
மார்பு,O,noun meaning chest
உறுக,O,verb meaning may you embrace
வென்ற,O,verb meaning that was set
நாளே,NATURE,day
குறுகி,O,verb meaning getting closer
ஈங்கு,PLACE,here
ஆகின்றே,O,verb meaning it is happening
தோழி,PERSON,O friend
கானல்,PLACE,seashore grove
ஆடு,O,verb meaning swaying
அரை,PLANT,trunks
புதைய,O,verb meaning buried
கோடை,NATURE,summer winds
இட்ட,O,verb meaning brought
அடும்பு,PLANT,adumpu creeper
இவர்,O,verb meaning spreading
மணல்,PLACE,sand
கோடு,PLACE,dunes
ஊர,O,verb meaning shifting
நெடும்,PLANT,tall
பனை,PLANT,palmyra palm
குறிய,O,adjective meaning short
ஆகும்,O,verb meaning become
துறைவனை,PERSON,lord of the seashore
பெரிய,O,adjective meaning great
கூறி,O,verb meaning telling
யாய்,PERSON,mother
அறிந்தனளே,O,verb meaning knows about it

poem249,,
இன,ANIMAL,flocks
மயில்,BIRD,peacock
அகவும்,O,verb meaning cry
மரம்,PLANT,trees
பயில்,O,adjective meaning dense
கானத்து,FOREST,in the forests
நரை,O,adjective meaning white
முக,ANIMAL,faced
ஊகம்,ANIMAL,black monkeys
பார்ப்பொடு,ANIMAL,with their young
பனிப்ப,NATURE,causing trembling
படுமழை,NATURE,heavy rain
பொழிந்த,O,verb meaning falls
சாரல்,MOUNTAIN,mountain slopes
அவர்,PERSON,his
நாட்டுக்,PLACE,country's
குன்ற,MOUNTAIN,mountain
நோக்கினென்,O,verb meaning I saw
தோழி,PERSON,O friend
பண்டை,O,adverb meaning in the past
அற்றோ,O,interrogative meaning is it like
கண்டிசின்,O,verb meaning see this
நுதல்,O,noun meaning my brow
ஏ,O,expletive/particle

poem250,,
பரல்,O,noun meaning pebbles
அவல்,PLACE,ditches
படுநீர்,WATERBODY,stagnant water
மாந்தி,O,verb meaning drinking
துணையோடு,ANIMAL,with his female
இரலை,ANIMAL,stag
நன்,O,adjective meaning fine
மான்,ANIMAL,deer
நெறி,PLACE,path
முதல்,PLACE,on the
உகளும்,O,verb meaning they romp
மாலை,NATURE,evening
வாரா,O,verb meaning before
அளவை,NATURE,time
கால்,NATURE,wind
இயல்,O,adjective meaning like
கடு,O,adjective meaning swift
மாக்,ANIMAL,horse
கடவுமதி,O,verb meaning ride rapidly
பாக,PROFESSION,O charioteer
நெடு,O,adjective meaning deep
நீர்ப்,WATERBODY,water
பொரு,O,verb meaning fighting
கயல்,FISH,carp fish
முரணிய,O,adjective meaning differing/hostile
உண்கண்,O,noun meaning kohl-rimmed eyes
தெரி,O,adjective meaning chosen
தீம்,O,adjective meaning sweet
கிளவி,O,noun meaning words
தெருமரல்,O,noun meaning sorrow
உய,O,verb meaning to escape from
ஏ,O,expletive/particle
poem251,,
மடவ,O,adjective meaning they are ignorant
வாழி,O,expletive meaning may you live long
மஞ்ஞை,BIRD,peacock
மா,O,adjective meaning big/dark colored
இனம்,ANIMAL,flocks
கால,NATURE,season
மாரி,NATURE,rain
பெய்தென,O,verb phrase meaning thinking it rained
அதன்,O,pronoun meaning that
எதிர்,O,adverb meaning accepting/reacting to
ஆலலும்,O,verb meaning they danced
ஆலின,O,verb meaning danced
பிடவும்,FLOWER,pidavam flowers also
பூத்தன,FLOWER,they bloomed
கார்,NATURE,rainy season
அன்று,O,negative verb meaning it is not
இகுளை,PERSON,O friend
தீர்க,O,verb meaning may it end
நின்,O,pronoun meaning your
படர்,O,noun meaning sorrow
ஏ,O,expletive/particle
கழிந்த,O,verb meaning passed
மாரிக்கு,NATURE,from last season's rain
ஒழிந்த,O,verb meaning leftover
பழ,NATURE,old
நீர்,NATURE,water
புது,NATURE,new
நீர்,NATURE,water
கொளீஇய,O,verb meaning in order to get
உகுத்தரும்,O,verb meaning shedding
நொதுமல்,O,adjective meaning unseasonal
வானத்து,NATURE,of clouds
முழங்கு,NATURE,thundering
குரல்,NATURE,sounds
கேட்டு,O,verb meaning on hearing
ஏ,O,expletive/particle

poem252,,
நெடிய,O,adjective meaning long
திரண்ட,O,adjective meaning rounded/thick
தோள்,O,noun meaning arms
வளை,OBJECT,bangles
ஞெகிழ்த்த,O,verb meaning caused to slip
கொடியனாகிய,O,adjective meaning cruel
குன்று,MOUNTAIN,mountain
கெழு,O,verb meaning abounding in
நாடன்,PERSON,man from the country
வருவதோர்,O,verb meaning when he comes
காலையின்,NATURE,at the time
இன்முகம்,O,noun meaning sweet face
திரியாது,O,verb meaning not differing
கடவுள்,DEITY,goddess
கற்பின்,O,noun meaning with virtue like
அவன்,PERSON,him
எதிர்,O,adverb meaning in front
பேணி,O,verb meaning welcoming
மடவை,O,adjective meaning naive woman
மன்ற,O,particle implying certainty
நீ,O,pronoun meaning you
என,O,quotative meaning thus
கடவுபு,O,verb meaning asking
துனியல்,O,verb meaning do not be angry
வாழி,O,expletive meaning may you live long
தோழி,PERSON,O friend
சான்றோர்,PERSON,wise people
புகழும்,O,verb meaning will praise
முன்னர்,O,adverb meaning in front
நாணுப,O,verb meaning they will be ashamed
பழி,O,noun meaning blame
யாங்கு,O,interrogative meaning how
ஒல்பவோ,O,verb meaning will he tolerate
காணுங்கால்,O,verb meaning when facing it
ஏ,O,expletive/particle

poem253,,
கேளார்,O,verb meaning he is unable to hear
ஆகுவர்,O,verb meaning he will be
தோழி,PERSON,O friend
கேட்பின்,O,verb meaning if he hears
விழுமிது,O,adverb meaning finely/greatly
கழிவது,O,verb meaning losing
ஆயினும்,O,verb meaning even if
நெகிழ்,O,verb meaning loosened
நூல்,OBJECT,threads
பூச்சேர்,O,adjective meaning with flowers
அணையின்,OBJECT,in the bed
பெருங்கவின்,O,noun meaning great beauty
தொலைந்த,O,verb meaning ruined
நின்,O,pronoun meaning your
நாள்,O,adjective meaning daily
துயர்,O,noun meaning sorrow
கெட,O,verb meaning to be ruined
பின்,O,adverb meaning after that
நீடலர்,O,verb meaning he will not delay
மாதோ,O,expletive/particle
ஒலி,O,adjective meaning loud/flourishing
கழை,PLANT,bamboo
நிவந்த,O,adjective meaning tall
ஓங்கு,O,adjective meaning lofty
மலைச்,MOUNTAIN,mountain
சாரல்,MOUNTAIN,slopes
புலி,ANIMAL,tiger
புகா,O,verb meaning kept
உறுத்த,O,verb meaning having placed
புலவு,O,adjective meaning meat-stinking
நாறு,O,verb meaning smelling
கல்,MOUNTAIN,rock
அளை,MOUNTAIN,cave
ஆறு,PLACE,path
செல்,O,verb meaning going
மாக்கள்,PERSON,people
சேக்கும்,O,verb meaning stay
கோடு,MOUNTAIN,peaks
உயர்,O,adjective meaning tall
பிறங்கல்,O,adjective meaning bright
மலை,MOUNTAIN,mountains
இறந்தோரே,PERSON,the man who went past

poem254,,
இலை,PLANT,leaf
இல்,O,negative particle meaning without
அம்,O,adjective meaning beautiful
சினை,O,noun meaning branches
இன,INSECT,swarms
வண்டு,INSECT,bees
ஆர்ப்ப,O,verb meaning buzzing
முலை,O,noun meaning breast
ஏர்,O,postposition meaning like
மென்,O,adjective meaning delicate
முகை,FLOWER,buds
அவிழ்ந்த,O,verb meaning opened
கோங்கின்,PLANT,of kōngam tree
தலை,O,adjective meaning first
அலர்,FLOWER,blossoms
வந்தன,O,verb meaning have arrived
வாரா,O,verb meaning have not come
தோழி,PERSON,O friend
துயில்,O,noun meaning sleep
இன்,O,adjective meaning sweet
கங்குல்,NATURE,night
துயில்,O,noun meaning sleep
அவர்,PERSON,he
மறந்தனர்,O,verb meaning forgot
பயில்,O,adjective meaning thick/familiar
நறும்,O,adjective meaning fragrant
கதுப்பின்,O,noun meaning on the hair
பாயலும்,O,noun meaning about sleeping
உள்ளார்,O,verb meaning he does not think
செய்பொருள்,OBJECT,wealth
தரல்,O,verb meaning to bring back
நசைஇச்,O,verb meaning with desire
சென்றோர்,PERSON,the one who went
எய்தினரால்,O,verb meaning he will be back
வரூஉம்,O,verb meaning messages that come
தூதே,O,noun meaning messengers

poem255,,
பொத்து,PLANT,hollow
இல்,O,negative particle meaning without
காழ,O,adjective meaning having hard cores
அத்த,PLACE,on the harsh path
யாஅத்து,PLANT,of yā tree
பொரி,O,adjective meaning cracked/rough
அரை,PLANT,barks
முழு,O,adjective meaning thick
முதல்,PLANT,trunk
உருவ,O,verb meaning to pull out
குத்தி,O,verb meaning thrusting
மறம்,O,noun meaning strength
கெழு,O,verb meaning with
தடக்,O,adjective meaning big/curved
கையின்,ANIMAL,with trunks
வாங்கி,O,verb meaning bending
உயங்கு,O,adjective meaning painful
நடை,O,noun meaning walk
சிறுகண்,ANIMAL,small-eyed
பெரு,O,adjective meaning big
நிரை,ANIMAL,herd in a row
உறு,O,adjective meaning excessive
பசி,O,noun meaning hunger
தீர்க்கும்,O,verb meaning ends
தட,O,adjective meaning big/curved
மருப்பு,ANIMAL,tusks
யானை,ANIMAL,elephant
கண்டனர்,O,verb meaning he must have seen
தோழி,PERSON,O friend
தம்,O,pronoun meaning their
கடன்,O,noun meaning duty
இறீஇயர்,O,verb meaning to perform
எண்ணி,O,verb meaning thinking
இடந்தொறும்,O,adverb meaning everywhere
காமர்,O,adjective meaning desirable
பொருள்,OBJECT,wealth
பிணிப்,O,noun meaning desire
போகிய,O,verb meaning went to earn
நாம்,O,pronoun meaning our
வெங்காதலர்,PERSON,desirable lover
சென்ற,O,verb meaning went
ஆறு,PLACE,path
ஏ,O,expletive/particle

poem256,,
மணி,OBJECT,sapphire
வார்ந்தன்ன,O,adjective meaning like long strands
மாக்கொடி,PLANT,dark creeper
அறுகை,PLANT,arukam grass
பிணி,O,noun meaning ties/roots
கால்,O,noun meaning removed
மென்,O,adjective meaning delicate
கொம்பு,PLANT,stems
பிணையொடும்,ANIMAL,with its female
ஆர்ந்த,O,verb meaning eating
மான்,ANIMAL,deer
ஏறு,ANIMAL,male
உகளும்,O,verb meaning romps
கானம்,FOREST,forest
பிற்பட,O,verb meaning making it go behind
வினை,O,noun meaning work
நலம்,O,adverb meaning in a good manner
படீஇ,O,verb meaning finished
வருதும்,O,verb meaning I will come
அவ்,O,adjective meaning that
வரைத்,NATURE,until then
தாங்கல்,O,verb meaning to tolerate
ஒல்லுமோ,O,verb meaning will you be able
பூங்குழையோய்,PERSON,O one with flower earrings
என,O,quotative meaning thus
சொல்லா,O,verb meaning before I said
முன்னர்,O,adverb meaning even before
நில்லா,O,verb meaning not stopping
ஆகி,O,verb meaning becoming
நீர்,NATURE,tears
விலங்கு,O,verb meaning hiding
அழுதல்,O,verb meaning crying
ஆனா,O,verb meaning not stopping
தேர்,VEHICLE,chariot
விலங்கினவால்,O,verb meaning they blocked
தெரிவை,PERSON,young woman
கண்,O,noun meaning eyes
ஏ,O,expletive/particle

poem257,,
வேரும்,PLANT,roots also
முதலும்,PLANT,trunk also
கோடும்,PLANT,branches also
ஒராங்குத்,O,adverb meaning all together
தொடுத்த,O,verb meaning strung together
போல,O,postposition meaning like
தூங்குபு,O,verb meaning hanging down
தொடரி,O,verb meaning continuously
கீழ்,O,adverb meaning low
தாழ்வு,O,adjective meaning hanging
அன்ன,O,adjective meaning like
வீழ்,O,adjective meaning hanging/low
கோள்,O,adjective meaning desirable
பலவின்,PLANT,of jackfruit trees
ஆர்கலி,O,adjective meaning very loud
வெற்பன்,PERSON,lord of the mountains
வருதொறும்,O,adverb meaning whenever he comes
வரூஉம்,O,verb meaning it will come
அகலினும்,O,verb meaning even when he leaves
அகலாது,O,verb meaning it will not leave
ஆகி,O,verb meaning becoming
இகலும்,O,verb meaning it teases
தோழி,PERSON,O friend
நம்,O,pronoun meaning my
காமத்து,O,great love/affection
பகையே,O,noun meaning enemy

poem258,,
வாரல்,O,verb meaning do not come
எம்,O,pronoun meaning our
சேரி,PLACE,settlement/street
தாரல்,O,verb meaning do not give
நின்,O,pronoun meaning your
தாரே,FLOWER,garland
அலர்,O,noun meaning gossip
ஆகின்றால்,O,verb meaning has risen
பெரும,PERSON,O lord
காவிரிப்,RIVER,Kāviri river
பலர்,PERSON,many people
ஆடு,O,verb meaning bathe
பெருந்துறை,PLACE,big port/bathing place
மருதொடு,PLANT,with marutham trees
பிணித்த,O,verb meaning tied
ஏந்து,O,adjective meaning lifted
கோட்டு,ANIMAL,tusks
யானை,ANIMAL,elephant
சேந்தன்,PERSON,Sēnthan
தந்தை,PERSON,father
அரியலம்,FOOD,liquor as food
புகவின்,O,noun meaning food
அம்,O,adjective meaning beautiful
தோட்டு,ANIMAL,herds
வேட்டை,O,noun meaning hunting
நிரைய,O,adjective meaning hellish/fierce
ஒள்,O,adjective meaning bright
வாள்,WEAPON,swords
இளைஞர்,PERSON,young warriors
பெருமகன்,PERSON,leader
அழிசி,KING,Azhisi
ஆர்க்காடு,PLACE,Ārcot town
அன்ன,O,adjective meaning like
இவள்,PERSON,her
பழி,O,adjective meaning blemishless
தீர்,O,verb meaning removed
மாண்,O,adjective meaning fine
நலம்,O,noun meaning virtue/beauty
தொலைதல்,O,verb meaning losing
கண்டு,O,verb meaning seeing
ஏ,O,expletive/particle

poem259,,
மழை,NATURE,rainclouds
சேர்ந்து,O,verb meaning joined
எழுதரு,O,verb meaning they rise up
மாரிக்,NATURE,rainy
குன்றத்து,MOUNTAIN,on the mountains
அருவி,WATERBODY,waterfall
ஆர்ந்த,O,verb meaning near/drinking
தண்,NATURE,cool
நறுங்காந்தள்,FLOWER,fragrant glory lily
முகை,FLOWER,buds
அவிழ்ந்து,O,verb meaning opened
ஆனா,O,adjective meaning continuous
நாறும்,O,verb meaning fragrant
நறுநுதல்,O,noun meaning fragrant forehead
பல்லிதழ்,FLOWER,many-petaled flowers
மழைக்,NATURE,cool/moist
கண்,O,noun meaning eyes
மாஅயோயே,PERSON,O dark colored woman
ஒல்வை,O,verb meaning if you tolerate
ஆயினும்,O,conditional meaning even if
கொல்வை,O,verb meaning if you kill
ஆயினும்,O,conditional meaning even if
நீ,O,pronoun meaning you
அளந்து,O,verb meaning to judge
அறிவை,O,verb meaning you are intelligent
நின்,O,pronoun meaning your
புரைமை,O,noun meaning esteem
வாய்,O,noun meaning truth
போல்,O,postposition meaning like
பொய்,O,adjective meaning false
மொழி,O,noun meaning words
கூறல்,O,verb meaning to tell
அஃது,O,pronoun meaning that
எவனோ,O,interrogative meaning what is the use
நெஞ்ச,O,noun meaning heart
நன்றே,O,adjective meaning it is good
நின்,O,pronoun meaning your
வயினானே,O,postposition meaning for you

poem260,,
குருகும்,BIRD,herons also
இரு,NATURE,dark/vast
விசும்பு,NATURE,sky
இவரும்,O,verb meaning they fly high
புதலும்,PLANT,bushes also
வரி,INSECT,striped
வண்டு,INSECT,bees
ஊத,O,verb meaning since they swarm
வாய்,O,noun meaning buds/mouths
நெகிழ்ந்தனவே,O,verb meaning they have blossomed
சுரி,OBJECT,spiraled
வளை,OBJECT,conch-shell bangles
பொலிந்த,O,adjective meaning beautiful
தோளும்,O,noun meaning arms also
செற்றும்,O,verb meaning will become tight
வருவர்,O,verb meaning he will come
கொல்,O,expletive/particle
வாழி,O,expletive meaning may you live long
தோழி,PERSON,O friend
பொருவார்,PERSON,enemies
மண்,PLACE,land
எடுத்து,O,verb meaning seizing
உண்ணும்,O,verb meaning they eat
அண்ணல்,O,adjective meaning noble
யானை,ANIMAL,elephant
வண்,O,adjective meaning fine
தேர்த்,VEHICLE,chariot
தொண்டையர்,TRIBE,Thondaiyar people
வழை,PLANT,surapunnai trees
அமல்,O,adjective meaning dense
அடுக்கத்து,MOUNTAIN,on the slopes
கன்று,ANIMAL,calf
இல்,O,negative particle meaning without
ஓர்,O,adjective meaning one
ஆ,ANIMAL,cow
விலங்கிய,O,verb meaning blocking
புன்,O,adjective meaning withered/dried
தாள்,PLANT,trunk
ஓமைய,PLANT,ōmai trees
சுரன்,PLACE,wasteland
இறந்தோரே,PERSON,the man who went past

poem261,,
பழ,NATURE,old
மழை,NATURE,rains
பொழிந்தென,O,verb phrase meaning since they fell
பதன்,O,noun meaning perfection
அழிந்து,O,verb meaning ruined
உருகிய,O,adjective meaning mushy
சிதட்டுக்காய்,FRUIT,sesame pods
எண்ணின்,PLANT,with sesame plants
சில்,O,adjective meaning few
பெயல்,NATURE,showers
கடை,O,adjective meaning last
நாள்,NATURE,days
சேற்று,PLACE,in the mud
நிலை,O,verb meaning to stand
முனைஇய,O,verb meaning hating
செங்கண்,ANIMAL,red-eyed
காரான்,ANIMAL,female buffalo
நள்ளென்,NATURE,pitch dark
யாமத்து,NATURE,at night
ஐ,O,interjection meaning loudly
என,O,quotative meaning thus
கரையும்,O,verb meaning shouts
அஞ்சுவரு,O,adjective meaning fearful
பொழுதினானும்,NATURE,even at that time
என்,O,pronoun meaning my
கண்,O,noun meaning eyes
துஞ்சா,O,verb meaning do not sleep
வாழி,O,expletive meaning may you live long
தோழி,PERSON,O friend
காவலர்,PERSON,guards
கணக்கு,O,noun meaning time
ஆய்,O,verb meaning calculating
வகையின்,O,adverb meaning in a manner
வருந்தி,O,verb meaning saddened
என்,O,pronoun meaning my
நெஞ்சு,O,noun meaning heart
புண்,O,noun meaning wound
உற்ற,O,verb meaning got
விழுமத்தான்,O,noun meaning because of sorrow
ஏ,O,expletive/particle

poem262,,
ஊஉர்,STRUCTURE,town
அலர்,O,noun meaning gossip
எழ,O,verb meaning to rise
சேரி,PLACE,street
கல்லென,O,adverb meaning with loud noise
ஆனாது,O,adverb meaning constantly
அலைக்கும்,O,verb meaning hurting
அறன்,O,adjective meaning without fairness
இல்,O,negative particle meaning without
அன்னை,PERSON,mother
தானே,O,pronoun meaning she
இருக்க,O,verb meaning staying
தன்,O,pronoun meaning her
மனை,STRUCTURE,house
யானே,O,pronoun meaning I
நெல்லி,FRUIT,gooseberry
தின்ற,O,verb meaning eating
முள்,ANIMAL,sharp
எயிறு,ANIMAL,teeth
தயங்க,O,verb meaning to shine
உணல்,O,verb meaning eating
ஆய்ந்திசின்,O,verb meaning I have thought about this
அவரொடு,PERSON,with him
சேய்நாட்டு,PLACE,in a distant country
விண்,NATURE,sky
தொட,O,verb meaning touching
நிவந்த,O,adjective meaning high
விலங்கு,O,adjective meaning blocking
மலை,MOUNTAIN,mountain
கவாஅன்,MOUNTAIN,mountain slopes
கரும்பு,PLANT,sugarcane
நடு,PLANT,planted
பாத்தி,PLOT,plots
அன்ன,O,adjective meaning like
பெரும்,O,adjective meaning big
களிற்று,ANIMAL,of a male elephant
அடிவழி,PLACE,footprints
நிலைஇய,O,verb meaning stayed
நீரே,WATERBODY,water

poem263,,
மறிக்,ANIMAL,young goat's
குரல்,O,noun meaning neck
அறுத்து,O,verb meaning cutting
தினைப்,FOOD,millet
பிரப்பு,FOOD,offerings
இரீஇ,O,verb meaning placing
செல்,O,verb meaning moving
ஆற்றுக்,RIVER,river
கவலை,PLACE,island
பல்,O,adjective meaning many
இயம்,OBJECT,instruments
கறங்க,O,verb meaning to sound
தோற்றம்,O,noun meaning appearance
அல்லது,O,negative particle meaning other than
நோய்க்கு,O,noun meaning for the affliction
மருந்து,FOOD,medicine
ஆகா,O,verb meaning will not be
வேற்றுப்,O,adjective meaning different
பெருந்தெய்வம்,DEITY,big gods
பலவுடன்,O,adverb meaning with many
வாழ்த்தி,O,verb meaning praying
பேஎய்க்,MYTH,spirit/ghoul
கொளீஇயள்,O,verb meaning she is seized by
இவள்,PERSON,she
எனப்படுதல்,O,verb phrase meaning to be spoken of
நோதக்கன்று,O,verb meaning it hurts
தோழி,PERSON,O friend
மால்,O,adjective meaning tall
வரை,MOUNTAIN,mountains
மழை,NATURE,clouds
விளையாடும்,O,verb meaning play
நாடனை,PERSON,because of the man
பிழையேம்,O,verb meaning for no fault
ஆகிய,O,verb meaning of us
நாம்,O,pronoun meaning we
இதன்பட,O,adverb meaning for this
ஏ,O,expletive/particle

poem264,,
கலி,NATURE,loud
மழை,NATURE,rains
கெழீஇய,O,verb meaning that fell
கான்,FOREST,forest
யாற்று,RIVER,river
இகு,O,adjective meaning low/eroding
கரை,PLACE,bank
ஒலி,O,adjective meaning thick
நெடும்,O,adjective meaning long
பீலி,ANIMAL,plumes
துயல்வர,O,verb meaning swaying
இயலி,O,verb meaning walking
ஆடு,O,verb meaning dancing
மயில்,BIRD,peacock
அகவும்,O,verb meaning screeches
நாடன்,PERSON,man from such country
நம்மொடு,PERSON,with me
நயந்தனன்,O,verb meaning with love
கொண்ட,O,verb meaning has
கேண்மை,O,noun meaning friendship
பயந்தக்,O,noun meaning pallor
காலும்,NATURE,even when
பயப்பு,O,noun meaning with pallor
ஒல்லாதே,O,verb meaning it is not agreeable

poem265,,
காந்தள்,FLOWER,glory lily
அம்,O,adjective meaning beautiful
கொழு,O,adjective meaning plump
முகை,FLOWER,buds
காவல்,O,verb meaning waiting to bloom
செல்லாது,O,verb meaning not waiting
வண்டு,INSECT,bees
வாய்,O,noun meaning mouth
திறக்கும்,O,verb meaning they open
பொழுதில்,NATURE,at the time
பண்டும்,O,adverb meaning in the past
தாம்,O,pronoun meaning they
அறி,O,verb meaning knew
செம்மைச்,O,adjective meaning wise
சான்றோர்க்,PERSON,wise elders
கண்ட,O,verb meaning saw
கடன்,O,noun meaning responsibilities
அறி,O,verb meaning know
மாக்கள்,PERSON,people
போல,O,postposition meaning like
இடன்,O,adverb meaning allowing
விட்டு,O,verb meaning giving way
இதழ்,FLOWER,petals
தளை,O,noun meaning ties
அவிழ்ந்த,O,verb meaning released
ஏகல்,O,adjective meaning lofty
வெற்பன்,PERSON,lord of the mountains
நன்னர்,O,adjective meaning good
நெஞ்சத்தன்,O,noun meaning he has a good heart
தோழி,PERSON,O friend
நின்,O,pronoun meaning your
நிலை,O,noun meaning situation
யான்,O,pronoun meaning I
தனக்கு,O,pronoun meaning to him
உரைத்தனென்,O,verb meaning I told
ஆக,O,adverb meaning when
தான்,O,pronoun meaning he
நாணினன்,O,verb meaning was embarrassed
இஃது,O,pronoun meaning this
ஆகாவாறு,O,verb meaning not to happen
ஏ,O,expletive/particle

poem266,,
நமக்கு,O,pronoun meaning for me
ஒன்று,O,numeral meaning a message
உரையார்,O,verb meaning if he doesn't send
ஆயினும்,O,verb meaning even if
தமக்கு,O,pronoun meaning to him
ஒன்று,O,numeral meaning one
இன்னா,O,adjective meaning painful
இரவின்,NATURE,at nights
இன்,O,adjective meaning sweet
துணை,PERSON,friend
ஆகிய,O,verb meaning was
படப்பை,FOREST,grove
வேங்கைக்கு,PLANT,to the vēngai tree
மறந்தனர்,O,verb meaning did he forget
கொல்லோ,O,particle implying doubt
துறத்தல்,O,verb meaning to leave
வல்லியோர்,PERSON,the man who was able
புள்வாய்த்,BIRD,through birds
தூதே,O,noun meaning message

poem267,,
இருங்கண்,O,adjective meaning wide-spaced
ஞாலத்து,PLACE,of the earth
ஈண்டு,O,adverb meaning all
பயப்,O,noun meaning riches
பெரு,O,adjective meaning great
வளம்,O,noun meaning abundance
ஒருங்குடன்,O,adverb meaning together
இயைவது,O,verb meaning if they are put
ஆயினும்,O,verb meaning even if
கரும்பின்,PLANT,of sugarcane
கால்,PLANT,stalks
எறி,O,verb meaning cut
கடிகை,O,noun meaning pieces
கண்,O,postposition meaning in
அயின்றன்ன,O,verb phrase like eating them
வால்,O,adjective meaning white
எயிறு,ANIMAL,teeth
ஊறிய,O,verb meaning secreted
வசை,O,adjective meaning faultless
இல்,O,negative particle meaning without
தீ,O,adjective meaning sweet
நீர்க்,NATURE,liquid
கோல்,O,adjective meaning thick/rounded
அமை,O,adjective meaning being
குறுந்தொடிக்,OBJECT,with small bangles
குறுமகள்,PERSON,young girl
ஒழிய,O,verb meaning parting
ஆள்,O,noun meaning manly
வினை,O,noun meaning effort
மருங்கில்,O,adverb meaning because of
பிரியார்,O,verb meaning they will not part
நாளும்,O,adverb meaning daily
உறன்,O,adjective meaning established
முறை,O,adjective meaning traditional
மரபிற்,O,noun meaning with tradition
கூற்றத்து,DEITY,of the god of death
அறன்,O,adjective meaning without compassion
இல்,O,negative particle meaning without
கோள்,O,noun meaning seizing
நற்கு,O,adverb meaning well
அறிந்திசினோரே,PERSON,those who understand

poem268,,
சேறிரோ,O,verb meaning whether he is going
என,O,quotative meaning thus
செப்பலும்,O,verb meaning to ask
ஆற்றாம்,O,verb meaning we are unable
வருவிரோ,O,verb meaning whether he will come
என,O,quotative meaning thus
வினவலும்,O,verb meaning to ask
வினவாம்,O,verb meaning we cannot ask
யாங்குச்,O,interrogative meaning what
செய்வாம்,O,verb meaning can we do
கொல்,O,expletive/particle
தோழி,PERSON,O friend
பாம்பின்,ANIMAL,of snakes
பையுடை,ANIMAL,with hoods
இருந்தலை,ANIMAL,big heads
துமிக்கும்,O,verb meaning chopping
ஏற்றொடு,NATURE,with thunder
நடுநாள்,NATURE,middle of the night
என்னார்,O,verb meaning not thinking
வந்து,O,verb meaning comes
நெடுமென்,O,adjective meaning long delicate
பணைத்தோள்,O,noun meaning bamboo-like arms
அடைந்திசினோரே,PERSON,the man who embraced

poem269,,
சேயாறு,PLACE,long path
சென்று,O,verb meaning going
துனை,O,adverb meaning swiftly
பரி,O,verb meaning walking
அசாவாது,O,verb meaning without getting tired
உசாவுநர்,PERSON,someone to inform
பெறினே,O,verb meaning if I can get
நன்று,O,adjective meaning it would be good
மற்றில்ல,O,particle implying desire
வயச்சுறா,FISH,powerful shark
எறிந்த,O,verb meaning caught/attacked
புண்,O,noun meaning wound
தணிந்து,O,verb meaning healed
எந்தையும்,PERSON,my father also
நீல்,O,adjective meaning blue
நிறப்,O,adjective meaning colored
பெருங்கடல்,WATERBODY,big ocean
புக்கனன்,O,verb meaning he has entered
யாயும்,PERSON,my mother also
உப்பை,FOOD,salt
மாறி,O,verb meaning selling
வெண்ணெல்,FOOD,white rice
தரீஇய,O,verb meaning to bring
உப்பு,FOOD,salt
விளை,O,verb meaning grow
கழனி,PLACE,salt pans
சென்றனள்,O,verb meaning she went
அதனால்,O,conjunction meaning so
பனி,NATURE,cold
இரும்,O,adjective meaning vast
பரப்பின்,PLACE,of the shore
சேர்ப்பற்கு,PERSON,to the lord of the shore
இனி,O,adverb meaning now
வரின்,O,verb meaning if he comes
எளியள்,O,adjective meaning easy to see her
என்னும்,O,verb meaning that it would be
தூதே,O,noun meaning message

poem270,,
தாழ்,O,adjective meaning staying/deep
இருள்,NATURE,darkness
துமிய,O,verb meaning ruining
மின்னி,NATURE,flashing lightning
தண்,NATURE,cool
என,O,adverb meaning causing
வீழ்,O,verb meaning falling
உறை,NATURE,raindrops
இனிய,O,adjective meaning sweet
சிதறி,O,verb meaning scattering
ஊழின்,O,adverb meaning according to tradition
கடிப்பு,OBJECT,small sticks
இகு,O,verb meaning beaten
முரசின்,OBJECT,like drums
முழங்கி,NATURE,roaring
இடித்து,NATURE,thundering
இடித்து,NATURE,thundering again
பெய்து,NATURE,falling
இனி,O,adverb meaning now
வாழியோ,O,expletive meaning may you live long
பெரு,NATURE,huge
வான்,NATURE,clouds
யாமே,O,pronoun meaning myself
செய்,O,verb meaning finished
வினை,O,noun meaning tasks
முடித்த,O,verb meaning having completed
செம்மல்,O,adjective meaning noble/fulfilled
உள்ளமோடு,O,noun meaning with a heart
இவளின்,PERSON,her
மேவினம்,O,verb meaning with the desire
ஆகி,O,verb meaning being
குவளைக்,FLOWER,blue waterlily
குறுந்தாள்,O,adjective meaning short-stemmed
நாள்,O,adjective meaning fresh
மலர்,FLOWER,flowers
நாறும்,O,verb meaning spreads fragrance
நறு,O,adjective meaning fragrant
மென்,O,adjective meaning soft
கூந்தல்,O,noun meaning hair
மெல்,O,adjective meaning delicate
அணையேமே,O,verb meaning I am lying

poem271,,
அருவி,WATERBODY,waterfall
அன்ன,O,adjective meaning like
பரு,O,adjective meaning heavy
உறை,NATURE,droplets
சிதறி,O,verb meaning scattering
யாறு,RIVER,rivers
நிறை,O,adjective meaning full
பகரும்,O,verb meaning they yield
நாடனை,PERSON,man from such country
தேறி,O,verb meaning trusting
உற்றது,O,verb meaning united with
மன்னும்,O,expletive/particle
ஒரு,O,numeral meaning one
நாள்,NATURE,day
மற்று,O,expletive/particle
அது,O,pronoun meaning that
தவ,O,adverb meaning very
பன்,O,numeral meaning many
நாள்,NATURE,days
தோள்,O,noun meaning arms
மயங்கி,O,verb meaning involved with
வெளவும்,O,verb meaning seizing
பண்பின்,O,noun meaning with the nature
நோய்,O,noun meaning disease
ஆகின்று,O,verb meaning it is

poem272,,
தீண்டலும்,O,verb meaning to embrace
இயைவது,O,verb meaning will I be able
கொல்லோ,O,particle implying doubt
மாண்ட,O,adjective meaning fine
வில்,WEAPON,bow
உடை,O,verb meaning carrying
வீளையர்,PERSON,whistlers
கல்,STONE,stones
இடுபு,O,verb meaning threw
எடுத்த,O,verb meaning raised
நனந்தலைக்,FOREST,wide forest
கானத்து,FOREST,in the forest
இனம்,ANIMAL,herd
தலைப்,O,adverb meaning separated
பிரிந்த,O,verb meaning separated from
புன்கண்,O,adjective meaning sad-eyed
மடமான்,ANIMAL,naive deer
நேர்பட,O,verb meaning being in front
தன்,O,pronoun meaning her
ஐயர்,PERSON,brothers
சிலை,O,adjective meaning sweet/loud
மாண்,O,adjective meaning great
கடு,O,adjective meaning fast
விசைக்,O,noun meaning with speed
கலை,ANIMAL,stag
நிறத்து,O,noun meaning in the chest
அழுத்தி,O,verb meaning embedded
குருதியொடு,FOOD,with blood
பறித்த,O,verb meaning pulled
செங்கோல்,O,adjective meaning red-shafted
வாளி,WEAPON,arrow
மாறு,O,verb meaning like they differ
கொண்டன்ன,O,verb meaning they resemble
உண்கண்,O,noun meaning kohl-rimmed eyes
நாறு,O,verb meaning fragrant
இருங்கூந்தல்,O,noun meaning dark hair
கொடிச்சி,PERSON,mountain woman
தோளே,O,noun meaning arms

poem273,,
அல்குறு,NATURE,night
பொழுதில்,NATURE,at the time
தாது,FLOWER,pollen
முகை,FLOWER,buds
தயங்க,O,verb meaning splendid
பெருங்காட்டு,FOREST,huge forest
உளரும்,O,verb meaning blowing through
அசை,O,adjective meaning blowing
வளி,NATURE,wind
போல,O,postposition meaning like
தண்ணிய,O,adjective meaning cool
கமழும்,O,verb meaning with fragrance
ஒள்,O,adjective meaning bright
நுதலோய்,PERSON,O one with bright brow
நொந்தனை,O,verb meaning if you are worried
ஆயின்,O,conditional meaning if
கண்டது,O,verb meaning what I see
மொழிவல்,O,verb meaning let me tell
பெருந்தேன்,FOOD,large honey combs
கண்படு,MOUNTAIN,on the mountain top
வரையின்,MOUNTAIN,of the mountain
முது,O,adjective meaning old
மால்பு,OBJECT,bamboo ladder
அறியாது,O,verb meaning without knowing
ஏறிய,O,verb meaning climbed
மடவோன்,PERSON,stupid man
போல,O,postposition meaning like
ஏமாந்தன்று,O,verb meaning is confused
இவ்,O,pronoun meaning this
உலகம்,PLACE,world
நாம்,O,pronoun meaning we
உளேம்,O,verb meaning to live
ஆக,O,adverb meaning for
பிரியலன்,O,verb meaning he will not leave
தெளிமே,O,verb meaning know this clearly

poem274,,
புறவுப்,BIRD,pigeon's
புறத்து,O,noun meaning backside
அன்ன,O,adjective meaning like
புன்,O,adjective meaning dried
கால்,PLANT,trunk
உகாஅய்,PLANT,ukāy trees
காசினை,OBJECT,coin-like
அன்ன,O,adjective meaning like
நளி,O,adjective meaning dense
கனி,FRUIT,fruits
உதிர,O,verb meaning dropping
விடு,O,verb meaning shot
கணை,WEAPON,arrows
வில்லொடு,WEAPON,with bows
பற்றி,O,verb meaning holding
கோடு,O,noun meaning branches
இவர்பு,O,verb meaning they climb
வருநர்ப்,PERSON,those who come
பார்க்கும்,O,verb meaning looking for
வன்கண்,O,adjective meaning harsh
ஆடவர்,PERSON,men/bandits
நீர்,NATURE,water
நசை,O,noun meaning desire
வேட்கையின்,O,noun meaning goaded by
நார்,PLANT,barks
மென்று,O,verb meaning they chew
தணியும்,O,verb meaning satisfy
இன்னாக்,O,adjective meaning harsh
கானமும்,FOREST,forest even
இனிய,O,adjective meaning sweet
பொன்னொடு,OBJECT,with gold
மணி,OBJECT,gems
மிடை,O,verb meaning mixed
அல்குல்,O,noun meaning loins/waist
மடந்தை,PERSON,young woman
அணி,O,adjective meaning pretty
முலை,O,noun meaning breasts
ஆகம்,O,noun meaning chest
உள்கினம்,O,verb meaning if we think
செலினே,O,verb meaning if we go

poem275,,
முல்லை,FLOWER,jasmine
ஊர்ந்த,O,verb meaning have spread
கல்,MOUNTAIN,rocks
உயர்,O,adjective meaning high
ஏறி,O,verb meaning climbing
கண்டனம்,O,verb meaning let us find out
வருகம்,O,verb meaning and come
சென்மோ,O,verb meaning let us go
தோழி,PERSON,O friend
எல்,NATURE,evening
ஊர்ச்,STRUCTURE,town
சேர்தரும்,O,verb meaning reaching
ஏறுடை,ANIMAL,with bulls
இனத்து,ANIMAL,of the herds
புல்,PLANT,grass
ஆர்,O,verb meaning that eat
நல்,O,adjective meaning good
ஆன்,ANIMAL,cows
பூண்,OBJECT,bells
மணி,OBJECT,bells
கொல்லோ,O,particle implying doubt
செய்,O,verb meaning finished
வினை,O,noun meaning tasks
முடித்த,O,verb meaning having completed
செம்மல்,O,adjective meaning satisfied/great
உள்ளமொடு,O,noun meaning with a heart
வல்,O,adjective meaning strong
வில்,WEAPON,bows
இளையர்,PERSON,young warriors
பக்கம்,PLACE,nearby
போற்ற,O,verb meaning to protect
ஈர்,O,adjective meaning wet
மணல்,PLACE,sand
காட்டாறு,PLACE,forest path
வரூஉம்,O,verb meaning coming
தேர்,VEHICLE,chariot
மணி,OBJECT,bells
கொல்,O,particle implying doubt
ஆண்டு,PLACE,there
இயம்பிய,O,verb meaning sounding
உளவே,O,verb meaning are there
poem276,,
பணைத்தோள்,O,noun meaning bamboo-like arms
குறுமகள்,PERSON,young girl
பாவை,OBJECT,doll
தைஇயும்,O,verb meaning created
பஞ்சாய்,PLANT,reed/panchāy grass
பள்ளம்,PLACE,pits/wetlands
சூழ்ந்து,O,verb meaning scouring/around
மற்று,O,expletive/particle
இவள்,PERSON,her
உருத்து,O,verb meaning risen up
எழு,O,verb meaning rising
வன,O,adjective meaning splendid
முலை,O,noun meaning breasts
ஒளி,O,noun meaning brightness
பெற,O,verb meaning to obtain
எழுதிய,O,verb meaning drawn/painted
தொய்யில்,OBJECT,thoyyil designs
காப்போர்,PERSON,those who protect her
அறிதலும்,O,verb meaning knowing
அறியார்,O,verb meaning they do not know
முறை,O,adjective meaning just
உடை,O,verb meaning having
அரசன்,KING,king
செங்கோல்,OBJECT,just scepter
அவையத்து,PLACE,in the court
யான்,O,pronoun meaning I
தன்,PERSON,her
கடவின்,O,verb meaning if I question
யாங்கு,O,interrogative meaning what
ஆவது,O,verb meaning will happen
கொல்,O,expletive/particle
பெரிதும்,O,adverb meaning very
பேதை,O,adjective meaning ignorant
மன்ற,O,particle implying certainty
அளிதோ,O,adjective meaning pitiable
இ,O,pronoun meaning this
அழுங்கல்,O,adjective meaning uproarious
ஊரே,STRUCTURE,town

poem277,,
ஆசு,O,adjective meaning blemishless
இல்,O,negative particle meaning without
தெருவில்,PLACE,in the street
நாய்,ANIMAL,dogs
இல்,O,negative particle meaning without
வியன்,O,adjective meaning large
கடை,STRUCTURE,courtyard/gate
செந்நெல்,FOOD,red rice
அமலை,FOOD,rice balls
வெண்மை,O,adjective meaning white
வெள்,O,adjective meaning white
இழுது,FOOD,ghee
ஓரில்,STRUCTURE,single house
பிச்சை,FOOD,food given as alms
ஆர,O,adverb meaning to the full
மாந்தி,O,verb meaning eating
அற்சிர,NATURE,early dew season
வெய்ய,O,adjective meaning desirable
வெப்பத்,NATURE,warm
தண்ணீர்,NATURE,warm water
சேமச்,OBJECT,water-saving
செப்பில்,OBJECT,in the pot
பெறீஇயர்,O,verb meaning may you get
நீயே,O,pronoun meaning you
மின்,NATURE,lightning
இடை,O,noun meaning waist
நடுங்கும்,O,verb meaning trembling
கடைப்,O,adjective meaning last
பெயல்,NATURE,rain
வாடை,NATURE,north wind
எக்கால்,O,interrogative meaning when
வருவது,O,verb meaning it will come
என்றி,O,verb meaning you say
அக்கால்,NATURE,at that time
வருவர்,O,verb meaning he will come
எம்,O,pronoun meaning her
காதலோரே,PERSON,lover

poem278,,
உறு,O,adjective meaning strong
வளி,NATURE,wind
உளரிய,O,verb meaning shakes
அம்,O,adjective meaning beautiful
தளிர்,PLANT,sprouts
மாஅத்து,PLANT,of mango trees
முறி,PLANT,tender leaves
கண்டன்ன,O,verb phrase like seeing
மெல்லென்,O,adjective meaning delicate
சீறடி,O,noun meaning small feet
சிறு,O,adjective meaning small
பசும்,O,adjective meaning fresh
பாவையும்,OBJECT,doll also
எம்மும்,O,pronoun meaning me also
உள்ளார்,O,verb meaning he does not think
கொடியர்,O,adjective meaning cruel
வாழி,O,expletive meaning may you live long
தோழி,PERSON,O friend
கடுவன்,ANIMAL,male monkey
ஊழுறு,O,verb meaning shakes off
தீங்கனி,FRUIT,ripe fruits
உதிர்ப்ப,O,verb meaning shakes off
கீழிருந்து,O,adverb meaning from below
ஏற்பன,O,verb meaning receives
ஏற்பன,O,verb meaning again and again
உண்ணும்,O,verb meaning eats
பார்ப்புடை,ANIMAL,with young ones
மந்திய,ANIMAL,female monkey
மலை,MOUNTAIN,mountains
இறந்தோரே,PERSON,the man who went past

poem279,,
திரி,O,adjective meaning twisted
மருப்பு,ANIMAL,horns
எருமை,ANIMAL,buffalo
இருள்,NATURE,darkness
நிறம்,O,noun meaning color
மை,O,adjective meaning black
ஆன்,ANIMAL,buffalo
வருமிடறு,ANIMAL,thick neck
யாத்த,O,verb meaning tied
பகுவாய்,O,adjective meaning wide-mouthed
தெண்,O,adjective meaning clear
மணி,OBJECT,bells
புலம்பு,O,noun meaning loneliness
கொள்,O,verb meaning having
யாமத்து,NATURE,at night
இயங்குதொறு,O,adverb meaning whenever it moves
இசைக்கும்,O,verb meaning it sounds
இது,O,pronoun meaning this
பொழுதாகவும்,NATURE,at this time
வாரார்,O,verb meaning he has not come
கொல்லோ,O,particle implying doubt
மழை,NATURE,rain
கழூஉ,O,verb meaning washed
மறந்த,O,verb meaning forgotten
மா,O,adjective meaning huge
இரும்,O,adjective meaning black
துறுகல்,MOUNTAIN,boulders
துகள்,OBJECT,dust
சூழ்,O,verb meaning with
யானையின்,ANIMAL,like elephants
பொலிய,O,verb meaning appear bright
தோன்றும்,O,verb meaning they appear
இரும்,O,adjective meaning huge
பல்,O,adjective meaning few/many
குன்றம்,MOUNTAIN,mountains
போகி,O,verb meaning crossed
திருந்து,O,adjective meaning perfectly curved
இறை,O,noun meaning forearms
பணைத்தோள்,O,noun meaning bamboo-like arms
உள்ளாதோரே,PERSON,man who does not think

poem280,,
கேளிர்,PERSON,O friend
வாழியோ,O,expletive meaning may you live long
கேளிர்,PERSON,O friend
நாளும்,O,adverb meaning always
என்,O,pronoun meaning my
நெஞ்சு,O,noun meaning heart
பிணிக்,O,verb meaning seized
கொண்ட,O,verb meaning having
அம்,O,adjective meaning beautiful
சில்,O,adjective meaning delicate
ஓதிப்,PERSON,one with beautiful hair
பெரும்,O,adjective meaning thick
தோள்,O,noun meaning arms
குறுமகள்,PERSON,young girl
சிறு,O,adjective meaning tiny
மெல்,O,adjective meaning delicate
ஆகம்,O,noun meaning chest
ஒரு,O,numeral meaning one
நாள்,NATURE,day
புணர,O,verb meaning to unite
புணரின்,O,verb meaning if united
அரை,O,numeral meaning half
நாள்,NATURE,day
வாழ்க்கையும்,O,noun meaning life also
வேண்டலென்,O,verb meaning I do not desire
யானே,O,pronoun meaning I

poem281,,
வெண்மணல்,PLACE,white sand
பொதுளிய,O,verb meaning thriving on
பைங்கால்,PLANT,green bases
கருக்கின்,PLANT,with saw-edged fronds
கொம்மை,O,adjective meaning round/thick
போந்தைக்,PLANT,palmyra tree
குடுமி,PLANT,top
வெண்தோட்டு,PLANT,with white fronds
அத்த,PLACE,wasteland
வேம்பின்,PLANT,of neem trees
அமலை,O,adjective meaning dense
வான்,O,adjective meaning white
பூ,FLOWER,flowers
சுரி,O,adjective meaning curly
ஆர்,O,noun meaning with
உளைத்தலை,O,noun meaning hair on head
பொலிய,O,verb meaning beautifully
சூடி,O,verb meaning wearing
குன்றுதலை,MOUNTAIN,mountains
மணந்த,O,verb meaning adjoining
கானம்,FOREST,forests
சென்றனர்,O,verb meaning did he go
கொல்லோ,O,particle implying doubt
சேயிழை,PERSON,O one wearing beautiful jewels
நமரே,PERSON,our man

poem282,,
செவ்வி,O,adjective meaning perfect/mature
கொள்,O,verb meaning having
வரகின்,FOOD,of millet
செஞ்சுவல்,PLACE,red mound
கலித்த,O,adjective meaning flourishing
கௌவை,O,noun meaning noise
நாற்றின்,O,noun meaning plants
கார்,NATURE,pitch black
இருள்,NATURE,darkness
ஓர்,O,numeral meaning one
இலை,PLANT,leaf
நவ்வி,ANIMAL,deer
நாள்,NATURE,day
மறி,ANIMAL,fawn
கவ்வி,O,verb meaning chews
கடன்,O,noun meaning duty
கழிக்கும்,O,verb meaning satisfies
கார்,NATURE,rain
எதிர்,O,verb meaning accepted
தண்,NATURE,cool
புனம்,FIELD,fields
காணின்,O,verb meaning if he sees
கை,O,noun meaning arm
வளை,OBJECT,bangles
நீர்,NATURE,water
திகழ்,O,verb meaning abundant
சிலம்பின்,MOUNTAIN,on the mountains
ஓராங்கு,O,adverb meaning all at once
அவிழ்ந்த,O,verb meaning bloomed
வெண்கூதாளத்து,FLOWER,with koothālam flowers
அம்,O,adjective meaning beautiful
தூம்பு,O,adjective meaning hollow
புது,O,adjective meaning new
மலர்,FLOWER,flowers
ஆர்,O,particle meaning loosening
கழல்பு,O,verb meaning loosening
உகுவ,O,verb meaning dropping off
போல,O,postposition meaning like
சோர்குவ,O,verb meaning will not loosen
அல்ல,O,negative verb meaning will not
என்பர்,O,verb meaning will he think
கொல்,O,particle implying doubt
நமரே,PERSON,our man

poem283,,
உள்ளது,O,noun meaning what they have
சிதைப்போர்,PERSON,those who ruin wealth
உளர்,O,verb meaning they are called
எனப்படாஅர்,O,verb meaning not called wealthy
இல்லோர்,PERSON,those without wealth
வாழ்க்கை,O,noun meaning living
இரவினும்,O,noun meaning than begging
இளிவு,O,adjective meaning lower
என,O,quotative meaning thus
சொல்லிய,O,verb meaning said
வன்மை,O,noun meaning with strength
தெளிய,O,adverb meaning clearly
காட்டி,O,verb meaning showed
சென்றனர்,O,verb meaning he went
வாழி,O,expletive meaning may he live long
தோழி,PERSON,O friend
என்றும்,O,adverb meaning always
கூற்றத்து,DEITY,like the god of death
அன்ன,O,adjective meaning like
கொலை,WEAPON,murderous
வேல்,WEAPON,spears
மறவர்,PERSON,wayside bandits
ஆற்றிருந்து,PLACE,staying on the path
அல்கி,O,verb meaning staying
வழங்குநர்ச்,PERSON,those who go
செகுத்த,O,verb meaning killed
படு,O,adjective meaning killed
முடை,FOOD,flesh
பருந்து,BIRD,kite
பார்த்திருக்கும்,O,verb meaning they wait
நெடு,O,adjective meaning long/large
மூது,O,adjective meaning ancient
இடைய,O,adjective meaning with spaces
நீர்,NATURE,water
இல்,O,negative particle meaning without
ஆறே,PLACE,paths

poem284,,
பொருத,O,verb meaning battling
யானை,ANIMAL,elephant
புகர்,O,noun meaning spots
முகம்,ANIMAL,face
கடுப்ப,O,postposition meaning like
மன்ற,PLACE,town's common land
துறுகல்,MOUNTAIN,boulders
மீமிசை,PLACE,on top
பல,O,adjective meaning many
உடன்,O,adverb meaning together
ஒண்,O,adjective meaning bright
செங்காந்தள்,FLOWER,red glory lily
அவிழும்,O,verb meaning have blossomed
நாடன்,PERSON,man from such country
அறவன்,O,adjective meaning honest
ஆயினும்,O,verb meaning if he is
அல்லன்,O,verb meaning if he is not
ஆயினும்,O,verb meaning or
நம்,O,pronoun meaning us
ஏசுவரோ,O,verb meaning will they blame
தம்,O,pronoun meaning their
இலர்,O,verb meaning do they not have
கொல்லோ,O,particle implying doubt
வரையில்,MOUNTAIN,on the mountains
தாழ்ந்த,O,verb meaning flowing down low
வால்,O,adjective meaning pure
வெள்,O,adjective meaning white
அருவி,WATERBODY,waterfall
கொன்,O,adjective meaning fierce
இலைக்,PLANT,leaves
குரம்பையின்,STRUCTURE,near huts
இழிதரும்,O,verb meaning they flow down
இன்னாது,O,adjective meaning causing suffering
இருந்த,O,verb meaning being
இச்,O,pronoun meaning this
சிறுகுடியோரே,PERSON,people in this small settlement

poem285,,
வைகல்,NATURE,dawn
வைகல்,NATURE,each dawn
வைகவும்,O,verb meaning as dawn turns to day
வாரார்,O,verb meaning he does not come
எல்லா,NATURE,day
எல்லை,NATURE,each day
எல்லையும்,NATURE,at the end of each day
தோன்றார்,O,verb meaning he does not appear
யாண்டு,O,interrogative meaning where
உளர்,O,verb meaning is he
கொல்லோ,O,particle implying doubt
தோழி,PERSON,O friend
ஈண்டு,O,adverb meaning this
இவர்,PERSON,he
சொல்லிய,O,verb meaning said
பருவமோ,NATURE,season
இதுவே,O,pronoun meaning it is this
பல்,O,adjective meaning many
ஊழ்,O,noun meaning times
புன்,O,adjective meaning dull/small
புறப்,ANIMAL,back
பெடையொடு,ANIMAL,with its female
பயிரி,O,verb meaning calls
இன்,O,adjective meaning sweet
புறவு,BIRD,pigeon/dove
இமைக்கண்,NATURE,in an instant
ஏது,O,pronoun meaning such pleasure
ஆகின்று,O,verb meaning it becomes
ஞெமைத்தலை,PLANT,on top of gnemai tree
ஊன்,FOOD,flesh
நசைஇ,O,verb meaning desiring
ஒரு,O,adjective meaning one
பருந்து,BIRD,kite
இருக்கும்,O,verb meaning is there
வான்,NATURE,sky
உயர்,O,adjective meaning high
பிறங்கல்,O,adjective meaning bright
மலை,MOUNTAIN,mountains
இறந்தோரே,PERSON,the man who crossed
ஓ,O,expletive/particle

poem286,,
உள்ளிக்,O,verb meaning when I think
காண்பென்,O,verb meaning I see
போல்வல்,O,verb meaning I seem to
முள்,ANIMAL,sharp
எயிற்று,ANIMAL,with teeth
அமிழ்தம்,FOOD,nectar
ஊறும்,O,verb meaning secreting
அம்,O,adjective meaning beautiful
செவ்வாய்,O,noun meaning red mouth
கமழ்,O,verb meaning aromatic
அகில்,PLANT,akilwood
ஆர,PLANT,sandalwood
நாறும்,O,verb meaning with fragrance
அறல்,PLACE,fine sand
போல்,O,postposition meaning like
கூந்தல்,O,noun meaning hair
பேர்,O,adjective meaning large
அமர்,O,adjective meaning calm/loving
மழைக்,NATURE,moist
கண்,O,noun meaning eyes
கொடிச்சி,PERSON,mountain girl
மூரல்,O,adjective meaning delicate
முறுவலொடு,O,noun meaning with a smile
மதைஇய,O,adjective meaning proud/elegant
நோக்கே,O,noun meaning looks

poem287,,
அம்ம,O,particle meaning listen
வாழி,O,expletive meaning may you live long
தோழி,PERSON,O friend
காதலர்,PERSON,your lover
இன்னே,O,adverb meaning now
கண்டு,O,verb meaning on seeing
துறக்குவர்,O,verb meaning will he stay away
கொல்லோ,O,expletive/particle
முந்நால்,O,numeral meaning three times four
திங்கள்,NATURE,months
நிறை,O,adverb meaning full
பொறுத்து,O,verb meaning bearing
அசைஇ,O,verb meaning tired
ஒதுங்கல்,O,verb meaning to walk
செல்லாப்,O,verb meaning unable
பசும்,O,adjective meaning green
புளி,FRUIT,tamarind
வேட்கைக்,O,noun meaning desire
கடுஞ்சூல்,O,noun meaning first pregnancy
மகளிர்,PERSON,women
போல,O,postposition meaning like
நீர்,NATURE,water
கொண்டு,O,verb meaning carrying
விசும்பி,NATURE,sky
இவர்கல்லாது,O,verb meaning not going toward
தாங்குபு,O,verb meaning they carry
புணரி,O,verb meaning they get together
செழும்,O,adjective meaning lush
பல்,O,adjective meaning many
குன்றம்,MOUNTAIN,mountains
நோக்கி,O,verb meaning toward
பெருங்கலி,O,adjective meaning uproarious
வானம்,NATURE,clouds
ஏர்தரும்,O,verb meaning rising up
பொழுதே,NATURE,at that time

poem288,,
கறி,PLANT,black pepper
வளர்,O,verb meaning growing
அடுக்கத்து,MOUNTAIN,on the mountain slopes
ஆங்கண்,PLACE,there
முறி,PLANT,tender leaves
அருந்து,O,verb meaning eating
குரங்கு,ANIMAL,monkeys
ஒருங்கி,O,verb meaning together
இருக்கும்,O,verb meaning are
பெருங்கல்,MOUNTAIN,tall mountains
நாடன்,PERSON,man from such country
இனியன்,O,adjective meaning sweet person
ஆகலின்,O,verb meaning hence
இனத்தின்,PERSON,loved ones
இயன்ற,O,verb meaning create
இன்னாமையினும்,O,noun meaning than the pain
இனிதோ,O,adjective meaning is it sweeter
இனிது,O,adjective meaning sweet
எனப்படூஉம்,O,verb meaning called
புத்தேள்,PLACE,celestial world
நாடே,PLACE,land

poem289,,
வளர்பிறை,NATURE,waxing moon
போல,O,postposition meaning like
வழிவழிப்,O,adverb meaning increasingly
பெருகி,O,verb meaning increases
இறை,O,noun meaning forearms
வளை,OBJECT,bangles
நெகிழ்த்த,O,verb meaning slipped
எவ்வ,O,adjective meaning painful
நோயொடு,O,noun meaning with disease
குழை,PLANT,sprout
பிசைந்தனையேம்,O,verb phrase like crushed
ஆகி,O,verb meaning becoming
சாஅய்,O,verb meaning became thin
உழையர்,PERSON,he
அன்மையின்,O,verb meaning since not near
உழப்பது,O,verb meaning being sad
அன்றியும்,O,conjunction meaning not only
மழையும்,NATURE,rain also
தோழி,PERSON,O friend
மான்று,O,adverb meaning in a confusing manner
பட்டன்று,O,verb meaning it rained
பட்ட,O,verb meaning fell
மாரி,NATURE,rain
படாஅக்,O,verb meaning before it fell
கண்ணும்,O,conjunction meaning even then
அவர்,PERSON,him
திறத்து,O,postposition meaning because of
இரங்கும்,O,verb meaning worrying
நம்மினும்,O,pronoun meaning than I
நம்,PERSON,me
திறத்து,O,postposition meaning for
இரங்கும்,O,verb meaning worrying
இ,O,pronoun meaning this
அழுங்கல்,O,adjective meaning uproarious
ஊரே,STRUCTURE,town

poem290,,
காமம்,O,great love/affection
தாங்குமதி,O,verb meaning bear the pain
என்போர்,PERSON,those who tell me
தாம்,O,pronoun meaning they
அஃது,O,pronoun meaning it
அறியலர்,O,verb meaning do they know
கொல்லோ,O,particle implying doubt
அனை,O,adverb meaning that strong
மதுகையர்,O,adjective meaning strong
கொல்,O,particle implying doubt
யாம்,O,pronoun meaning I
எம்,O,pronoun meaning my
காதலர்க்,PERSON,lover
காணேம்,O,verb meaning if I do not see
ஆயின்,O,conditional meaning if
செறி,O,adjective meaning filled
துனி,O,noun meaning sorrow
பெருகிய,O,verb meaning increased
நெஞ்சமொடு,O,noun meaning with a heart
பெருநீர்,WATERBODY,heavy flood
கல்,MOUNTAIN,rocks
பொரு,O,verb meaning crashing against
சிறு,O,adjective meaning little
நுரை,WATERBODY,foam
போல,O,postposition meaning like
மெல்ல,O,adverb meaning little
மெல்ல,O,adverb meaning by little
இல்லாகுதுமே,O,verb meaning I become nothing

poem291,,
சுடு,O,adjective meaning burned
புன,FIELD,field
மருங்கில்,PLACE,in the
கலித்த,O,adjective meaning flourishing
ஏனல்,FOOD,millet crops
படுகிளி,BIRD,parrots that dive
கடியும்,O,verb meaning chases
கொடிச்சி,PERSON,mountain woman
கை,O,noun meaning hands
குளிர்,OBJECT,bird chasing gadget
இசையின்,O,adverb meaning with music
இசையா,O,verb meaning played music
இன்பாணித்தே,O,adjective meaning with sweet tempo
கிளி,BIRD,parrots
அவள்,PERSON,her
விளியென,O,verb phrase meaning thought it was her singing
எழல்,O,verb meaning rising up
ஒல்லாவே,O,verb meaning not agreeable
அது,O,pronoun meaning that
புலந்து,O,verb meaning upset
அழுத,O,verb meaning cried
கண்ணே,O,noun meaning eyes
சாரல்,MOUNTAIN,mountain slopes
குண்டு,WATERBODY,deep
நீர்ப்,WATERBODY,water
பைஞ்சுனைப்,WATERBODY,fresh spring
பூத்த,FLOWER,bloomed
குவளை,FLOWER,blue waterlily
வண்டு,INSECT,bees
பயில்,O,verb meaning swarm
பல்லிதழ்,FLOWER,many petals
கலைஇ,O,verb meaning causing disarray
தண்,NATURE,cold
துளிக்கு,NATURE,to water droplets
ஏற்ற,O,verb meaning accepted
மலர்,FLOWER,flowers
போன்றனவே,O,verb meaning they were like

poem292,,
மண்ணிய,O,verb meaning went to bathe
சென்ற,O,verb meaning went
ஒண்,O,adjective meaning bright
நுதல்,O,noun meaning forehead
அரிவை,PERSON,young woman
புனல்தரு,WATERBODY,river brought
பசுங்காய்,FRUIT,fresh fruit
தின்ற,O,verb meaning ate
தன்,O,pronoun meaning her
தப்பற்கு,O,noun meaning for her mistake
ஒன்பதிற்று,O,numeral meaning nine times
ஒன்பது,O,numeral meaning nine
களிற்றொடு,ANIMAL,with male elephants
அவள்,PERSON,her
நிறை,O,noun meaning full size
பொன்,OBJECT,gold
செய்,O,verb meaning made
பாவை,OBJECT,statue
கொடுப்பவும்,O,verb meaning even when offered
கொள்ளான்,O,verb meaning he did not accept
பெண்,PERSON,women
கொலை,O,noun meaning murder
புரிந்த,O,verb meaning did
நன்னன்,KING,Nannan
போல,O,postposition meaning like
வரையா,O,adjective meaning without limits
நிரையத்து,PLACE,to hell
செலீஇயர்,O,verb meaning may she go
அன்னை,PERSON,mother
ஒரு,O,numeral meaning one
நாள்,NATURE,day
நகை,O,noun meaning smiling
முக,O,noun meaning face
விருந்தினன்,PERSON,guest
வந்தென,O,verb meaning when he came
பகைமுக,PLACE,battlefield
ஊரின்,STRUCTURE,like a town
துஞ்சல்,O,verb meaning sleeping
இலளே,O,verb meaning she does not

poem293,,
கள்,FOOD,liquor
இல்,STRUCTURE,shop
கேளிர்,PERSON,those going to drink
ஆத்திரை,O,verb meaning travel
உள்ளூர்ப்,STRUCTURE,town's
பாளை,PLANT,palm tree spathes
தந்த,O,verb meaning given
பஞ்சி,OBJECT,cotton/fibrous
அம்,O,adjective meaning beautiful
குறுங்காய்,FRUIT,small fruit
ஓங்கி,O,adjective meaning tall
இரும்,O,adjective meaning dark
பெண்ணை,PLANT,female palmyra tree
நுங்கொடு,FOOD,with soft palmyra seeds
பெயரும்,O,verb meaning leave
ஆதி,KING,Āthi
அருமன்,KING,Aruman
மூதூர்,STRUCTURE,ancient town
அன்ன,O,adjective meaning like
அய,WATERBODY,pond
வெள்ளாம்பல்,FLOWER,white waterlily
அம்,O,adjective meaning beautiful
பகை,O,adjective meaning well-woven
நெறித்,O,adjective meaning varying
தழை,CLOTHING,leaf garment
தித்தி,O,noun meaning pallor spots
குறங்கின்,O,noun meaning on her thighs
ஊழ்,O,adverb meaning in a regular manner
மாறு,O,adverb meaning back and forth
அலைப்ப,O,verb meaning swaying
வருமே,O,verb meaning will come
சேயிழை,PERSON,woman with perfect jewels
அந்தில்,PLACE,in that place
கொழுநன்,PERSON,husband
காணிய,O,verb meaning to see
அளியேன்,O,adjective meaning I am pitiable
யானே,O,pronoun meaning I

poem294,,
கடல்,WATERBODY,ocean
உடன்,O,adverb meaning together
ஆடியும்,O,verb meaning played also
கானல்,PLACE,seashore grove
அல்கியும்,O,verb meaning stayed also
தொடலை,FLOWER,garland wearing
ஆயமொடு,PERSON,with friends
தழுவணி,O,noun meaning kuravai dances
அயர்ந்தும்,O,verb meaning performed also
நொதுமலர்,PERSON,stranger
போல,O,postposition meaning like
கதுமென,O,adverb meaning rapidly
வந்து,O,verb meaning having come
முயங்கினன்,O,verb meaning hugged
செலின்,O,verb meaning went
அலர்ந்தன்று,O,verb meaning gossip has risen
மன்னே,O,expletive/particle
தித்தி,O,noun meaning pallor
பரந்த,O,verb meaning spread
பைத்து,ANIMAL,like snake's hood
அகல்,O,adjective meaning wide
அல்குல்,O,noun meaning loins/hips
திருந்திழை,OBJECT,perfect jewels
துயல்வு,O,adjective meaning swaying
கோட்டு,PLACE,on the sides
அசைத்த,O,verb meaning tied
பசுங்குழைத்,CLOTHING,tender green leaves
தழையினும்,CLOTHING,than the leaf skirt
உழையின்,O,adverb meaning closer than
போகான்,O,verb meaning not going away
தான்,O,pronoun meaning he
தந்தனன்,O,verb meaning he gave
யாய்,PERSON,mother
காத்து,O,verb meaning protecting
ஓம்பல்லே,O,verb meaning nurturing

poem295,,
உடுத்தும்,CLOTHING,wearing as clothes
தொடுத்தும்,FLOWER,stringing as garlands
பூண்டும்,OBJECT,wearing as ornaments
செரீஇயும்,FLOWER,placing on hair
தழை,CLOTHING,leaf garments
அணிப்,O,noun meaning beauty
பொலிந்த,O,adjective meaning splendid
ஆயமொடு,PERSON,with many women
துவன்றி,O,adverb meaning together
விழவொடு,O,noun meaning with festivities
வருதி,O,verb meaning you come
நீயே,O,pronoun meaning you
இஃதோ,O,pronoun meaning this
ஓர்,O,adjective meaning one
ஆன்,ANIMAL,cow
வல்சி,FOOD,earnings for food
சீர்,O,noun meaning wealth
இல்,O,negative particle meaning without
வாழ்க்கை,O,noun meaning life
பெரு,O,adjective meaning very
நலக்,O,adjective meaning virtuous/beautiful
குறுமகள்,PERSON,young woman
வந்தென,O,verb meaning since she came
இனி,O,adverb meaning after
விழவு,O,noun meaning festival
ஆயிற்று,O,verb meaning it has become
என்னும்,O,verb meaning they say
இ,O,pronoun meaning this
ஊரே,STRUCTURE,people in the town

poem296,,
அம்ம,O,particle meaning listen
வாழி,O,expletive meaning may you live long
தோழி,PERSON,O friend
புன்னை,PLANT,laurel tree
அலங்கு,O,adjective meaning swaying
சினை,O,noun meaning branch
இருந்த,O,verb meaning sitting on
அம்,O,adjective meaning beautiful
சிறை,O,noun meaning wings
நாரை,BIRD,stork
உறு,O,adjective meaning large
கழிச்,WATERBODY,in the salt marshes
சிறு,O,adjective meaning tiny
மீன்,FISH,fish
முனையின்,O,verb meaning hating
செறுவில்,FIELD,in the paddy fields
கள்,FOOD,honey
நாறு,O,verb meaning with scent
நெய்தல்,FLOWER,waterlily
கதிரொடு,FOOD,with rice clusters
நயக்கும்,O,verb meaning enjoys
தண்ணந்துறைவன்,PERSON,lord of the cool shore
காணின்,O,verb meaning if you see
முன்னின்று,O,verb meaning standing in front
கடிய,O,adjective meaning harshness
கழறல்,O,verb meaning chiding
ஓம்புமதி,O,verb meaning protect your words
தொடியோள்,PERSON,young woman with bangles
இன்னள்,O,adverb meaning such
ஆக,O,verb meaning becoming
துறத்தல்,O,verb meaning separating
நும்மின்,O,pronoun meaning for you
தகுமோ,O,verb meaning is this fitting
என்றனை,O,adverb meaning in this manner
துணிந்தே,O,adverb meaning boldly

poem297,,
அவ்விளிம்பு,O,noun meaning edges on the top
உரீஇய,O,verb meaning rubbing
கொடுஞ்சிலை,WEAPON,harsh/curved bows
மறவர்,PERSON,wayside bandits
வை,O,adjective meaning sharp
வார்,O,adjective meaning long
வாளி,WEAPON,arrows
விறல்,O,adjective meaning victorious
பகை,O,noun meaning enmity
பேணார்,O,verb meaning unable to protect
மாறு,O,adverb meaning across
நின்று,O,verb meaning stood
இறந்த,O,verb meaning died
ஆறு,PLACE,path
செல்,O,verb meaning going
வம்பலர்,PERSON,wayfarers
உவல்,PLANT,leaves
இடு,O,verb meaning heaped
பதுக்கை,STRUCTURE,burial mounds
ஊரின்,STRUCTURE,like villages
தோன்றும்,O,verb meaning appearing
கல்,MOUNTAIN,with mountains
உயர்,O,adjective meaning tall
நனந்தலை,PLACE,vast land
நல்ல,O,adjective meaning good
கூறி,O,verb meaning saying
புணர்ந்து,O,verb meaning going together
உடன்,O,adverb meaning together
போதல்,O,verb meaning to go
பொருள்,O,noun meaning the thing to do
என,O,quotative meaning that
உணர்ந்தேன்,O,verb meaning I realized
மன்ற,O,particle implying certainty
அவர்,PERSON,him
உணரா,O,verb meaning realizing
ஊங்கே,O,adverb meaning before

poem298,,
சேரி,PLACE,settlement/village
சேர,O,verb meaning to reach
மெல்ல,O,adverb meaning gently
வந்து,O,verb meaning came
வந்து,O,verb meaning came
அரிது,O,adjective meaning precious
வாய்விட்டு,O,verb meaning uttered
இனிய,O,adjective meaning sweet
கூறி,O,verb meaning saying
வைகல்,NATURE,every day
தோறும்,O,adverb meaning each
நிறம்,O,noun meaning color
பெயர்ந்து,O,verb meaning changing
உறையும்,O,verb meaning staying
அவன்,PERSON,his
பைதல்,O,adjective meaning sad
நோக்கம்,O,noun meaning looks
நினையாய்,O,verb meaning think about
தோழி,PERSON,O friend
இன்,O,adjective meaning sweet
கடும்,O,adjective meaning strong
கள்ளின்,FOOD,liquor
அகுதை,KING,Akuthai
பின்றை,PLACE,behind
வெள்,O,adjective meaning white/silver
கடை,O,adjective meaning tipped
சிறு,O,adjective meaning small
கோல்,OBJECT,rod
அகவன்,PROFESSION,diviner
மகளிர்,PERSON,female diviners
மடப்,ANIMAL,innocent/gentle
பிடிப்,ANIMAL,female elephant
பரிசில்,OBJECT,gift/prize
மான,O,postposition meaning like
பிறிது,O,adjective meaning different
ஒன்று,O,numeral meaning something
குறித்தது,O,verb meaning indicates
அவன்,PERSON,his
நெடும்புற,O,adjective meaning long
நிலையே,O,noun meaning stay

poem299,,
இது,O,pronoun meaning this
மற்று,O,expletive/particle
எவனோ,O,interrogative meaning how strange
தோழி,PERSON,O friend
முதுநீர்ப்,WATERBODY,ancient ocean
புணரி,WATERBODY,ocean waters
திளைக்கும்,O,verb meaning lap
புள்,BIRD,birds
இமிழ்,O,verb meaning sounding
கானல்,PLACE,seashore grove
இணர்,FLOWER,clusters
அவிழ்,O,verb meaning opening
புன்னை,PLANT,laurel tree
எக்கர்,PLACE,sand dunes
நீழல்,NATURE,shade
புணர்,O,verb meaning uniting
குறி,O,noun meaning desires
வாய்த்த,O,verb meaning came true
ஞான்றை,NATURE,at that time
கொண்கன்,PERSON,lord of the seashore
கண்டன,O,verb meaning I have seen
மன்,O,expletive/particle
எம்,O,pronoun meaning my
கண்ணே,O,noun meaning eyes
அவன்,PERSON,his
சொல்,O,noun meaning words
கேட்டன,O,verb meaning I have heard
மன்,O,expletive/particle
எம்,O,pronoun meaning my
செவியே,O,noun meaning ears
மற்று,O,expletive/particle
அவன்,PERSON,he
மணப்பின்,O,verb meaning when he unites
மாண்,O,adjective meaning great
நலம்,O,noun meaning beauty
எய்தி,O,verb meaning attaining
தணப்பின்,O,verb meaning when he separates
ஞெகிழ்ப,O,verb meaning they become thin
எம்,O,pronoun meaning my
தட,O,adjective meaning curved/large
மென்தோளே,O,noun meaning delicate arms

poem300,,
குவளை,FLOWER,blue waterlily
நாறும்,O,verb meaning with fragrance
குவை,O,adjective meaning thick
இருங்கூந்தல்,O,noun meaning dark hair
ஆம்பல்,FLOWER,white waterlily
நாறும்,O,verb meaning with fragrance
தேம்,FOOD,honey
பொதி,O,adjective meaning filled
துவர்,O,adjective meaning coral-like
வாய்,O,noun meaning mouth
குண்டு,WATERBODY,deep
நீர்த்,WATERBODY,water
தாமரை,FLOWER,lotus
கொங்கின்,FLOWER,like pollen
அன்ன,O,adjective meaning like
நுண்,O,adjective meaning tiny
பஃறித்தி,O,noun meaning pallor spots
மாஅயோயே,PERSON,O dark hued young woman
நீயே,O,pronoun meaning you
அஞ்சல்,O,verb meaning do not fear
என்ற,O,quotative meaning saying
என்,O,pronoun meaning my
சொல்,O,noun meaning words
அஞ்சலையே,O,verb meaning do not fear
யானே,O,pronoun meaning I
குறுங்கால்,ANIMAL,short-legged
அன்னம்,BIRD,geese
குவவு,PLACE,heaped
மணல்,PLACE,sand
சேக்கும்,O,verb meaning they stay
கடல்,WATERBODY,ocean
சூழ்,O,verb meaning surrounded by
மண்டிலம்,PLACE,earth
பெறினும்,O,verb meaning even if I get
விடல்,O,verb meaning to let go
சூழலன்,O,verb meaning I will not think
நான்,O,pronoun meaning I
நின்னுடை,O,pronoun meaning your
நட்பே,O,noun meaning friendship

poem301,,
முழவு,OBJECT,drum
முதல்,O,adjective meaning like
அரைய,O,noun meaning trunk
தடவு,O,adjective meaning curved/large
நிலை,O,noun meaning position
பெண்ணை,PLANT,female palmyra tree
கொழு,O,adjective meaning thick
மடல்,PLANT,frond/stem
இழைத்த,O,verb meaning made
சிறு,O,adjective meaning small
கோல்,OBJECT,sticks/twigs
குடம்பை,STRUCTURE,nest
கருங்கால்,ANIMAL,black-footed
அன்றில்,BIRD,ibis
காமர்,O,adjective meaning desirable
கடுஞ்சூல்,O,noun meaning first pregnancy
வயவுப்,O,adjective meaning craving
பெடை,BIRD,female
அகவும்,O,verb meaning calls
பானாள்,NATURE,middle of the night
கங்குல்,NATURE,night
மன்றம்,PLACE,town's square
போழும்,O,verb meaning cutting into
இன,O,adjective meaning many
மணி,OBJECT,bells
நெடுந்தேர்,VEHICLE,tall chariot
வாராதாயினும்,O,verb meaning even if he doesn't come
வருவது,O,verb meaning coming
போல,O,postposition meaning like
செவி,O,noun meaning ears
முதல்,O,adverb meaning in
இசைக்கும்,O,verb meaning sounding
அரவமொடு,O,noun meaning with noises
துயில்,O,noun meaning sleep
துறந்தனவால்,O,verb meaning they have abandoned
தோழி,PERSON,O friend
என்,O,pronoun meaning my
கண்ணே,O,noun meaning eyes

poem302,,
உரைத்திசின்,O,verb meaning tell me
தோழி,PERSON,O friend
அது,O,pronoun meaning that
புரைத்தோ,O,verb meaning is this worthy
அன்றே,O,negative particle meaning it is not
அரு,O,adjective meaning terrible
துயர்,O,noun meaning pain
உழத்தலும்,O,verb meaning to bear
ஆற்றாம்,O,verb meaning I am unable
அதன்தலை,O,adverb meaning more than that
பெரும்பிறிது,O,noun meaning death
ஆகல்,O,verb meaning to become
அதனினும்,O,adverb meaning than that
அஞ்சுதும்,O,verb meaning I fear
அன்னோ,O,interjection meaning alas
இன்னும்,O,adverb meaning still
நன்,O,adjective meaning fine
மலை,MOUNTAIN,mountains
நாடன்,PERSON,man from the country
பிரியா,O,adjective meaning inseparable
நண்பினர்,O,adjective meaning having friendship
இருவரும்,O,pronoun meaning both
என்னும்,O,verb meaning stating
அலர்,O,noun meaning gossip
அதற்கு,O,pronoun meaning that
அஞ்சினன்,O,verb meaning is he afraid
கொல்லோ,O,particle implying doubt
பலர்,PERSON,many people
உடன்,O,adverb meaning together
துஞ்சு,O,verb meaning sleeping
ஊர்,STRUCTURE,town
யாமத்தானும்,NATURE,even in the night
என்,O,pronoun meaning my
நெஞ்சத்து,O,noun meaning in the heart
அல்லது,O,negative particle meaning other than
வரவு,O,noun meaning coming
அறியானே,O,verb meaning he does not know

poem303,,
கழி,WATERBODY,brackish waters
தேர்ந்து,O,verb meaning searching
அசைஇய,O,verb meaning resting
கருங்கால்,ANIMAL,black-legged
வெண்குருகு,BIRD,white heron
அடைகரை,PLACE,sandy shoreline
தாழைக்,PLANT,thāzhai trees
குழீஇ,O,verb meaning gathering
பெருங்கடல்,WATERBODY,vast ocean
உடை,O,adjective meaning breaking
திரை,WATERBODY,waves
ஒலியின்,NATURE,to the sounds
துஞ்சும்,O,verb meaning dozing
துறைவ,PERSON,O lord of the seashore
தொல்,O,adjective meaning former
நிலை,O,noun meaning state
நெகிழ்ந்த,O,verb meaning slipped
வளையள்,PERSON,woman with slipping bangles
ஈங்கு,PLACE,here
பசந்தனள்,O,verb meaning she has become pale
மன்,O,adverb meaning greatly
என்,O,pronoun meaning my
தோழி,PERSON,O friend
என்னொடும்,PERSON,with me
இன்,O,adjective meaning sweet/fine
இணர்ப்,FLOWER,clusters of flowers
புன்னை,PLANT,laurel tree
அம்,O,adjective meaning beautiful
புகர்,O,adjective meaning dappled
நிழல்,NATURE,shade
பொன்,OBJECT,gold
வரி,O,adjective meaning striped
அலவன்,ANIMAL,crab
ஆட்டிய,O,verb meaning we chased
ஞான்றே,NATURE,on the day

poem304,,
கொல்,WEAPON,killing
வினைப்,O,noun meaning work
பொலிந்த,O,adjective meaning great at
கூர்வாய்,O,adjective meaning sharp ends
எறி,O,verb meaning throwing
உளி,WEAPON,sharp metal barbs
முகம்,O,noun meaning front
படம்,O,verb meaning placed
மடுத்த,O,verb meaning fitting
முளி,O,adjective meaning dried
வெதிர்,PLANT,bamboo
நோன்,O,adjective meaning strong
காழ்,PLANT,bamboo pieces
தாங்கு,O,adjective meaning difficult
அரு,O,adjective meaning to bear
நீர்ச்சுரத்து,WATERBODY,in the path with water
எறிந்து,O,verb meaning throwing
வாங்கு,O,verb meaning pull
விசைக்,O,adjective meaning fast
கொடுந்திமில்,VEHICLE,curved boats
பரதவர்,PROFESSION,fishermen
கோட்டு,FISH,swordfish
மீன்,FISH,fish
எறிய,O,verb meaning hunting
நெடுங்கரை,PLACE,long shoreline
இருந்த,O,verb meaning were
குறுங்கால்,ANIMAL,short-legged
அன்னத்து,BIRD,of geese
வெண்தோடு,BIRD,white flocks
இரியும்,O,verb meaning they fly away
வீ,FLOWER,flowers
ததை,O,verb meaning dense with
கானல்,PLACE,seashore grove
கைதை,PLANT,thāzhai tree
அம்,O,adjective meaning beautiful
தண்,NATURE,cool
புனல்,WATERBODY,water
சேர்ப்பனொடு,PERSON,with the lord of the shore
செய்தனெம்,O,verb meaning I caused
மன்ற,O,particle implying certainty
ஓர்,O,adjective meaning a
பகைதரு,O,adjective meaning giving enmity
நட்பே,O,noun meaning friendship

poem305,,
கண்,O,noun meaning eyes
தர,O,verb meaning gave
வந்த,O,verb meaning came
காம,O,great love/affection
ஒள்,O,adjective meaning bright
எரி,NATURE,flame
என்பு,O,noun meaning bone
உற,O,adverb meaning to the
நலியினும்,O,verb meaning torments
அவரொடு,PERSON,with him
பேணி,O,verb meaning with love
சென்று,O,verb meaning going
நாம்,O,pronoun meaning I
முயங்கற்கு,O,verb meaning to embrace
அருங்காட்சியமே,O,adjective meaning very hard
வந்து,O,verb meaning coming
அஞர்,O,noun meaning distress
களைதலை,O,verb meaning removing
அவர்,PERSON,he
ஆற்றலரே,O,verb meaning he will not remove
உய்த்தனர்,PERSON,nobody to direct
விடாஅர்,O,verb meaning there is nobody
பிரித்து,O,verb meaning going between
இடை,O,noun meaning middle
களையார்,O,verb meaning nobody to remove
குப்பைக்,PLACE,rubbish pile
கோழித்,BIRD,chickens
தனிப்,O,adjective meaning alone
போர்,O,noun meaning fight
போல,O,postposition meaning like
விளி,O,noun meaning ruin
வாங்கு,O,verb meaning by its
விளியின்,O,noun meaning ruin
அல்லது,O,negative particle meaning other than
களைவோர்,PERSON,nobody to remove
இலை,O,negative verb meaning there is not
யாம்,O,pronoun meaning I
உற்ற,O,verb meaning attained
நோயே,O,noun meaning affliction

poem306,,
மெல்லிய,O,adverb meaning softly
இனிய,O,adverb meaning sweetly
மேவரு,O,adjective meaning desirable
தகுந,O,adjective meaning fit/proper
இவை,O,pronoun meaning these
மொழியாம்,O,verb meaning we will not speak
என,O,quotative meaning thus
சொல்லினும்,O,verb meaning even after I told
அவை,O,pronoun meaning those
நீ,O,pronoun meaning you
மறத்தியோ,O,verb meaning did you forget
வாழி,O,expletive meaning may you live long
என்,O,pronoun meaning my
நெஞ்சே,O,noun meaning heart
பலவுடன்,O,adverb meaning with many
காமர்,O,adjective meaning desired/beautiful
மாஅத்து,PLANT,of mango trees
தாது,FLOWER,pollen
அமர்,O,verb meaning with
பூவின்,FLOWER,on the flowers
வண்டு,INSECT,bees
வீழ்பு,O,verb meaning jump
அயரும்,O,verb meaning swarm
கானல்,PLACE,groves
தண்,NATURE,cool
கடல்,WATERBODY,ocean
சேர்ப்பனை,PERSON,lord of the seashore
கண்ட,O,verb meaning seeing
பின்னே,O,adverb meaning after

poem307,,
வளை,OBJECT,conch shell
உடைத்து,O,verb meaning broken
அனையது,O,adjective meaning like
ஆகி,O,verb meaning becoming
பலர்,PERSON,many people
தொழ,O,verb meaning to worship
செவ்வாய்,NATURE,red colored
வானத்து,NATURE,sky
ஐயென,O,adverb meaning suddenly
தோன்றி,O,verb meaning appeared
இன்னம்,O,adverb meaning now
பிறந்தன்று,O,verb meaning it appeared
பிறையே,NATURE,crescent moon
அன்னோ,O,interjection meaning alas
மறந்தனர்,O,verb meaning did he forget
கொல்லோ,O,particle implying doubt
தாமே,O,pronoun meaning he
களிறு,ANIMAL,male elephant
தன்,O,pronoun meaning his
உயங்கு,O,adjective meaning painful
நடை,O,noun meaning walk
மடப்,ANIMAL,naive
பிடி,ANIMAL,female elephant
வருத்தம்,O,noun meaning pain
நோனாது,O,verb meaning unable to bear
நிலை,O,adjective meaning tall
உயர்,O,adjective meaning high
யாஅம்,PLANT,yā tree
தொலைய,O,verb meaning to be ruined
குத்தி,O,verb meaning stabbed
வெண்ணார்,PLANT,white bark
கொண்டு,O,verb meaning removed
கை,ANIMAL,trunk
சுவைத்து,O,verb meaning tastes
அண்ணாந்து,O,verb meaning looked above
அழுங்க,O,adjective meaning sad
நெஞ்சமொடு,O,noun meaning with heart
முழங்கும்,O,verb meaning screams
அத்த,PLACE,wasteland
நீள்,O,adjective meaning long
இடை,PLACE,path
அழ,O,verb meaning making me cry
பிரிந்தோரே,PERSON,the man who left

poem308,,
சோலை,FOREST,grove
வாழை,PLANT,banana tree
சுரி,O,adjective meaning curled
நுகும்பு,PLANT,tender leaves
இனைய,O,verb meaning to feel sad
அணங்கு,DEITY,god/divinity
உடை,O,verb meaning having
அருந்தலை,O,noun meaning precious head
நீவலின்,O,verb meaning due to rubbing
மதன்,O,noun meaning strength
அழிந்து,O,verb meaning ruined
மயங்கு,O,adjective meaning confused
துயர்,O,noun meaning distress
உற்ற,O,verb meaning became
மையல்,O,adjective meaning confused
வேழம்,ANIMAL,male elephant
உயங்கு,O,verb meaning sighing
உயிர்,O,noun meaning breath
மடப்பிடி,ANIMAL,naive female elephant
உலை,O,adjective meaning hurting
புறம்,O,noun meaning back
தைவர,O,verb meaning stroking
ஆம்,WATERBODY,water
இழி,O,verb meaning flowing down
சிலம்பின்,MOUNTAIN,on mountain slopes
அரிது,O,adjective meaning precious/rare
கண்படுக்கும்,O,verb meaning falls asleep
மா,O,adjective meaning huge
மலை,MOUNTAIN,mountains
நாடன்,PERSON,man from such country
கேண்மை,O,noun meaning friendship
காமம்,O,great love/affection
தருவது,O,verb meaning giving
ஓர்,O,adjective meaning an
கை,O,noun meaning action
தாழ்ந்தன்றே,O,verb meaning stayed

poem309,,
கைவினை,O,noun meaning work with hands
மாக்கள்,PERSON,those who weed
தம்,O,pronoun meaning their
செய்,O,verb meaning doing
வினை,O,noun meaning work
முடிமார்,O,verb meaning when they finish
சுரும்பு,INSECT,bees
உண,O,verb meaning to drink
மலர்ந்த,FLOWER,blossomed
வாசம்,FLOWER,fragrance
கீழ்ப்பட,O,verb meaning going down
நீடின,O,adjective meaning long
வரம்பின்,PLACE,on the banks
வாடிய,O,verb meaning wilted
விடினும்,O,verb meaning even if allowed
கொடியர்,PERSON,cruel people
நிலம்,PLACE,land
பெயர்ந்து,O,verb meaning moving
உறைவேம்,O,verb meaning to live
என்னாது,O,verb meaning not considering
பெயர்த்தும்,O,adverb meaning even when removed
கடிந்த,O,verb meaning weeded
செறுவில்,FIELD,in the fields
பூக்கும்,FLOWER,they bloom
நின்,O,pronoun meaning your
ஊர்,STRUCTURE,town's
நெய்தல்,FLOWER,waterlilies
அனையேம்,PERSON,we are like
பெரும,PERSON,O lord
நீ,O,pronoun meaning you
எமக்கு,PERSON,to us
இன்னாதன,O,adjective meaning cruel things
பல,O,adjective meaning many
செய்யினும்,O,verb meaning even if you do
நின்,O,pronoun meaning you
இன்று,O,adverb meaning without
அமைதல்,O,verb meaning to be
வல்லாமாறு,O,verb phrase since not capable

poem310,,
புள்ளும்,BIRD,birds also
புலம்பின,O,verb meaning are alone
பூவும்,FLOWER,flowers also
கூம்பின,FLOWER,have closed
கானலும்,PLACE,seashore grove also
புலம்பு,O,noun meaning loneliness
நனி,O,adverb meaning very
உடைத்தே,O,verb meaning has
வானமும்,NATURE,sky also
நம்மே,O,pronoun meaning like me
போலும்,O,postposition meaning like
மம்மர்த்து,O,adjective meaning confused
ஆகி,O,verb meaning becoming
எல்லை,NATURE,daylight
கழிய,O,verb meaning faded
புல்லென்றன்றே,O,verb meaning became dull
இன்னும்,O,adverb meaning still
உளெனே,O,verb meaning I am alive
தோழி,PERSON,O friend
இந்நிலை,O,noun meaning this situation
தண்ணிய,O,adjective meaning cool
கமழும்,O,verb meaning fragrant
ஞாழல்,FLOWER,cassia tree
தண்ணந்துறைவர்க்கு,PERSON,to the lord of the cool shore
உரைக்குநர்,PERSON,someone to take message
பெறினே,O,verb meaning if I can get
poem311,,
அலர்,O,noun meaning gossip
யாங்கு,O,interrogative meaning how
ஒழிவ,O,verb meaning will end
தோழி,PERSON,O friend
பெருங்கடல்,WATERBODY,huge sea
புலவு,FOOD,fish/flesh
நாறு,O,verb meaning stinking
அகன்,O,adjective meaning wide
துறை,PLACE,shore
வலவன்,PROFESSION,charioteer
தாங்கவும்,O,verb meaning even when he tried to stop
நில்லாது,O,verb meaning not stopping
கழிந்த,O,verb meaning kept moving
கல்லென்,O,adverb meaning with loud sound
கடுந்தேர்,VEHICLE,fast chariot
யான்,O,pronoun meaning I
கண்டனனோ,O,verb meaning whether I saw
இலனோ,O,negative verb meaning or not
பானாள்,NATURE,midday/midnight
ஓங்கல்,O,adjective meaning tall
வெண்மணல்,PLACE,white sand
தாழ்ந்த,O,verb meaning low hanging
புன்னைத்,PLANT,laurel trees
தாது,FLOWER,pollen
சேர்,O,verb meaning with
நிகர்,O,adjective meaning bright
மலர்,FLOWER,flowers
கொய்யும்,O,verb meaning plucking
ஆயம்,PERSON,all our friends
எல்லாம்,O,adjective meaning all
உடன்,O,adverb meaning together
கண்டன்றே,O,verb meaning they saw

poem312,,
இரண்டறி,O,adjective meaning two-faced
கள்வி,PERSON,she is a thief
நம்,O,pronoun meaning my
காதலோளே,PERSON,lover
முரண்,O,adjective meaning hostile
கொள்,O,verb meaning having
துப்பின்,O,noun meaning with strength
செவ்வேல்,WEAPON,red spear
மலையன்,KING,Malaiyan
முள்ளூர்க்,PLACE,Mullūr town's
கான,FOREST,forest
நாற,O,verb meaning with fragrance
வந்து,O,verb meaning comes
நள்ளென்,NATURE,pitch dark
கங்குல்,NATURE,night
நம்மோர்,PERSON,with me
அன்னள்,O,adjective meaning agreeable
கூந்தல்,O,noun meaning hair
வேய்ந்த,O,verb meaning worn
விரவு,O,adjective meaning mixed
மலர்,FLOWER,flowers
உதிர்த்து,O,verb meaning dropping
சாந்து,OBJECT,aromatic paste
உளர்,O,verb meaning rubs
நறும்,O,adjective meaning fragrant
கதுப்பு,O,noun meaning hair
எண்ணெய்,OBJECT,oil
நீவி,O,verb meaning applies
அமரா,O,adjective meaning different
முகத்தள்,O,noun meaning faced
ஆகி,O,verb meaning becoming
தமர்,PERSON,her family
ஓரன்னாள்,O,adjective meaning one with
வைகறையான்,NATURE,at dawn

poem313,,
பெருங்கடல்,WATERBODY,vast ocean
கரையது,PLACE,on the shores
சிறுவெண்காக்கை,BIRD,small white gull
நீத்து,O,adjective meaning flooding
நீர்,WATERBODY,water
இருங்கழி,WATERBODY,vast backwaters
இரை,FOOD,prey
தேர்ந்து,O,verb meaning hunts
உண்டு,O,verb meaning eats
பூக்கமழ்,FLOWER,flower-fragrant
பொதும்பில்,FOREST,grove
சேக்கும்,O,verb meaning rests
துறைவனொடு,PERSON,with the lord of the shores
யாத்தேம்,O,verb meaning I tied myself
யாத்தன்று,O,verb meaning it is tied
நட்பே,O,noun meaning friendship
அவிழ்த்தற்கு,O,verb meaning to untie
அரிது,O,adjective meaning difficult
முடிந்து,O,adverb meaning tightly
அமைந்தன்றே,O,verb meaning it is tied well

poem314,,
சேய்,O,adverb meaning very
உயர்,O,adjective meaning high
விசும்பின்,NATURE,sky
நீர்,NATURE,water
உறு,O,verb meaning having
கமஞ்சூல்,O,adjective meaning full
தண்,NATURE,cool
குரல்,NATURE,loud
எழிலி,NATURE,clouds
ஒண்,NATURE,bright
சுடர்,NATURE,lightning
இமைப்ப,NATURE,flashing
பெயல்,NATURE,rain
தாழ்பு,O,verb meaning falling
இருளிய,NATURE,became dark
புலம்பு,O,noun meaning loneliness
கொள்,O,verb meaning having
மாலையும்,NATURE,evening also
வாரார்,O,verb meaning he does not come
வாழி,O,expletive meaning may you live long
தோழி,PERSON,O friend
வரூஉம்,O,verb meaning growing
இன்,O,adjective meaning sweet
உறழ்,O,adjective meaning great
இள,O,adjective meaning young
முலை,O,noun meaning breasts
ஞெமுங்க,O,verb meaning to press
இன்னா,O,adjective meaning harsh
வைப்பின்,PLACE,in the place
சுரன்,PLACE,wasteland
இறந்தோரே,PERSON,the man who went

poem315,,
எழுதரு,O,verb meaning rising
மதியம்,NATURE,moon
கடல்,WATERBODY,ocean
கண்டாஅங்கு,O,verb phrase like reflections seen
ஒழுகு,O,verb meaning flowing
வெள்,O,adjective meaning white
அருவி,WATERBODY,waterfall
ஓங்கு,O,adjective meaning lofty
மலை,MOUNTAIN,mountain
நாடன்,PERSON,man from such country
ஞாயிறு,NATURE,sun
அனையன்,O,adjective meaning like
தோழி,PERSON,O friend
நெருஞ்சி,PLANT,nerunji flower
அனைய,O,adjective meaning like
என்,O,pronoun meaning my
பெரும்,O,adjective meaning large
பணைத்தோளே,O,noun meaning bamboo-like arms

poem316,,
ஆய்,O,adjective meaning beautiful
வளை,OBJECT,bangles
ஞெகிழவும்,O,verb meaning to slip down
அயர்வு,O,noun meaning exhaustion
மெய்,O,noun meaning body
நிறுப்பவும்,O,verb meaning making
நோய்,O,noun meaning disease
மலி,O,adjective meaning very
வருத்தம்,O,noun meaning affliction
அன்னை,PERSON,mother
அறியின்,O,verb meaning if she knows
உளெனோ,O,verb meaning will I survive
வாழி,O,expletive meaning may you live long
தோழி,PERSON,O friend
விளியாது,O,verb meaning without ruining
உரவுக்,O,adjective meaning powerful
கடல்,WATERBODY,ocean
பொருத,O,verb meaning attacked by
விரவு,O,adjective meaning spread
மணல்,PLACE,sand
அடைகரை,PLACE,sand-filled shores
ஓரை,O,noun meaning orai games
மகளிர்,PERSON,young girls
ஓராங்கு,O,adverb meaning together
ஆட்ட,O,verb meaning to chase
வாய்ந்த,O,adjective meaning that is there
அலவன்,ANIMAL,crab
துன்புறு,O,adjective meaning distressed
துனை,O,adverb meaning fast
பரி,O,verb meaning running
ஓங்குவரல்,O,adjective meaning tall coming
விரி,O,adjective meaning wide
திரை,WATERBODY,wave
களையும்,O,verb meaning ends
துறைவன்,PERSON,lord of such shores
சொல்லோ,O,noun meaning words
பிற,O,adjective meaning different
ஆயினவே,O,verb meaning became

poem317,,
புரி,O,adjective meaning desirable
மட,ANIMAL,naive
மரையான்,ANIMAL,female marai deer
கரு,O,adjective meaning black
நரை,O,adjective meaning proud/white
நல்,O,adjective meaning fine
ஏறு,ANIMAL,male
தீம்,O,adjective meaning sweet
புளி,FOOD,sour
நெல்லி,FRUIT,gooseberries
மாந்தி,O,verb meaning ate
அயலது,PLACE,nearby
தேம்,FOOD,honey
பாய்,O,verb meaning flowing
மா,O,adjective meaning big
மலர்,FLOWER,flowers
நடுங்க,O,verb meaning to tremble
வெய்து,O,adverb meaning hotly
உயிர்த்து,O,verb meaning breathing
ஓங்கு,O,adjective meaning lofty
மலை,MOUNTAIN,mountains
பைஞ்சுனை,WATERBODY,fresh spring
பருகு,O,verb meaning drinks
நாடன்,PERSON,man from such country
நம்மை,PERSON,us/you
விட்டு,O,verb meaning leaving
அமையுமோ,O,verb meaning will he be content
மற்று,O,expletive/particle
கைம்மிக,O,adverb meaning increased
வடபுல,PLACE,northern
வாடைக்கு,NATURE,for the cold northern winds
அழி,O,verb meaning ruined
மழை,NATURE,clouds
தென்புலம்,PLACE,southern direction
படரும்,O,verb meaning they go
தண்,NATURE,cold
பனி,NATURE,dew
நாளே,NATURE,days

poem318,,
எறி,O,adjective meaning attacking
சுறாக்,FISH,sharks
கலித்த,O,verb meaning abounding
இலங்கு,O,adjective meaning shimmering
நீர்ப்,WATERBODY,water
பரப்பின்,PLACE,expanse
நறு,O,adjective meaning fragrant
வீ,FLOWER,blossoms
ஞாழலொடு,FLOWER,with gnāzhal flowers
புன்னை,PLANT,laurel tree
தாஅய்,O,verb meaning spread
வெறி,O,noun meaning veriyāttam
அயர்,O,verb meaning performing
களத்தினின்,PLACE,like ritual ground
தோன்றும்,O,verb meaning appears
துறைவன்,PERSON,lord of the seashore
குறியானாயினும்,O,verb meaning whether he does not consider
குறிப்பினும்,O,verb meaning whether he considers
பிறிது,O,adjective meaning different
ஒன்று,O,numeral meaning other matter
அறியாற்கு,PERSON,to him who does not know
உரைப்பலோ,O,verb meaning can I tell
யானே,O,pronoun meaning I
எய்த்த,O,verb meaning thinned
இ,O,pronoun meaning these
பணை,O,adjective meaning bamboo-like
எழில்,O,adjective meaning beautiful
மென்தோள்,O,noun meaning delicate arms
அணைஇய,O,verb meaning when he hugged
அந்நாள்,NATURE,on that day
பிழையா,O,adjective meaning faultless
வஞ்சினம்,O,noun meaning promises
செய்த,O,verb meaning made
கள்வனும்,PERSON,and a thief
கடவனும்,PERSON,and one who has obligation
புணைவனும்,PERSON,and one who is a raft
தானே,O,pronoun meaning he alone

poem319,,
மான்,ANIMAL,deer
ஏறு,ANIMAL,stag
மடப்பிணை,ANIMAL,doe
தழீஇ,O,verb meaning hugging
மருள்,O,adverb meaning confused
கூர்ந்து,O,verb meaning greatly
கானம்,FOREST,forest
நண்ணிய,O,verb meaning in the
புதல்,PLANT,bushes
மறைந்து,O,verb meaning hiding
ஒடுங்கவும்,O,verb meaning to stay
கை,ANIMAL,trunk
உடை,O,verb meaning having
நன்மாப்,ANIMAL,elephant
பிடியொடு,ANIMAL,with their females
பொருந்தி,O,verb meaning unite
மை,NATURE,dark
அணி,O,verb meaning with
மருங்கின்,PLACE,near
மலையகம்,MOUNTAIN,mountains
சேரவும்,O,verb meaning to reach
மாலை,NATURE,evening
வந்தன்று,O,verb meaning has come
மாரி,NATURE,season's
மா,NATURE,heavy
மழை,NATURE,rains
பொன்,OBJECT,gold
ஏர்,O,postposition meaning like
மேனி,O,noun meaning body
நல்,O,adjective meaning fine
நலம்,O,noun meaning beauty
சிதைத்தோர்,PERSON,the man who ruined
இன்னும்,O,adverb meaning still
வாரார்,O,verb meaning does not come
ஆயின்,O,conditional meaning if
என்,O,interrogative meaning what
ஆம்,O,verb meaning will happen
தோழி,PERSON,O friend
நம்,O,pronoun meaning my
இன்,O,adjective meaning sweet
உயிர்,O,noun meaning life
நிலையே,O,noun meaning situation

poem320,,
பெருங்கடல்,WATERBODY,vast ocean
பரதவர்,PROFESSION,fishermen
கொள்,O,verb meaning bring
மீன்,FISH,fish
உணங்கல்,FOOD,dried fish
அருங்கழிக்,WATERBODY,difficult backwaters
கொண்ட,O,verb meaning caught
இறவின்,FISH,shrimp
வாடலொடு,FOOD,with dried shrimp
நிலவு,NATURE,moon
நிற,O,noun meaning colored
வெண்மணல்,PLACE,white sand
புலவ,FOOD,stinking with flesh
பலவுடன்,O,adverb meaning with many
எக்கர்தொறும்,PLACE,in the sand dunes
பரக்கும்,O,verb meaning spreads
துறைவனொடு,PERSON,with the lord of the shores
ஒரு,O,numeral meaning one
நாள்,NATURE,day
நக்கது,O,verb meaning laughing
ஓர்,O,adjective meaning a
பழியும்,O,noun meaning blame also
இலமே,O,verb meaning I am not to be blamed
போது,FLOWER,petals
அவிழ்,O,verb meaning opening
பொன்,OBJECT,gold
இணர்,FLOWER,clusters
மரீஇய,O,verb meaning with
புள்,BIRD,birds
இமிழ்,O,verb meaning chirping
பொங்கர்ப்,O,noun meaning branches
புன்னையஞ்,PLANT,laurel
சேரி,PLACE,streets
இவ்,O,pronoun meaning this
ஊர்,STRUCTURE,town
கொன்,O,adverb meaning uselessly
அலர்,O,noun meaning gossip
தூற்றும்,O,verb meaning spread
தன்,O,pronoun meaning their
கொடுமையானே,O,noun meaning due to cruelty

poem321,,
மலைச்,MOUNTAIN,mountain
செஞ்சாந்தின்,OBJECT,red/fine sandal paste
ஆர,O,verb meaning wearing
மார்பினன்,O,noun meaning with chest
சுனைப்,WATERBODY,spring
பூங்குவளை,FLOWER,blue waterlily
சுரும்பு,INSECT,bees
ஆர்,O,verb meaning swarming
கண்ணியன்,FLOWER,with flower strand
நடுநாள்,NATURE,middle of the night
வந்து,O,verb meaning comes
நம்,O,pronoun meaning our
மனை,STRUCTURE,house
பெயரும்,O,verb meaning leaves
மடவரல்,O,adjective meaning naïve
அரிவை,PERSON,O young woman
நின்,O,pronoun meaning your
மார்பு,O,noun meaning chest
அமர்,O,verb meaning in
இன்,O,adjective meaning sweet
துணை,PERSON,partner
மன்ற,PLACE,village common ground
மரையா,ANIMAL,female marai deer
இரிய,O,verb meaning to run away
ஏறு,ANIMAL,male
அட்டு,O,verb meaning kills
செங்கண்,ANIMAL,red-eyed
இரும்புலி,ANIMAL,huge tiger
குழுமும்,O,verb meaning roars
அதனால்,O,conjunction meaning so
மறைத்தற்,O,verb meaning to hide
காலையோ,NATURE,time
அன்றே,O,negative verb meaning this is not
திறப்பல்,O,verb meaning I will expose
வாழி,O,expletive meaning may you flourish
வேண்டன்னை,O,verb meaning listen with desire
நம்,O,pronoun meaning our
கதவே,O,noun meaning hidden love affair

poem322,,
அமர்க்கண்,O,adjective meaning calm-eyed
ஆமான்,ANIMAL,wild cow
அம்,O,adjective meaning beautiful
செவிக்,ANIMAL,with ears
குழவி,ANIMAL,calf
கானவர்,PROFESSION,forest hunters
எடுப்ப,O,verb meaning by uproars
வெரீஇ,O,verb meaning disturbed
இனம்,ANIMAL,herd
தீர்ந்து,O,verb meaning separated
கான,FOREST,forest
நண்ணிய,O,verb meaning near
சிறுகுடிப்,STRUCTURE,small village
பட்டென,O,verb meaning since caught
இளையர்,PERSON,youngsters
ஓம்ப,O,verb meaning took care
மரீஇ,O,verb meaning got used
அவண்,PLACE,there
நயந்து,O,adverb meaning with desire
மனை,STRUCTURE,home
உறை,O,verb meaning living
வாழ்க்கை,O,noun meaning life
வல்லியாங்கு,O,verb phrase like how it got ability
மருவின்,O,verb meaning being close
இனியவும்,O,adjective meaning sweeter things
உளவோ,O,verb meaning are there
செல்வாம்,O,verb meaning let us go
தோழி,PERSON,O friend
ஒல்வாங்கு,O,adverb meaning as much as we can
நடந்தே,O,verb meaning walking

poem323,,
எல்லாம்,O,pronoun meaning all the other days
எவனோ,O,interrogative meaning what use
பதடி,O,adjective meaning useless/husk
வைகல்,NATURE,days
பாணர்,PROFESSION,bards
படுமலை,O,noun meaning padumalai tune
பண்ணிய,O,verb meaning played
எழாலின்,O,noun meaning of music
வானத்து,NATURE,sky
எழும்,O,verb meaning rising
சுவர்,O,noun meaning loud sounds
நல்,O,adjective meaning good
இசை,O,noun meaning music
வீழ,O,verb meaning rose up
பெய்த,NATURE,rains fell
புலத்து,FIELD,on the land
பூத்த,FLOWER,bloomed
முல்லைப்,FLOWER,mullai flowers
பசு,O,adjective meaning fresh
முகைத்,FLOWER,buds
தாது,FLOWER,pollen
நாறும்,O,verb meaning with fragrance
நறுநுதல்,O,noun meaning fragrant forehead
அரிவை,PERSON,young woman
தோள்,O,noun meaning arms
இணைத்,O,noun meaning together
துஞ்சி,O,verb meaning sleeping
கழிந்த,O,verb meaning spent
நாள்,NATURE,days
இவண்,PLACE,here
வாழும்,O,verb meaning lived
நாளே,NATURE,days

poem324,,
கொடுங்கால்,ANIMAL,with curved legs
முதலை,ANIMAL,crocodile
கோள்,O,adjective meaning murderous
வல்,O,adjective meaning strong
ஏற்றை,ANIMAL,male
வழி,PLACE,path
வழக்கு,O,noun meaning traffic
அறுக்கும்,O,verb meaning block
கானலம்,PLACE,seashore grove
பெருந்துறை,PLACE,vast seashore
இன,FISH,schools
மீன்,FISH,fish
இருங்கழி,WATERBODY,vast backwaters
நீந்தி,O,verb meaning swimming
நீ,O,pronoun meaning you
நின்,O,pronoun meaning your
நயன்,O,noun meaning love
உடைமையின்,O,noun meaning because of having
வருதி,O,verb meaning you come
இவள்,PERSON,she
தன்,O,pronoun meaning her
மடன்,O,noun meaning innocence
உடைமையின்,O,noun meaning because of having
உயங்கும்,O,verb meaning suffering
யானது,PERSON,and I
கவை,O,adjective meaning twin
மக,PERSON,children
நஞ்சு,FOOD,poison
உண்டாஅங்கு,O,verb phrase like they ate poison
அஞ்சுவல்,O,verb meaning I fear
பெரும,PERSON,O lord
என்,O,pronoun meaning my
நெஞ்சத்தானே,O,noun meaning in my heart

poem325,,
சேறும்,O,verb meaning I'll go
சேறும்,O,verb meaning I'll go
என்றலின்,O,verb meaning since he said
பண்டைத்,O,adverb meaning in the past
தன்,O,pronoun meaning his
மாய,O,adjective meaning false
செலவாச்,O,verb phrase like it was a lie
செத்து,O,verb meaning thinking
மருங்கு,O,adverb meaning from near
அற்று,O,verb meaning move away
மன்னி,O,verb meaning being firm
கழிக,O,verb meaning leave and go
என்றேனே,O,verb meaning I said
அன்னோ,O,interjection meaning aiyo/alas
ஆசு,PERSON,great support
ஆகு,O,verb meaning who was
எந்தை,PERSON,my support
யாண்டு,O,interrogative meaning where
உளன்,O,verb meaning is he
கொல்லோ,O,particle implying pity
கருங்கால்,ANIMAL,black-footed
வெண்குருகு,BIRD,white heron
மேயும்,O,verb meaning feeding
பெருங்குளம்,WATERBODY,big pond
ஆயிற்று,O,verb meaning it has become
என்,O,pronoun meaning my
இடை,O,noun meaning space between
முலை,O,noun meaning breasts
நிறைந்தே,O,verb meaning filled

poem326,,
துணைத்த,O,verb meaning tied/woven
கோதை,FLOWER,garlands
பணைப்,O,adjective meaning bamboo-like
பெரும்,O,adjective meaning big
தோளினர்,PERSON,those with such arms
கடலாடு,O,verb meaning bathing in the ocean
மகளிர்,PERSON,young women
கானல்,PLACE,seashore grove
இழைத்த,O,verb meaning built
சிறு,O,adjective meaning little
மனை,STRUCTURE,house
புணர்ந்த,O,verb meaning united
நட்பே,O,noun meaning friendship
தோழி,PERSON,O friend
ஒரு,O,numeral meaning one
நாள்,NATURE,day
துறைவன்,PERSON,lord of the shores
துறப்பின்,O,verb meaning if he leaves
பன்னாள்,NATURE,many days
வரூஉம்,O,verb meaning it will come
இன்னாமைத்தே,O,adjective meaning it is distressing

poem327,,
நல்கின்,O,verb meaning depending on graces
வாழும்,O,verb meaning live
நல்கூர்ந்தோர்,PERSON,poor people
வயின்,PERSON,at the place of
நயன்,O,adjective meaning kindness
இலர்,O,negative verb meaning those without
ஆகுதல்,O,verb meaning to be
நன்று,O,adjective meaning good
என,O,quotative meaning that
உணர்ந்த,O,verb meaning feeling
குன்ற,MOUNTAIN,mountain
நாடன்,PERSON,man from such country
தன்னினும்,O,postposition meaning than him
நன்றும்,O,adverb meaning very
நின்,O,pronoun meaning your
நிலை,O,noun meaning nature
கொடிதால்,O,adjective meaning harsh
தீய,O,adjective meaning wicked
கலுழி,RIVER,river
நம்,O,pronoun meaning our
மனை,STRUCTURE,house
மடமகள்,PERSON,naive young woman
இன்ன,O,adverb meaning such
மென்மைச்,O,adjective meaning delicate
சாயலள்,O,adjective meaning of nature
அளியள்,O,adjective meaning pitiable
என்னாய்,O,verb meaning without considering
வாழை,PLANT,banana tree
தந்தனையால்,O,verb meaning you brought
சிலம்பு,MOUNTAIN,mountain slopes
புல்,O,adjective meaning without luster
என,O,adverb meaning that

poem328,,
சிறு,O,adjective meaning small
வீ,FLOWER,flowers
ஞாழல்,FLOWER,gnāzhal tree
வேர்,PLANT,roots
அளைப்,PLACE,spaces amidst
பள்ளி,STRUCTURE,home
அலவன்,ANIMAL,crab
சிறு,O,adjective meaning little
மனை,STRUCTURE,house
சிதைய,O,verb meaning to break
புணரி,WATERBODY,waves
குணில்வாய்,OBJECT,with sticks
முரசின்,OBJECT,like drums
இயங்கும்,O,verb meaning sound
துறைவன்,PERSON,lord of the shores
நல்கிய,O,verb meaning showered
நாள்,NATURE,days
தவ,O,adverb meaning very
சிலவே,O,adjective meaning few
அலரே,O,noun meaning slander
வில்,WEAPON,bows
கெழு,O,verb meaning having
தானை,WARRIOR,warriors
விச்சியர்,TRIBE,Vichiyars
பெருமகன்,KING,king
வேந்தரொடு,KING,with kings
பொருத,O,verb meaning fighting
ஞான்றை,NATURE,at that time
பாணர்,PROFESSION,war bards
புலி,ANIMAL,tiger
நோக்கு,O,noun meaning looks
உறழ்,O,postposition meaning like
நிலை,O,noun meaning situation
கண்ட,O,verb meaning on seeing
கலிகெழு,O,adjective meaning loud
குறும்பூர்,PLACE,Kurumpūr town
ஆர்ப்பினும்,O,noun meaning more than uproar
பெரிதே,O,adjective meaning it is louder

poem329,,
கான,FOREST,forest
இருப்பை,PLANT,iruppai tree
வேனல்,NATURE,summer
வெண்பூ,FLOWER,white flowers
வளி,NATURE,wind
பொரு,O,verb meaning attacked by
நெடுஞ்சினை,O,noun meaning tall branches
உகுத்தலின்,O,verb meaning since they dropped
ஆர்,O,noun meaning stems
கழல்பு,O,verb meaning detached from
களிறு,ANIMAL,male elephant
வழங்கு,O,verb meaning frequented by
சிறுநெறி,PLACE,narrow paths
புதைய,O,verb meaning to be hidden
தாஅம்,O,verb meaning have spread
பிறங்கு,O,adjective meaning bright
மலை,MOUNTAIN,mountains
அருஞ்சுரம்,PLACE,harsh wasteland
இறந்தவர்ப்,PERSON,the man who went
படர்ந்து,O,verb meaning thinking about
பயில்,O,adjective meaning dense
இருள்,NATURE,darkness
நடுநாள்,NATURE,middle of the night
துயில்,O,noun meaning sleep
அரிதாகி,O,verb meaning has become rare
தெள்,O,adjective meaning clear
நீர்,WATERBODY,water
நிகர்,O,adjective meaning bright
மலர்,FLOWER,flowers
புரையும்,O,verb meaning like
நன்,O,adjective meaning fine
மலர்,FLOWER,flowers
மழைக்,NATURE,moist
கணிற்கு,O,noun meaning for the eyes
எளியவால்,O,adjective meaning it is easy
பனியே,NATURE,tears

poem330,,
நலத்தகை,O,adjective meaning beautiful and esteemed
புலைத்தி,PROFESSION,washerwoman
பசை,FOOD,starch
தோய்த்து,O,verb meaning dipped in
எடுத்து,O,verb meaning removed
தலைப்,O,adverb meaning first
புடை,O,verb meaning beating
போக்கி,O,verb meaning having beaten
தண்,NATURE,cool
கயத்து,WATERBODY,into a pond
இட்ட,O,verb meaning tossed
நீரில்,WATERBODY,in the water
பிரியாப்,O,adjective meaning not loose
பரூஉ,O,adjective meaning thick
திரி,CLOTHING,twisted garment
கடுக்கும்,O,verb meaning like
பேர்,O,adjective meaning big
இலை,PLANT,leaf
பகன்றை,FLOWER,pakandrai flower
பொதி,O,noun meaning buds
அவிழ்,O,verb meaning opening
வான்,O,adjective meaning white
பூ,FLOWER,flowers
இன்,O,adjective meaning sweet
கடுங்கள்ளின்,FOOD,like strong liquor
மணமில,FLOWER,without smell
கமழும்,O,verb meaning fragrance spreading
புன்கண்,O,adjective meaning sorrowful
மாலையும்,NATURE,evening also
புலம்பும்,O,noun meaning loneliness also
இன்று,O,negative verb meaning is it not
கொல்,O,particle implying doubt
தோழி,PERSON,O friend
அவர்,PERSON,he
சென்ற,O,verb meaning went
நாட்டே,PLACE,in the country
poem331,,
நெடுங்கழை,PLANT,tall bamboo
திரங்கிய,O,adjective meaning parched
நீர்,NATURE,water
இல்,O,negative particle meaning without
ஆரிடை,PLACE,dry wasteland paths
ஆறு,PLACE,path
செல்,O,verb meaning going
வம்பலர்,PERSON,travelers
தொலைய,O,verb meaning to get ruined
மாறு,O,adverb meaning across
நின்று,O,verb meaning standing
கொடுஞ்சிலை,WEAPON,harsh/curved bows
மறவர்,PERSON,bandits
கடறு,FOREST,forest
கூட்டுண்ணும்,O,verb meaning exploiting
கடுங்கண்,O,adjective meaning harsh-eyed
யானை,ANIMAL,elephant
கானம்,FOREST,forest
நீந்தி,O,verb meaning passing through
இறப்பர்,O,verb meaning will he go
கொல்,O,particle implying doubt
வாழி,O,expletive meaning may you live long
தோழி,PERSON,O friend
நறு,O,adjective meaning fragrant
வடிப்,FRUIT,tiny green mangoes
பைங்கால்,PLANT,green-trunked
மாஅத்து,PLANT,of mango trees
அம்,O,adjective meaning beautiful
தளிர்,PLANT,sprouts
அன்ன,O,adjective meaning like
நன்,O,adjective meaning beautiful
மா,O,adjective meaning dark
மேனி,O,noun meaning body
பசப்ப,O,verb meaning to become pale
நம்மினும்,PERSON,than us
சிறந்த,O,adjective meaning better
அரும்,O,adjective meaning precious
பொருள்,OBJECT,wealth
தரற்கே,O,verb meaning to bring back

poem332,,
வந்த,NATURE,blowing
வாடை,NATURE,northern wind
சில்,O,adjective meaning light
பெயல்,NATURE,rain
கடை,NATURE,last
நாள்,NATURE,night
நோய்,O,noun meaning love affliction
நீந்து,O,verb meaning swimming in
அரும்,O,adjective meaning great
படர்,O,noun meaning sorrow
தீர,O,verb meaning to end
நீ,O,pronoun meaning you
நயந்து,O,adverb meaning lovingly
கூறின்,O,verb meaning if you say
எவனோ,O,interrogative meaning what harm
தோழி,PERSON,O friend
நாறு,O,verb meaning smelling/breathing
உயிர்,O,noun meaning breath
மடப்பிடி,ANIMAL,young female elephant
தழீஇ,O,verb meaning hugging
தடக்,O,adjective meaning large/curved
கை,ANIMAL,trunk
யானை,ANIMAL,elephant
குன்றச்,MOUNTAIN,mountain
சிறுகுடி,STRUCTURE,small village
இழிதரு,O,verb meaning comes down
மன்றம்,PLACE,common grounds
நண்ணிய,O,verb meaning reaching
மலை,MOUNTAIN,mountains
கிழவோற்கே,PERSON,to the lord of the mountains

poem333,,
குறும்படை,WEAPON,short weapons
பகழி,WEAPON,arrows
கொடு,O,adjective meaning curved
வில்,WEAPON,bow
கானவன்,PROFESSION,forest-dweller
புனம்,FIELD,millet field
உண்டு,O,verb meaning ate
கடிந்த,O,verb meaning chased away
பைங்கண்,ANIMAL,green-eyed
யானை,ANIMAL,elephant
நறும்,O,adjective meaning fragrant
தழை,CLOTHING,leaf garments
மகளிர்,PERSON,women
ஓப்பும்,O,verb meaning chasing away
கிள்ளையொடு,BIRD,with parrots
குறும்பொறைக்கு,MOUNTAIN,to the small mountain
அணவும்,O,verb meaning looks to
குன்ற,MOUNTAIN,mountain
நாடன்,PERSON,man from such country
பணிக்,O,noun meaning unfinished work
குறை,O,noun meaning unfinished
வருத்தம்,O,noun meaning sorrow
வீட,O,verb meaning to be removed
துணியின்,O,verb meaning if we get bold
எவனோ,O,interrogative meaning what will happen
தோழி,PERSON,O friend
நம்,O,pronoun meaning our
மறையே,O,noun meaning secret love

poem334,,
சிறுவெண்காக்கை,BIRD,small white gull
செவ்வாய்,BIRD,with red beaks
பெருந்தோடு,BIRD,large flocks
எறி,O,adjective meaning crashing
திரை,WATERBODY,waves
திவலை,NATURE,water spray
ஈர்ம்,O,adjective meaning wet
புற,O,noun meaning backs
நனைப்ப,O,verb meaning wetting
பனி,NATURE,cold
புலந்து,O,verb meaning hating
உறையும்,O,verb meaning roost
பல்,O,adjective meaning many
பூங்கானல்,PLACE,seashore grove with flowers
விரிநீர்ச்,WATERBODY,vast ocean
சேர்ப்பன்,PERSON,lord of the shores
நீப்பின்,O,verb meaning should he leave
ஒரு,O,adjective meaning one
நம்,O,pronoun meaning my
இன்னுயிர்,O,noun meaning sweet life
அல்லது,O,negative particle meaning other than
பிறிது,O,adjective meaning other
ஒன்று,O,numeral meaning one thing
எவனோ,O,interrogative meaning what else
தோழி,PERSON,O friend
நாம்,O,pronoun meaning we
இழப்பதுவே,O,verb meaning what we have to lose

poem335,,
நிரை,O,adjective meaning rows of
வளை,OBJECT,bangles
முன்கை,O,noun meaning forearms
நேர்,O,adjective meaning fine
இழை,OBJECT,jewels
மகளிர்,PERSON,women
இருங்கல்,MOUNTAIN,dark mountains
வியல்,O,adjective meaning wide
அறை,MOUNTAIN,boulders
செந்தினை,FOOD,red millet
பரப்பி,O,verb meaning spreading
சுனை,WATERBODY,spring
பாய்,O,verb meaning jumping into
சோர்வு,O,noun meaning when tired
இடை,O,noun meaning time
நோக்கி,O,verb meaning looking
சினை,PLANT,tree branches
இழிந்து,O,verb meaning coming down
பைங்கண்,ANIMAL,green-eyed
மந்தி,ANIMAL,female monkey
பார்ப்பொடு,ANIMAL,with their babies
கவரும்,O,verb meaning they seize
வெற்பு,MOUNTAIN,mountains
இடை,PLACE,in the
நண்ணியதுவே,O,verb meaning it is there
வார்,O,adjective meaning long
கோல்,WEAPON,arrows
வல்,O,adjective meaning strong
வில்,WEAPON,bows
கானவர்,PROFESSION,hunters
தங்கை,PERSON,younger sister
பெருந்தோள்,O,noun meaning wide arms
கொடிச்சி,PERSON,mountain woman
இருந்த,O,verb meaning living
ஊரே,STRUCTURE,town

poem336,,
செறுவர்க்கு,PERSON,to enemies
உவகை,O,noun meaning happiness
ஆக,O,verb meaning as
தெறுவர,PERSON,causing distress to friends
ஈங்கனம்,O,adverb meaning here
வருபவோ,O,verb meaning will the wise come
தேம்பாய்,O,adjective meaning where honey flows
துறைவ,PERSON,O lord of the seashore
சிறு,O,adjective meaning small
நா,OBJECT,clappers
ஒண்,O,adjective meaning shiny
மணி,OBJECT,bells
விளரி,O,noun meaning vilari tune
ஆர்ப்ப,O,verb meaning sounding like
கடு,O,adjective meaning fast
மா,ANIMAL,horses
நெடுந்தேர்,VEHICLE,tall chariot
நேமி,VEHICLE,wheels
போகிய,O,verb meaning went
இருங்கழி,WATERBODY,dark backwaters
நெய்தல்,FLOWER,waterlilies
போல,O,postposition meaning like
வருந்தினள்,O,verb meaning she suffers
அளியள்,O,adjective meaning she is pitiable
நீ,O,pronoun meaning you
பிரிந்திசினோளே,PERSON,the young woman you left

poem337,,
முலையே,O,noun meaning breasts
முகிழ்,O,verb meaning have blossomed
முகிழ்த்தனவே,O,verb meaning have grown
தலையே,O,noun meaning head
கிளைஇய,O,verb meaning spreading
மென்குரல்,O,noun meaning delicate hair
கிழக்கு,O,adverb meaning downwards
வீழ்ந்தனவே,O,verb meaning have fallen
செறிமுறை,O,adjective meaning closely set
வெண்பலும்,ANIMAL,white teeth
பறிமுறை,O,noun meaning adult growth
நிரம்பின,O,verb meaning fully grown
சுணங்கும்,O,noun meaning pallor spots also
சில,O,adjective meaning few
தோன்றினவே,O,verb meaning appeared
அணங்கு,DEITY,divine power
என,O,quotative meaning that
யான்,O,pronoun meaning I
தன்,PERSON,her
அறிவல்,O,verb meaning I understand
தான்,O,pronoun meaning she
அறியலளே,O,verb meaning does not know
யாங்கு,O,interrogative meaning what
ஆகுவள்,O,verb meaning will she become
கொல்,O,expletive/particle
தானே,O,pronoun meaning she
பெருமுது,O,adjective meaning great ancient
செல்வர்,PERSON,wealthy man's
ஒரு,O,adjective meaning one
மட,PERSON,delicate/naive
மகளே,PERSON,daughter

poem338,,
திரி,O,adjective meaning twisted
மருப்பு,ANIMAL,antlers
இரலை,ANIMAL,stag
அண்ணல்,O,adjective meaning noble
நல்,O,adjective meaning fine
ஏறு,ANIMAL,male
அரி,O,adjective meaning delicate
மடப்,ANIMAL,naive
பிணையோடு,ANIMAL,with its female
அல்கு,O,verb meaning resting
நிழல்,NATURE,shade
அசைஇ,O,verb meaning rested
வீ,FLOWER,flowers
ததை,O,verb meaning dense with
வியல்,O,adjective meaning wide
அரில்,FOREST,thick bushes
துஞ்சி,O,verb meaning slept
பொழுது,NATURE,day
செல,O,verb meaning as it ended
செழும்,O,adjective meaning mature
பயறு,FOOD,green gram lentils
கறிக்கும்,O,verb meaning it eats
புன்கண்,O,adjective meaning painful
மாலை,NATURE,evening
பின்பனி,NATURE,cold season
கடை,NATURE,last
நாள்,NATURE,days
தண்,NATURE,cold
பனி,NATURE,dew
அற்சிரம்,NATURE,early dew season
வந்தன்று,O,verb meaning it has arrived
பெருவிறல்,PERSON,greatly victorious man
தேரே,VEHICLE,chariot
பணைத்தோள்,O,noun meaning bamboo-like arms
விளங்கு,O,adjective meaning bright
நகர்,STRUCTURE,house
அடங்கிய,O,adjective meaning with modesty
கற்பின்,O,noun meaning with virtue
நலங்கேழ்,O,adjective meaning beauty filled
அரிவை,PERSON,O young woman
புலம்பு,O,noun meaning loneliness
அசாவிடவே,O,verb meaning to be removed

poem339,,
நறை,O,adjective meaning fragrant
அகில்,PLANT,akil wood
வயங்கிய,O,adjective meaning bright/flourishing
நளி,O,adjective meaning thick/dense
புன,FOREST,forest
நறும்,O,adjective meaning fragrant
புகை,FOOD,smoke
உறை,NATURE,rain
அறு,O,adjective meaning waterless
மையின்,NATURE,like clouds
போகி,O,verb meaning goes
சாரல்,MOUNTAIN,mountain slopes
குறவர்,TRIBE,mountain dwellers
பாக்கத்து,STRUCTURE,in the village
இழிதரும்,O,verb meaning comes down
நாடன்,PERSON,man from such country
மயங்கு,O,adjective meaning mixed
மலர்க்,FLOWER,flowers
கோதை,FLOWER,garland
நல்,O,adjective meaning fine
மார்பு,O,noun meaning chest
முயங்கல்,O,verb meaning to embrace
இனிது,O,adjective meaning it is sweet
மன்,O,adverb meaning very much
வாழி,O,expletive meaning may you live long
தோழி,PERSON,O friend
மா,O,adjective meaning dark/big
இதழ்க்,FLOWER,petals
குவளை,FLOWER,blue waterlily
உண்கண்,O,noun meaning kohl-rimmed eyes
கலுழ,O,verb meaning to cry
பசலை,O,noun meaning pallor
ஆகா,O,verb meaning not becoming
ஊங்கலங்கடையே,O,adverb meaning before it came

poem340,,
காமம்,O,great love/affection
கடையின்,O,verb meaning when increases
காதலர்ப்,PERSON,to my lover
படர்ந்து,O,verb meaning it goes
நாம்,O,pronoun meaning I
அவர்ப்,PERSON,him
புலம்பின்,O,verb meaning if sad without
நம்மோடு,PERSON,with me
ஆகி,O,verb meaning being
ஒரு,O,adjective meaning one
பால்,O,noun meaning side
படுதல்,O,verb meaning to stay
செல்லாது,O,verb meaning not able
ஆயிடை,O,adverb meaning between
அழுவம்,PLACE,seashore
நின்ற,O,verb meaning standing
அலர்,FLOWER,flowers
வேய்,O,adjective meaning with
கண்டல்,PLANT,kandal tree
கழி,WATERBODY,backwaters
பெயர்,O,verb meaning moving
மருங்கின்,PLACE,on the side
ஒல்கி,O,verb meaning swaying
ஓதம்,WATERBODY,flood
பெயர்தர,O,verb meaning as water moves
பெயர்தந்தாங்கு,O,verb phrase like moving when it moves
வருந்தும்,O,verb meaning it suffers
தோழி,PERSON,O friend
அவர்,PERSON,he
இருந்த,O,verb meaning where he is
என்,O,pronoun meaning my
நெஞ்சே,O,noun meaning heart

poem341,,
பல்,O,adjective meaning many
வீ,FLOWER,flowers
படரிய,O,verb meaning spread
பசு,O,adjective meaning fresh
நனைக்,FLOWER,buds
குரவம்,FLOWER,kuravam tree
பொரிப்,FOOD,like puffed rice
பூம்,FLOWER,flowers
புன்கொடு,PLANT,with punku trees
பொழில்,FOREST,grove
அணிக்,O,verb meaning looks pretty
கொளாஅ,O,verb meaning when
சினை,O,noun meaning branches
இனிது,O,adjective meaning delightful
ஆகிய,O,verb meaning being
காலையும்,NATURE,at this season also
காதலர்,PERSON,my lover
பேணார்,O,verb meaning does not care
ஆயினும்,O,verb meaning even if
பெரியோர்,PERSON,wise people
நெஞ்சத்துக்,O,noun meaning in the heart
கண்ணிய,O,adjective meaning considered
ஆண்மை,O,noun meaning manly duties
கடவது,O,verb meaning to happen
அன்று,O,negative particle meaning is not
என,O,quotative meaning that
வலியா,O,adjective meaning not strong
நெஞ்சம்,O,noun meaning heart
வலிப்ப,O,verb meaning becoming strong
வாழ்வேன்,O,verb meaning I will live
தோழி,PERSON,O friend
என்,O,pronoun meaning my
வன்கணானே,O,noun meaning through strength

poem342,,
கலை,ANIMAL,male monkey
கை,O,noun meaning hands
தொட்ட,O,verb meaning torn by
கமழ்,O,adjective meaning fragrant
சுளைப்,FOOD,segments
பெரும்பழம்,FRUIT,big jackfruit
காவல்,O,verb meaning to protect
மறந்த,O,verb meaning forgot
கானவன்,PROFESSION,forest dweller
ஞாங்கர்,PLACE,there
கடியுடை,O,adjective meaning protected
மரந்தொறும்,PLANT,on all the trees
படுவலை,OBJECT,catching nets
மாட்டும்,O,verb meaning hangs
குன்ற,MOUNTAIN,mountain
நாட,PERSON,O man from the mountains
தகுமோ,O,verb meaning does it befit
பைஞ்சுனை,WATERBODY,lush pond
குவளைத்,FLOWER,blue waterlily
தண்,O,adjective meaning cool
தழை,CLOTHING,leaf garment
இவள்,PERSON,she
ஈண்டு,PLACE,here
வருந்த,O,verb meaning as she is sad
நயந்தோர்,PERSON,the one who loves
புன்கண்,O,noun meaning sorrow
தீர்க்கும்,O,verb meaning removing
பயம்,O,noun meaning benefit
தலைப்படாஅ,O,verb meaning not attaining
பண்பினை,O,noun meaning nature
எனினே,O,verb meaning if you are of such nature

poem343,,
நினையாய்,O,verb meaning think about
வாழி,O,expletive meaning may you live long
தோழி,PERSON,O friend
நனை,O,adjective meaning wet
கவுள்,ANIMAL,cheeks
அண்ணல்,O,adjective meaning noble
யானை,ANIMAL,elephant
அணி,O,adjective meaning beautiful
முகம்,ANIMAL,face
பாய்ந்தென,O,verb meaning since it leapt
மிகு,O,adjective meaning very
வலி,O,adjective meaning strong
இரும்,O,adjective meaning huge
புலிப்,ANIMAL,tiger
பகுவாய்,ANIMAL,gaping mouth
ஏற்றை,ANIMAL,male
வெண்கோடு,ANIMAL,white tusks
செம்,O,adjective meaning red
மறுக்,O,noun meaning stains
கொளீஇய,O,verb meaning causing
விடர்,MOUNTAIN,mountain crack
முகை,MOUNTAIN,cave
கோடை,NATURE,westerly winds
ஒற்றிய,O,verb meaning attacked and dropped
கருங்கால்,PLANT,big-trunked
வேங்கை,PLANT,Indian kino tree
வாடு,O,adjective meaning wilted
பூஞ்சினையின்,PLANT,like tree branch with flowers
கிடக்கும்,O,verb meaning it lies dead
உயர்வரை,MOUNTAIN,tall mountains
நாடனொடு,PERSON,with the lord of the mountains
பெயருமாறே,O,verb meaning to leave

poem344,,
நோற்றோர்,PERSON,those who did penances
மன்ற,O,particle implying certainty
தோழி,PERSON,O friend
தண்ணென,NATURE,cool
தூற்றும்,O,verb meaning drizzling
துவலை,NATURE,drops
பனிக்,NATURE,winter
கடுந்திங்கள்,NATURE,harsh month
புலம்,FIELD,pasture
பயிர்,PLANT,grass
அருந்த,O,verb meaning having grazed
அண்ணல்,O,adjective meaning noble
ஏற்றொடு,ANIMAL,with the noble bulls
நிலம்,PLACE,land
தூங்கு,O,verb meaning hanging
அணல,ANIMAL,with dewlap
வீங்கு,O,adjective meaning swollen
முலை,O,noun meaning udders
செருத்தல்,ANIMAL,cows
பால்,FOOD,milk
வார்பு,O,verb meaning dripping
குழவி,ANIMAL,calves
உள்ளி,O,verb meaning thinking about
நிரை,ANIMAL,herd
இறந்து,O,verb meaning leaving
ஊர்,STRUCTURE,town
வயின்,PLACE,toward
பெயரும்,O,verb meaning returning
புன்கண்,O,adjective meaning sad
மாலை,NATURE,evening
அரும்,O,adjective meaning difficult
பெறல்,O,verb meaning to obtain
பொருட்பிணிப்,O,noun meaning desire for wealth
போகி,O,verb meaning having gone
பிரிந்து,O,verb meaning separated
உறை,O,verb meaning residing
காதலர்,PERSON,lovers
வர,O,verb meaning returning
காண்போரே,PERSON,those who see that

poem345,,
இழை,OBJECT,decorations
அணிந்து,O,verb meaning adorned with
இயல்வரும்,O,verb meaning moving
கொடுஞ்சி,VEHICLE,lotus-bud shaped handle
நெடுந்தேர்,VEHICLE,tall chariot
வரை,MOUNTAIN,hills
மருள்,O,postposition meaning like
நெடு,O,adjective meaning tall
மணல்,PLACE,sand
தவிர்த்து,O,verb meaning stopped
நின்று,O,verb meaning staying
அசைஇ,O,verb meaning resting
தங்கினிர்,O,verb meaning if you stay
ஆயின்,O,conditional meaning if
தவறோ,O,noun meaning wrong
தெய்ய,O,expletive/particle
தழை,CLOTHING,leaf garment
தாழ்,O,verb meaning hanging
அல்குல்,O,noun meaning waist/loins
இவள்,PERSON,my friend
புலம்பு,O,noun meaning loneliness
அகல,O,verb meaning to be removed
தாழை,PLANT,thāzhai tree
தைஇய,O,verb meaning with/having
தயங்கு,O,adjective meaning bright
திரை,WATERBODY,waves
கொடுங்கழி,WATERBODY,curved backwaters
இழுமென,O,adverb meaning with loud noises
ஒலிக்கும்,O,verb meaning breaks
ஆங்கண்,PLACE,there
பெருநீர்,WATERBODY,ocean
வேலி,STRUCTURE,fence
எம்,O,pronoun meaning our
சிறுநல்,O,adjective meaning small nice
ஊரே,STRUCTURE,town

poem346,,
நாகு,ANIMAL,young female elephant
பிடி,ANIMAL,female elephant
நயந்த,O,verb meaning desired
முளைக்,O,adjective meaning bamboo-sprout-like
கோட்டு,ANIMAL,tusks
இளங்களிறு,ANIMAL,young male elephant
குன்றம்,MOUNTAIN,mountains
நண்ணி,O,verb meaning in
குறவர்,TRIBE,mountain dwellers
ஆர்ப்ப,O,verb meaning raised noises
மன்றம்,PLACE,village common grounds
போழும்,O,verb meaning tears through
நாடன்,PERSON,man from such country
தோழி,PERSON,O friend
சுனைப்,WATERBODY,spring
பூங்குவளை,FLOWER,blue waterlily
தொடலை,FLOWER,garlands
தந்தும்,O,verb meaning even when he gave
தினைப்,FOOD,millet
புன,FIELD,field
மருங்கில்,PLACE,in
படுகிளி,BIRD,marauding parrots
ஓப்பியும்,O,verb meaning chasing
காலை,NATURE,daytime
வந்து,O,verb meaning came
மாலைப்,NATURE,evening
பொழுதில்,NATURE,at the time
நல்,O,adjective meaning fine
அகம்,O,noun meaning chest
நயந்து,O,verb meaning desires
தான்,O,pronoun meaning he
உயங்கி,O,verb meaning feeling sad
சொல்லவும்,O,verb meaning to say
ஆகாது,O,verb meaning unable
அஃகியோனே,PERSON,he suffers with a need

poem347,,
மல்கு,O,adjective meaning brimming
சுனை,WATERBODY,spring
உலர்ந்த,O,verb meaning dried up
நல்கூர்,O,adjective meaning struggling
சுர,PLACE,wasteland
முதல்,PLACE,beginning
குமரி,O,adjective meaning young
வாகை,PLANT,vākai tree
கோல்,O,noun meaning branches/stalks
உடை,O,verb meaning having
நறு,O,adjective meaning fragrant
வீ,FLOWER,flowers
மட,O,adjective meaning innocent
மாத்,O,adjective meaning dark
தோகைக்,BIRD,peacock
குடுமியின்,O,noun meaning like head crest
தோன்றும்,O,verb meaning appears
கான,FOREST,forest
நீள்,O,adjective meaning long
இடை,PLACE,path
தானும்,O,pronoun meaning she also
நம்மொடு,PERSON,with me
ஒன்று,O,adverb meaning together
மணம்,O,noun meaning union
செய்தனள்,O,verb meaning if she tries
இவள்,PERSON,she
எனின்,O,conditional meaning if
நன்றே,O,adjective meaning it is good
நெஞ்சம்,O,noun meaning O heart
நயந்த,O,verb meaning desired
நின்,O,pronoun meaning your
துணிவே,O,noun meaning fearlessness

poem348,,
தாமே,O,pronoun meaning he himself
செல்ப,O,verb meaning will leave
ஆயின்,O,conditional meaning if
கானத்து,FOREST,in the forest
புலம்,FIELD,land
தேர்,O,verb meaning searching
யானைக்,ANIMAL,elephant
கோட்டிடை,ANIMAL,between the tusks
ஒழிந்த,O,verb meaning ruined and caught
சிறு,O,adjective meaning small
வீ,FLOWER,flowers
முல்லைக்,FLOWER,jasmine
கொம்பின்,PLANT,like branches
தாஅய்,O,verb meaning spreading
இதழ்,O,noun meaning eyelids
அழிந்து,O,verb meaning ruining
ஊறும்,O,verb meaning oozing
கண்,O,noun meaning eyes
பனி,NATURE,tears
மதர்,O,adjective meaning proud/great
எழில்,O,noun meaning beauty
பூண்,OBJECT,jewel
அக,O,noun meaning chest
வன,O,adjective meaning big
முலை,O,noun meaning breasts
நனைத்தலும்,O,verb meaning getting wet
காணார்,O,verb meaning does he not see
கொல்லோ,O,particle implying doubt
மாண்,O,adjective meaning esteemed
இழை,PERSON,O friend wearing splendid jewels
நமரே,PERSON,our man

poem349,,
அடும்பு,PLANT,adumpu vine
அவிழ்,O,verb meaning opening
அணி,O,adjective meaning beautiful
மலர்,FLOWER,flowers
சிதைஇ,O,verb meaning crushing
மீன்,FISH,fish
அருந்தும்,O,verb meaning eating
தடந்தாள்,ANIMAL,with big feet
நாரை,BIRD,white stork
இருக்கும்,O,verb meaning rests
எக்கர்,PLACE,sand dune
தண்ணந்துறைவன்,PERSON,lord of the cool beautiful shores
தொடுத்து,O,verb meaning control
நம்,O,pronoun meaning our
நலம்,O,noun meaning virtue/beauty
கொள்வாம்,O,verb meaning let us get back
என்றி,O,verb meaning you say
தோழி,PERSON,O friend
கொள்வாம்,O,verb meaning let's accept it as that
இடுக்கண்,O,noun meaning poverty
அஞ்சி,O,verb meaning afraid of
இரந்தோர்,PERSON,those who request
வேண்டிய,O,verb meaning desired
கொடுத்து,O,verb meaning giving
அவை,O,pronoun meaning those
தா,O,verb meaning return
என்,O,quotative meaning
சொல்லினும்,O,verb meaning more than the words
இன்னாதோ,O,adjective meaning is it more painful
நம்,O,pronoun meaning our
இன்,O,adjective meaning sweet
உயிர்,O,noun meaning lives
இழப்பே,O,verb meaning losing

poem350,,
அம்ம,O,particle meaning listen
வாழி,O,expletive meaning may you live long
தோழி,PERSON,O friend
முன்,O,adverb meaning in front
நின்று,O,verb meaning standing
பனிக்,NATURE,cold weather
கடுங்குரையம்,O,verb phrase meaning we are suffering
செல்லாதீம்,O,verb meaning please do not go
என,O,quotative meaning thus
சொல்லினம்,O,verb meaning if we had told
ஆயின்,O,conditional meaning if
செல்வர்,O,verb meaning would he have gone
கொல்லோ,O,particle implying doubt
ஆற்று,PLACE,path
அயல்,PLACE,by the wayside
இருந்த,O,verb meaning ones near
இருந்தோட்டு,O,adjective meaning with big flocks
அம்,O,adjective meaning beautiful
சிறை,O,noun meaning wings
நெடுங்கால்,ANIMAL,tall-legged
கணந்துள்,BIRD,red wattled lapwing
ஆள்,PERSON,bandits
அறிவுறீஇ,O,verb meaning announcing
ஆறு,PLACE,paths
செல்,O,verb meaning traveling
வம்பலர்,PERSON,those who travel
படை,WARRIOR,armed groups
தலைபெயர்க்கும்,O,verb meaning make them move
மலையுடை,MOUNTAIN,with mountains
கானம்,FOREST,wilderness
நீந்தி,O,verb meaning crossing
நிலையாப்,O,adjective meaning unstable
பொருட்பிணிப்,O,noun meaning desire for wealth
பிரிந்திசினோரே,PERSON,the man who went

poem351,,
வளையோய்,PERSON,O friend wearing bangles
உவந்திசின்,O,verb meaning I am happy
விரைவு,O,adverb meaning rapidly
உறு,O,verb meaning moving
கொடுந்தாள்,ANIMAL,bent legs
அளை,PLACE,holes
வாழ்,O,verb meaning living in
அலவன்,ANIMAL,crab
கூர்,O,adjective meaning sharp
உகிர்,ANIMAL,claws
வரித்த,O,verb meaning scratched
ஈர்,O,adjective meaning wet
மணல்,PLACE,sand
மலிர்,O,adjective meaning with water
நெறி,PLACE,paths
சிதைய,O,verb meaning to be ruined
இழுமென,O,adverb meaning with loud noises
உரும்,NATURE,thunder
இசை,NATURE,sounds
புணரி,WATERBODY,waves
உடைதரும்,O,verb meaning break
துறைவற்கு,PERSON,to the lord of the seashore
உரிமை,O,noun meaning marriage
செப்பினர்,O,verb meaning our relatives agreed
நமரே,PERSON,our relatives
விரி,O,adjective meaning open
அலர்ப்,FLOWER,blossoms
புன்னை,PLANT,laurel tree
ஓங்கிய,O,verb meaning grown tall
புலாலம்,FOOD,with flesh stink
சேரி,PLACE,settlement
இன்னகை,O,adjective meaning sweet smiling
ஆயத்தாரோடு,PERSON,with friends
இன்னும்,O,adverb meaning still
அற்றோ,O,verb meaning is it of that nature
இ,O,pronoun meaning this
அழுங்கல்,O,adjective meaning uproarious
ஊரே,STRUCTURE,town

poem352,,
நெடு,O,adjective meaning deep
நீர்,WATERBODY,water
ஆம்பல்,FLOWER,white waterlily
அடை,PLANT,leaves
புறத்து,O,noun meaning back sides
அன்ன,O,adjective meaning like
கொடு,O,adjective meaning curved
மென்,O,adjective meaning soft/delicate
சிறைய,O,noun meaning with wings
கூர்,O,adjective meaning sharp
உகிர்ப்,ANIMAL,clawed
பறவை,BIRD,bats
அகல்,O,adjective meaning wide
இலை,PLANT,leaves
பலவின்,PLANT,of jackfruit trees
சாரல்,MOUNTAIN,mountain slopes
முன்னி,O,verb meaning thinking
பகல்,NATURE,daytime
உறை,O,verb meaning residing
முதுமரம்,PLANT,old trees
புலம்ப,O,verb meaning to be lonely
போகும்,O,verb meaning they go
சிறு,O,adjective meaning small
புன்மாலை,NATURE,painful evening
உண்மை,O,noun meaning truth
அறிவேன்,O,verb meaning I understand
தோழி,PERSON,O friend
அவர்க்,PERSON,him
காணா,O,verb meaning when I do not see
ஊங்கே,O,adverb meaning when

poem353,,
ஆர்கலி,O,adjective meaning uproarious
வெற்பன்,PERSON,lord of the mountains
மார்பு,O,noun meaning chest
புணையாக,OBJECT,as a float
கோடு,MOUNTAIN,peaks
உயர்,O,adjective meaning lofty
நெடு,O,adjective meaning tall
வரை,MOUNTAIN,mountains
கவாஅன்,MOUNTAIN,mountain slopes
பகல்,NATURE,daytime
பாடு,O,adjective meaning sweet-sounding
இன்,O,adjective meaning sweet
அருவி,WATERBODY,waterfall
ஆடுதல்,O,verb meaning to play
இனிதே,O,adjective meaning is sweet
நிரை,O,adjective meaning row
இதழ்,O,noun meaning eyelids
பொருந்தாக்,O,verb meaning not closing
கண்ணோடு,O,noun meaning with eyes
இரவில்,NATURE,at night
பஞ்சி,OBJECT,cotton
வெண்திரி,OBJECT,white wick
செஞ்சுடர்,NATURE,red flame
நல்,O,adjective meaning fine
இல்,STRUCTURE,home
பின்னு,O,adjective meaning braided
வீழ்,O,verb meaning hanging
சிறுபுறம்,O,noun meaning small back/nape
தழீஇ,O,verb meaning hugging
அன்னை,PERSON,mother
முயங்க,O,verb meaning embracing
துயில்,O,noun meaning sleep
இன்னாதே,O,adjective meaning it is painful

poem354,,
நீர்,WATERBODY,water
நீடு,O,adverb meaning too long
ஆடின்,O,verb meaning if one plays
கண்ணும்,O,noun meaning eyes also
சிவக்கும்,O,verb meaning become red
ஆர்ந்தோர்,PERSON,those who eat too much
வாயில்,PLACE,in the mouth
தேனும்,FOOD,honey also
புளிக்கும்,O,verb meaning becomes sour
தணந்தனை,O,verb meaning if you want to leave
ஆயின்,O,conditional meaning if
எம்,O,pronoun meaning our
இல்,STRUCTURE,house
உய்த்து,O,verb meaning bringing
கொடுமோ,O,verb meaning hand over
அம்,O,adjective meaning beautiful
தண்,NATURE,cool
பொய்கை,WATERBODY,ponds
எந்தை,PERSON,our father
எம்,O,pronoun meaning our
ஊர்,STRUCTURE,town
கடும்,O,adjective meaning fierce/fast
பாம்பு,ANIMAL,snakes
வழங்கும்,O,verb meaning roam
தெருவில்,PLACE,on the street
நடுங்கு,O,adjective meaning trembling
அஞர்,O,noun meaning sorrow
எவ்வம்,O,noun meaning sorrow
களைந்த,O,verb meaning removed
எம்மே,PERSON,our daughter

poem355,,
பெயல்,NATURE,rain
கண்,O,noun meaning sight
மறைத்தலின்,O,verb meaning since it hides
விசும்பு,NATURE,sky
காணலையே,O,verb meaning you cannot see
நீர்,NATURE,water
பரந்து,O,verb meaning spread
ஒழுகலின்,O,verb meaning flowing
நிலம்,PLACE,land
காணலையே,O,verb meaning you cannot see
எல்லை,NATURE,sun
சேறலின்,O,verb meaning since it went down
இருள்,NATURE,darkness
பெரிது,O,adverb meaning greatly
பட்டன்று,O,verb meaning has happened
பல்லோர்,PERSON,many people
துஞ்சும்,O,verb meaning sleeping
பால்,NATURE,middle
நாள்,NATURE,night
கங்குல்,NATURE,night
யாங்கு,O,interrogative meaning how
வந்தனையோ,O,verb meaning did you come
ஓங்கல்,O,adjective meaning lofty
வெற்ப,PERSON,O lord of the mountains
வேங்கை,FLOWER,kino flowers
கமழும்,O,verb meaning fragrant with
எம்,O,pronoun meaning our
சிறுகுடி,STRUCTURE,small village
யாங்கு,O,interrogative meaning how
அறிந்தனையோ,O,verb meaning did you know
நோகோ,O,verb meaning I am hurting
யானே,O,pronoun meaning I

poem356,,
நிழல்,NATURE,shade
ஆன்று,O,verb meaning reduced
அவிந்த,O,verb meaning lost
நீர்,NATURE,water
இல்,O,negative particle meaning without
ஆர்,O,adjective meaning difficult
இடை,PLACE,path
கழலோன்,WARRIOR,man wearing warrior anklets
காப்ப,O,verb meaning with protection
கடுகுபு,O,verb meaning went rapidly
போகி,O,verb meaning having gone
அறு,O,adjective meaning dried
சுனை,WATERBODY,springs
மருங்கின்,PLACE,near
மறுகுபு,O,verb meaning dried
வெந்த,O,adjective meaning hot
வெவ்வெங்,O,adjective meaning very hot
கலுழி,WATERBODY,muddied water
தவ்வென,O,adverb meaning with slurping sounds
குடிக்கிய,O,verb meaning drinking
யாங்கு,O,interrogative meaning how
வல்லுநள்,O,verb meaning did she become so strong
கொல்,O,expletive/particle
தானே,O,pronoun meaning she
ஏந்திய,O,verb meaning holding
செம்பொன்,OBJECT,red gold
புனைகலத்து,OBJECT,in a beautiful bowl
அம்,O,adjective meaning beautiful
பொரிக்கலந்த,FOOD,puffed rice mixed
பாலும்,FOOD,milk also
பல,O,adjective meaning too much
என,O,quotative meaning that
உண்ணாள்,O,verb meaning she did not eat
கோல்,O,adjective meaning thickly made
அமை,O,adjective meaning rounded
குறுந்தொடி,OBJECT,small bangles
தளிர்,PLANT,tender sprout
அன்னோள்,PERSON,young woman who is like a tender leaf

poem357,,
முனி,O,adjective meaning hateful
படர்,O,noun meaning anger
உழந்த,O,verb meaning saddened
பாடு,O,adjective meaning sleepless
இல்,O,negative particle meaning without
உண்கண்,O,noun meaning kohl-lined eyes
பனி,NATURE,tears
கால்,O,adverb meaning across
போழ்ந்து,O,verb meaning went
பணை,O,adjective meaning bamboo-like
எழில்,O,adjective meaning pretty
ஞெகிழ்,O,adjective meaning thin
தோள்,O,noun meaning arms
மெல்லிய,O,adjective meaning delicate
ஆகலின்,O,verb meaning since they have become
மேவர,O,adjective meaning desirable
திரண்டு,O,adjective meaning rounded
நல்ல,O,adjective meaning good
என்னும்,O,verb meaning they were called
சொல்லை,O,noun meaning words
மன்னிய,O,verb meaning achieved
ஏனல்,FOOD,millet field
அம்,O,adjective meaning beautiful
சிறு,O,adjective meaning small
தினை,FOOD,millet
காக்கும்,O,verb meaning protects
சேணோன்,PERSON,mountain dweller on tall platform
ஞெகிழியின்,OBJECT,because of the flame from torches
பெயர்ந்த,O,verb meaning moved away
நெடு,O,adjective meaning tall
நல்,O,adjective meaning fine
யானை,ANIMAL,elephant
மீன்படு,NATURE,falling star
சுடர்,NATURE,bright light
ஒளி,NATURE,light
வெரூஉம்,O,verb meaning it fears
வான்,NATURE,sky
தோய்,O,verb meaning touching
வெற்பன்,PERSON,lord of the mountains
மணவா,O,verb meaning before he united
ஊங்கே,O,adverb meaning before

poem358,,
வீங்கு,O,adjective meaning tight
இழை,OBJECT,jewels
நெகிழ,O,verb meaning becoming loose
விம்மி,O,verb meaning crying
ஈங்கே,PLACE,here
எறி,O,verb meaning shedding
கண்,O,noun meaning eyes
பேதுறல்,O,verb meaning getting confused
ஆய்,O,adjective meaning fine
கோடு,O,noun meaning lines
இட்டு,O,verb meaning drawing
சுவர்வாய்,STRUCTURE,on the wall
பற்றும்,O,verb meaning holding on
நின்,O,pronoun meaning your
படர்,O,noun meaning sorrow
சேண்,PLACE,far away
நீங்க,O,verb meaning to go
வருவேம்,O,verb meaning he will come back
என்ற,O,quotative meaning that
பருவம்,NATURE,season
உதுக்காண்,O,interjection meaning look there
தனியோர்,PERSON,those who are alone
இரங்கும்,O,verb meaning are sad
பனி,NATURE,cold
கூர்,O,adjective meaning sharp
மாலை,NATURE,evening
பல்,O,adjective meaning many
ஆன்,ANIMAL,cows
கோவலர்,PROFESSION,cattle herders
கண்ணிச்,FLOWER,on the garlands
சொல்லுப,O,verb meaning stating
அன்ன,O,adjective meaning like
முல்லை,FLOWER,jasmine
வெண்முகையே,FLOWER,white buds

poem359,,
கண்டிசின்,O,verb meaning look at this
பாண,PROFESSION,O bard
பண்பு,O,noun meaning beauty
உடைத்து,O,verb meaning it has
அம்ம,O,interjection meaning surprise
மாலை,NATURE,evening
விரிந்த,O,verb meaning spread
பசு,O,adjective meaning cool/young
வெண்ணிலவின்,NATURE,under the white moon
குறுங்கால்,OBJECT,short-legged
கட்டில்,OBJECT,cot
நறும்,O,adjective meaning fragrant
பூஞ்சேக்கை,OBJECT,flower bed
பள்ளி,ANIMAL,sleeping
யானையின்,ANIMAL,like an elephant
உயிர்த்தனன்,O,verb meaning he sighed
நசைஇ,O,verb meaning with desire
புதல்வன்,PERSON,son
தழீஇயினன்,O,verb meaning he hugged
விறலவன்,PERSON,victorious man
புதல்வன்,PERSON,boy's
தாய்,PERSON,mother
அவன்,PERSON,his
புறம்,O,noun meaning back side
கவைஇயினளே,O,verb meaning she embraced

poem360,,
வெறி,O,noun meaning Murukan's affliction
என,O,quotative meaning that
உணர்ந்த,O,verb meaning thinks
வேலன்,PROFESSION,diviner
நோய்,O,noun meaning illness
மருந்து,FOOD,medicine
அறியான்,O,verb meaning does not know
ஆகுதல்,O,verb meaning since
அன்னை,PERSON,mother
காணிய,O,verb meaning to see
அரும்,O,adjective meaning great
படர்,O,noun meaning pain
எவ்வம்,O,noun meaning suffering
இன்று,NATURE,today
நாம்,O,pronoun meaning I
உழப்பினும்,O,verb meaning even if I struggle
வாரற்க,O,verb meaning may he not come
தில்ல,O,particle implying desire
தோழி,PERSON,O friend
சாரல்,MOUNTAIN,mountain slopes
பிடிக்,ANIMAL,female elephant's
கை,ANIMAL,trunk
அன்ன,O,adjective meaning like
பெருங்குரல்,FOOD,huge clusters
ஏனல்,FOOD,millet
உண்,O,verb meaning eating
கிளி,BIRD,parrots
கடியும்,O,verb meaning chasing
கொடிச்சி,PERSON,mountain woman
கை,O,noun meaning hand-held
குளிர்,OBJECT,rattle
சிலம்பின்,OBJECT,like anklets
சிலம்பும்,O,verb meaning echoing
சோலை,FOREST,groves
இலங்கு,O,adjective meaning flourishing
மலை,MOUNTAIN,mountain
நாடன்,PERSON,lord of the mountains
இரவினானே,NATURE,during the nights
poem361,,
அம்ம,O,particle meaning listen
வாழி,O,expletive meaning may you live long
தோழி,PERSON,O friend
அன்னைக்கு,PERSON,to my mother
உயர்நிலை,PLACE,higher world
உலகமும்,PLACE,world also
சிறிதால்,O,adjective meaning is too little
அவர்,PERSON,his
மலை,MOUNTAIN,mountain
மாலைப்,NATURE,evenings
பெய்த,NATURE,rains that fell
மணம்,FLOWER,fragrance
கமழ்,O,verb meaning filled
உந்தியொடு,WATERBODY,with flowing streams
காலை,NATURE,morning
வந்த,O,verb meaning came
காந்தள்,FLOWER,glory lily
முழு,O,adjective meaning whole/thick
முதல்,PLANT,stems with roots
மெல்,O,adjective meaning tender
இலை,PLANT,leaves
குழைய,O,verb meaning to get crushed
முயங்கலும்,O,verb meaning hugging also
இல்,STRUCTURE,house
உய்த்து,O,verb meaning bringing
நடுதலும்,O,verb meaning planting also
கடியாதோளே,O,verb meaning she does not prevent

poem362,,
முருகு,DEITY,Murukan
அயர்ந்து,O,verb meaning worshiping
வந்த,O,verb meaning come
முதுவாய்,O,adjective meaning wise
வேல,PROFESSION,O priest
சினவல்,O,verb meaning anger
ஓம்புமதி,O,verb meaning control your temper
வினவுவது,O,verb meaning to ask
உடையேன்,O,verb meaning I have
பல்,O,adjective meaning many
வேறு,O,adjective meaning different
உருவில்,O,noun meaning in forms
சில்,O,adjective meaning some
அவிழ்,FOOD,boiled rice
மடையொடு,FOOD,with offerings
சிறு,O,adjective meaning small
மறி,ANIMAL,young goat
கொன்று,O,verb meaning having killed
இவள்,PERSON,her
நறுநுதல்,O,noun meaning fragrant forehead
நீவி,O,verb meaning rubbing
வணங்கினை,O,verb meaning you pray
கொடுத்தி,O,verb meaning you offer
ஆயின்,O,conditional meaning if
அணங்கிய,O,verb meaning caused distress
விண்,NATURE,sky
தோய்,O,verb meaning touching
மா,O,adjective meaning huge
மலை,MOUNTAIN,mountain
சிலம்பன்,PERSON,man from the mountains
ஒண்,O,adjective meaning bright
தார்,FLOWER,flower garland
அகலமும்,O,noun meaning chest also
உண்ணுமோ,O,verb meaning will it eat
பலியே,FOOD,offerings

poem363,,
கண்ணி,FLOWER,flower strand
மருப்பின்,ANIMAL,on his horns
அண்ணல்,O,adjective meaning noble
நல்,O,adjective meaning fine
ஏறு,ANIMAL,wild bull
செங்கால்,PLANT,red-stemmed
பதவின்,PLANT,of arukam grass
வார்,O,adjective meaning long
குரல்,PLANT,spears
கறிக்கும்,O,verb meaning it chews
மடக்,O,adjective meaning tender-eyed
கண்,O,noun meaning eyes
வரையா,ANIMAL,wild cow
நோக்கி,O,verb meaning looking at
வெய்துற்று,O,verb meaning sighing
புல்,O,adjective meaning dull/parched
அரை,PLANT,trunk
உகாஅய்,PLANT,ukāy tree
வரி,O,adjective meaning striped
நிழல்,NATURE,shade
வதியும்,O,verb meaning it rests
இன்னா,O,adjective meaning painful
அருஞ்சுரம்,PLACE,harsh wasteland
இறத்தல்,O,verb meaning to pass
இனிதோ,O,adjective meaning will it be sweet
பெரும,PERSON,O lord
இன்,O,adjective meaning sweet
துணை,PERSON,companion
பிரிந்தே,O,verb meaning having separated

poem364,,
அரில்,O,adjective meaning entangled
பவர்ப்,PLANT,rattan vines
பிரம்பின்,PLANT,like rattan
வரிப்,O,adjective meaning lined
புற,O,noun meaning backs
நீர்நாய்,ANIMAL,otter
வாளை,FISH,vālai fish
நாள்,O,adjective meaning daily
இரை,FOOD,food
பெறூஉம்,O,verb meaning it gets
ஊரன்,PERSON,man from such town
பொன்,OBJECT,gold
கோல்,O,adjective meaning thick/rounded
அவிர்,O,adjective meaning shining
தொடி,OBJECT,bangles
தற்,PERSON,herself
கெழு,O,verb meaning possessing
தகுவி,PERSON,worthy one
என்,O,pronoun meaning my
புறங்கூறும்,O,verb meaning talks behind my back
என்ப,O,verb meaning they say
தெற்றென,O,adverb meaning clearly
வணங்கு,O,adjective meaning curved
இறை,O,noun meaning forearms
பணைத்தோள்,O,noun meaning bamboo-like arms
எல்,O,adjective meaning bright
வளை,OBJECT,bangles
மகளிர்,PERSON,women
துணங்கை,O,noun meaning thunangai dance
நாளும்,NATURE,day also
வந்தன,O,verb meaning is arriving
அவ்வரை,NATURE,at that time
கண்,O,noun meaning eyes
பொர,O,verb meaning warring
மற்று,O,expletive/particle
அதன்,O,pronoun meaning that
கண்,O,postposition meaning from
அவர்,PERSON,they
மணம்,O,noun meaning to embrace
கொளற்கு,O,verb meaning to choose
இவரும்,O,verb meaning will come
மள்ளர்,WARRIOR,warriors
போரே,O,noun meaning fight

poem365,,
கோடு,OBJECT,conch shells
ஈர்,O,verb meaning cutting
இலங்கு,O,adjective meaning bright
வளை,OBJECT,bangles
நெகிழ,O,verb meaning have become loose
நாளும்,NATURE,every day
பாடு,O,adjective meaning sleep
இல,O,negative verb meaning without
கலிழ்ந்து,O,verb meaning muddied
பனி,NATURE,tears
ஆனாவே,O,verb meaning are not without
துன்,O,adjective meaning difficult
அரு,O,adjective meaning to get close
நெடு,O,adjective meaning tall
வரை,MOUNTAIN,mountains
ததும்பிய,O,verb meaning overflowing
அருவி,WATERBODY,waterfall
தண்ணென்,O,adjective meaning cool-natured
முழவின்,OBJECT,like drums
இமிழ்,O,adjective meaning loud
இசை,O,noun meaning music
காட்டும்,O,verb meaning creates
மருங்கில்,PLACE,nearby
கொண்ட,O,verb meaning with
பலவின்,PLANT,jackfruit trees
பெருங்கல்,MOUNTAIN,lofty mountains
நாட,PERSON,O man from the country
நீ,O,pronoun meaning you
நயந்தோள்,PERSON,young woman you loved
கண்ணே,O,noun meaning eyes

poem366,,
பால்,DEITY,destiny
வரைந்து,O,verb meaning designed
அமைத்தல்,O,verb meaning being
அல்லது,O,negative particle meaning other than
அவர்,PERSON,him
வயின்,O,postposition meaning about
சால்பு,O,noun meaning worth/esteem
அளந்து,O,verb meaning to measure
அறிவதற்கு,O,verb meaning to know
யாம்,O,pronoun meaning we
யாரோ,O,pronoun meaning who are we
வேறு,O,adverb meaning separately
யான்,O,pronoun meaning I
கூறவும்,O,verb meaning even after what I said
அமையாள்,O,verb meaning she is not satisfied
அதன்தலை,O,adverb meaning and also
பைங்கண்,PLACE,lush patches
மாச்சுனை,WATERBODY,dark springs
பல்,O,adjective meaning many
பிணி,O,noun meaning tightness
அவிழ்த்த,O,verb meaning opened
வள்,O,adjective meaning large
இதழ்,FLOWER,petals
நீலம்,FLOWER,blue waterlily
நோக்கி,O,verb meaning looked at
உள்ளகை,O,adverb meaning inside her heart
பழுத,O,adjective meaning crying
கண்ணளாகி,O,noun meaning becoming of crying eyes
பழுதன்று,O,adjective meaning faultless
அம்ம,O,expletive/particle
இ,O,pronoun meaning this
ஆய்,O,adjective meaning beautiful
இழை,PERSON,young woman wearing beautiful ornaments
துணிவே,O,noun meaning strength

poem367,,
கொடியோர்,PERSON,cruel man
நல்கார்,O,verb meaning does not shower graces
ஆயினும்,O,verb meaning even if
யாழ,O,expletive of the second person
நின்,O,pronoun meaning your
தொடி,OBJECT,bangles
விளங்கு,O,adjective meaning bright
இறைய,O,noun meaning arms with wrists
தோள்,O,noun meaning arms
கவின்,O,noun meaning beauty
பெறீஇயர்,O,verb meaning for them to attain
உவக்காண்,O,interjection meaning look there
தோழி,PERSON,O friend
அ,PARTICLE,there
வந்திசினே,O,verb meaning you come
தொய்யல்,O,verb meaning wetting the land
மா,NATURE,heavy
மழை,NATURE,rain
தொடங்கலின்,O,verb meaning since it has started
அவர்,PERSON,his
நாட்டு,PLACE,country
பூசல்,O,adjective meaning uproarious
ஆயம்,PERSON,group of women
புகன்று,O,verb meaning with desire
இழி,O,verb meaning flowing
அருவியின்,WATERBODY,because of the waterfalls
மண்ணுறு,O,verb meaning washed
மணியின்,OBJECT,like sapphire
தோன்றும்,O,verb meaning appearing
தண்,NATURE,cool
நறுந்துறுகல்,MOUNTAIN,fragrant boulders
ஓங்கிய,O,adjective meaning lofty
மலையே,MOUNTAIN,mountain

poem368,,
மெல்லியலோயே,PERSON,O delicate friend
மெல்லியலோயே,PERSON,O delicate friend
நல்,O,adjective meaning good
நாள்,NATURE,day
நீத்த,O,verb meaning removed
பழி,O,adjective meaning faultless
தீர்,O,verb meaning removed
மாமை,O,noun meaning dark beauty
வன்பின்,O,noun meaning with strength
ஆற்றுதல்,O,verb meaning tolerating
அல்லது,O,negative particle meaning other than
செப்பின்,O,verb meaning if spoken
சொல்லகிற்றாம்,O,verb meaning I was unable to state
மெல்லியலோயே,PERSON,O delicate friend
சிறியரும்,PERSON,mean people also
பெரியரும்,PERSON,noble people also
வாழும்,O,verb meaning dwell
ஊர்க்கே,STRUCTURE,in the town
நாள்,NATURE,day
இடைப்படாஅ,O,verb phrase without a break
நளி,O,adjective meaning full
நீர்,WATERBODY,water
நீத்தத்து,WATERBODY,of the flood water
திண்,O,adjective meaning firm
கரைப்,PLACE,shore
பெரு,O,adjective meaning large
மரம்,PLANT,tree
போல,O,postposition meaning like
தீது,O,adjective meaning faultless
இல்,O,negative particle meaning without
நிலைமை,O,noun meaning situation
முயங்குகம்,O,verb meaning let me embrace
பலவே,O,adjective meaning many times

poem369,,
அத்த,PLACE,wasteland
வாகை,PLANT,vākai tree
அமலை,O,adjective meaning loud
வால்,O,adjective meaning white
நெற்று,FRUIT,seed pods
அரி,O,noun meaning seeds
ஆர்,OBJECT,anklets
சிலம்பின்,OBJECT,like anklets
அரிசி,FRUIT,seeds
ஆர்ப்ப,O,verb meaning make noises
கோடை,NATURE,westerly winds
தூக்கும்,O,verb meaning blow
கானம்,FOREST,forest
செல்வாம்,O,verb meaning let us go
தோழி,PERSON,O friend
நல்கினர்,O,verb meaning he has allowed graciously
நமரே,PERSON,our man

poem370,,
பொய்கை,WATERBODY,pond
ஆம்பல்,FLOWER,white waterlily
அணி,O,adjective meaning beautifully
நிற,O,noun meaning colored
கொழு,O,adjective meaning plump
முகை,FLOWER,buds
வண்டு,INSECT,bees
வாய்,O,noun meaning mouth
திறக்கும்,O,verb meaning open
தண்,NATURE,cool
துறை,PLACE,shore
ஊரனொடு,PERSON,with the man from the town
இருப்பின்,O,verb meaning when I stay
இரு,O,numeral meaning two
மருங்கினமே,O,noun meaning bodies
கிடப்பின்,O,verb meaning when lying with him
வில்லக,O,noun meaning on a bow
விரலின்,O,noun meaning like fingers
பொருந்திய,O,verb meaning placed together
அவன்,PERSON,his
நல்,O,adjective meaning fine
அகம்,O,noun meaning house
சேரின்,O,verb meaning when he goes away
ஒரு,O,numeral meaning one
மருங்கினமே,O,noun meaning body

poem371,,
கை,O,noun meaning arms
வளை,OBJECT,bangles
நெகிழ்தலும்,O,verb meaning slipping down
மெய்,O,noun meaning body
பசப்பு,O,noun meaning pallor
ஊர்தலும்,O,verb meaning spreading
மை,NATURE,clouds
படு,O,verb meaning with
சிலம்பின்,MOUNTAIN,on the mountains
ஐவனம்,FOOD,wild rice
வித்தி,O,verb meaning seeded
அருவியின்,WATERBODY,due to the waterfalls
விளைக்கும்,O,verb meaning growing
நாடனொடு,PERSON,with the man from such country
மருவேன்,O,verb meaning I did not get
தோழி,PERSON,O friend
அது,O,pronoun meaning that
காமமோ,O,great love/affection
பெரிதே,O,adjective meaning is big

poem372,,
பனைத்,PLANT,palmyra palm
தலை,PLANT,top
கருக்கு,PLANT,saw-edged
உடை,O,verb meaning having
நெடு,O,adjective meaning long
மடல்,PLANT,stems
குருத்தொடு,PLANT,with tender leaves
மாய,O,verb meaning disappear
கடு,O,adjective meaning fierce
வளி,NATURE,wind
தொகுத்த,O,verb meaning collected
நெடு,O,adjective meaning tall
வெண்குப்பை,PLACE,white sand dunes
கணம்,O,noun meaning many
கொள்,O,verb meaning having
சிமைய,O,noun meaning peaks
அணங்கும்,O,adjective meaning distressing
கானல்,PLACE,seashore
ஆழி,WATERBODY,ocean
தலை,O,adverb meaning from
வீசிய,O,verb meaning blown
அயிர்ச்,O,adjective meaning black
சேற்று,PLACE,mud
அருவிக்,WATERBODY,flowing water
கூழை,O,noun meaning hair
பெய்,O,verb meaning used for washing
எக்கர்,PLACE,sand dunes
குழீஇய,O,verb meaning heaped
பதுக்கை,PLACE,mounds
புலர்,O,verb meaning dry
பதம்,O,noun meaning time
கொள்ளா,O,verb meaning before it dries
அளவை,NATURE,time
அலர்,O,noun meaning gossip
எழுந்தன்று,O,verb meaning has risen
இ,O,pronoun meaning this
அழுங்கல்,O,adjective meaning loud
ஊரே,STRUCTURE,town

poem373,,
நிலம்,PLACE,land
புடை,O,adverb meaning side
பெயரினும்,O,verb meaning even if shifted
நீர்,WATERBODY,water
தீ,NATURE,fire
பிறழினும்,O,verb meaning changed nature
இலங்கு,O,adjective meaning glittering
திரை,WATERBODY,waves
பெருங்கடற்கு,WATERBODY,for the vast ocean
எல்லை,O,noun meaning edge
தோன்றினும்,O,verb meaning even if appeared
வெவ்வாய்ப்,O,adjective meaning harsh-tongued
பெண்டிர்,PERSON,women
கெளவை,O,noun meaning gossip
அஞ்சி,O,verb meaning fearing
கேடு,O,noun meaning ruin
எவன்,O,interrogative meaning what
உடைத்தோ,O,verb meaning does it have
தோழி,PERSON,O friend
니டு,O,adjective meaning long
மயிர்,ANIMAL,hair
கடும்,O,adjective meaning sharp
பல்,ANIMAL,teeth
ஊக,ANIMAL,black monkey
கறை,ANIMAL,black
விரல்,ANIMAL,fingers
ஏற்றை,ANIMAL,male
புடைத்,O,adverb meaning on the side
தொடுபு,O,verb meaning having dug
உடையூ,O,verb meaning breaking
பூ,FLOWER,flower
நாறு,O,verb meaning fragrant
பலவுக்,FRUIT,jackfruit
கனி,FRUIT,fruit
காந்தள்,FLOWER,glory lily
அம்,O,adjective meaning beautiful
சிறுகுடிக்,STRUCTURE,in the small village
கமழும்,O,verb meaning spreads fragrance
ஓங்கு,O,adjective meaning tall
மலை,MOUNTAIN,mountain
நாடனொடு,PERSON,with the man from the country
அமைந்த,O,verb meaning have
நம்,O,pronoun meaning our
தொடர்பே,O,noun meaning relationship

poem374,,
எந்தையும்,PERSON,father also
யாயும்,PERSON,mother also
உணர,O,verb meaning to understand
காட்டி,O,verb meaning having explained
ஒளித்த,O,verb meaning hidden
செய்தி,O,noun meaning news
வெளிப்பட,O,adverb meaning clearly
கிளந்த,O,verb meaning spoke
பின்,O,adverb meaning after
மலை,MOUNTAIN,mountain
கெழு,O,verb meaning abounding in
வெற்பன்,PERSON,lord of the mountain country
தலைவந்து,O,adverb meaning himself came
இரப்ப,O,verb meaning to ask
நன்று,O,adjective meaning right
புரி,O,verb meaning doing
கொள்கையின்,O,noun meaning with the principle
ஒன்றாகின்றே,O,verb meaning it agrees with us
முடங்கல்,O,adjective meaning curved
இறைய,O,noun meaning wings/hanging fronds
தூங்கணங்குரீஇ,BIRD,weaver birds
நீடு,O,adjective meaning tall
இரும்,O,adjective meaning dark
பெண்ணை,PLANT,female palmyra palm
தொடுத்த,O,verb meaning constructed
கூடினும்,O,verb phrase than the nests
மயங்கிய,O,adjective meaning confused
மையல்,O,adjective meaning confused
ஊரே,STRUCTURE,people in this town

poem375,,
அம்ம,O,particle meaning listen
வாழி,O,expletive meaning may you live long
தோழி,PERSON,O friend
இன்று,NATURE,today
அவர்,PERSON,he
வாரார்,O,verb meaning does not come
ஆயினோ,O,verb meaning if
நன்றே,O,adjective meaning it would be good
சாரல்,MOUNTAIN,mountain slopes
சிறு,O,adjective meaning tiny
தினை,FOOD,millet
விளைந்த,O,verb meaning harvested
வியன்,O,adjective meaning wide
கண்,PLACE,field
இரும்,O,adjective meaning huge
புனத்து,FIELD,in the field
இரவு,NATURE,night
அரிவாரின்,PROFESSION,of those who reap at night
தொண்டகச்,OBJECT,thondakam drums
சிறு,O,adjective meaning small
பறை,OBJECT,drum
பானாள்,NATURE,middle of the night
யாமத்தும்,NATURE,at night also
கறங்கும்,O,verb meaning sound
யாமம்,NATURE,night
காவலர்,PERSON,night guards
அவியாமாறே,O,verb phrase since they do not sleep

poem376,,
மன்,O,adjective meaning stable
உயிர்,O,noun meaning lives
அறியா,O,verb meaning do not know
துன்,O,adjective meaning difficult
அரும்,O,adjective meaning to approach
பொதியில்,MOUNTAIN,Pothiyil mountain
சூருடை,DEITY,with fierce gods
அடுக்கத்து,MOUNTAIN,in the mountain range
ஆரம்,PLANT,sandalwood
கடுப்ப,O,postposition meaning like
வேனிலானே,NATURE,in summer
தண்ணியள்,O,adjective meaning she is cool
பனியே,NATURE,in the cold season
வாங்கு,O,adjective meaning contained
கதிர்,NATURE,rays
தொகுப்ப,O,verb meaning collecting
கூம்பி,O,verb meaning closing
ஐயென,O,adverb meaning delicately
அலங்கு,O,adjective meaning moving
வெயில்,NATURE,sunlight/warmth
பொதிந்த,O,verb meaning contained
தாமரை,FLOWER,lotus
உள்,O,noun meaning inside
அகத்து,O,noun meaning heart
அன்ன,O,adjective meaning like
சிறு,O,adjective meaning little
வெம்மையளே,O,noun meaning she is with warmth

poem377,,
மலர்,FLOWER,flower
ஏர்,O,postposition meaning like
உண்கண்,O,noun meaning kohl-rimmed eyes
மாண்,O,adjective meaning splendid
நலம்,O,noun meaning beauty
தொலைய,O,verb meaning to lose
வளை,OBJECT,bangles
ஏர்,O,postposition meaning with
மென்தோள்,O,noun meaning delicate arms
ஞெகிழ்ந்ததன்,O,verb meaning they have become thin
தலையும்,O,adverb meaning even though
மாற்று,O,noun meaning medicine
ஆகின்றே,O,verb meaning it is
தோழி,PERSON,O friend
ஆற்றலையே,O,verb meaning you are inconsolable
அறிதற்கு,O,verb meaning to understand
அமையா,O,verb meaning beyond
நாடனொடு,PERSON,with the man from such country
செய்து,O,verb meaning formed
கொண்டது,O,verb meaning having
ஓர்,O,adjective meaning a
சிறு,O,adjective meaning little
நல்,O,adjective meaning good
நட்பே,O,noun meaning friendship

poem378,,
ஞாயிறு,NATURE,sun
காயாது,O,verb meaning not getting hot
மர,PLANT,tree
நிழல்,NATURE,shade
பட்டு,O,verb meaning with
மலை,MOUNTAIN,mountain
முதல்,PLACE,base
சிறுநெறி,PLACE,narrow path
மணல்,PLACE,sand
மிக,O,adverb meaning well
தாஅய்,O,verb meaning spread
தண்,NATURE,cool
மழை,NATURE,rain
தலைய,O,verb meaning may fall
ஆகுக,O,verb meaning let it be
நம்,O,pronoun meaning us
நீத்து,O,verb meaning abandoning
சுடர்வாய்,O,adjective meaning with brightness
நெடு,O,adjective meaning long
வேல்,WEAPON,spear
காளையொடு,PERSON,with the young man
மட,O,adjective meaning innocent
மா,O,adjective meaning dark-hued
அரிவை,PERSON,young woman
போகிய,O,verb meaning where she went
சுரனே,PLACE,wasteland

poem379,,
இன்று,NATURE,today
யாண்டையனோ,O,interrogative meaning where is he
தோழி,PERSON,O friend
குன்றத்து,MOUNTAIN,in the mountains
பழம்,O,adjective meaning old
குழி,PLACE,pits
அகழ்ந்த,O,verb meaning digs up
கானவன்,PROFESSION,mountain dweller
கிழங்கினொடு,FOOD,along with the tubers
கண்,O,adjective meaning flawless
அகன்,O,adjective meaning large
தூமணி,OBJECT,gems
பெறூஉம்,O,verb meaning they get
நாடன்,PERSON,man from such country
அறிவு,O,noun meaning understanding
காழ்க்,O,verb meaning mature enough
கொள்ளும்,O,verb meaning to acquire
அளவை,NATURE,when
செறிதொடி,PERSON,O one with tight bangles
எம்,O,pronoun meaning my
இல்,STRUCTURE,house
வருகுவை,O,verb meaning you will come
நீ,O,pronoun meaning you
என,O,quotative meaning thus
பொம்மல்,O,adjective meaning thick
ஓதி,O,noun meaning hair
நீவியோனே,PERSON,the man who stroked

poem380,,
விசும்பு,NATURE,sky
கண்,O,noun meaning sight
புதைய,O,verb meaning to be hidden
பாஅய்,O,verb meaning spread
வேந்தர்,KING,kings
வென்று,O,verb meaning having conquered
எறி,O,verb meaning beaten
முரசின்,OBJECT,like victory drums
நன்,O,adjective meaning good
பல,O,adjective meaning many
முழங்கி,NATURE,roaring
பெயல்,NATURE,rain
ஆனாதே,O,verb meaning without stopping
வானம்,NATURE,clouds
காதலர்,PERSON,your lover
நனி,O,adverb meaning very
சேய்,O,adjective meaning far away
நாட்டர்,PERSON,person from that land
நம்,O,pronoun meaning us
உன்னலரே,O,verb meaning he does not think
யாங்குச்,O,interrogative meaning what
செய்வாம்,O,verb meaning can we do
கொல்,O,expletive/particle
தோழி,PERSON,O friend
ஈங்கைய,PLANT,eengai plant
வண்ண,O,adjective meaning colorful
துய்,O,adjective meaning fuzzy
மலர்,FLOWER,flowers
உதிர,O,verb meaning drop
முன்னர்,O,adverb meaning ahead
தோன்றும்,O,verb meaning appearing
பனிக்,NATURE,cold
கடு,O,adjective meaning harsh
நாளே,NATURE,days

poem381,,
தொல்கவின்,O,noun meaning former beauty
தொலைந்து,O,verb meaning losing
தோள்,O,noun meaning arms
நலம்,O,noun meaning beauty
சாஅய்,O,verb meaning becoming slim
அல்லல்,O,adjective meaning sad
நெஞ்சமோடு,O,noun meaning with a heart
அல்கலும்,NATURE,at night also
துஞ்சாது,O,verb meaning not sleeping
பசலை,O,noun meaning pallor
ஆகி,O,verb meaning becoming
விளிவது,O,verb meaning will be ruined
கொல்லோ,O,particle implying doubt
வெண்குருகு,BIRD,white heron
நரலும்,O,verb meaning screeches
தண்,NATURE,cool
கமழ்,O,verb meaning fragrant
கானல்,PLACE,seashore grove
பூ,FLOWER,flower
மலி,O,verb meaning filled
பொதும்பர்,FOREST,grove
நாள்,O,adjective meaning fresh
மலர்,FLOWER,blossoms
மயக்கி,O,verb meaning disturbing
விலங்கு,O,adjective meaning blocking
திரை,WATERBODY,waves
உடைதரும்,O,verb meaning break
துறைவனொடு,PERSON,with the man from the seashore
இலங்கு,O,adjective meaning bright
எயிறு,ANIMAL,teeth
தோன்ற,O,verb meaning revealing
நக்கதன்,O,verb meaning due to laughing
பயனே,O,noun meaning the benefit

poem382,,
தண்,NATURE,cool
துளிக்கு,NATURE,to raindrops
ஏற்ற,O,verb meaning drenched
பைங்கொடி,PLANT,green vines
முல்லை,FLOWER,jasmine
முகை,FLOWER,buds
தலை,O,adverb meaning when
திறந்த,O,verb meaning opened
நாற்றம்,FLOWER,fragrance
புதல்,PLANT,bushes
மிசை,PLACE,on
பூ,FLOWER,flower
அமல்,O,adjective meaning abundant
தளவமொடு,FLOWER,with golden jasmine
தேம்,FOOD,honey
கமழ்பு,O,verb meaning with fragrance
கஞல,O,verb meaning in abundance
வம்புப்,O,adjective meaning unseasonal
பெய்யுமால்,O,verb meaning are shedding
மழையே,NATURE,clouds
வம்பு,O,adjective meaning unseasonal
அன்று,O,negative particle meaning it is not
கார்,NATURE,rainy season
இது,O,pronoun meaning this
பருவம்,NATURE,season
ஆயின்,O,conditional meaning if
வாராரோ,O,verb meaning will he come
நம்,O,pronoun meaning our
காதலோரே,PERSON,beloved man

poem383,,
நீ,O,pronoun meaning you
உடம்படுதலின்,O,verb meaning since you agreed
யான்,O,pronoun meaning I
தர,O,verb meaning since I said
வந்து,O,verb meaning came
குறி,PLACE,indicated place
நின்றனனே,O,verb meaning he came and stood
குன்ற,MOUNTAIN,mountain
நாடன்,PERSON,lord of the country
இன்றை,NATURE,today
அளவை,NATURE,time
சென்றைக்க,O,adverb meaning let pass
என்றி,O,verb meaning you say
கையும்,O,noun meaning hands also
காலும்,O,noun meaning legs also
ஓய்வன,O,verb meaning have gone weak
அழுங்க,O,verb meaning saddened
தீயுறு,O,verb meaning fallen in fire
தளிரின்,PLANT,like a tender sprout
நடுங்கி,O,verb meaning I tremble
யாவதும்,O,pronoun meaning nothing
இலை,O,negative verb meaning there is not
யான்,O,pronoun meaning I
செயற்கு,O,verb meaning for me to do
உரியதுவே,O,adjective meaning fitting

poem384,,
உழுந்து,FOOD,black gram
உடை,O,verb meaning breaking
கழுந்தின்,OBJECT,like pestles
கரும்புடை,OBJECT,sugarcane patterns
பணைத்தோள்,O,noun meaning thick arms
நெடும்பல்,O,adjective meaning long thick
கூந்தல்,O,noun meaning hair
குறுந்தொடி,OBJECT,small bangles
மகளிர்,PERSON,women
நலன்,O,noun meaning beauty
உண்டு,O,verb meaning having enjoyed
துறத்தியாயின்,O,verb meaning if you abandon
மிக,O,adverb meaning very
நன்று,O,adjective meaning it is great
அம்ம,O,interjection meaning surprise
மகிழ்ந,PERSON,O lord
நின்,O,pronoun meaning your
சூளே,O,noun meaning promises

poem385,,
பலவில்,PLANT,on the jackfruit trees
சேர்ந்த,O,verb meaning on
பழம்,FRUIT,fruits
ஆர்,O,adjective meaning big
இனக்,ANIMAL,group of
கலை,ANIMAL,male monkeys
சிலை,WEAPON,silai tree bow
வில்,WEAPON,bow
கானவன்,PROFESSION,mountain dweller
செந்தொடை,WEAPON,fine arrows
வெரீஇ,O,verb meaning afraid
செரு,O,noun meaning battle
உறு,O,verb meaning charging into
குதிரையின்,ANIMAL,like horses
பொங்கி,O,verb meaning leaping
சாரல்,MOUNTAIN,mountain slopes
இருவெதிர்,PLANT,big bamboo
நீடு,O,adjective meaning long
அமை,O,noun meaning stalks
தயங்க,O,verb meaning swaying
பாயும்,O,verb meaning they jump
பெருவரை,MOUNTAIN,tall mountain
அடுக்கத்துக்,MOUNTAIN,on the ranges
கிழவோன்,PERSON,lord
என்றும்,O,adverb meaning always
அன்றை,NATURE,that day
அன்ன,O,adjective meaning like
நட்பினன்,O,noun meaning he has friendship
புதுவோர்த்து,O,verb meaning belongs to new people
அம்ம,O,expletive/particle
இ,O,pronoun meaning this
அழுங்கல்,O,adjective meaning uproarious
ஊரே,STRUCTURE,town

poem386,,
வெண்மணல்,PLACE,white sand
விரிந்த,O,verb meaning spread
வீ,FLOWER,flowers
ததை,O,verb meaning filled
கானல்,PLACE,seashore grove
தண்ணந்துறைவன்,PERSON,lord of the cool seashore
தணவா,O,verb meaning not separated
ஊங்கே,NATURE,in the past
வால்,O,adjective meaning pure
இழை,OBJECT,jewels
மகளிர்,PERSON,young women
விழவு,O,noun meaning festival
அணி,O,noun meaning decorations
கூட்டும்,O,verb meaning put up
மாலையோ,NATURE,evenings
அறிவேன்,O,verb meaning I was aware
மன்னே,O,expletive indicating past
மாலை,NATURE,evenings
நிலம்,PLACE,land
பரந்தன்ன,O,adjective like wide
புன்கணொடு,O,noun meaning with sadness
புலம்பு,O,noun meaning loneliness
உடைத்து,O,verb meaning having
ஆகுதல்,O,verb meaning to be
அறியேன்,O,verb meaning I did not know
யானே,O,pronoun meaning I

poem387,,
எல்லை,NATURE,day
கழிய,O,verb meaning as it ends
முல்லை,FLOWER,jasmine
மலர,NATURE,to bloom
கதிர்,NATURE,sun
சினம்,Nature,rage/heat
தணிந்த,O,verb meaning goes down
கையறு,O,adjective meaning helpless
மாலையும்,NATURE,evening also
இர,NATURE,night
வரம்பாக,O,noun meaning as a limit
நீந்தினம்,O,verb meaning if we cross
ஆயின்,O,conditional meaning if
எவன்,O,interrogative meaning what use
கொல்,O,expletive/particle
வாழி,O,expletive meaning may you live long
தோழி,PERSON,O friend
கங்குல்,NATURE,night
வெள்ளம்,O,noun meaning onslaught
கடலினும்,WATERBODY,more than the ocean
பெரிதே,O,adjective meaning larger

poem388,,
நீர்,WATERBODY,water
கால்,PLANT,stems
யாத்த,O,verb meaning rooted in
நிரை,O,adjective meaning rows of
இதழ்க்,FLOWER,petals
குவளை,FLOWER,blue waterlily
கோடை,NATURE,summer winds
ஒற்றினும்,O,verb meaning even when they blow
வாடாதாகும்,O,verb meaning they do not fade
கவணை,WEAPON,slingshot
அன்ன,O,adjective meaning like
பூட்டு,OBJECT,yokes
பொருது,O,verb meaning attached
அசாஅ,O,verb meaning with sorrow
உமண்,PROFESSION,salt merchants
எருத்து,ANIMAL,bullock
ஒழுகை,VEHICLE,carts
தோடு,O,noun meaning rows
நிரைத்தன்ன,O,adjective meaning like crowded rows
முளி,O,adjective meaning dry
சினை,PLANT,branches
பிளக்கும்,O,verb meaning to break
முன்பு,O,noun meaning strength
இன்மையின்,O,verb meaning without
யானை,ANIMAL,elephants
கை,ANIMAL,trunk
மடித்து,O,verb meaning folding
உயவும்,O,verb meaning they feel sad
கானமும்,FOREST,forest even
இனிய,O,adjective meaning sweet
ஆம்,O,verb meaning will be
நும்மொடு,PERSON,with you
வரினே,O,verb meaning if she comes

poem389,,
நெய்,FOOD,ghee
கனி,FOOD,fruit/gravy
குறும்பூழ்,BIRD,quail
காயமாக,FOOD,as a spicy dish
ஆர்,FOOD,food
பதம்,O,noun meaning to eat
பெறுக,O,verb meaning may he receive
தோழி,PERSON,O friend
அத்தை,O,expletive/particle
பெருங்கல்,MOUNTAIN,big mountains
நாடன்,PERSON,lord of the country
வரைந்தென,O,verb meaning since arranging wedding
அவனெதிர்,PERSON,to him
நன்றோ,O,adjective meaning is everything well
மகனே,PERSON,O son
என்றனென்,O,verb meaning I asked
நன்றே,O,adjective meaning everything is good
போலும்,O,expletive/particle
என்று,O,quotative meaning thus
உரைத்தோனே,PERSON,he said

poem390,,
எல்லும்,NATURE,sun
எல்லின்று,O,verb meaning has set
பாடும்,O,noun meaning sounds
கேளாய்,O,verb meaning listen
செல்லாதீமோ,O,verb meaning please do not go
சிறு,O,adjective meaning small/tender
பிடி,ANIMAL,female elephant
துணையே,PERSON,O partner
வேற்று,O,adjective meaning enemy
முனை,O,noun meaning battlefield
வெம்மையின்,O,noun meaning like the enmity
சாத்து,PERSON,merchants
வந்து,O,verb meaning came
இறுத்தென,O,verb meaning since they stayed
வளையணி,WEAPON,rings attached
நெடு,O,adjective meaning long
வேல்,WEAPON,spears
ஏந்தி,O,verb meaning holding
மிளை,FOREST,protected forest
வந்து,O,verb meaning coming
பெயரும்,O,verb meaning they leave
தண்ணுமை,OBJECT,thannumai drum
குரலே,O,noun meaning sounds

poem391,,
உவரி,O,verb meaning hating
ஒருத்தல்,ANIMAL,bull
உழாஅது,O,verb meaning without plowing
மடிய,O,verb meaning lying down
புகரி,ANIMAL,spotted deer
புழுங்கிய,O,verb meaning lying in the heat
புயல்,NATURE,rain
நீங்கு,O,verb meaning without
புறவில்,FOREST,in the woodland
கடிது,O,adverb meaning rapidly
இடி,NATURE,thunder
உருமின்,NATURE,with thunder
பாம்பு,ANIMAL,snake
பை,ANIMAL,hoods
அவிய,O,verb meaning to be ruined
இடியொடு,NATURE,with thunder
மயங்கி,O,verb meaning mixed
இனிது,O,adverb meaning sweetly
வீழ்ந்தன்றே,O,verb meaning it fell
வீழ்ந்த,O,verb meaning that fell
மா,NATURE,heavy
மழை,NATURE,rain
தழீஇ,O,verb meaning with
பிரிந்தோர்,PERSON,those separated
கையற,O,verb meaning to become helpless
வந்த,O,verb meaning came
பையுள்,O,adjective meaning painful
மாலை,NATURE,evening
பூஞ்சினை,PLANT,flowering branches
இருந்த,O,verb meaning from
போழ்,O,adjective meaning split
கண்,ANIMAL,eyed
மஞ்ஞை,BIRD,peacock
தாஅம்,O,verb meaning spreading
நீர்,WATERBODY,water
நனந்தலை,PLACE,wide space
புலம்ப,O,verb meaning to become lonely
கூஉம்,O,verb meaning they screech
தோழி,PERSON,O friend
பெரும்,O,adverb meaning very
பேதையவே,O,adjective meaning they are stupid

poem392,,
அம்ம,O,particle meaning listen
வாழியோ,O,expletive meaning may you live long
அணி,O,adjective meaning beautiful
சிறை,O,noun meaning wings
தும்பி,INSECT,dragonfly
நன்மொழிக்கு,O,noun meaning for good words
அச்சமில்லை,O,noun meaning no fear
அவர்,PERSON,his
நாட்டு,PLACE,country
அண்ணல்,O,adjective meaning lofty
நெடுவரை,MOUNTAIN,tall mountains
சேறி,O,verb meaning if you reach
ஆயின்,O,conditional meaning if
கடமை,ANIMAL,kadamai deer
மிடைந்த,O,verb meaning close to each other
துடவை,FIELD,fields
அம்,O,adjective meaning beautiful
சிறு,O,adjective meaning small
தினை,FOOD,millet
துளர்,OBJECT,weed removing hoe
எறி,O,verb meaning attacking
நுண்,O,adjective meaning fine
துகள்,OBJECT,dust
களைஞர்,PROFESSION,those who weed
தங்கை,PERSON,younger sister
தமரின்,PERSON,from her relatives
தீராள்,O,verb meaning she is unable to leave
என்மோ,O,verb meaning tell him this
அரசர்,KING,kings
நிரை,O,adverb meaning moving
செலல்,O,verb meaning in rows
நுண்,O,adjective meaning fine
தோல்,OBJECT,shields
போல,O,postposition meaning like
பிரசம்,FOOD,honeycombs
தூங்கு,O,verb meaning hanging
மலை,MOUNTAIN,mountains
கிழவோற்கே,PERSON,to the lord of the mountains

poem393,,
மயங்கு,O,adjective meaning mixed
மலர்க்,FLOWER,flowers
கோதை,FLOWER,garland
குழைய,O,verb meaning crushing
மகிழ்நன்,PERSON,your lover
முயங்கிய,O,verb meaning embraced
நாள்,NATURE,days
தவ,O,adverb meaning very
சிலவே,O,adjective meaning few
அலரே,O,noun meaning gossip
கூகைக்,BIRD,owl
கோழி,BIRD,owl
வாகைப்,PLACE,Vākai
பறந்தலை,PLACE,battlefield
பசும்பூண்,OBJECT,with fine jewels
பாண்டியன்,KING,Pāndiyan king
வினைவல்,O,adjective meaning able
அதிகன்,KING,Athikan
களிறொடு,ANIMAL,with his elephant
பட்ட,O,verb meaning was killed
ஞான்றை,NATURE,on the day
ஒளிறு,O,adjective meaning bright
வாள்,WEAPON,swords
கொங்கர்,TRIBE,Kongar people
ஆர்ப்பினும்,O,noun meaning more than uproars
பெரிதே,O,adjective meaning louder

poem394,,
முழந்தாள்,ANIMAL,legs
இரும்,O,adjective meaning huge/dark
பிடிக்,ANIMAL,female elephant
கயந்தலைக்,O,adjective meaning tender-headed
குழவி,ANIMAL,calf
நறவு,FOOD,liquor
மலி,O,adjective meaning abundant
பாக்கத்து,STRUCTURE,in the small village
குறமகள்,PERSON,mountain woman
ஈன்ற,O,verb meaning bore
குறி,O,adjective meaning tiny
இறைப்,O,noun meaning with arm joints
புதல்வரொடு,PERSON,with young sons
மறுவந்து,O,verb meaning running in circles
ஓடி,O,verb meaning having run
முன்,NATURE,past
நாள்,NATURE,days
இனியது,O,adjective meaning sweet
ஆகி,O,verb meaning being
பின்,NATURE,later
நாள்,NATURE,days
அவர்,PERSON,their
தினைப்,FOOD,millet
புனம்,FIELD,crops
மேய்ந்தாங்கு,O,verb phrase like how it grazed
பகை,O,noun meaning enmity
ஆகின்று,O,verb meaning it becomes
அவர்,PERSON,his
நகை,O,noun meaning laughter
விளையாட்டே,O,noun meaning games

poem395,,
நெஞ்சே,O,noun meaning my heart
நிறை,O,noun meaning control
ஒல்லாதே,O,verb meaning unable to stop
அவரே,PERSON,he
அன்பு,O,noun meaning love
இன்மையின்,O,verb meaning since he does not have
அருள்,O,noun meaning grace
பொருள்,OBJECT,wealth
என்னார்,O,verb meaning he does not consider
வன்கண்,O,noun meaning strength
கொண்டு,O,verb meaning with
வலித்து,O,verb meaning putting pressure
வல்லுநரே,PERSON,those able
அரவு,ANIMAL,serpent
நுங்கு,O,verb meaning devouring
மதியினுக்கு,NATURE,for the moon
இவணோர்,PERSON,those here
போல,O,postposition meaning like
களையார்,O,verb meaning do not remove
ஆயினும்,O,verb meaning even though
கண்,O,noun meaning eyes
இனிது,O,adverb meaning sweetly
படீஇயர்,O,verb meaning they are sleeping
அஞ்சல்,O,verb meaning do not fear
என்மரும்,O,verb phrase meaning those who tell me
இல்லை,O,negative verb meaning there is nobody
அந்தில்,O,expletive/particle
அளிதோ,O,adjective meaning pitiable
தானே,O,pronoun meaning it
நாணே,O,noun meaning shame/modesty
ஆங்கு,PLACE,there
அவர்,PERSON,he
வதிவயின்,PLACE,where he is
நீங்கப்படினே,O,verb phrase if I have to leave and go

poem396,,
பாலும்,FOOD,milk also
உண்ணாள்,O,verb meaning she did not drink
பந்துடன்,OBJECT,with her ball
மேவாள்,O,verb meaning she did not desire
விளையாடு,O,verb meaning playing
ஆயமொடு,PERSON,with her friends
அயர்வோள்,O,verb meaning she used to play
இனியே,O,adverb meaning now
எளிது,O,adjective meaning easy
என,O,quotative meaning that
உணர்ந்தனள்,O,verb meaning did she feel
கொல்லோ,O,particle implying doubt
முளி,O,adjective meaning dried
சினை,O,noun meaning branches
ஓமைக்,PLANT,ōmai tree
குத்திய,O,verb meaning poked
உயர்,O,adjective meaning raised
கோட்டு,ANIMAL,tusks
ஒருத்தல்,ANIMAL,male elephant
வேனில்,NATURE,summer
குன்றத்து,MOUNTAIN,mountain
வெவ்வரை,MOUNTAIN,hot mountain
கவாஅன்,MOUNTAIN,foothills
மழை,NATURE,clouds
முழங்கு,NATURE,roaring
கடுங்குரல்,NATURE,loud sounds
ஓர்க்கும்,O,verb meaning it listens
கழை,PLANT,bamboo
திரங்கு,O,adjective meaning dried
ஆர்,O,adjective meaning difficult
இடை,PLACE,path
அவனொடு,PERSON,with him
செலவே,O,noun meaning going

poem397,,
நனை,FLOWER,buds
முதிர்,O,adjective meaning mature
ஞாழல்,FLOWER,gnāzhal tree
சினை,FRUIT,egg
மருள்,O,postposition meaning like
திரள்,O,adjective meaning round
வீ,FLOWER,flowers
நெய்தல்,FLOWER,waterlily
மா,O,adjective meaning dark
மலர்ப்,FLOWER,blossoms
பெய்தல்,NATURE,like rain falling
போல,O,postposition meaning like
ஊதை,NATURE,cold winds
தூற்றும்,O,verb meaning scatter rain
உரவு,O,adjective meaning powerful
நீர்ச்,WATERBODY,with waves
சேர்ப்ப,PERSON,O lord of the seashore
தாய்,PERSON,mother
உடன்று,O,verb meaning in anger
அலைக்கும்,O,verb meaning hurts
காலையும்,NATURE,even at the time
வாய்விட்டு,O,verb meaning opening its mouth
அன்னா,O,interjection meaning mother
என்னுங்,O,verb meaning crying out
குழவி,PERSON,child
போல,O,postposition meaning like
இன்னா,O,adjective meaning mean
செயினும்,O,verb meaning even if you do
இனிது,O,adverb meaning sweetly
தலையளிப்பினும்,O,verb meaning even if gracious
நின்,O,pronoun meaning your
வரைப்பினள்,O,verb meaning she is limited by
என்,O,pronoun meaning my
தோழி,PERSON,O friend
தன்,O,pronoun meaning her
உறு,O,adjective meaning great
விழுமங்,O,noun meaning pain
களைஞரோ,PERSON,those who can remove
இலளே,O,verb meaning she does not have

poem398,,
தேற்றாம்,O,verb meaning I do not know
அன்றே,O,negative particle meaning it is not
தோழி,PERSON,O friend
தண்,NATURE,cool
என,O,adverb meaning making it cool
தூற்றும்,O,verb meaning drizzling
திவலை,NATURE,raindrops
துயர்,O,adjective meaning painful
கூர்,O,adjective meaning sharp
காலை,NATURE,time
கயல்,FISH,carp fish
ஏர்,O,postposition meaning like
உண்கண்,O,noun meaning kohl-rimmed eyes
கனங்குழை,OBJECT,heavy earrings
மகளிர்,PERSON,women
கை,O,noun meaning hands
புணை,OBJECT,tool
ஆக,O,verb meaning using as
நெய்,FOOD,oil/ghee
பெய்து,O,verb meaning pouring
மாட்டிய,O,verb meaning lit
சுடர்,NATURE,lamp
துயர்,O,noun meaning sorrow
எடுப்பும்,O,verb meaning causing
புன்கண்,O,adjective meaning painful
மாலை,NATURE,evening
அரும்பெறற்,O,adjective meaning precious
காதலர்,PERSON,lover
வந்தென,O,verb meaning has come back
விருந்து,O,noun meaning celebrations
அயர்பு,O,verb meaning celebrating
மெய்ம்மலி,O,verb meaning making body ecstatic
உவகையின்,O,noun meaning with happiness
எழுதரு,O,verb meaning risen
கண்,O,noun meaning eyes
கலிழ்,O,verb meaning muddied
உகு,O,verb meaning falling
பனி,NATURE,tears
அரக்குவோரே,PERSON,those who can wipe

poem399,,
ஊர்,STRUCTURE,town
உண்,O,verb meaning drinking
கேணி,WATERBODY,well
உண்,O,verb meaning drinking
துறை,PLACE,shore
தொக்க,O,verb meaning collected
பாசியற்றே,PLANT,like the algae
பசலை,O,noun meaning pallor
காதலர்,PERSON,lover
தொடுவுழி,O,adverb meaning whenever he touches
தொடுவுழி,O,adverb meaning whenever he touches
நீங்கி,O,verb meaning it leaves
விடுவுழி,O,adverb meaning whenever he leaves
விடுவுழி,O,adverb meaning whenever he leaves
பரத்தலானே,O,verb meaning since it spreads

poem400,,
சேயாறு,PLACE,long route
செல்வாம்,O,verb meaning if we take
ஆயின்,O,conditional meaning if
இடர்,O,noun meaning sorrow
இன்று,O,adverb meaning without
களைகலம்,O,verb meaning I will be unable to remove
காமம்,O,great love/affection
பெருந்தோட்கு,PERSON,of the woman with wide arms
என்று,O,quotative meaning thus
நன்று,O,adverb meaning desiring goodness
புரிந்து,O,verb meaning desiring
எண்ணிய,O,verb meaning thought
மனத்தை,O,noun meaning of thinking mind
ஆகி,O,verb meaning being
முரம்பு,PLACE,raised grounds
கண்,O,noun meaning with pebbles
உடைய,O,verb meaning having
ஏகி,O,verb meaning going
கரம்பை,PLACE,dry land
புது,O,adjective meaning new
வழிப்படுத்த,O,verb meaning created paths in
மதியுடை,O,adjective meaning with wisdom
வலவோய்,PROFESSION,O charioteer
இன்று,NATURE,today
தந்தனை,O,verb meaning you gave
தேரோ,VEHICLE,just the chariot ride
நோய்,O,noun meaning disease
உழந்து,O,verb meaning struggling with
உறைவியை,PERSON,my wife
நல்கலானே,O,verb meaning due to your giving