Word,Entity,Explanation
**Poem 1**,,
நின்ற,O,adjective meaning truthful
சொல்லர்,O,noun meaning in words
நீடு,O,adverb meaning always or for long
தோன்று,O,verb meaning appears
இனியர்,PERSON,he is sweet-natured
என்றும்,O,adverb meaning forever
என்,O,pronoun meaning my
தோள்,O,arms or shoulders
பிரிபு,O,noun meaning separation
அறியலரே,O,verb meaning he does not know
தாமரைத்,FLOWER,lotus
தண்,O,adjective meaning cool
தாது,FOOD,pollen
ஊதி,O,verb meaning buzzing or humming
மீமிசை,O,adverb meaning high above
சாந்தில்,PLANT,in the sandalwood tree
தொடுத்த,O,verb meaning placed or attached
தீம்,O,adjective meaning sweet
தேன்,FOOD,honey
போல,O,like
புரைய,O,verb meaning it is great
மன்ற,O,particle implying certainty
புரையோர்,PERSON,one who is superior
கேண்மை,O,friendship
நீர்,WATERBODY,water
இன்று,O,verb meaning without
அமையா,O,verb meaning cannot exist
உலகம்,STRUCTURE,world
போல,O,like
தம்,O,pronoun meaning him
இன்று,O,verb meaning without
அமையா,O,verb meaning cannot exist
நம்,O,pronoun meaning us
நயந்து,O,verb meaning desiring
அருளி,O,verb meaning being kind
நறுநுதல்,O,fragrant forehead
பசத்தல்,O,noun meaning pallor
அஞ்சி,O,verb meaning fearing
சிறுமை,O,noun meaning pettiness
உறுபவோ,O,verb meaning will he do
செய்பு,O,noun meaning to do that
அறியலரே,O,verb meaning he does not know
**Poem 2**,,
அழுந்துபட,O,adverb meaning deeply
வீழ்ந்த,O,verb meaning rooted
பெருந்தண்,O,adjective meaning tall and cool
குன்றத்து,MOUNTAIN,in the mountains
ஒலி,O,adjective meaning flourishing
வல்,O,adjective meaning strong
ஈந்தின்,PLANT,date palm trees
உலவை,NATURE,windy
அம்,O,suffix meaning beautiful
காட்டு,FOREST,in the forest
ஆறு,PATH,path
செல்,O,verb meaning travel
மாக்கள்,PERSON,people
சென்னி,O,heads
எறிந்த,O,verb meaning attacking
செம்மறுத்,O,adjective meaning red (with blood)
தலைய,O,with heads
நெய்த்தோர்,O,with blood
வாய,O,with mouths
வல்லியம்,O,adjective meaning strong
பெருந்தலைக்,ANIMAL,with big heads
குருளை,ANIMAL,cubs
மாலை,NATURE,evening
மரல்,PLANT,hemp bushes
நோக்கு,O,verb meaning looking from
இண்டு,PLANT,indu vines
இவர்,O,verb meaning spread on
ஈங்கைய,PLANT,eengai plants
சுரனே,DESERT,in the wasteland
வை,ANIMAL,sharp
எயிற்று,ANIMAL,with teeth
ஐயள்,PERSON,delicate young woman
மடந்தை,PERSON,young woman
முன்,O,in front
உற்று,O,verb meaning letting
எல்,NATURE,night
இடை,NATURE,time
நீங்கும்,O,verb meaning leaves
இளையோன்,PERSON,young man
உள்ளம்,O,heart
காலொடு,NATURE,with winds
பட்ட,O,verb meaning fell
மாரி,NATURE,rain
மால்,NATURE,lofty
வரை,MOUNTAIN,mountains
மிளிர்க்கும்,O,verb meaning makes roll
உருமினும்,NATURE,more than thunder
கொடிதே,O,adjective meaning cruel
**Poem 3**,,
ஈன்,BIRD,female
பருந்து,BIRD,kite
உயவும்,O,verb meaning grieves
வான்,NATURE,sky
பொரு,O,verb meaning hitting
நெடுஞ்சினை,PLANT,tall branches
பொரி,O,adjective meaning rough or cracked
அரை,PLANT,trunk
வேம்பின்,PLANT,neem tree's
புள்ளி,O,dotted
நீழல்,NATURE,shade
கட்டளை,OBJECT,touchstone
அன்ன,O,like
இட்டு,O,verb meaning drawing
அரங்கு,STRUCTURE,squares
இழைத்து,O,verb meaning scratching
கல்லாச்,O,adjective meaning untutored
சிறாஅர்,PERSON,children
நெல்லி,FRUIT,gooseberries
வட்டு,OBJECT,dice
ஆடும்,O,verb meaning play
வில்,WEAPON,bows
ஏர்,OBJECT,plow
உழவர்,PROFESSION,bandits who use bows
வெம்முனை,DESERT,harsh
சீறூர்,STRUCTURE,small villages
சுரன்,DESERT,wasteland
முதல்,O,adverb meaning in
வந்த,O,verb meaning came
உரன்,O,strength
மாய்,O,verb meaning ruining
மாலை,NATURE,evening
உள்ளினென்,O,verb meaning I thought
அல்லெனோ,O,verb meaning did I not
யானே,O,pronoun meaning me
உள்ளிய,O,verb meaning intended
வினை,O,deeds
முடித்தன்ன,O,like done
இனியோள்,PERSON,sweet young woman
மனை,STRUCTURE,house
மாண்,O,adjective meaning splendid
சுடரொடு,OBJECT,with lamps
படர்,O,noun meaning sorrow
பொழுது,NATURE,time
எனவே,O,conjunction meaning that
**Poem 4**,,
கானல்,FOREST,seashore grove
அம்,O,suffix meaning beautiful
சிறுகுடி,STRUCTURE,small village
கடல்,WATERBODY,sea
மேம்,O,verb meaning desiring
பரதவர்,PROFESSION,fishermen
நீல்,O,adjective meaning blue
நிறப்,COLOR,colored
புன்னைக்,PLANT,punnai trees
கொழு,O,adjective meaning thick
நிழல்,NATURE,shade
அசைஇ,O,verb meaning resting
தண்,O,adjective meaning cool
பெரும்,O,adjective meaning large
பரப்பின்,WATERBODY,in the ocean
ஒண்,O,adjective meaning perfect
பதம்,TIME,time
நோக்கி,O,verb meaning looking for
அம்,O,adjective meaning beautiful
கண்,O,mesh
அரில்,O,adjective meaning tightly knotted
வலை,OBJECT,net
உணக்கும்,O,verb meaning they dry
துறைவனொடு,PERSON,with the lord of the shore
அலரே,O,gossip
அன்னை,PERSON,mother
அறியின்,O,verb meaning if knows
இவண்,O,adverb meaning here
உறை,O,verb meaning living
வாழ்க்கை,O,life
அரிய,O,adjective meaning difficult
ஆகும்,O,verb meaning will become
நமக்கு,O,pronoun meaning for us
என,O,conjunction meaning that
கூறின்,O,verb meaning if we say
கொண்டும்,O,verb meaning taking
செல்வர்,O,verb meaning will he take
கொல்,O,particle implying doubt
தோழி,PERSON,my friend
உமணர்,PROFESSION,salt merchants
வெண்கல்,FOOD,white salt
உப்பின்,FOOD,salt
கொள்ளை,WEALTH,price
சாற்றி,O,verb meaning call out
கண,ANIMAL,cattle
நிரை,ANIMAL,herd
கிளர்க்கும்,O,verb meaning are roused
நெடு,O,adjective meaning long
நெறி,PATH,path
சகடம்,VEHICLE,wagons
மணல்,LANDFORM,sand
மடுத்து,O,verb meaning sinking
உரறும்,O,verb meaning make sounds
ஓசை,NATURE,sounds
கழனி,FIELD,field
கருங்கால்,BIRD,black-legged
வெண்குருகு,BIRD,white heron
வெரூஉம்,O,verb meaning fear
இருங்கழி,WATERBODY,dark backwaters
சேர்ப்பின்,PLACE,on the shores
தம்,O,pronoun meaning his
உறைவின்,STRUCTURE,residence
இன்,O,adjective meaning sweet
ஊர்க்கே,STRUCTURE,to the town
**Poem 5**,,
நிலம்,NATURE,land
நீர்,WATERBODY,water
ஆர,O,verb meaning filled
குன்றம்,MOUNTAIN,mountains
குழைப்ப,O,verb meaning flourish
அகல்வாய்,WATERBODY,wide-mouthed
பைஞ்சுனை,WATERBODY,fresh springs
பயிர்,PLANT,plants
கால்,PLANT,stems
யாப்ப,O,verb meaning entangled
குறவர்,PERSON,mountain dwellers
கொன்ற,O,verb meaning chopped
குறைக்,O,adjective meaning reduced
கொடி,PLANT,vines
நறைப்,PLANT,fragrant vines
பவர்,PLANT,vines
நறுங்காழ்,PLANT,fragrant hard-core sandalwood
ஆரம்,OBJECT,sandalwood
சுற்றுவன,O,verb meaning surround
அகைப்ப,O,verb meaning flourishing
பெரும்,NATURE,heavy
பெயல்,NATURE,rain
பொழிந்த,O,verb meaning poured
தொழில,O,deeds
எழிலி,NATURE,clouds
தெற்கு,REGION,south
ஏர்பு,O,verb meaning rising up
இரங்கும்,O,verb meaning roar
அற்சிரக்,NATURE,early dew season
காலையும்,NATURE,time
அரிதே,O,adjective meaning difficult
காதலர்ப்,PERSON,lover
பிரிதல்,O,noun meaning leaving
இன்று,NATURE,today
செல்,O,verb meaning leave
இகுளையர்த்,PERSON,friends
தரூஉம்,O,verb meaning bring back
வாடையொடு,NATURE,with northern winds
மயங்கு,O,adjective meaning sad
இதழ்,O,eyelids
மழைக்,O,adjective meaning moist
கண்,O,eyes
பயந்த,O,verb meaning sent
தூதே,O,noun meaning message
**Poem 6**,,
நீர்,WATERBODY,water
வளர்,O,verb meaning growing
ஆம்பல்,FLOWER,white waterlily flowers
தூம்புடை,PLANT,with hollow
திரள்,O,adjective meaning thick
கால்,PLANT,stems
நார்,PLANT,fibers
உரித்தன்ன,O,like removed
மதனின்,O,with beauty
மாமை,O,dark color
குவளை,FLOWER,blue waterlilies
அன்ன,O,like
ஏந்து,O,adjective meaning lifted
எழில்,O,adjective meaning beautiful
மழைக்,O,adjective meaning moist
கண்,O,eyes
திதலை,O,pallor spots
அல்குல்,O,loins
பெருந்தோள்,O,thick arms
குறுமகட்கு,PERSON,to the young woman
எய்த,O,verb meaning going
சென்று,O,verb meaning going
செப்புநர்ப்,PERSON,messenger
பெறினே,O,verb meaning if I can get
இவர்,O,pronoun meaning he
யார்,O,pronoun meaning who
என்குவள்,O,verb meaning will she ask
அல்லள்,O,verb meaning she will not
முனாஅது,O,adverb meaning without hatred
அத்த,DESERT,wasteland
குமிழின்,PLANT,kumilam tree's
கொடு,O,adjective meaning curved
மூக்கு,FRUIT,stems
விளை,O,adjective meaning ripe
கனி,FRUIT,fruits
எறி,O,adjective meaning leaping
மட,O,adjective meaning innocent or delicate
மாற்கு,ANIMAL,for the deer
வல்சி,FOOD,food
ஆகும்,O,verb meaning will become
வல்,WEAPON,strong
வில்,WEAPON,bow
ஓரி,WARRIOR,king Ori
கானம்,FOREST,forest
நாறி,O,verb meaning having fragrance
இரும்,O,adjective meaning black
பல்,O,adjective meaning thick
ஒலிவரும்,O,verb meaning flowing
கூந்தல்,O,hair
பெரும்,O,adverb meaning greatly
பேதுறுவள்,O,verb meaning she will be bewildered
யாம்,O,pronoun meaning I
வந்தனம்,O,verb meaning have come
எனவே,O,conjunction meaning if she knows
**Poem 7**,,
சூருடை,DEITY,with gods
நனந்தலை,PLACE,vast land
சுனை,WATERBODY,spring
நீர்,WATERBODY,water
மல்க,O,verb meaning brimming
பெருவரை,MOUNTAIN,tall mountains
அடுக்கத்து,MOUNTAIN,ranges
அருவி,WATERBODY,waterfalls
ஆர்ப்ப,O,verb meaning roar
கல்,ROCK,rocks
அலைத்து,O,verb meaning rolling
இழிதரும்,O,verb meaning flow down
கடுவரல்,O,adjective meaning rapid
கான்,FOREST,forest
யாற்று,WATERBODY,stream
கழை,PLANT,bamboo poles
மாய்,O,verb meaning disappear
நீத்தம்,WATERBODY,flood water
காடு,FOREST,forest
அலை,NATURE,uproar
ஆர்ப்ப,O,verb meaning causing
தழங்கு,O,adjective meaning loud
குரல்,NATURE,sounds
ஏறொடு,NATURE,with thunder
முழங்கி,O,verb meaning roaring
வானம்,NATURE,sky
இன்னே,O,adverb meaning now
பெய்ய,O,verb meaning pours
மின்னுமால்,NATURE,there is lightning
தோழி,PERSON,my friend
வெண்ணெல்,FOOD,white paddy
அருந்திய,O,verb meaning ate
வரி,O,adjective meaning with lines
நுதல்,ANIMAL,forehead
யானை,ANIMAL,elephant
தண்,O,adjective meaning cool
நறும்,O,adjective meaning fragrant
சிலம்பில்,MOUNTAIN,mountain slopes
துஞ்சும்,O,verb meaning sleeps
சிறியிலை,PLANT,small-leaved
சந்தின,PLANT,sandalwood trees
வாடு,O,verb meaning dry
பெருங்காட்டே,FOREST,huge forest
**Poem 8**,,
அல்கு,O,adjective meaning great
படர்,O,noun meaning sorrow
உழந்த,O,verb meaning attained
அரி,O,adjective meaning with red lines
மதர்,O,adjective meaning proud or luscious
மழைக்கண்,O,moist eyes
பல்பூம்,FLOWER,many flowers
பகைத்,DIFFERENT,different kinds of
தழை,CLOTHING,leaf garment
நுடங்கும்,O,verb meaning swaying
அல்குல்,O,loins
திரு,O,adjective meaning beautiful
மணி,OBJECT,sapphire
புரையும்,O,verb meaning like
மேனி,O,body
மடவோள்,PERSON,delicate young woman
யார்,O,pronoun meaning whose
மகள்,PERSON,daughter
கொல்,O,particle implying doubt
இவள்,O,pronoun meaning her
தந்தை,PERSON,father
வாழியர்,O,expletive particle
துயரம்,O,noun meaning suffering
உறீஇயினள்,O,verb meaning she caused
எம்மே,O,pronoun meaning me
அகல்வயல்,FIELD,wide fields
அரிவனர்,PROFESSION,reapers
அரிந்தும்,O,verb meaning reap
தருவனர்ப்,PERSON,those who give
பெற்றும்,O,verb meaning receive
தண்,O,adjective meaning cool
சேறு,LANDFORM,mud
தாஅய்,O,verb meaning smeared
மதனுடை,O,adjective meaning pretty or elegant
நோன்,O,adjective meaning strong
தாள்,PLANT,stems
கண்,O,eyes
போல்,O,like
நெய்தல்,FLOWER,waterlilies
போர்வில்,PLACE,on hay stacks
பூக்கும்,O,verb meaning bloom
திண்,O,adjective meaning sturdy
தேர்ப்,VEHICLE,chariots
பொறையன்,KING,king Poraiyan
தொண்டி,STRUCTURE,Thondi city
தன்,O,pronoun meaning her
திறம்,O,noun meaning worth
பெறுக,O,verb meaning may she receive
இவள்,O,pronoun meaning her
ஈன்ற,O,verb meaning gave birth to
தாயே,PERSON,mother
**Poem 9**,,
அழிவிலர்,O,adjective meaning faultless
முயலும்,O,verb meaning do
ஆர்வ,O,adjective meaning anxious
மாக்கள்,PERSON,people
வழிபடு,O,verb meaning worshipped
தெய்வம்,DEITY,goddess
கண்,O,eyes
கண்டாஅங்கு,O,like saw
அலமரல்,O,noun meaning distress
வருத்தம்,O,noun meaning sorrow
தீர,O,verb meaning to end
யாழ,O,expletive particle
நின்,O,pronoun meaning your
நல,O,adjective meaning fine
மென்,O,adjective meaning delicate
பணைத்தோள்,O,bamboo-like arms
எய்தினம்,O,verb meaning if I attain
ஆகலின்,O,conjunction meaning so
பொரிப்,FOOD,puffed rice
பூம்,FLOWER,flowers
புன்கின்,PLANT,beech trees
எழில்,O,adjective meaning glowing
தகை,O,adjective meaning beautiful
ஒண்,O,adjective meaning bright
முறி,PLANT,tender sprouts
சுணங்கு,O,pallor spots
அணி,O,adjective meaning with
வன,O,adjective meaning beautiful
முலை,O,breasts
அணங்கு,DEITY,god
கொள,O,verb meaning to cause distress
திமிரி,O,verb meaning smeared
நிழல்,NATURE,shade
காண்தோறும்,O,whenever we see
நெடிய,O,adverb meaning for long
வைகி,O,verb meaning stay
மணல்,LANDFORM,sand
காண்தோறும்,O,whenever we see
வண்டல்,STRUCTURE,little sand houses
தைஇ,O,verb meaning make
வருந்தாது,O,verb meaning do not feel sad
ஏகுமதி,O,verb meaning you go with me
வால்,O,adjective meaning white
எயிற்றோயே,PERSON,oh one with white teeth
மா,FRUIT,mango
நனை,FLOWER,buds
கொழுதி,O,verb meaning prick
மகிழ்,O,adjective meaning happy
குயில்,BIRD,cuckoos
ஆலும்,O,verb meaning sing
நறும்,O,adjective meaning fragrant
தண்,O,adjective meaning cool
பொழில,FOREST,groves
கானம்,FOREST,forest
குறும்,O,adjective meaning few
பல்,O,adjective meaning many
ஊர,STRUCTURE,towns
யாம்,O,pronoun meaning we
செல்லும்,O,verb meaning will take
ஆறே,PATH,on the path
**Poem 10**,,
அண்ணாந்து,O,adverb meaning lifted
ஏந்திய,O,verb meaning lifted
வன,O,adjective meaning beautiful
முலை,O,breasts
தளரினும்,O,verb meaning even if sag
பொன்,WEALTH,gold
நேர்,O,adjective meaning like
மேனி,O,body
மணியின்,OBJECT,like sapphire
தாழ்ந்த,O,verb meaning hanging
நல்,O,adjective meaning fine
நெடுங்கூந்தல்,O,long hair
நரையொடு,O,with white
முடிப்பினும்,O,verb meaning even if braids become white
நீத்தல்,O,verb meaning abandoning
ஓம்புமதி,O,verb meaning please do not
பூக்கேழ்,FLOWER,laden with flowers
ஊர,PERSON,oh lord of the town
இன்,O,adjective meaning sweet
கடுங்கள்ளின்,FOOD,strong liquor
இழை,CLOTHING,jewels
அணி,O,adjective meaning decorated
நெடுந்தேர்க்,VEHICLE,tall chariots
கொற்றச்,WARRIOR,victorious
சோழர்,KING,Chozhas
கொங்கர்ப்,TRIBE,Kongu country people
பணீஇயர்,O,verb meaning to control
வெண்கோட்டு,ANIMAL,white tusked
யானைப்,ANIMAL,elephants
போஒர்,STRUCTURE,Pō ōr town
கிழவோன்,KING,lord
பழையன்,KING,Palaiyan
வேல்,WEAPON,spear
வாய்த்தன்ன,O,like unfailing
நின்,O,pronoun meaning your
பிழையா,O,adjective meaning faultless
நல்,O,adjective meaning good
மொழி,O,words
தேறிய,O,verb meaning understands
இவட்கே,O,pronoun meaning her
**Poem 11**,,
பெய்யாது,O,verb meaning not worn
வைகிய,O,verb meaning lying around
கோதை,OBJECT,garland
போல,O,like
மெய்,O,body
சாயினை,O,verb meaning you are distressed
அவர்,PERSON,he
செய்,O,verb meaning indicated
குறி,O,tryst
பிழைப்ப,O,verb meaning missed
உள்ளி,O,verb meaning thinking
நொதுமலர்,PERSON,strangers
நேர்பு,O,adjective meaning risen
உரை,O,gossip
தெள்ளிதின்,O,adverb meaning clearly
வாரார்,O,verb meaning he will not come
என்னும்,O,conjunction meaning that
புலவி,O,noun meaning sulking
உட்கொளல்,O,verb meaning do not have
ஒழிக,O,verb meaning destroy
மாள,O,expletive particle
நின்,O,pronoun meaning your
நெஞ்சத்தானே,O,in your heart
புணரி,WATERBODY,waves
பொருத,O,verb meaning attacked
பூ,FLOWER,flowers
மணல்,LANDFORM,sand
அடைகரை,WATERBODY,shore
ஆழி,WATERBODY,seashore
மருங்கின்,PLACE,near
அலவன்,ANIMAL,crabs
ஓம்பி,O,verb meaning protecting
வலவன்,PROFESSION,charioteer
வள்பு,OBJECT,bridle
ஆய்ந்து,O,verb meaning carefully
ஊர,O,verb meaning ride
நிலவு,NATURE,moonlight
விரிந்தன்றால்,O,verb meaning spread
கானலானே,FOREST,in the seashore grove
**Poem 12**,,
விளம்பழம்,FRUIT,wood apple
கமழும்,O,verb meaning fragrance spreads
கமஞ்சூல்,O,adjective meaning full
குழிசி,OBJECT,pots
பாசம்,OBJECT,ropes
தின்ற,O,verb meaning scarred or reduced
தேய்,O,adjective meaning reduced
கால்,PLANT,bases
மத்தம்,OBJECT,churning rods
நெய்,FOOD,butter
தெரி,O,verb meaning churning
இயக்கம்,O,noun meaning process
வெளில்,STRUCTURE,common place
முதல்,STRUCTURE,bases
முழங்கும்,O,verb meaning sounds
வைகு,O,verb meaning staying
புலர்,NATURE,dawn
விடியல்,NATURE,early morning
மெய்,O,body
கரந்து,O,verb meaning hiding
தன்,O,pronoun meaning her
கால்,O,feet
அரி,O,adjective meaning beautiful
அமை,O,adjective meaning made
சிலம்பு,OBJECT,anklets
கழீஇ,O,verb meaning removes
பல்,O,adjective meaning many
மாண்,O,adjective meaning splendid
வரி,O,adjective meaning with lines
புனை,O,verb meaning decorated
பந்தொடு,OBJECT,with the ball
வைஇய,O,verb meaning places
செல்வோள்,PERSON,she who goes
இவை,O,pronoun meaning these
காண்தோறும்,O,whenever they see
நோவர்,O,verb meaning they will be pained
மாதோ,O,expletive particles
அளியரோ,O,adjective meaning they are pitiable
அளியர்,O,adjective meaning they are pitiable
என்,O,pronoun meaning my
ஆயத்தோர்,PERSON,friends
என,O,conjunction meaning thus
நும்மொடு,O,pronoun meaning with you
வரவு,O,noun meaning going
தான்,O,pronoun meaning she
அயரவும்,O,verb meaning despite agreeing
தன்,O,pronoun meaning her
வரைத்து,O,limit
அன்றியும்,O,beyond
கலுழ்ந்தன,O,verb meaning there are tears
கண்ணே,O,eyes
**Poem 13**,,
எழாஅ,O,verb meaning you did not rise
ஆகலின்,O,since
எழில்,O,noun meaning beauty
நலம்,O,noun meaning virtue
தொலைய,O,verb meaning losing
அழாஅதீமோ,O,verb meaning do not cry
நொதுமலர்,PERSON,strangers
தலையே,PLACE,in the place
ஏனல்,FOOD,millet
காவலர்,PROFESSION,guards
மா,ANIMAL,animals
வீழ்த்து,O,verb meaning killed
பறித்த,O,verb meaning pulled out
பகழி,WEAPON,arrows
அன்ன,O,like
சேயரி,O,red lines
மழைக்,O,adjective meaning moist
கண்,O,eyes
நல்ல,O,adjective meaning beautiful
பெருந்தோளோயே,PERSON,oh young woman with thick arms
கொல்லன்,PROFESSION,blacksmith
எறி,O,verb meaning beaten
பொன்,WEALTH,gold
பிதிரின்,OBJECT,like sparks
சிறுபல,O,adjective meaning many small
காய,SEED,with seeds
வேங்கை,FLOWER,vengai trees
வீ,FLOWER,flowers
உகும்,O,verb meaning drop
ஓங்கு,O,adjective meaning tall
மலை,MOUNTAIN,mountains
கட்சி,STRUCTURE,nests
மயில்,BIRD,peacocks
அறிபு,O,verb meaning thinking they know
அறியா,O,verb meaning they do not know
மன்,O,expletive particle
ஓ,O,expletive particle
பயில்,O,adjective meaning dense
குரல்,FOOD,millet spears
கவரும்,O,verb meaning steal
பைம்புறக்,BIRD,with green backs
கிளியே,BIRD,parrots
**Poem 14**,,
தொல்கவின்,O,previous beauty
தொலைய,O,verb meaning to be lost
தோள்,O,arms
நலம்,O,beauty
சாஅய,O,verb meaning to be lost
நல்கார்,PERSON,one who does not give graces
நீத்தனர்,O,verb meaning he left
ஆயினும்,O,conjunction meaning even if
நல்குவர்,PERSON,he will give
நட்டனர்,PERSON,he is kind
வாழி,O,expletive particle
தோழி,PERSON,oh friend
குட்டுவன்,KING,Chera king
அகப்பா,STRUCTURE,fort
அழிய,O,verb meaning to be destroyed
நூறி,O,verb meaning ruined
செம்பியன்,KING,Chozha king
பகல்,NATURE,day
தீ,WEAPON,fire
வேட்ட,O,verb meaning set
ஞாட்பினும்,WARFARE,in battle
மிக,O,adverb meaning very
பெரிது,O,adjective meaning great
அலர்,O,gossip
எழ,O,verb meaning to rise
சென்றனர்,O,verb meaning he went
ஆயினும்,O,conjunction meaning yet
மலர்,FLOWER,flowers
கவிழ்ந்து,O,verb meaning bent
மா,O,adjective meaning big
மடல்,PLANT,petals
அவிழ்ந்த,FLOWER,opened
காந்தள்,FLOWER,glory lilies
அம்,O,adjective meaning lovely
சாரல்,MOUNTAIN,mountain slopes
இனம்,ANIMAL,herd
சால்,O,adjective meaning with
வய,O,adjective meaning strong
களிறு,ANIMAL,male elephant
பாந்தள்,ANIMAL,python
பட்டென,O,since it was caught
துஞ்சா,O,adjective meaning unable to sleep
துயரத்து,O,with distress
அஞ்சு,O,adjective meaning afraid
பிடி,ANIMAL,female elephant
பூசல்,NATURE,uproars
நெடு,O,adjective meaning tall
வரை,MOUNTAIN,mountain
விடர்,MOUNTAIN,cracks
அகத்து,PLACE,in
இயம்பும்,O,verb meaning echo
கடுமான்,ANIMAL,swift horses
புல்லிய,KING,Pulli's
காடு,FOREST,forest
இறந்தோரே,PERSON,the one who went
**Poem 15**,,
முழங்கு,WATERBODY,roaring
திரை,WATERBODY,waves
கொழீஇய,O,verb meaning brought and heaped
மூரி,LANDFORM,tall dunes
எக்கர்,LANDFORM,dunes
நுணங்கு,O,adjective meaning fine
துகில்,CLOTHING,cloth
நுடக்கம்,O,movement
போல,O,like
கணம்,O,adverb meaning to pile up
கொள,O,verb meaning to
ஊதை,NATURE,northerly winds
தூற்றும்,O,verb meaning scatter
உரவு,WATERBODY,powerful
நீர்ச்,WATERBODY,shores
சேர்ப்ப,PERSON,oh lord
பூவின்,FLOWER,flower's
அன்ன,O,like
நலம்,O,virtue
புதிது,O,adverb meaning first
உண்டு,O,verb meaning took
நீ,O,pronoun meaning you
புணர்ந்த,O,verb meaning united
அனையேம்,O,like that
அன்மையின்,O,since she is not
யாமே,O,pronoun meaning we
நேர்புடை,O,adjective meaning agreeable
நெஞ்சம்,O,heart
தாங்கத்,O,verb meaning to bear
தாங்கி,O,verb meaning bearing
மாசு,O,adjective meaning faultless
இல்,O,adjective meaning without
கற்பின்,O,with virtue
மடவோள்,PERSON,naive young woman
குழவி,CHILD,baby
பேஎய்,MYTH,ghoul
வாங்க,O,verb meaning snatched
கைவிட்டாங்கு,O,like how she abandoned
சேணும்,O,adverb meaning for a long time
எம்மொடு,O,pronoun meaning with us
வந்த,O,verb meaning came
நாணும்,O,modesty
விட்டேம்,O,verb meaning we let go
அலர்க,O,verb meaning let it spread
இவ்,O,pronoun meaning this
ஊரே,STRUCTURE,town
**Poem 16**,,
புணரின்,O,verb meaning if I stay
புணராது,O,verb meaning will not attain
பொருளே,WEALTH,wealth
பொருள்வயின்,O,for wealth
பிரியின்,O,verb meaning if I separate
புணராது,O,verb meaning I cannot unite
புணர்வே,O,union
ஆயிடை,DESERT,wasteland
செல்லினும்,O,verb meaning whether you go
செல்லாய்,O,verb meaning or do not go
ஆயினும்,O,conjunction meaning whether
நல்லதற்கு,O,for the right thing
உரியை,O,verb meaning it is good
வாழி,O,expletive particle
என்,O,pronoun meaning my
நெஞ்சே,O,heart
பொருளே,WEALTH,wealth
வாடாப்,FLOWER,fresh
பூவின்,FLOWER,flowers
பொய்கை,WATERBODY,pond
나ாப்பண்,PLACE,in the middle
ஓடு,FISH,fish
மீன்,FISH,fish
வழியின்,PATH,like the path
கெடுவ,O,verb meaning will be ruined
யானே,O,pronoun meaning me
விழுநீர்,WATERBODY,huge oceans
வியல்,STRUCTURE,wide
அகம்,STRUCTURE,earth
தூணி,OBJECT,measure
ஆக,O,verb meaning as
எழு,NUMERAL,seven
மாண்,O,adverb meaning times
அளக்கும்,O,verb meaning measuring
விழுநிதி,WEALTH,great wealth
பெறினும்,O,verb meaning even if I get
கனங்குழைக்கு,PERSON,to the young woman with heavy earrings
அமர்த்த,O,verb meaning differing
சேயரி,O,red lines
மழைக்,O,adjective meaning moist
கண்,O,eyes
அமர்ந்து,O,verb meaning with
இனிது,O,adjective meaning sweet
நோக்கமொடு,O,with looks
செகுத்தன,O,verb meaning they ruined
எனைய,O,adjective meaning these
ஆகுக,O,verb meaning I do not care about it
வாழிய,O,expletive particle
பொருளே,WEALTH,wealth
**Poem 17**,,
நாள்,NATURE,early morning
மழை,NATURE,rains
தலைஇய,O,verb meaning fell
நல்,O,adjective meaning fine
நெடுங்குன்றத்து,MOUNTAIN,lofty mountains
மால்,WATERBODY,dark
கடல்,WATERBODY,ocean
திரையின்,WATERBODY,like waves
இழிதரும்,WATERBODY,cascade down
அருவி,WATERBODY,waterfalls
அகல்,FOREST,huge
இருங்கானத்து,FOREST,big forest
அல்கு,PLACE,nearby
அணி,O,adjective meaning beautiful
நோக்கி,O,verb meaning looked
தாங்கவும்,O,verb meaning when I tried to bear
தகைவரை,O,verb meaning to block
நில்லா,O,verb meaning unable
நீர்,WATERBODY,tears
சுழல்பு,O,verb meaning increased
ஏந்து,O,adjective meaning lifted
எழில்,O,adjective meaning beautiful
மழைக்,O,adjective meaning moist
கண்,O,eyes
கலுழ்தலின்,O,since they shed tears
அன்னை,PERSON,mother
எவன்,O,pronoun meaning what
செய்தனையோ,O,verb meaning did you do
நின்,O,pronoun meaning your
இலங்கு,O,adjective meaning bright
எயிறு,ANIMAL,teeth
உண்கு,O,verb meaning I will kiss
என,O,conjunction meaning that
மெல்லிய,O,adjective meaning tender
இனிய,O,adjective meaning sweet
கூறலின்,O,since she uttered
வல்,O,adverb meaning very
விரைந்து,O,adverb meaning fast
உயிரினும்,O,than life
சிறந்த,O,adjective meaning better
நாணும்,O,shyness
நனி,O,adverb meaning a lot
மறந்து,O,verb meaning forgot
உரைத்தல்,O,verb meaning to say
உய்ந்தனனே,O,verb meaning I started to say then stopped
தோழி,PERSON,my friend
சாரல்,MOUNTAIN,mountain slopes
காந்தள்,FLOWER,glory lilies
ஊதிய,INSECT,swarmed by
மணி,OBJECT,sapphire
நிற,COLOR,colored
தும்பி,INSECT,bees
தீம்,O,adjective meaning sweet
தொடை,O,noun meaning stringed instrument
நரம்பின்,OBJECT,like lute strings
இமிரும்,O,verb meaning hum
வான்,NATURE,sky
தோய்,O,verb meaning high
வெற்பன்,PERSON,lord of the mountains
மார்பு,O,chest
அணங்கு,O,noun meaning reason for sorrow
எனவே,O,conjunction meaning that
**Poem 18**,,
பருவரல்,O,adjective meaning sad
நெஞ்சமொடு,O,with heart
பல்,O,adjective meaning many
படர்,O,noun meaning sorrows
அகல,O,verb meaning to remove
வருவர்,PERSON,he will come
வாழி,O,expletive particle
தோழி,PERSON,oh friend
மூவன்,KING,king Moovan
முழு,O,adjective meaning very
வலி,O,adjective meaning strong
முள்,ANIMAL,sharp
எயிறு,ANIMAL,teeth
அழுத்திய,O,verb meaning embedded
கதவின்,STRUCTURE,door
கானல்,FOREST,seashore grove
அம்,O,suffix meaning beautiful
தொண்டிப்,STRUCTURE,Thondi
பொருநன்,KING,lord
வென்,WEAPON,victorious
வேல்,WEAPON,spears
தெறல்,WARFARE,defeat
அருந்தானை,WARRIOR,invincible army
பொறையன்,KING,Poraiyan
பாசறை,WARFARE,battle camp
நெஞ்சம்,O,hearts
நடுக்குறூஉம்,O,verb meaning with fear
துஞ்சா,WARRIOR,who do not sleep
மறவர்,WARRIOR,warriors
திரை,WATERBODY,waves
தபு,O,verb meaning without
கடலின்,WATERBODY,like ocean
இனிது,O,adverb meaning sweetly
கண்படுப்ப,O,verb meaning they sleep
கடாஅம்,O,musth
கழீஇய,O,verb meaning ended
கதன்,O,rage
அடங்கு,O,verb meaning controlled
யானை,ANIMAL,elephant
தடாஅ,O,adjective meaning large or curved
நிலை,O,single
ஒரு,NUMERAL,one
கோட்டன்ன,ANIMAL,like a tusk
ஒன்று,O,adjective meaning one
இலங்கு,O,adjective meaning bright
அருவிய,WATERBODY,waterfall
குன்று,MOUNTAIN,mountain
இறந்தோரே,PERSON,the one who went
**Poem 19**,,
இறவுப்,FISH,shrimp's
புறத்து,O,back side
அன்ன,O,like
பிணர்படு,O,adjective meaning scaly
தடவு,O,adjective meaning thick
முதல்,PLANT,trunks
சுறவுக்,FISH,shark's
கோட்டன்ன,OBJECT,like sword
முள்,PLANT,thorny
இலைத்,PLANT,leaves
தாழை,PLANT,thazhai trees
பெருங்களிற்று,ANIMAL,huge male elephant's
மருப்பின்,ANIMAL,like tusks
அன்ன,O,like
அரும்பு,FLOWER,buds
முதிர்பு,O,verb meaning mature
நன்மான்,ANIMAL,female deer
உழையின்,ANIMAL,like does
வேறுபட,O,verb meaning varying
தோன்றி,O,verb meaning appearing
விழவுக்,STRUCTURE,festival
களம்,PLACE,grounds
கமழும்,O,verb meaning fragrant with
உரவு,WATERBODY,powerful
நீர்ச்,WATERBODY,shores
சேர்ப்ப,PERSON,oh lord
இன,OBJECT,many
மணி,OBJECT,bells
நெடுந்தேர்,VEHICLE,tall chariot
பாகன்,PROFESSION,charioteer
இயக்க,O,verb meaning driving
செலீஇய,O,verb meaning to leave
சேறி,O,verb meaning if you go away
ஆயின்,O,conjunction meaning if
இவளே,PERSON,she
வருவை,O,verb meaning you return
ஆகிய,O,verb meaning agreed
சில்,NUMERAL,few
நாள்,NATURE,days
வாழாள்,O,verb meaning she will not live
ஆதல்,O,being so
நற்கு,O,adverb meaning well
அறிந்தனை,O,verb meaning you understand
சென்மே,O,verb meaning do the right thing
**Poem 20**,,
ஐய,PERSON,oh lord
குறுமகள்,PERSON,young lady
கண்டிகும்,O,verb meaning I saw
வைகி,O,verb meaning staying
மகிழ்நன்,PERSON,lord
மார்பில்,O,on your chest
துஞ்சி,O,verb meaning slept
அவிழ்,FLOWER,opening
இணர்த்,FLOWER,clusters
தேம்,FOOD,honey
பாய்,O,verb meaning flowing
மராஅம்,FLOWER,kadampam flowers
கமழும்,O,verb meaning fragrant
கூந்தல்,O,hair
துளங்கு,O,verb meaning swaying
இயல்,O,nature
அசைவர,O,verb meaning swaying
கலிங்கம்,CLOTHING,clothes
துயல்,O,verb meaning swaying
வர,O,verb meaning as
செறி,O,adjective meaning stacked
தொடி,OBJECT,bangles
தெளிர்ப்ப,O,verb meaning jingling
வீசி,O,verb meaning swinging
மறுகில்,STRUCTURE,on the street
பூப்,FLOWER,flower
போல்,O,like
உண்கண்,O,kohl-rimmed eyes
பெயர்ப்ப,O,verb meaning moving
நோக்கி,O,verb meaning looked
சென்றனள்,O,verb meaning she went
வாழிய,O,expletive particle
மடந்தை,PERSON,young lady
நுண்,O,adjective meaning fine
பல்,O,adjective meaning many
சுணங்கு,O,pallor spots
அணிவுற்ற,O,verb meaning with
விளங்கு,O,adjective meaning bright
பூணள்,PERSON,woman wearing jewels
மார்புறு,O,verb meaning hugging the chest
முயக்கிடை,O,embrace
ஞெமிர்ந்த,O,verb meaning crushed
சோர்,O,adjective meaning wilted
குழை,PLANT,leaves
பழம்,O,adjective meaning old
பிணி,O,love distress
வைகிய,O,verb meaning stayed
தோள்,O,shoulders
இணைக்,O,both
குழைந்த,O,verb meaning crushed
கோதை,OBJECT,garlands
கொடி,PLANT,vines
முயங்கலளே,O,verb meaning she is without your embraces
Word,Entity,Explanation
**Poem 21**,,
விரைப்,ANIMAL,fast
பரி,ANIMAL,horses
வருந்திய,O,verb meaning tired
வீங்கு,O,adjective meaning long
செலல்,O,noun meaning distance
இளையர்,WARRIOR,young warriors
அரை,O,waist
செறி,O,verb meaning tied
கச்சை,CLOTHING,waist wrap
யாப்பு,O,tie
அழித்து,O,verb meaning untying
அசைஇ,O,verb meaning resting
வேண்டு,O,verb meaning desired
அமர்,O,adjective meaning pleasing
நடையர்,PERSON,with walk
மென்மெல,O,adverb meaning slowly
வருக,O,verb meaning may they walk
தீண்டா,O,adjective meaning unused
வை,O,adjective meaning sharp
முள்,WEAPON,goad
தீண்டி,O,verb meaning using
நாம்,O,pronoun meaning we
செலற்கு,O,verb meaning to go
ஏமதி,O,verb meaning ride
வலவ,PROFESSION,oh charioteer
தேரே,VEHICLE,the chariot
உதுக்காண்,O,look there
உருக்குறு,O,adjective meaning melted
நறு,O,adjective meaning fragrant
நெய்,FOOD,ghee
பால்,FOOD,milk
விதிர்த்தன்ன,O,like sprinkled
அரிக்குரல்,BIRD,with sharp tones
மிடற்ற,ANIMAL,with neck
அம்,O,adjective meaning pretty
நுண்,O,adjective meaning fine
பல்,O,adjective meaning many
பொறி,BIRD,spots
காமரு,O,adjective meaning desirable
தகைய,O,with beauty
கான,BIRD,forest
வாரணம்,BIRD,fowl
பெயல்,NATURE,rains
நீர்,WATERBODY,water
போகிய,O,verb meaning stopped
வியல்,O,adjective meaning vast
நெடும்,O,adjective meaning long
புறவில்,FOREST,in the woodland
புலரா,O,adjective meaning not dry
ஈர்,O,adjective meaning wet
மணல்,LANDFORM,sand
மலிர,O,adverb meaning well
கெண்டி,O,verb meaning digging
நாள்,FOOD,daily morning food
இரை,FOOD,worm
கவர,O,verb meaning to seize
மாட்டி,O,verb meaning placed on beak
தன்,O,pronoun meaning its
பேடை,BIRD,female
நோக்கிய,O,verb meaning looks at
பெருந்தகு,O,adjective meaning great
நிலையே,O,situation
**Poem 22**,,
கொடிச்சி,PERSON,mountain dwelling woman
காக்கும்,O,verb meaning guards
அடுக்கல்,MOUNTAIN,mountain ranges
பைந்தினை,FOOD,fresh millet
முந்து,O,adverb meaning first
விளை,O,verb meaning mature
பெருங்குரல்,FOOD,huge spears
கொண்ட,O,verb meaning took
மந்தி,ANIMAL,female monkey
கல்லா,O,adjective meaning does not know
கடுவனொடு,ANIMAL,with male monkey
நல்,O,adjective meaning fine
வரை,MOUNTAIN,mountain
ஏறி,O,verb meaning climbed on
அங்கை,O,palm
நிறைய,O,full
ஞெமிடிக்,O,verb meaning crushing
கொண்டு,O,verb meaning taking
தன்,O,pronoun meaning its
திரை,O,adjective meaning wrinkled
அணல்,ANIMAL,chin
கொடுங்கவுள்,ANIMAL,curved cheeks
நிறைய,O,full
முக்கி,O,verb meaning stuffed
வான்,NATURE,sky
பெயல்,NATURE,rain
நனைந்த,O,verb meaning drenched
புறத்த,O,backs
நோன்பியர்,PERSON,ritualists
தை,SEASON,Thai month
ஊண்,FOOD,food
இருக்கையின்,PLACE,like the place where they eat
தோன்றும்,O,verb meaning appear
நாடன்,PERSON,the man from such country
வந்தனன்,O,verb meaning he came
வாழி,O,expletive particle
தோழி,PERSON,oh friend
உலகம்,STRUCTURE,world
கயம்,WATERBODY,ponds
கண்,WATERBODY,water source
அற்ற,O,verb meaning dried
பைது,PLANT,tender grains
அறு,O,verb meaning parched
காலை,NATURE,time
பீளொடு,PLANT,with tender grains
திரங்கிய,O,verb meaning withered
நெல்லிற்கு,FOOD,for the paddy field
நள்ளென்,NATURE,pitch darkness
யாமத்து,NATURE,night
மழை,NATURE,rain
பொழிந்தாங்கே,O,like it came
**Poem 23**,,
தொடி,OBJECT,bangles
பழி,O,blame
மறைத்தலின்,O,since she hid them
தோள்,O,arms
உய்ந்தனவே,O,verb meaning did not reveal
வடிக்,O,adjective meaning combed
கொள்,O,verb meaning tied
கூழை,O,hair
ஆயமோடு,PERSON,with friends
ஆடலின்,O,since she played
இடிப்பு,O,adjective meaning tired
மெய்யது,O,body
ஒன்று,O,adjective meaning one
உடைத்தே,O,verb meaning it looked like
கடிக்,O,verb meaning to protect
கொள,O,verb meaning to
அன்னை,PERSON,mother
காக்கும்,O,verb meaning protected
தொல்,O,adjective meaning prior
நலம்,O,virtue or beauty
சிதைய,O,verb meaning ruined
காண்தொறும்,O,whenever she sees it
கலுழ்தல்,O,verb meaning she cries
அன்றியும்,O,not just that
ஈண்டு,O,adjective meaning abundant
நீர்,WATERBODY,water
முத்துப்படு,OBJECT,with pearls
பரப்பின்,WATERBODY,of the ocean
கொற்கை,STRUCTURE,Korkai town
முன்துறை,WATERBODY,shores
சிறு,O,adjective meaning small
பாசடைய,PLANT,with green leaves
செப்பு,O,adjective meaning beautiful
ஊர்,O,verb meaning in
நெய்தல்,FLOWER,waterlilies
தெண்,WATERBODY,clear
நீர்,WATERBODY,water
மலரின்,FLOWER,like blossoms
தொலைந்த,O,verb meaning ruined
கண்ணே,O,eyes
காமம்,O,love
கரப்பு,O,verb meaning to hide
அரியவ்வே,O,adjective meaning difficult
**Poem 24**,,
பார்,NATURE,ground
பக,O,verb meaning splitting
வீழ்ந்த,O,verb meaning went down
வேருடை,PLANT,with roots
விழுக்,O,adjective meaning big
கோட்டு,PLANT,with branches
உடும்பு,ANIMAL,monitor lizards
அடைந்தன்ன,O,like scales
நெடும்,O,adjective meaning tall
பொரி,O,adjective meaning rough or cracked
விளவின்,FRUIT,of wood apple trees
ஆட்டு,O,noun meaning playing
ஒழி,O,verb meaning abandoned
பந்தின்,OBJECT,like balls
கோட்டு,O,adjective meaning from the branch
மூக்கு,FRUIT,stem
இறுபு,O,verb meaning snapping
கம்பலத்து,OBJECT,like carpets
அன்ன,O,like
பைம்,PLANT,green
பயிர்த்,PLANT,bushes
தாஅம்,O,verb meaning spread
வெள்ளில்,FRUIT,wood apples
வல்சி,FOOD,food
வேற்று,O,adjective meaning another
நாட்டு,REGION,country
ஆர்,DESERT,harsh
இடைச்,PATH,path
சேறும்,O,verb meaning I will go
நாம்,O,pronoun meaning I
என,O,conjunction meaning that
சொல்ல,O,verb meaning when he said
சேயிழை,PERSON,oh one with fine jewels
நன்று,O,adjective meaning good
என,O,conjunction meaning that
புரிந்தோய்,PERSON,you who desired
நன்று,O,adjective meaning good
செய்தனையே,O,verb meaning you did a good thing
செயல்படு,O,adjective meaning to do good things
மனத்தர்,PERSON,he is with the mind
செய்,O,verb meaning to earn
பொருட்கு,WEALTH,for wealth
அகல்வர்,PERSON,men will leave
ஆடவர்,PERSON,men
அது,O,pronoun meaning that
அதன்,O,pronoun meaning their
பண்பே,O,nature
**Poem 25**,,
அவ்,O,adjective meaning beautiful
வளை,OBJECT,conch
வெரிநின்,O,on the backs
அரக்கு,OBJECT,vermilion
ஈர்த்தன்ன,O,like painted
செவ்வரி,O,with red lines
இதழ,FLOWER,with petals
சேண்,O,adverb meaning from a distance
நாறு,O,verb meaning fragrant
பிடவின்,FLOWER,pidavam flowers
நறுந்தாது,FOOD,fragrant pollen
ஆடிய,INSECT,swarmed by
தும்பி,INSECT,bees
பசுங்கேழ்,COLOR,lovey color
பொன்,WEALTH,gold
உரை,O,verb meaning rubbing
கல்லின்,OBJECT,like touchstones
நல்,O,adjective meaning fine
நிறம்,COLOR,color
பெறூஉம்,O,verb meaning they get
வளமலை,MOUNTAIN,prosperous mountains
நாடன்,PERSON,lord of the mountains
நெருநல்,NATURE,yesterday
நம்மொடு,O,pronoun meaning with us
கிளை,O,adverb meaning densely
மலி,O,adjective meaning heavily
சிறுதினை,FOOD,small millet
கிளி,BIRD,parrots
கடிந்து,O,verb meaning chased
அசைஇ,O,verb meaning resting
சொல்லிடம்,O,opportunity to talk
பெறாஅன்,O,verb meaning not getting
பெயர்ந்தனன்,O,verb meaning he left
பெயர்ந்தது,O,verb meaning his leaving
அல்லல்,O,noun meaning pain
அன்று,O,verb meaning is not
அது,O,pronoun meaning that
காதல்,O,adjective meaning beloved
அம்,O,adjective meaning beautiful
தோழி,PERSON,friend
தாது,FOOD,pollen
உண்,O,verb meaning to eat
வேட்கையின்,O,with desire
போது,FLOWER,flowers
தெரிந்து,O,verb meaning knowing
ஊதா,O,verb meaning not buzzing
வண்டு,INSECT,bee
ஓரன்ன,O,like
அவன்,PERSON,his
தண்டாக்,O,adjective meaning unspoiled
காட்சி,O,appearance
கண்டும்,O,verb meaning even on seeing
கழல்,OBJECT,loose
தொடி,OBJECT,bangles
வலித்த,O,verb meaning tightening
என்,O,pronoun meaning my
பண்பு,O,adjective meaning senseless
இல்,O,adjective meaning without
செய்தி,O,deed
நினைப்பு,O,thinking
ஆகின்றே,O,verb meaning I think about
**Poem 26**,,
நோகோ,O,verb meaning I am hurting
யானே,O,pronoun meaning me
நெகிழ்ந்தன,O,verb meaning have slipped down
வளையே,OBJECT,bangles
செவ்வி,O,adjective meaning firmly
சேர்ந்த,O,verb meaning set
புள்ளி,O,dots
வெள்,O,adjective meaning white
அரை,STRUCTURE,base
விண்டுப்,MOUNTAIN,like a mountain
புரையும்,O,like
புணர்,O,adjective meaning being
நிலை,O,adjective meaning firmly
நெடுங்கூட்டு,STRUCTURE,tall grain silos
பிண்ட,FOOD,abundant
நெல்லின்,FOOD,rice paddy
தாய்,PERSON,mother's
மனை,STRUCTURE,house
ஒழிய,O,verb meaning leaving
சுடர்,NATURE,sun's rays
முழுது,O,adverb meaning very
எறிப்ப,O,verb meaning attacked
திரங்கி,O,verb meaning withered
செழுங்காய்,FRUIT,plump fruits
முட,O,adjective meaning dwarfed
முதிர்,O,adjective meaning old
பலவின்,FRUIT,jackfruit trees
அத்தம்,DESERT,wasteland
நும்மொடு,O,pronoun meaning with you
கெடுதுணை,PERSON,partner
ஆகிய,O,verb meaning being
தவறோ,O,is it a mistake
வை,ANIMAL,sharp
எயிற்று,ANIMAL,with teeth
பொன்,WEALTH,gold
பொதிந்தன்ன,O,like embedded
சுணங்கின்,O,with pallor spots
இருஞ்சூழ்,O,adjective meaning thick dark
ஓதி,PERSON,with hair
பெருந்தோளாட்கே,PERSON,for the young woman with wide arms
**Poem 27**,,
நீயும்,O,pronoun meaning you
யானும்,O,pronoun meaning I
நெருநல்,NATURE,yesterday
பூவின்,FLOWER,of flowers
நுண்,O,adjective meaning fine
தாது,FOOD,pollen
உறைக்கும்,O,verb meaning dropping
வண்டினம்,INSECT,bees
ஓப்பி,O,verb meaning chased
ஒழி,WATERBODY,dashing
திரை,WATERBODY,waves
வரித்த,O,verb meaning brought and heaped
வெண்மணல்,LANDFORM,white sand
அடைகரை,WATERBODY,shore
கழி,WATERBODY,backwaters
சூழ்,O,verb meaning surrounded by
கானல்,FOREST,seashore grove
ஆடியது,O,verb meaning playing
அன்றி,O,other than
கரந்து,O,adverb meaning in secrecy
நாம்,O,pronoun meaning we
செய்தது,O,verb meaning did
ஒன்று,O,adjective meaning one
இல்லை,O,verb meaning there is not
உண்டு,O,verb meaning if there was
எனின்,O,conjunction meaning if
நன்றும்,O,adverb meaning greatly
பரந்து,O,verb meaning spreading
பிறர்,PERSON,everybody
அறிந்தன்றும்,O,verb meaning would have known
இலரே,O,verb meaning they do not know
எவன்,O,pronoun meaning what
குறித்தனள்,O,verb meaning does she think
கொல்,O,particle implying doubt
அன்னை,PERSON,mother
கயம்,WATERBODY,ponds
தோறு,O,in all
இற,FISH,prawns
ஆர்,O,verb meaning feeding
இனக்,BIRD,flocks of
குருகு,BIRD,herons
ஒலிப்ப,O,verb meaning making sounds
சுறவம்,FISH,sharks
கழி,WATERBODY,brackish waters
சேர்,O,verb meaning in
மருங்கின்,PLACE,where
கணைக்,O,adjective meaning thick
கால்,PLANT,stems
நீடிக்,O,verb meaning extending
கண்,O,eyes
போல்,O,like
பூத்தமை,O,verb meaning blooming
கண்டு,O,verb meaning seeing
நுண்,O,adjective meaning small
பல,O,adjective meaning many
சிறு,O,adjective meaning small
பாசடைய,PLANT,with green leaves
நெய்தல்,FLOWER,waterlilies
குறுமோ,O,verb meaning you go and pluck
சென்று,O,verb meaning go
என,O,conjunction meaning that
கூறாதோளே,PERSON,she who does not tell us
**Poem 28**,,
என்,O,pronoun meaning my
கைக்,O,hand
கொண்டு,O,verb meaning taking
தன்,O,pronoun meaning his
கண்,O,eyes
ஒற்றியும்,O,verb meaning press
தன்,O,pronoun meaning his
கைக்,O,hand
கொண்டு,O,verb meaning taking
என்,O,pronoun meaning my
நன்னுதல்,O,fine forehead
நீவியும்,O,verb meaning stroke
அன்னை,PERSON,mother
போல,O,like
இனிய,O,adjective meaning sweet
கூறியும்,O,verb meaning spoke
கள்வர்,PERSON,thieves
போல,O,like
கொடியன்,PERSON,he is cruel
மாதோ,O,expletive particles
மணி,OBJECT,sapphire
என,O,conjunction meaning as
இழிதரும்,WATERBODY,flow down
அருவி,WATERBODY,waterfalls
பொன்,WEALTH,gold
என,O,conjunction meaning as
வேங்கை,FLOWER,vengai flowers
தாய,O,verb meaning spread
ஓங்கு,O,adjective meaning tall
மலை,MOUNTAIN,mountain
அடுக்கத்து,MOUNTAIN,ranges
ஆடு,O,verb meaning swaying
கழை,PLANT,bamboo
நிவந்த,O,verb meaning tall
பைங்கண்,PLANT,green nodes
மூங்கில்,PLANT,bamboo
ஓடு,O,verb meaning moving
மழை,NATURE,clouds
கிழிக்கும்,O,verb meaning tear
சென்னி,MOUNTAIN,summits
கோடு,MOUNTAIN,peaks
உயர்,O,adjective meaning tall
பிறங்கல்,O,adjective meaning bright
மலை,MOUNTAIN,mountains
கிழவோனே,PERSON,lord
**Poem 29**,,
நின்ற,O,adjective meaning long
வேனில்,NATURE,summer
உலந்த,O,verb meaning faded or dried
காந்தள்,FLOWER,glory lilies
அழல்,NATURE,blazing
அவிர்,O,adjective meaning bright
நீள்,O,adjective meaning long
இடை,PATH,paths
நிழலிடம்,NATURE,shade
பெறாஅது,O,verb meaning without getting
ஈன்று,O,verb meaning gave birth
கான்,FOREST,in the forest
மடிந்த,O,verb meaning died or stayed
பிணவுப்,ANIMAL,female
பசி,FOOD,hunger
கூர்ந்தென,O,since it was great
மான்ற,O,adjective meaning confusing
மாலை,NATURE,evening
வழங்குநர்ச்,PERSON,those who travel
செகீஇய,O,verb meaning to kill
புலி,ANIMAL,tiger
பார்த்து,O,verb meaning stalks
உறையும்,O,verb meaning waits
புல்,PLANT,grass
அதர்,PATH,path
சிறுநெறி,PATH,small path
யாங்கு,O,pronoun meaning how
வல்லுநள்,O,verb meaning can she handle
கொல்,O,particle implying doubt
தானே,O,pronoun meaning she
யான்,O,pronoun meaning I
தன்,O,pronoun meaning her
வனைந்து,O,verb meaning painted
ஏந்து,O,adjective meaning lifted
இள,O,adjective meaning young
முலை,O,breasts
நோவ,O,verb meaning hurt
கொல்,O,particle implying doubt
என,O,conjunction meaning that
நினைந்து,O,verb meaning thinking
கை,O,hands
நெகிழ்ந்த,O,verb meaning relaxed
அனைத்தற்கு,O,for that
தான்,O,pronoun meaning her
தன்,O,pronoun meaning her
பேர்,O,adjective meaning huge
அமர்,O,adjective meaning calm
மழைக்,O,adjective meaning moist
கண்,O,eyes
ஈரிய,O,adjective meaning wet
கலுழ,O,verb meaning with tears
வெய்ய,O,adjective meaning hot
உயிர்க்கும்,O,verb meaning she sighed
சாயல்,O,adjective meaning delicate
மை,O,adjective meaning dark
ஈர்,O,adjective meaning oiled
ஓதி,PERSON,with hair
பெருமடத்தகையே,PERSON,the respected naive young woman
**Poem 30**,,
கண்டனென்,O,verb meaning I saw
மகிழ்ந,PERSON,oh lord
கண்டு,O,verb meaning seeing
எவன்,O,pronoun meaning what
செய்கோ,O,verb meaning was the use
பாணன்,PROFESSION,bard
கையது,O,held by
பண்புடை,O,adjective meaning noble
சீறியாழ்,OBJECT,small lute
யாணர்,FOOD,new
வண்டின்,INSECT,like bees
இம்மென,O,loud sounds
இமிரும்,O,verb meaning it sounds
ஏர்தரு,O,adjective meaning beautiful
தெருவின்,STRUCTURE,on the street
எதிர்ச்சி,O,arrival
நோக்கி,O,verb meaning looking for
நின்,O,pronoun meaning your
மார்பு,O,chest
தலைக்கொண்ட,PERSON,those who had hugged
மாணிழை,CLOTHING,with esteemed jewels
மகளிர்,PERSON,women
கவல்,O,noun meaning confusion
ஏமுற்ற,O,verb meaning distressed
வெய்து,O,adjective meaning hot
வீழ்,O,verb meaning shedding
அரிப்,O,adjective meaning little
பனி,NATURE,tears
கால்,NATURE,winds
ஏமுற்ற,O,verb meaning when they blew
பைதரு,O,adjective meaning distressing
காலை,NATURE,time
கடல்மரம்,VEHICLE,ship
கவிழ்ந்தென,O,since it capsized
கலங்கி,O,verb meaning with distress
உடன்,O,adverb meaning together
வீழ்பு,O,verb meaning falling
பலர்,PERSON,many
கொள்,O,verb meaning hold
பலகை,OBJECT,board
போல,O,like
வாங்க,O,verb meaning pulled
வாங்க,O,verb meaning pulled
நின்று,O,verb meaning stood
ஊங்கு,O,adverb meaning back and forth
அஞர்,O,noun meaning sorrowful
நிலையே,O,situation
**Poem 31**,,
மா,WATERBODY,dark
இரும்,WATERBODY,dark
பரப்பு,WATERBODY,expanse
அகம்,WATERBODY,inside
துணிய,O,verb meaning clearly
நோக்கி,O,verb meaning searching
சேயிறா,FISH,red shrimp
எறிந்த,BIRD,caught
சிறு,O,adjective meaning small
வெண்காக்கை,BIRD,white seagull
பாய்,O,adjective meaning spread
இரும்,O,adjective meaning dark
பனிக்,WATERBODY,cold
கழி,WATERBODY,backwaters
துழைஇ,O,verb meaning searched
பைங்கால்,BIRD,with tender legs
தான்,O,pronoun meaning its
வீழ்,O,adjective meaning beloved
பெடைக்கு,BIRD,for the female
பயிரிடூஉ,O,verb meaning calls
சுரக்கும்,O,verb meaning it gives
சிறு,O,adjective meaning small
வீ,FLOWER,flowers
ஞாழல்,FLOWER,cassia trees
துறையும்,WATERBODY,port
ஆர்,O,expletive particle
இனிதே,O,adjective meaning it was pleasant
பெரும்,O,adjective meaning great
புலம்பு,O,noun meaning sorrow
உற்ற,O,verb meaning attained
நெஞ்சமொடு,O,with heart
பல,O,adjective meaning many
நினைந்து,O,verb meaning thinking
யானும்,O,pronoun meaning I
இனையேன்,O,like this
ஆயின்,O,conjunction meaning if
ஆனாது,O,adjective meaning restless
வேறு,O,adjective meaning different
பல்,O,adjective meaning many
நாட்டில்,REGION,in countries
கால்,NATURE,wind
தர,O,verb meaning brought
வந்த,O,verb meaning came
பல,O,adjective meaning many
உறு,O,adjective meaning kinds of
பண்ணியம்,WEALTH,goods
இழிதரு,O,verb meaning brought down
நிலவு,NATURE,moonlight
மணல்,LANDFORM,sand
நெடுஞ்சினை,PLANT,tall branches
புன்னை,PLANT,punnai trees
கடுஞ்சூல்,BIRD,fully pregnant with eggs
வெண்குருகு,BIRD,white heron
உலவுத்,WATERBODY,moving
திரை,WATERBODY,waves
ஓதம்,WATERBODY,ocean
வெரூஉம்,O,verb meaning fears
உரவு,WATERBODY,powerful
நீர்ச்,WATERBODY,shores
சேர்ப்பனொடு,PERSON,with the lord
மணவா,O,verb meaning before united
ஊங்கே,O,before
**Poem 32**,,
மாயோன்,DEITY,Thirumal
அன்ன,O,like
மால்,O,adjective meaning lofty
வரை,MOUNTAIN,mountains
கவாஅன்,MOUNTAIN,slopes
வாலியோன்,DEITY,Balaraman
அன்ன,O,like
வயங்கு,O,adjective meaning white
வெள்ளருவி,WATERBODY,waterfalls
அம்,O,adjective meaning beautiful
மலை,MOUNTAIN,mountains
கிழவோன்,PERSON,lord
நம்,O,pronoun meaning you
நயந்து,O,verb meaning desires
என்றும்,O,adverb meaning always
வருந்தினன்,O,verb meaning he is distressed
என்பது,O,that
ஓர்,O,adjective meaning a
வாய்ச்,O,noun meaning word
சொல்,O,words
தேறாய்,O,verb meaning you do not understand
நீயும்,O,pronoun meaning you
கண்டு,O,verb meaning seeing
நுமரொடும்,PERSON,with your friends
எண்ணி,O,verb meaning analyzing
அறிவு,O,intelligence
அறிந்து,O,verb meaning knowing
அளவல்,O,verb meaning you should talk
வேண்டும்,O,verb meaning need to
மறுத்தரற்கு,O,verb meaning to refuse
அரிய,O,adjective meaning difficult
வாழி,O,expletive particle
தோழி,PERSON,oh friend
பெரியோர்,PERSON,wise people
நாடி,O,verb meaning examining
நட்பின்,O,in friendship
அல்லது,O,other than
நட்டு,O,verb meaning making friends
நாடார்,O,verb meaning they will not examine
தம்,O,pronoun meaning their
ஒட்டியோர்,PERSON,friends
திறத்தே,O,in
**Poem 33**,,
படுசுடர்,NATURE,setting sun
அடைந்த,O,verb meaning reached
பகுவாய்,MOUNTAIN,split
நெடுவரை,MOUNTAIN,tall mountains
முரம்பு,LANDFORM,gravel
சேர்,O,verb meaning near
சிறுகுடி,STRUCTURE,small village
பரந்த,O,verb meaning spreading
மாலை,NATURE,evening
புலம்பு,O,lonely
கூட்டுண்ணும்,O,verb meaning eat together
புல்லென்,O,adjective meaning dull
மன்றத்துக்,STRUCTURE,in the public place
கல்லுடை,LANDFORM,with rocks
படுவில்,WATERBODY,puddles
கலுழி,WATERBODY,turbid water
தந்து,O,verb meaning bringing
நிறை,NATURE,abundant
பெயல்,NATURE,rain
அறியாக்,O,verb meaning does not know
குறை,O,adjective meaning little
ஊண்,FOOD,food
அல்லில்,NATURE,at night
துவர்,O,adjective meaning red
செய்,O,verb meaning dyed
ஆடை,CLOTHING,clothing
செந்தொடை,WEAPON,with fine arrows
மறவர்,WARRIOR,wasteland bandits
அதர்,PATH,path
பார்த்து,O,verb meaning looking for
அல்கும்,O,verb meaning approach
அஞ்சுவரு,O,adjective meaning fearful
நெறியிடை,PATH,on the paths
இறப்ப,O,verb meaning to pass
எண்ணுவர்,O,verb meaning if he desires
அவர்,PERSON,he
எனின்,O,conjunction meaning if
மறுத்தல்,O,verb meaning to deny him
வல்லுவம்,O,verb meaning will I have the strength
கொல்லோ,O,particle implying doubt
மெல்லியல்,PERSON,oh delicate friend
நாம்,O,pronoun meaning I
என,O,conjunction meaning that
விம்முறு,O,adjective meaning sobbing
கிளவியள்,PERSON,she who utters words
என்,O,pronoun meaning my
முகம்,O,face
நோக்கி,O,verb meaning looking at
நல்,O,adjective meaning fine
அக,O,chest
வன,O,adjective meaning lovely
முலை,O,breasts
கரை,O,ends
சேர்பு,O,verb meaning reaching
மல்கு,WATERBODY,full
புனல்,WATERBODY,stream
பரந்த,O,verb meaning spread
மலர்,FLOWER,flower
ஏர்,O,like
கண்ணே,O,eyes
**Poem 34**,,
கடவுள்,DEITY,gods
கற்சுனை,WATERBODY,mountain springs
அடை,PLANT,leaves
இறந்து,O,verb meaning pushing aside
அவிழ்ந்த,FLOWER,blossomed
பறியாக்,FLOWER,not plucked
குவளை,FLOWER,blue waterlilies
மலரொடு,FLOWER,with flowers
காந்தள்,FLOWER,glory lilies
குருதி,COLOR,blood color
ஒண்,FLOWER,bright
பூ,FLOWER,flowers
உருகெழ,O,adjective meaning very well
கட்டி,O,verb meaning tying
பெருவரை,MOUNTAIN,tall mountain
அடுக்கம்,MOUNTAIN,ranges
பொற்ப,O,verb meaning to brighten
சூர்மகள்,DEITY,mountain goddess
அருவி,WATERBODY,waterfalls
இன்,O,adjective meaning sweet
இயத்து,OBJECT,instruments
ஆடும்,O,verb meaning dances
நாடன்,PERSON,the man from the country
மார்புதர,O,verb meaning embracing
வந்த,O,verb meaning came
படர்,O,noun meaning sorrow
மலி,O,adjective meaning great
அரு,O,adjective meaning difficult
நோய்,O,disease
நின்,O,pronoun meaning your
அணங்கு,DEITY,anger
அன்மை,O,not being
அறிந்தும்,O,verb meaning even after knowing
அண்ணாந்து,O,adverb meaning with lifted head
கார்,NATURE,rainy season
நறும்,O,adjective meaning fragrant
கடம்பின்,FLOWER,kadampam
கண்ணி,OBJECT,garland
சூடி,O,verb meaning wearing
வேலன்,PROFESSION,velan priest
வேண்ட,O,verb meaning inviting
வெறிமனை,STRUCTURE,veriyattam ritual house
வந்தோய்,DEITY,you who came
கடவுள்,DEITY,god
ஆயினும்,O,conjunction meaning even if
ஆக,O,verb meaning is
மடவை,O,adjective meaning ignorant
மன்ற,O,particle implying certainty
வாழிய,O,expletive particle
முருகே,DEITY,oh Murukan
**Poem 35**,,
பொங்கு,WATERBODY,overflowing
திரை,WATERBODY,waves
பொருத,O,verb meaning crashing
வார்,O,adjective meaning long
மணல்,LANDFORM,sand
அடைகரை,WATERBODY,shore
புன்கால்,PLANT,thin stemmed
நாவல்,FRUIT,naval fruit
பொதிப்,O,adjective meaning fleshy
புற,O,sides
இருங்கனி,FRUIT,black fruit
கிளை,INSECT,bee
செத்து,O,verb meaning thinking it was another bee
மொய்த்த,O,verb meaning swarmed
தும்பி,INSECT,bee
பழம்,FRUIT,fruit
செத்து,O,verb meaning thinking it was a fruit
பல்கால்,ANIMAL,with many legs
அலவன்,ANIMAL,crab
கொண்ட,O,verb meaning seized
கோட்கு,O,for seizing
அசாந்து,O,verb meaning saddened
கொள்ளா,O,verb meaning escaping
நரம்பின்,OBJECT,like lute music
இமிரும்,O,verb meaning buzzing
பூசல்,NATURE,uproar
இரை,FOOD,food
தேர்,O,verb meaning searching for
நாரை,BIRD,stork
எய்தி,O,verb meaning reaching
விடுக்கும்,O,verb meaning releases
துறை,WATERBODY,port
கெழு,O,adjective meaning with
மரந்தை,STRUCTURE,Maranthai city
அன்ன,O,like
இவள்,O,pronoun meaning her
நலம்,O,beauty
பண்டும்,O,in the past
இற்றே,O,verb meaning like it was
கண்டிசின்,O,verb meaning look at her
தெய்ய,O,expletive particle
உழையின்,O,adverb meaning not moving away from
போகாது,O,verb meaning not moving away
அளிப்பினும்,O,verb meaning even though he showered graces
சிறிய,O,adverb meaning a little bit
ஞெகிழ்ந்த,O,verb meaning released
கவின்,O,noun meaning beauty
நலம்,O,noun meaning virtue
கொல்லோ,O,particle implying doubt
மகிழ்ந்தோர்,PERSON,those who drink
கள்,FOOD,liquor
களி,O,delight
செருக்கத்து,O,intoxication
அன்ன,O,like
காமம்,O,love
கொல்,O,particle implying doubt
இவள்,O,pronoun meaning her
கண்,O,eyes
பசந்ததுவே,O,verb meaning became pale
**Poem 36**,,
குறுங்கை,ANIMAL,with short front legs
இரும்புலி,ANIMAL,big tiger
கோள்,O,adjective meaning murderous
வல்,O,adjective meaning strong
ஏற்றை,ANIMAL,male
பூ,O,adjective meaning beautiful
நுதல்,ANIMAL,forehead
இரும்,ANIMAL,dark
பிடி,ANIMAL,female elephant
புலம்ப,O,verb meaning to be distressed
தாக்கி,O,verb meaning attacked
தாழ்,WATERBODY,deep or shallow
நீர்,WATERBODY,water
நனந்தலை,PLACE,vast space
பெருங்களிறு,ANIMAL,huge male elephant
அடூஉம்,O,verb meaning killed
கல்,MOUNTAIN,with mountains
அக,MOUNTAIN,with mountains
வெற்பன்,PERSON,lord of the mountains
சொல்லின்,O,words
தேறி,O,verb meaning trusting
யாம்,O,pronoun meaning you
எம்,O,pronoun meaning your
நலன்,O,virtue
இழந்தனமே,O,verb meaning lost
யாமத்து,NATURE,at nights
அலர்வாய்ப்,PERSON,mouthy
பெண்டிர்,PERSON,women
அம்பலொடு,O,with gossip
ஒன்றி,O,verb meaning together
புரை,O,adjective meaning with nothing good
இல்,O,adjective meaning without
தீ,O,adjective meaning evil
மொழி,O,words
பயிற்றிய,O,verb meaning uttered
உரை,O,what they wanted to say
எடுத்து,O,verb meaning undertaking
ஆனா,O,adjective meaning non-stopping
கௌவைத்து,O,slander
ஆக,O,verb meaning that is uttered
தான்,O,pronoun meaning it
என்,O,pronoun meaning what
இழந்தது,O,verb meaning has it lost
இவ்,O,pronoun meaning this
அழுங்கல்,O,adjective meaning loud or uproarious
ஊரே,STRUCTURE,town
**Poem 37**,,
பிணங்கு,O,adjective meaning tangled
அரில்,PLANT,bushes
வாடிய,O,verb meaning dried
பழவிறல்,O,adjective meaning ancient and robust
நனந்தலை,PLACE,vast space
உணங்கு,O,adjective meaning dry
ஊண்,FOOD,grass
ஆயத்து,ANIMAL,of herds
ஓர்,O,adjective meaning one
ஆன்,ANIMAL,cow
தெள்,O,adjective meaning clear
மணி,OBJECT,bell
பைபய,O,adverb meaning very gently
இசைக்கும்,O,verb meaning rings
அத்தம்,DESERT,wasteland
வை,ANIMAL,sharp
எயிற்று,ANIMAL,with teeth
இவளொடும்,PERSON,with this young woman
செலினோ,O,verb meaning if you go
நன்றே,O,adjective meaning good
குவளை,FLOWER,blue waterlilies
நீர்,WATERBODY,water
சூழ்,O,verb meaning surrounded by
மா,O,adjective meaning dark
மலர்,FLOWER,flower
அன்ன,O,like
கண்,O,eyes
அழ,O,verb meaning crying
கலை,ANIMAL,male deer
ஒழி,O,verb meaning separated
பிணையின்,ANIMAL,like a doe
கலங்கி,O,verb meaning in distress
மாறி,O,verb meaning leaving
அன்பு,O,love
இலிர்,O,adjective meaning without kindness
அகறிர்,O,verb meaning if you leave
ஆயின்,O,conjunction meaning if
என்,O,pronoun meaning my
பரம்,O,noun meaning burden
ஆகுவது,O,verb meaning I cannot handle
அன்று,O,verb meaning is not
இவள்,O,pronoun meaning her
அவலம்,O,noun meaning distress
நாகத்து,ANIMAL,snakes
அணங்குடை,O,adjective meaning distressing
அருந்தலை,ANIMAL,fierce heads
உடலி,O,verb meaning enraged
வலன்,REGION,right side
ஏர்பு,O,verb meaning rising up
ஆர்கலி,NATURE,loud
நல்,O,adjective meaning fine
ஏறு,NATURE,thunder
திரிதரும்,O,verb meaning moving
கார்,NATURE,rainy season
செய்,O,verb meaning of
மாலை,NATURE,evening
வரூஉம்,O,verb meaning arrives
போழ்தே,NATURE,time
**Poem 38**,,
வேட்டம்,FISH,fishing
பொய்யாது,O,verb meaning not failing
வலை,OBJECT,nets
வளம்,WEALTH,abundance
சிறப்ப,O,verb meaning prospering
பாட்டம்,NATURE,rains
பொய்யாது,O,verb meaning not failing
பரதவர்,PROFESSION,fishermen
பகர,O,verb meaning sell
இரும்,O,adjective meaning dark
பனந்தீம்,FOOD,sweet palmyra
பிழி,FOOD,toddy
உண்போர்,PERSON,those who drink
மகிழும்,O,verb meaning are happy
ஆர்கலி,NATURE,loud sounds
யாணர்த்து,O,prosperous
ஆயினும்,O,conjunction meaning yet
தேர்,VEHICLE,chariot
கெழு,O,adjective meaning with
மெல்லம்புலம்பன்,PERSON,lord of the delicate shores
பிரியின்,O,verb meaning if he separates
புல்லென,O,adverb meaning dull or sad
புலம்பு,O,noun meaning loneliness
ஆகின்றே,O,verb meaning becomes
தோழி,PERSON,oh friend
கலங்கு,O,adjective meaning muddied
நீர்,WATERBODY,waters
கழி,WATERBODY,brackish water
சூழ்,O,verb meaning surrounded by
படப்பை,GARDEN,grove
காண்டவாயில்,STRUCTURE,Kandavayil town
ஒலி,O,adjective meaning flourishing
கா,O,adjective meaning mature
ஓலை,PLANT,palm fronds
முள்,PLANT,thorn
மிடை,O,adjective meaning dense
வேலி,STRUCTURE,fence
பெண்ணை,PLANT,palmyra trees
இவரும்,O,verb meaning growing tall
ஆங்கண்,PLACE,there
வெண்மணல்,LANDFORM,white sand
படப்பை,GARDEN,grove
எம்,O,pronoun meaning our
அழுங்கல்,O,adjective meaning slandering
ஊரே,STRUCTURE,town
**Poem 39**,,
சொல்லின்,O,verb meaning if I say
சொல்,O,words
எதிர்,O,in response
கொள்ளாய்,O,verb meaning you do not respond
யாழ,O,expletive particle
நின்,O,pronoun meaning your
திரு,O,adjective meaning beautiful
முகம்,O,face
இறைஞ்சி,O,verb meaning bending
நாணுதி,O,verb meaning you get shy
கதுமென,O,adverb meaning fast
காமம்,O,love
கைம்மிகின்,O,verb meaning if exceeds
தாங்குதல்,O,verb meaning to tolerate
எளிதோ,O,adjective meaning is it easy
கொடுங்கேழ்,O,adjective meaning curved bright
இரும்,O,adjective meaning big
புறம்,O,back
நடுங்க,O,verb meaning trembling
குத்தி,O,verb meaning stabbed
புலி,ANIMAL,tiger
விளையாடிய,O,verb meaning played with
புலவு,O,adjective meaning flesh smelling
நாறு,O,verb meaning stinking
வேழத்தின்,ANIMAL,elephant's
தலை,O,tips
மருப்பு,ANIMAL,tusks
ஏய்ப்ப,O,like
கடைமணி,O,sides of the eyes
சிவந்த,O,adjective meaning red
நின்,O,pronoun meaning your
கண்ணே,O,eyes
கதவ,O,verb meaning they are not the only ones
அல்ல,O,verb meaning are not
நண்ணார்,WARRIOR,enemies
அரண்தலை,STRUCTURE,with great protection
மதிலர்,O,who have fort walls
ஆகவும்,O,as one who went past
முரசு,OBJECT,drums
கொண்டு,O,verb meaning with
ஓம்பு,O,adjective meaning protected
அரண்,STRUCTURE,forts
கடந்த,WARRIOR,seized
அடு,WARFARE,murderous
போர்,WARFARE,battles
செழியன்,KING,Chezhiyan king
பெரும்,O,adjective meaning big
பெயர்,O,adjective meaning famous
கூடல்,STRUCTURE,Madurai city
அன்ன,O,like
நின்,O,pronoun meaning your
கரும்புடை,O,adjective meaning with sugarcane paintings
தோளும்,O,arms
உடையவால்,O,verb meaning they give me distress
அணங்கே,O,exclamation of distress
**Poem 40**,,
நெடுநா,OBJECT,long clappers
ஒள்,O,adjective meaning bright
மணி,OBJECT,bells
கடி,O,adjective meaning protected
மனை,STRUCTURE,house
இரட்ட,O,verb meaning ringing
குரை,O,adjective meaning rustling
இலைப்,PLANT,leaves or fronds
போகிய,O,verb meaning thatched with
விரவு,O,adjective meaning spread
மணல்,LANDFORM,sand
பந்தர்,STRUCTURE,pavilion
பெரும்பாண்,PROFESSION,leader of bards
காவல்,O,protection
பூண்டென,O,like afforded
ஒரு,O,adjective meaning one
சார்த்,PLACE,on one side
திருந்திழை,CLOTHING,with fine jewels
மகளிர்,PERSON,women
விரிச்சி,O,omen
நிற்ப,O,verb meaning stand waiting
வெறி,O,fragrance
உற,O,adverb meaning filled
விரிந்த,O,adjective meaning spread
அறுவை,CLOTHING,cloth
மெல்,O,adjective meaning soft
அணைப்,OBJECT,bed
புனிறு,O,recently delivered
நாறு,O,verb meaning fragrance
செவிலியொடு,PERSON,with foster mother
புதல்வன்,PERSON,son
துஞ்ச,O,verb meaning sleeps
ஐயவி,FOOD,white mustard paste
அணிந்த,O,verb meaning applied
நெய்யாட்டு,O,oiled bath
ஈரணி,CLOTHING,wet jewels
பசு,O,adjective meaning fresh
நெய்,FOOD,oil or ghee
கூர்ந்த,O,verb meaning applied
மென்மை,O,adjective meaning delicate
யாக்கை,O,body
சீர்,WEALTH,with wealth
கெழு,O,adjective meaning having
மடந்தை,PERSON,woman
ஈர்,O,adjective meaning wet
இமை,O,eyelids
பொருந்த,O,verb meaning closed
நள்ளென்,NATURE,pitch darkness
கங்குல்,NATURE,night
கள்வன்,PERSON,thief
போல,O,like
அகல்,O,adjective meaning wide
துறை,WATERBODY,ports
ஊரனும்,PERSON,the man from the town
வந்தனன்,O,verb meaning he came
சிறந்தோன்,PERSON,noble father's
பெயரன்,PERSON,son
பிறந்தமாறே,O,since he was born
Word,Entity,Explanation
poem41,,
பைங்கண்,ANIMAL,green-eyed (describing elephant)
யானை,ANIMAL,elephant
பரூஉ,O,adjective meaning fat/large (with sandhi)
தாள்,O,noun meaning leg
உதைத்த,O,verb meaning kicked
வெண்புற,O,adjective meaning white-surfaced
க்,O,sandhi consonant
களரி,DESERT,saline wasteland
விடு,O,verb meaning released
நீறு,O,noun meaning dust
ஆடி,O,verb meaning surrounded/bathed in
சுரன்,DESERT,wasteland
முதல்,O,noun meaning beginning/first
வருந்திய,O,verb meaning suffered/saddened
வருத்தம்,O,noun meaning sorrow
பைபய,O,adverb meaning little by little
பாஅர்,MOUNTAIN,rocks (with sandhi)
மலி,O,adjective meaning filled/abundant
சிறு,O,adjective meaning small
கூவலின்,WATERBODY,from small pits/pools
தணியும்,O,verb meaning reduces/quenches
நெடுஞ்சேண்,O,adverb meaning very far away
சென்று,O,verb meaning having gone
வருந்துவர்,O,verb meaning they will suffer
மாதோ,O,expletive/particle
எல்லி,TIME,night
வந்த,O,verb meaning came
நல்,O,adjective meaning good/famous
இசை,O,adjective meaning distinguished/famous
விருந்திற்கு,O,noun meaning for guests
கிளர்,O,adjective meaning bright/shining
இழை,OBJECT,jewel/ornament
அரிவை,PERSON,young woman
நெய்,FOOD,ghee/oil
துழந்து,O,verb meaning mixed/stirred
அட்ட,O,verb meaning cooked
விளர்,O,adjective meaning fatty
ஊன்,FOOD,meat
அம்,O,expletive/particle
புகை,NATURE,smoke
எறிந்த,O,verb meaning attacked/hit
நெற்றி,O,noun meaning forehead
சிறு,O,adjective meaning small
நுண்,O,adjective meaning fine/delicate
ப்,O,sandhi consonant
பல்,O,adjective meaning many
வியர்,O,noun meaning sweat
பொறித்த,O,verb meaning formed/appeared
குறு,O,adjective meaning short/small
நடை,O,noun meaning walk/steps
க்,O,sandhi consonant
கூட்டம்,O,noun meaning union
வேண்டுவோரே,PERSON,the man who desires (her)
poem42,,
மறத்தற்கு,O,verb meaning to forget
அரிது,O,adjective meaning difficult/rare
ஆல்,O,expletive/particle
பாக,PERSON,oh charioteer
பல்,O,adjective meaning many
நாள்,TIME,days
வறத்தொடு,O,noun meaning with dryness/sorrow
பொருந்திய,O,verb meaning associated with
உலகு,PLACE,world/earth
தொழில்,O,noun meaning work/duty
கொளீஇய,O,verb meaning to undertake/to do (with sandhi)
பழ,NATURE,old (describing rain)
மழை,NATURE,rain
பொழிந்த,NATURE,poured/rained
புது,NATURE,new
நீர்,WATERBODY,water
அவல,PLACE,pits/low-lying areas
நா,ANIMAL,tongue (here referring to frogs)
நவில்,O,verb meaning to recite/speak
பல்,O,adjective meaning many
கிளை,ANIMAL,kin/species (frogs)
கறங்க,O,verb meaning to croak/sound
மாண்,O,adjective meaning esteemed/great
வினை,O,noun meaning work
மணி,OBJECT,bell
ஒலி,NATURE,sound
கேளாள்,PERSON,she who does not hear
வாள்,O,adjective meaning bright/sharp
நுதல்,PERSON,forehead (part of woman)
அதனால்,O,conjunction meaning therefore/so
ஏகுமின்,O,verb meaning go (plural command)
என்ற,O,verb meaning said
இளையர்,PERSON,young men/servants
வல்லே,O,adverb meaning quickly/skillfully
இல்,STRUCTURE,house
புக்கு,O,verb meaning having entered
அறியுநர்,PERSON,those who announce/messengers
ஆக,O,verb meaning becoming
மெல்லென,O,adverb meaning softly/gently
மண்ணா,O,adjective meaning not decorated
க்,O,sandhi consonant
கூந்தல்,CLOTHING,hair
மாசு,O,noun meaning dirt/imperfection
அற,O,adverb meaning completely/without
கழீஇ,O,verb meaning cleaned/washed (with sandhi)
சில்,O,adjective meaning few/some
போது,FLOWER,flowers
கொண்டு,O,verb meaning having taken
பல்,O,adjective meaning many
குரல்,O,noun meaning clusters
அழுத்திய,O,verb meaning placed/inserted
அந்நிலை,O,adverb meaning at that time
புகுதலின்,O,verb meaning since entering
மெய்,O,noun meaning body
வருத்துறாஅ,O,verb meaning hurting/paining (with sandhi)
அவிழ்,O,verb meaning loosened/let down
பூ,FLOWER,flowers
முடியினள்,PERSON,she with loosened hair
கவைஇய,O,verb meaning embraced (with sandhi)
மட,O,adjective meaning naive/innocent
மா,O,adjective meaning dark/beautiful
அரிவை,PERSON,young woman
மகிழ்ந்து,O,verb meaning being happy
அயர்,O,verb meaning to experience/to have
நிலையே,O,noun meaning situation/state
poem43,,
துகில்,CLOTHING,cloth/fabric
விரித்தன்ன,O,adjective meaning like spread out
வெயில்,NATURE,sun/sunlight
அவிர்,O,adjective meaning bright/shining
உருப்பின்,O,noun meaning with heat
என்றூழ்,TIME,summer
நீடிய,O,adjective meaning long/extended
குன்றத்து,MOUNTAIN,on the mountain
க்,O,sandhi consonant
கவாஅன்,MOUNTAIN,mountain slopes (with sandhi)
ஓய்ப்,O,adjective meaning intense/great
பசி,O,noun meaning hunger
செந்நாய்,ANIMAL,wild dog (Cuon alpinus)
உயங்கு,O,adjective meaning sad/distressed
மரை,ANIMAL,marai deer (a deer species)
தொலைச்சி,O,verb meaning killing/having killed
ஆர்ந்தன,O,verb meaning they ate to fullness
ஒழிந்த,O,verb meaning remaining/left over
மிச்சில்,FOOD,leftover food
சேய்,O,adjective meaning distant/far
நாட்டு,REGION,in the country
அருஞ்சுரம்,DESERT,harsh wasteland
செல்வோர்க்கு,PERSON,to those who travel
வல்சி,FOOD,food
ஆகும்,O,verb meaning will become
வெம்மை,NATURE,heat/hotness
ஆர்,O,adjective meaning abundant/filled
இடை,PLACE,path/way
இறத்தல்,O,verb meaning to pass through/go
நுமக்கே,O,pronoun meaning for you (with expletive)
மெய்ம்மலி,O,adjective meaning filling the body
உவகை,O,noun meaning happiness
ஆகின்று,O,verb meaning it becomes
இவட்கே,O,pronoun meaning for her (with expletive)
அஞ்சல்,O,verb meaning do not fear
என்ற,O,verb meaning said
இறை,PERSON,king/ruler
கைவிட்டென,O,verb meaning abandoned/since abandoned
பைங்கண்,ANIMAL,green-eyed (describing elephant)
யானை,ANIMAL,elephant
வேந்து,PERSON,king
புறத்து,O,adverb meaning outside/from outside
இறுத்தலின்,O,verb meaning since camping/attacking
களையுநர்,PERSON,those who can remove/save
க்,O,sandhi consonant
காணாது,O,verb meaning not seeing
கலங்கிய,O,verb meaning distressed
உடை,O,adjective meaning broken/ruined
மதில்,STRUCTURE,fort wall
ஓர்,O,numeral meaning one
எயில்,STRUCTURE,fort
மன்னன்,PERSON,king
போல,O,particle meaning like
அழிவு,O,noun meaning ruin/distress
வந்தன்று,O,verb meaning has come
ஆல்,O,expletive/particle
ஒழிதல்,O,verb meaning to leave/cease
கேட்டே,O,verb meaning hearing/on hearing
poem44,,
பொரு,O,verb meaning to fight/oppose
இல்,O,particle meaning without
ஆயமொடு,PERSON,with friends
அருவி,WATERBODY,waterfall
ஆடி,O,verb meaning having played
நீர்,WATERBODY,water
அலை,O,noun meaning wave
ச்,O,sandhi consonant
சிவந்த,O,adjective meaning reddened
பேர்,O,adjective meaning big/great
அமர்,O,adjective meaning calm/desirable
மழைக்,NATURE,moist/wet
கண்,O,noun meaning eyes
குறியா,O,adjective meaning unspecified/general
நோக்கமொடு,O,noun meaning with glance/look
முறுவல்,O,noun meaning smile
நல்கி,O,verb meaning having given/bestowed
மனை,STRUCTURE,house
வயின்,O,postposition meaning near/toward
பெயர்ந்த,O,verb meaning having moved/returned
காலை,TIME,at the time
நினைஇய,O,verb meaning thinking about (with sandhi)
நினக்கோ,O,pronoun meaning for you (with expletive)
அறியுநள்,PERSON,she who is fit to know
நெஞ்சே,O,noun meaning oh heart
புனத்த,FIELD,in the field
நீடு,O,adjective meaning long
இலை,PLANT,leaf
விளை,O,adjective meaning mature/ripened
தினை,FOOD,millet
கொடுங்கால்,PLANT,curved stems
நிமிர,O,verb meaning to rise/lift
கொழுங்குரல்,FOOD,mature/full millet clusters
கோடல்,O,verb meaning to pluck
கண்ணி,FLOWER,flower strand/garland
செழும்,O,adjective meaning rich/abundant
பல்,O,adjective meaning many
கிளை,O,noun meaning relatives
க்,O,sandhi consonant
குறவர்,TRIBE,mountain people/dwellers
அல்கு,O,verb meaning to stay/rest
அயர்,O,adjective meaning wide/spacious
முன்றில்,STRUCTURE,front yard
குடக்காய்,FRUIT,pot-like breadfruit
ஆசினிப்,FRUIT,breadfruit tree
படப்பை,FOREST,grove
நீடிய,O,adjective meaning long/extended
பல்,O,adjective meaning many
மர,PLANT,trees
உயர்,O,adjective meaning tall/high
சினை,PLANT,branch
மின்மினி,INSECT,firefly
விளக்கத்து,O,noun meaning with light
செல்,O,verb meaning moving
மழை,NATURE,cloud
இயக்கம்,NATURE,movement
காணும்,O,verb meaning seeing
நல்,O,adjective meaning fine/good
மலை,MOUNTAIN,mountain
நாடன்,PERSON,man from the country
காதல்,O,noun meaning beloved/dear
மகளே,PERSON,daughter (with expletive)
poem45,,
இவளே,PERSON,this young woman/my friend
கானல்,FOREST,seashore grove
நண்ணிய,O,verb meaning nearby/approached
காமர்,O,adjective meaning beautiful/desirable
சிறுகுடி,PLACE,small village/settlement
நீல்,O,adjective meaning blue colored (with elision)
நிற,O,noun meaning color
ப்,O,sandhi consonant
பெருங்கடல்,WATERBODY,big ocean
கலங்க,O,verb meaning to stir/be stirred
உள்,O,adverb meaning inside
புக்கு,O,verb meaning having entered
மீன்,FISH,fish
எறி,PROFESSION,fishermen who catch fish
பரதவர்,PROFESSION,fishermen
மகளே,PERSON,daughter (with expletive)
நீயே,O,pronoun meaning you (with expletive)
நெடுங்கொடி,OBJECT,tall flags/long flags
நுடங்கும்,O,verb meaning swaying
நியம,PLACE,with markets/shops
மூதூர்,PLACE,ancient town
கடுந்தேர்,VEHICLE,fast chariot
செல்வன்,PERSON,rich man/wealthy person
காதல்,O,noun meaning beloved
மகனே,PERSON,son (with expletive)
நிண,FOOD,fatty
ச்,O,sandhi consonant
சுறா,FISH,shark
அறுத்த,O,verb meaning sliced/cut up
உணக்கல்,O,noun meaning drying
வேண்டி,O,verb meaning desiring/wanting
இன,O,adjective meaning flock/group
ப்,O,sandhi consonant
புள்,BIRD,birds
ஓப்பும்,O,verb meaning chasing
எமக்கு,O,pronoun meaning to us
நலன்,O,noun meaning virtue/goodness
எவனோ,O,interrogative meaning of what use
புலவு,O,noun meaning stench of fish
நாறுதும்,O,verb meaning we reek/smell
செல,O,verb meaning go away
நின்றீமோ,O,verb meaning do not stand (with expletive)
பெருநீர்,WATERBODY,ocean/sea
விளையுள்,O,noun meaning yields/produce
எம்,O,pronoun meaning our
சிறு,O,adjective meaning small
நல்,O,adjective meaning good
வாழ்க்கை,O,noun meaning life
நும்மொடு,O,pronoun meaning with you
புரைவதோ,O,verb meaning is equal to/compared with
அன்றே,O,adverb meaning it is not (with expletive)
எம்மனோரில்,PERSON,among our people
செம்மலும்,PERSON,fine men/leaders
உடைத்தே,O,verb meaning there are/exist (with expletive)
poem46,,
வைகல்தோறும்,TIME,every day
இன்பமும்,O,noun meaning pleasure/happiness
இளமையும்,O,noun meaning youth
எய்,WEAPON,arrow that is shot
கணை,WEAPON,arrow
நிழலின்,NATURE,like the shadow
கழியும்,O,verb meaning will be lost/pass
இவ்,O,pronoun meaning this
உலகத்து,PLACE,in this world
காணீர்,O,verb meaning if you do not see
என்றலோ,O,verb meaning saying/if (with expletive)
அரிதே,O,adjective meaning it is rare/difficult
அது,O,pronoun meaning that
நனி,O,adverb meaning greatly/very
பேணீர்,O,verb meaning may you care for/protect
ஆகுவிர்,O,verb meaning you become
ஐய,PERSON,sir/lord
என்,O,pronoun meaning my
தோழி,PERSON,friend
பூண்,OBJECT,jewel/ornament
அணி,O,adjective meaning adorned/decorated
ஆகம்,O,noun meaning chest
புலம்ப,O,verb meaning to be distressed
பாணர்,PROFESSION,bards
அயிர்ப்பு,O,noun meaning confusion/doubt
க்,O,sandhi consonant
கொண்டன்ன,O,adjective meaning like attaining
கொன்றை,FLOWER,laburnum flower/golden shower tree
அம்,O,expletive/particle
தீம்,O,adjective meaning sweet
கனி,FRUIT,fruit
பறை,OBJECT,drum
அறை,O,verb meaning to beat/strike
கடிப்பின்,OBJECT,like the sounds of sticks
அறை,PLACE,rocks
அறையாத்,O,verb meaning falling on/beating against
துயல்வர,O,verb meaning swaying
வெவ்வளி,NATURE,hot wind/harsh wind
வழங்கும்,O,verb meaning blows/moves
வேய்,PLANT,bamboo
பயில்,O,verb meaning abundant/filled
அழுவத்து,FOREST,in the forest
எவ்வம்,O,noun meaning sorrow/distress
மிகூஉம்,O,verb meaning with great/excessive (with sandhi)
அருஞ்சுரம்,DESERT,difficult wasteland
இறந்து,O,verb meaning having passed through
நன்வாய்,O,noun meaning good mouth/good life
அல்லா,O,adjective meaning not good/not proper
வாழ்க்கை,O,noun meaning life
மன்னாப்,O,adjective meaning not permanent/impermanent
பொருட்பிணி,O,noun meaning attachment to wealth
ப்பிரிதும்,O,verb meaning we will leave
யாம்,O,pronoun meaning we
எனவே,O,verb saying thus (with expletive)
poem47,,
பெருங்களிறு,ANIMAL,huge male elephant
உழுவை,ANIMAL,tiger
அட்டென,O,verb meaning since it killed
இரும்,O,adjective meaning dark/big
பிடி,ANIMAL,female elephant
உயங்கு,O,adjective meaning sad/distressed
பிணி,O,noun meaning disease/sorrow
வருத்தமொடு,O,noun meaning with sorrow/distress
இயங்கல்,O,verb meaning to leave/to function
செல்லாது,O,verb meaning unable to
நெய்தல்,FLOWER,waterlily
பாசடை,PLANT,green leaves
புரையும்,O,verb meaning resembling/like
அம்,O,expletive/particle
செவி,ANIMAL,ears
ப்,O,sandhi consonant
பைதல்,O,adjective meaning distressed/sad
அம்,O,expletive/particle
குழவி,ANIMAL,calf/young one
தழீஇ,O,verb meaning embraced (with sandhi)
ஒய்யென,O,adverb meaning quickly
அரும்,O,adjective meaning difficult/precious
புண்,O,noun meaning wound/ulcer
உறுநரின்,PERSON,like those who have
வருந்தி,O,verb meaning suffering
வைகும்,O,verb meaning stays/lives
கானக,FOREST,forest land
நாடற்கு,PERSON,to the man from the forest land
இது,O,pronoun meaning this
என,O,verb meaning thus/saying
யான்,O,pronoun meaning I
அது,O,pronoun meaning that
கூறின்,O,verb meaning if I tell
எவனோ,O,interrogative meaning what is wrong
தோழி,PERSON,my friend
வேறு,O,adverb meaning differently
உணர்ந்து,O,verb meaning having understood/realized
அணங்கு,DEITY,goddess/deity causing distress
அறி,O,verb meaning to know
கழங்கின்,OBJECT,with molucca seeds (caesalpinia crista)
கோட்டம்,O,noun meaning change/omen
காட்டி,O,verb meaning having shown/foretold
வெறி,O,noun meaning ritual/veriyattam
என,O,verb meaning thus
உணர்ந்த,O,verb meaning having understood/thought
உள்ளமொடு,O,noun meaning with heart/mind
மறி,ANIMAL,young goat
அறுத்த,O,verb meaning having cut/sacrificed
அன்னை,PERSON,mother
அயரும்,O,verb meaning performs/does
முருகு,DEITY,Murukan
நின்,O,pronoun meaning your
பொன்,OBJECT,gold
நேர்,O,particle meaning like/resembling
பசலைக்கு,O,noun meaning for the pallor
உதவாமாறே,O,verb meaning since it will not help/remove
poem48,,
அன்றை,TIME,that day
அனைய,O,adjective meaning such/like that
ஆகி,O,verb meaning having become/being
இன்றும்,TIME,even today
எம்,O,pronoun meaning our
கண்,O,noun meaning eyes
உள,O,verb meaning exist/are
போல,O,particle meaning like
சுழலும்,O,verb meaning revolves/lingers
மாதோ,O,expletive/particle
புல்,O,adjective meaning dull/faded
இதழ்,FLOWER,petal/sepals
க்,O,sandhi consonant
கோங்கின்,FLOWER,kongam flowers (Cochlospermum gossypium)
மெல்,O,adjective meaning soft/delicate
இதழ்,FLOWER,petal
க்,O,sandhi consonant
குடைப்,FLOWER,umbrella-shaped flower
பூ,FLOWER,flower
வைகுறு,TIME,dawn/morning
மீனின்,ASTRONOMICAL,like the morning stars
நினைய,O,verb meaning to be considered
தோன்றி,O,verb meaning appearing
புறவு,FOREST,forest/woodland
அணி,O,noun meaning beauty/ornament
க்,O,sandhi consonant
கொண்ட,O,verb meaning having taken/attained
பூ,FLOWER,flower
நாறு,O,adjective meaning fragrant
கடத்திடை,PLACE,in the forest path
கிடின்,O,onomatopoeia,loud noise/uproar
என,O,particle meaning thus
இடிக்கும்,O,verb meaning thunders/creates noise
கோல்,O,adjective meaning straight/thick
தொடி,OBJECT,bangles
மறவர்,WARRIOR,wasteland bandits/warriors
வடி,O,adjective meaning sharp/perfect
நவில்,O,verb meaning created/made
அம்பின்,WEAPON,with arrows
வினையர்,PROFESSION,those skilled in the task
அஞ்சாது,O,verb meaning not fearing
அமர்,WAR,battle/fight
இடை,PLACE,place/way
உறுதர,O,verb meaning when they came/approached
நீக்கி,O,verb meaning having chased away/removed
நீர்,O,pronoun meaning you
எமர்,PERSON,our relatives
இடை,PLACE,place/way
உறுதர,O,verb meaning when they came/approached
ஒளித்த,O,verb meaning hid
காடே,FOREST,in the forest (with expletive)
poem49,,
படுதிரை,WATERBODY,loud/dashing waves
கொழீஇய,WATERBODY,brought and heaped by waves (with sandhi)
பால்,O,adjective meaning milk
நிற,O,noun meaning color
எக்கர்,PLACE,sand dunes/sand bars
தொடியோர்,PERSON,young women wearing bangles
மடிந்தென,O,verb meaning since they are not there/since they are sleeping
துறை,PLACE,seashore/port
புலம்பின்றே,O,noun meaning has become lonely (with expletive)
முடி,O,adjective meaning knotted/tied
வலை,OBJECT,net
முகந்த,O,verb meaning having seized/taken
முடங்கு,O,adjective meaning curved
இறா,FISH,shrimp
பரவை,WATERBODY,ocean/sea
படுபுள்,BIRD,birds that come to seize/eat
ஓப்பலின்,O,verb meaning since chasing away
பகல்,TIME,day
மாய்ந்தன்றே,O,verb meaning has ended (with expletive)
கோட்டு,FISH,with horns/horned
மீன்,FISH,fish
எறிந்த,O,verb meaning having caught/thrown
உவகையர்,O,adjective meaning happy/joyful
வேட்டம்,PROFESSION,fishing
மடிந்து,O,verb meaning having rested/ended
எமரும்,PERSON,our relatives also
அல்கினர்,O,verb meaning they returned/stayed
ஏமார்ந்தனம்,O,verb meaning we are confused
என,O,verb meaning thus
சென்று,O,verb meaning having gone
நாம்,O,pronoun meaning we
அறியின்,O,verb meaning if we know/find out
எவனோ,O,interrogative meaning what will happen
தோழி,PERSON,my friend
மன்ற,PLACE,common grounds
ப்,O,sandhi consonant
புன்னை,PLANT,punnai/laurel tree (Calophyllum inophyllum)
மா,O,adjective meaning big/huge
சினை,PLANT,branch
நறு,O,adjective meaning fragrant
வீ,FLOWER,flower
முன்றில்,STRUCTURE,front yard
தாழையொடு,PLANT,with thazhai trees (Pandanus odoratissimus)
கமழும்,O,verb meaning fragrant/spreads fragrance
தெண்,O,adjective meaning clear
கடல்,WATERBODY,ocean
சேர்ப்பன்,PERSON,lord of the shores
வாழ்,O,verb meaning lives/dwells
சிறு,O,adjective meaning small
நல்,O,adjective meaning good/fine
ஊர்க்கே,PLACE,to the town (with expletive)
poem50,,
அறியாமையின்,O,noun meaning due to ignorance
அன்னை,PERSON,oh mother/friend
அஞ்சி,O,verb meaning fearing
குழையன்,PERSON,man wearing earrings
கோதையன்,PERSON,man wearing flower garland
குறும்,O,adjective meaning small
பைந்தொடியன்,PERSON,man wearing new bracelets
விழவு,O,noun meaning festival
அயர்,O,verb meaning to perform/celebrate
துணங்கை,O,noun meaning thunangai dance
தழூஉகம்,O,verb meaning to catch him (with sandhi)
செல்ல,O,verb meaning going/proceeding
நெடு,O,adjective meaning long
நிமிர்,O,adjective meaning high/straight
தெருவில்,PLACE,on the street
கை,O,noun meaning hand
புகு,O,verb meaning entering
கொடு,O,adjective meaning curved
மிடை,PLACE,curved place/corner
நொதுமலாளன்,PERSON,stranger
கதுமென,O,adverb meaning rapidly/suddenly
தாக்கலின்,O,verb meaning since he shocked/attacked
கேட்போர்,PERSON,those who question
உளர்,O,verb meaning are there
கொல்,O,expletive/particle
இல்லை,O,verb meaning or not
கொல்,O,expletive/particle
போற்று,O,verb meaning understand/protect
என,O,verb meaning thus
யாணது,O,adjective meaning pretty/beautiful
பசலை,O,noun meaning sallow/pallor
என்றனன்,O,verb meaning he said
அதன்,O,pronoun meaning its/that
எதிர்,O,postposition meaning in reply/opposite
நாண்,O,noun meaning shame
இலை,O,verb meaning you have no (contraction of இல்லை)
எலுவ,PERSON,oh friend
என்று,O,verb meaning having said
வந்திசினே,O,verb meaning I came away (with expletive)
செறுநரும்,PERSON,even enemies
விழையும்,O,verb meaning love/desire
செம்மலோன்,PERSON,noble man
என,O,verb meaning thus
நறுநுதல்,O,adjective meaning fragrant forehead
அரிவை,PERSON,oh young lady
போற்றேன்,O,verb meaning I did not praise
சிறுமை,O,noun meaning small-mindedness/pettiness
பெருமையின்,O,noun meaning due to greatness/increased
காணாது,O,verb meaning not seeing
துணிந்தே,O,verb meaning boldly/with determination (with expletive)
poem51,,
யாங்கு,O,interrogative meaning how/what
செய்வாம்,O,verb meaning we will do
கொல்,O,expletive/particle
தோழி,PERSON,friend
ஓங்கு,O,adjective meaning tall/lofty
கழை,PLANT,bamboo stalks
க்,O,sandhi consonant
காம்புடை,PLANT,bamboo filled
விடர்,MOUNTAIN,mountain clefts/crevices
அகம்,PLACE,inside
சிலம்ப,O,verb meaning to sound/reverberate
பாம்பு,ANIMAL,snakes
உடன்று,O,verb meaning in rage/angry
ஓங்கு,O,adjective meaning tall/lofty
வரை,MOUNTAIN,mountain
மிளிர,O,verb meaning to roll down/fall
ஆட்டி,O,verb meaning causing to roll/terrify
வீங்கு,O,adjective meaning great/swollen
செலல்,O,noun meaning going/movement (with elision)
கடுங்குரல்,NATURE,loud/heavy sound
ஏறொடு,NATURE,with thunder
கனை,O,adjective meaning many/lots
துளி,NATURE,drops of water
தலைஇ,NATURE,poured/rained (with sandhi)
பெயல்,NATURE,rain
ஆனாதே,O,verb meaning did not stop (with expletive)
வானம்,NATURE,sky/clouds
பெயலொடு,NATURE,with rain
மின்னு,NATURE,lightning
நிமிர்ந்தன்ன,NATURE,like raised lightning
வேலன்,PERSON,diviner/Murukan priest
வந்தென,O,verb meaning since he came
பின்னு,CLOTHING,braided
விடு,O,verb meaning released/let loose
முச்சி,CLOTHING,top of head/hair knot
அளிப்பு,O,noun meaning wearing/giving
ஆனாதே,O,verb meaning was not eliminated
பெருந்தண்,O,adjective meaning big cool
குளவி,PLANT,kulavi tree/wild jasmine (Millingtonia hortensis)
குழைத்த,O,verb meaning crushed
பா,O,adjective meaning wide/broad
அடி,O,noun meaning feet
இருஞ்சேறு,O,noun meaning black mud
ஆடிய,O,verb meaning played/smeared
நுதல,O,noun meaning with forehead
கொல்,O,adjective meaning murderous
களிறு,ANIMAL,male elephant
பேதை,O,noun meaning ignorance
ஆசினி,FRUIT,breadfruit tree
ஒசித்த,O,verb meaning breaks/crushes
வீ,FLOWER,flower
தா,O,verb meaning spread/dropped
வேங்கைய,PLANT,under a vengai/kino tree (Pterocarpus marsupium)
மலை,MOUNTAIN,mountain
கிழவோற்கே,PERSON,for the lord of the mountain (with expletive)
poem52,,
மாக்,O,adjective meaning dark
கொடி,PLANT,creepers/vines
அதிரல்,FLOWER,athiral/wild jasmine flower
பூவொடு,FLOWER,with flowers
பாதிரி,FLOWER,pathiri/trumpet flower (Stereospermum chelonoides)
தூத்,O,adjective meaning pure/clean
தகட்டு,O,noun meaning outer petal
எதிர்மலர்,FLOWER,fresh/new flowers
வேய்ந்த,O,verb meaning tied together
கூந்தல்,CLOTHING,hair
மணம்,O,noun meaning fragrance
கமழ்,O,verb meaning spreading
நாற்றம்,O,noun meaning fragrance/smell
மரீஇ,O,verb meaning with/attaining (with sandhi)
யாம்,O,pronoun meaning we/us
இவள்,O,pronoun meaning she
சுணங்கு,O,noun meaning pallor spots
அணி,O,adjective meaning adorned/decorated
ஆகம்,O,noun meaning chest
அடைய,O,verb meaning to attain/reach
முயங்கி,O,verb meaning embracing
வீங்கு,O,adjective meaning great/sweet
உவர்க்,O,noun meaning embrace
கவவின்,O,noun meaning from the embrace
நீங்கல்,O,verb meaning to leave/separate
செல்லேம்,O,verb meaning I will not go
நீயே,O,pronoun meaning you (with expletive)
ஆள்,O,noun meaning man/person
வினை,O,noun meaning work/deed
சிறப்ப,O,adverb meaning greatly/successfully
எண்ணி,O,verb meaning thinking/desiring
நாளும்,TIME,daily/always
பிரிந்து,O,verb meaning having separated
உறை,O,verb meaning to live/dwell
வாழ்க்கை,O,noun meaning life
புரிந்து,O,verb meaning desiring/liking
அமையலையே,O,verb meaning you do not rest (with expletive)
அன்பு,O,noun meaning love/kindness
இலை,O,verb meaning you have no
வாழி,O,expletive/particle
என்,O,pronoun meaning my
நெஞ்சே,O,noun meaning oh heart
வெம்போர்,WAR,fierce battles
மழவர்,WARRIOR,warriors
பெருமகன்,PERSON,great leader
மா,O,adverb meaning greatly/very
வள்,O,adjective meaning charitable/generous
ஓரி,KING,king Ori (one of the seven patrons)
கை,O,noun meaning hand
வளம்,O,noun meaning charity/generosity
இயைவது,O,verb meaning if I get/attain
ஆயினும்,O,conjunction meaning even if
ஐது,O,adjective meaning delicate
ஏகு,O,verb meaning you can leave
அம்ம,O,expletive/particle
இயைந்து,O,verb meaning having gone together
செய்,O,verb meaning earned/obtained
பொருளே,WEALTH,material wealth (with expletive)
poem53,,
யான்,O,pronoun meaning I
அஃது,O,pronoun meaning that
அஞ்சினென்,O,verb meaning I was afraid
கரப்பவும்,O,verb meaning hiding/concealing
தான்,O,pronoun meaning she
அஃது,O,pronoun meaning that
அறிந்தனள்,O,verb meaning she knew
கொல்லோ,O,expletive/particle indicating doubt
அருளினள்,O,verb meaning she was gracious
கொல்லோ,O,expletive/particle indicating doubt
எவன்,O,interrogative meaning what
கொல்,O,expletive/particle
தோழி,PERSON,my friend
அன்னை,PERSON,mother
கண்ணியது,O,verb meaning what she thought/intended
வான்,NATURE,sky
உற,O,adverb meaning highly/touching
நிவந்த,O,adjective meaning risen/lofty
பெருமலை,MOUNTAIN,huge/tall mountains
க்,O,sandhi consonant
கவாஅன்,MOUNTAIN,mountain slopes (with sandhi)
ஆர்கலி,NATURE,very loud
வானம்,NATURE,sky/clouds
தலைஇ,NATURE,poured/rained (with sandhi)
நடுநாள்,TIME,middle of the night
கனை,O,adjective meaning heavy/loud
பெயல்,NATURE,rain
பொழிந்தென,O,verb meaning since it rained/poured
கான,FOREST,forest
க்,O,sandhi consonant
கல்,MOUNTAIN,rock/stone
யாற்று,WATERBODY,in the stream
முளி,O,adjective meaning dried
இலை,PLANT,leaf
கழித்தன,O,verb meaning dropped/carried away
முகிழ்,FLOWER,flower buds
இணரொடு,FLOWER,with clusters of
வரும்,O,verb meaning arriving/coming
விருந்தின்,O,noun meaning newness/fresh
தீம்,O,adjective meaning sweet
நீர்,WATERBODY,water
மருந்தும்,FOOD,medicine/cure
ஆகும்,O,verb meaning will become
தண்ணென,O,adverb meaning coolly
உண்டு,O,verb meaning having drunk
கண்ணின்,O,adverb meaning with eyes
நோக்கி,O,verb meaning looking/enjoying
முனியாது,O,verb meaning without hating/without anger
ஆட,O,verb meaning to bathe
ப்,O,sandhi consonant
பெறின்,O,verb meaning if you get/if you can
இவள்,O,pronoun meaning she
பனியும்,O,noun meaning trembling/chillness
தீர்குவள்,O,verb meaning she will end
செல்க,O,verb meaning go
என்றோளே,O,verb meaning she said (with expletive)
poem54,,
வளை,OBJECT,bangles (here referring to arms)
நீர்,WATERBODY,water
மேய்ந்து,O,verb meaning eating/grazing
கிளைமுதல்,O,noun meaning with your flock/relatives
செலீஇ,O,verb meaning going (with sandhi)
வாப்,O,adjective meaning leaping/flying
பறை,O,noun meaning flying/flock
விரும்பினை,O,verb meaning you desire
ஆயினும்,O,conjunction meaning even though
தூச்,O,adjective meaning pure/clean
சிறை,O,noun meaning feathers/wings
இரும்,O,adjective meaning large/abundant
புலா,FOOD,flesh/meat
அருந்தும்,O,verb meaning eating
நின்,O,pronoun meaning your
கிளையொடு,O,noun meaning with your relatives
சிறிது,O,adverb meaning a little bit
இருந்து,O,verb meaning having stayed
கருங்கால்,O,adjective meaning black-legged
வெண்குருகு,BIRD,white heron/egret
எனவ,O,noun meaning my words (with expletive)
கேண்மதி,O,verb meaning listen (with expletive)
பெரும்,O,adjective meaning great
புலம்பின்றே,O,noun meaning brings great sorrow/loneliness (with expletive)
சிறு,O,adjective meaning small
புன்,O,adjective meaning painful/dull
மாலை,TIME,evening
அது,O,pronoun meaning that
நீ,O,pronoun meaning you
அறியின்,O,verb meaning if you know
அன்புமார்,O,noun meaning kindness (with expletive)
உடையை,O,verb meaning you have
நொதுமல்,O,adjective meaning stranger/different
நெஞ்சம்,O,noun meaning heart/mind
கொள்ளாது,O,verb meaning not considering
என்,O,pronoun meaning my
குறை,O,noun meaning sorrow/need
இற்றாங்கு,O,adverb meaning thus/this nature
உணர,O,verb meaning to understand
உரைமதி,O,verb meaning please tell (with expletive)
தழையோர்,PERSON,those who wear leaf garments
கொய்,O,verb meaning to pluck
குழை,O,adjective meaning tender
அரும்பிய,O,verb meaning sprouted
குமரி,O,adjective meaning young
ஞாழல்,PLANT,gnazhal tree (Cassia Sophera)
தெண்,O,adjective meaning clear
திரை,WATERBODY,wave
மணி,OBJECT,gem color/dark blue
ப்,O,sandhi consonant
புறம்,O,noun meaning side/back
தைவரும்,O,verb meaning they touch/hit against
கண்டல்,PLANT,kandal tree (mangrove or Pandanus)
வேலி,STRUCTURE,fence
நும்,O,pronoun meaning your
துறை,PLACE,shore/port
கிழவோற்கே,PERSON,to the lord of the shores (with expletive)
poem55,,
ஓங்கு,O,adjective meaning lofty
மலை,MOUNTAIN,mountain
நாட,PERSON,oh man from the country
ஒழிக,O,verb meaning may they be ruined
நின்,O,pronoun meaning your
வாய்மை,O,noun meaning truthfulness
காம்பு,PLANT,bamboo stalks
தலைமணந்த,O,verb meaning filled with/entangled
கல்,MOUNTAIN,rock/stone
அதர்,PLACE,path
ச்,O,sandhi consonant
சிறு,O,adjective meaning small
நெறி,PLACE,path/way
உறு,O,adjective meaning great/intense
பகை,O,noun meaning enemy/danger
பேணாது,O,verb meaning not caring
இரவின்,TIME,at night
வந்து,O,verb meaning having come
இவள்,O,pronoun meaning she/her
பொறி,O,noun meaning spots/brightness
கிளர்,O,adjective meaning bright/shining
ஆகம்,O,noun meaning chest
புல்ல,O,verb meaning to embrace
தோள்,O,noun meaning arms/shoulders
சேர்பு,O,verb meaning embracing/touching
அறுகால்,INSECT,six-legged
பறவை,INSECT,bees
அளவு,O,noun meaning limit
இல,O,verb meaning without (contraction of இல்லை)
மொய்த்தலின்,O,verb meaning since they swarmed
கண்,O,noun meaning eye
கோள்,O,noun meaning killing/taking
ஆக,O,verb meaning being/becoming
நோக்கி,O,verb meaning looking
பண்டும்,TIME,in the past
இனையையோ,O,verb meaning were you like this (with expletive)
என,O,verb meaning thus
வினவினள்,O,verb meaning she questioned
யாயே,PERSON,mother (with expletive)
அதன்,O,pronoun meaning its/that
எதிர்,O,postposition meaning in reply/opposite
சொல்லாளாகி,O,verb meaning being unable to speak
அல்லாந்து,O,verb meaning saddened
என்,O,pronoun meaning my
முகம்,O,noun meaning face
நோக்கியோளே,O,verb meaning she looked (with expletive)
அன்னாய்,PERSON,oh mother
யாங்கு,O,adverb meaning how
உணர்ந்து,O,verb meaning having understood
உய்குவள்,O,verb meaning she will escape/survive
கொல்,O,expletive/particle
என,O,verb meaning thus
மடுத்த,O,verb meaning lit/placed
சாந்த,PLANT,sandalwood
ஞெகிழி,OBJECT,torch/fire
காட்டி,O,verb meaning having shown
ஈங்கு,O,adverb meaning here
ஆயினவால்,O,verb meaning they have become (with expletive)
என்றிசின்,O,verb meaning I told (with expletive)
யானே,O,pronoun meaning me (with expletive)
poem56,,
குறு,O,adjective meaning short
நிலைக்,O,adjective meaning with trunk
குரவின்,PLANT,kuravam tree (Webera Corymbosa)
சிறு,O,adjective meaning small
நனை,PLANT,buds
நறு,O,adjective meaning fragrant
வீ,FLOWER,flowers
வண்டு,INSECT,bees
தரும்,O,verb meaning bring/attract
நாற்றம்,O,noun meaning fragrance
வளி,NATURE,breeze/wind
கலந்து,O,verb meaning mixing
ஈய,O,verb meaning yielding/giving
கண்,O,noun meaning eyes
களி,O,noun meaning happiness
பெறூஉம்,O,verb meaning attain (with sandhi)
கவின்,O,noun meaning beauty
பெறு,O,verb meaning attaining
காலை,TIME,at the time
எல்,O,adjective meaning bright
வளை,OBJECT,bangles
ஞெகிழ்த்தோர்க்கு,PERSON,to the man who caused to slip
அல்லல்,O,noun meaning pain/sorrow
உறீஇ,O,verb meaning having caused/given (with sandhi)
சென்ற,O,verb meaning gone
நெஞ்சம்,O,noun meaning heart
செய்,O,verb meaning doing/undertaking
வினைக்கு,O,noun meaning for the task
அசாவா,O,verb meaning not slackening
ஒருங்கு,O,adverb meaning together
வரல்,O,verb meaning to come
நசையொடு,O,noun meaning with desire
வருந்தும்,O,verb meaning it is sad
கொல்லோ,O,expletive/particle indicating doubt
அருளான்,PERSON,he who does not shower graces
ஆதலின்,O,conjunction meaning since/because
அழிந்து,O,verb meaning having ruined
இவண்,O,adverb meaning here
வந்து,O,verb meaning having come
தொல்,O,adjective meaning ancient/prior
நலன்,O,noun meaning beauty
இழந்த,O,verb meaning lost
என்,O,pronoun meaning my
பொன்,OBJECT,gold
நிறம்,O,noun meaning color
நோக்கி,O,verb meaning looking
ஏதில்,O,adjective meaning different/other
ஆட்டி,PERSON,woman
இவள்,O,pronoun meaning she
என,O,verb meaning thus
ப்,O,sandhi consonant
போயின்று,O,verb meaning went away
கொல்லோ,O,expletive/particle indicating doubt
நோయ்,O,noun meaning disease/sorrow
தலைமணந்தே,O,verb meaning with increased (with expletive)
poem57,,
தட,O,adjective meaning large/curved
க்கோட்டு,O,noun meaning with horns
ஆமான்,ANIMAL,wild cow/female bison
மடங்கல்,ANIMAL,lions
மா,ANIMAL,large animals
நிரை,O,noun meaning herd
க்,O,sandhi consonant
குன்ற,MOUNTAIN,of the mountain
வேங்கை,PLANT,under vengai/kino tree
கன்றொடு,ANIMAL,with calf
வதிந்தென,O,verb meaning since she lives
துஞ்சு,O,verb meaning sleeping
பதம்,O,noun meaning time/opportunity
பெற்ற,O,verb meaning having attained/got
துய்த்தலை,O,adjective meaning fuzzy-headed/soft-headed
மந்தி,ANIMAL,female monkey
கல்லென்,O,onomatopoeia,quietly/silently
சுற்றம்,O,noun meaning troop/relatives
கை,O,noun meaning hand
கவியா,O,verb meaning bending/signing to be silent
க்,O,sandhi consonant
குறுகி,O,verb meaning approaching
வீங்கு,O,adjective meaning swollen
சுரை,O,noun meaning udder
ஞெமுங்க,O,verb meaning squeezing
வாங்கி,O,verb meaning bending/pulling
தீம்பால்,FOOD,sweet milk
கல்லா,O,adjective meaning untrained
வன்,O,adjective meaning strong
பறழ்,ANIMAL,young monkey
கைந்நிறை,O,adverb meaning handfuls
பிழியும்,O,verb meaning she squeezes
மா,O,adjective meaning great
மலை,MOUNTAIN,mountain
நாட,PERSON,oh lord of the country
மருட்கை,O,noun meaning bewilderment
உடைத்தே,O,verb meaning it causes/has (with expletive)
செங்கோல்,PLANT,red stalks
கொடுங்குரல்,FOOD,curved grain spikes
சிறு,O,adjective meaning small
தினை,FOOD,millet
வியன்,O,adjective meaning wide
புனம்,FIELD,fields
கொய்,O,verb meaning to harvest
பதம்,TIME,perfect time
குறுகும்,O,verb meaning it is getting near
காலை,TIME,at the time
எம்,O,pronoun meaning our/my
மை,O,adjective meaning dark
ஈர்,O,adjective meaning wet/oiled
ஓதி,CLOTHING,hair
மாண்,O,adjective meaning great/esteemed
நலம்,O,noun meaning beauty
தொலைவே,O,verb meaning will be lost (with expletive)
poem58,,
பெருமுது,O,adjective meaning very old/very rich
செல்வர்,PERSON,rich people
பொன்னுடை,OBJECT,with gold jewels
ப்,O,sandhi consonant
புதல்வர்,PERSON,sons
சிறு,O,adjective meaning small
தோள்,O,noun meaning shoulders
க்கோத்த,O,verb meaning hung on/tied
செவ்வரி,O,adjective meaning with lovely sounds
ப்,O,sandhi consonant
பறையின்,OBJECT,of the drums
கண்,O,noun meaning eye
அகத்து,O,noun meaning inside
எழுதிய,O,verb meaning drawn/painted
குரீஇ,BIRD,sparrow (with sandhi)
ப்,O,sandhi consonant
போல,O,particle meaning like
கோல்,OBJECT,drum stick
கொண்டு,O,verb meaning having taken
அலைப்ப,O,verb meaning to be hit
படீஇயர்,O,verb meaning let them suffer (with sandhi)
மாதோ,O,expletive/particle
வீரை,PLACE,Veerai town
வேண்மான்,KING,Velir king
வெளியன்,KING,Veliyan
தித்தன்,KING,Thithan
முரசு,OBJECT,drum
முதல்,O,noun meaning and others
கொளீஇய,O,verb meaning lit (with sandhi)
மாலை,TIME,evening
விளக்கின்,OBJECT,with the rows of lamps
வெண்கோடு,OBJECT,white conch shells
இயம்ப,O,verb meaning creating sounds
நுண்,NATURE,delicate
பனி,NATURE,dew
அரும்ப,O,verb meaning as they fall
கையற,O,adverb meaning helplessly
வந்த,O,verb meaning came
பொழுதொடு,TIME,at the time
மெய்,O,noun meaning body
சோர்ந்து,O,verb meaning with tired/exhausted
அவல,O,adjective meaning sad
நெஞ்சினம்,O,noun meaning we of sad hearts
பெயர,O,verb meaning to move/return
உயர்,O,adjective meaning tall
திரை,WATERBODY,wave
நீடு,O,adjective meaning abundant/long
நீர்,WATERBODY,water
பனி,NATURE,cold
த்,O,sandhi consonant
துறை,PLACE,shore
ச்,O,sandhi consonant
சேர்ப்பன்,PERSON,lord of the shores
ஓடு,O,adjective meaning fast
தேர்,VEHICLE,chariot
நுண்,O,adjective meaning fine/slender
நுகம்,VEHICLE,yoke
நுழைந்த,O,verb meaning that entered/got tied
மாவே,ANIMAL,horses (with expletive)
poem59,,
உடும்பு,ANIMAL,monitor lizard
கொரீஇ,O,verb meaning stabbing (with sandhi)
வரி,ANIMAL,with stripes
நுணல்,ANIMAL,frog
அகழ்ந்து,O,verb meaning digging up
நெடுங்கோட்டுப்,PLACE,of tall termite mounds
புற்றத்து,PLACE,termite mounds
ஈயல்,INSECT,termites
கெண்டி,O,verb meaning digging up
எல்லு,TIME,day
முயல்,ANIMAL,hare
எறிந்த,O,verb meaning hunted/killed
வேட்டுவன்,PROFESSION,hunter
சுவல,O,adverb meaning on his shoulders
பல்,O,adjective meaning many
வேறு,O,adjective meaning different
பண்ட,OBJECT,things/goods
த்,O,sandhi consonant
தொடை,O,noun meaning what was tied
மறந்து,O,verb meaning forgetting
இல்லத்து,STRUCTURE,at home
இரு,O,adjective meaning great/large
மடை,O,noun meaning measure/drinking
க்கள்ளின்,FOOD,alcohol/liquor
இன்,O,adjective meaning sweet
களி,O,noun meaning happiness/intoxication
செருக்கும்,O,verb meaning he gets intoxicated
வன்புல,O,adjective meaning harsh
க்காட்டு,FOREST,forest
நாட்டதுவே,REGION,it is in the harsh forest land (with expletive)
அன்பு,O,noun meaning love
கலந்து,O,verb meaning mixed
நம்வயின்,O,adverb meaning toward me
புரிந்த,O,verb meaning desiring/liking
கொள்கையொடு,O,noun meaning with principle/with intention
நெஞ்சத்து,O,noun meaning in heart
உள்ளினள்,O,verb meaning she has been thinking
உறைவோள்,PERSON,she who resides/lives
ஊரே,PLACE,the town where she lives (with expletive)
முல்லை,FLOWER,mullai/jasmine flower
நுண்,O,adjective meaning delicate
முகை,FLOWER,bud
அவிழ்ந்த,O,verb meaning opened/blossomed
புறவின்,FOREST,in the forest
பொறை,O,noun meaning her mind/patience
தலைமணந்தன்று,O,verb meaning has been patient (with expletive)
உயவுமார்,O,verb meaning she will feel sad (with expletive)
இனியே,TIME,if I delay more (with expletive)
poem60,,
மலை,MOUNTAIN,mountain
கண்டன்ன,O,adjective meaning like seeing mountains
நிலை,O,noun meaning stability/permanence
புணர்,O,verb meaning put together
நிவப்பின்,O,noun meaning with height/tallness
பெருநெல்,FOOD,big rice paddy
பல்,O,adjective meaning many
கூட்டு,STRUCTURE,grain silos
எருமை,ANIMAL,buffaloes
உழவ,PROFESSION,oh farmer/plowman
கண்படை,O,noun meaning sleep
பெறாஅது,O,verb meaning not getting (with sandhi)
தண்,NATURE,cold
புலர்,TIME,dawn
விடியல்,TIME,early morning
கருங்கண்,FISH,black-eyed
வராஅல்,FISH,varal fish/murrel (with sandhi)
பெருந்தடி,O,adjective meaning large pieces
மிளிர்வையொடு,FOOD,with large pieces cooked with sauce
புகர்வை,O,adjective meaning mixed
அரிசி,FOOD,rice
ப்,O,sandhi consonant
பொம்மல்,O,adjective meaning abundant/full
பெருஞ்சோறு,FOOD,big rice balls
கவர்படு,O,adjective meaning with great desire
கையை,PERSON,you with hands
கழும,O,adverb meaning lots/abundantly
மாந்தி,O,verb meaning eating
நீர்,WATERBODY,water
உறு,O,adjective meaning filled/abundant
செறுவின்,FIELD,in the water-filled fields
நாறு,PLANT,paddy grass/seedling
முடி,O,noun meaning top
அழுத்த,O,verb meaning to plant
நின்,O,pronoun meaning your
நடுநரொடு,PERSON,with those who plant
சேறி,O,verb meaning if you reach/go
ஆயின்,O,conjunction meaning if
அவண்,O,adverb meaning there
சாயும்,PLANT,sedge grass/cyperus
நெய்தலும்,FLOWER,and waterlilies
ஓம்புமதி,O,verb meaning please protect (with expletive)
எம்,O,pronoun meaning our
இல்,STRUCTURE,house
மா,O,adjective meaning dark
இருங்கூந்தல்,CLOTHING,thick dark hair
மடந்தை,PERSON,young woman
ஆய்,O,adjective meaning beautiful/chosen
வளை,OBJECT,bangles
கூட்டும்,O,verb meaning she will tie together
அணியுமார்,O,verb meaning she will wear (with expletive)
அவையே,O,pronoun meaning them (with expletive)
poem61,,
கேளாய்,O,verb meaning listen
எல்ல,PERSON,friend
தோழி,PERSON,friend
அல்கல்,TIME,last night
வேண்,O,adjective meaning increasing
அவா,O,noun meaning desire
நலிய,O,verb meaning with distress
வெய்ய,O,adjective meaning hot
உயிரா,O,verb meaning sighed
ஏ,WEAPON,arrow
மான்,ANIMAL,deer
பிணையின்,ANIMAL,like a female deer
வருந்தினெனாக,O,verb meaning when I was sad
துயர்,O,noun meaning sorrow
மருங்கு,O,noun meaning side/nature
அறிந்தனள்,O,verb meaning she understood
போல,O,particle meaning like
அன்னை,PERSON,mother
துஞ்சாயோ,O,verb meaning are you not sleeping
என்,O,pronoun meaning my
குறுமகள்,PERSON,little daughter
என்றலின்,O,verb meaning since she asked
சொல்,O,noun meaning word
வெளிப்படாமை,O,verb meaning did not come out
மெல்ல,O,adverb meaning slowly/quietly
என்,O,pronoun meaning my
நெஞ்சில்,O,noun meaning in heart
படுமழை,NATURE,heavy rains
பொழிந்த,NATURE,fell/rained
பாறை,MOUNTAIN,rocks
மருங்கில்,O,adverb meaning near
சிரல்,BIRD,kingfisher
வாய்,O,noun meaning mouth
உற்ற,O,adjective meaning like/resembling
தளவின்,FLOWER,thalavam/golden jasmine flowers
பரல்,O,noun meaning tiny gravel
அவல்,PLACE,pits/valley
கான்,FOREST,forest
கெழு,O,adjective meaning with/abounding
நாடற்கு,PERSON,for the lord of the land
படர்ந்தோர்க்கு,O,noun meaning to the one who is saddened
கண்ணும்,O,noun meaning eyes
படுமோ,O,verb meaning could I close and sleep
என்றிசின்,O,verb meaning I told her (with expletive)
யானே,O,pronoun meaning me (with expletive)
poem62,,
வேர்,PLANT,root
பிணி,O,adjective meaning intertwined
வெதிரத்து,PLANT,in the bamboo
கால்,NATURE,wind
பொரு,O,verb meaning blowing
நரல்,O,adjective meaning musical/sounding
இசை,NATURE,sound
கந்து,OBJECT,post
பிணி,O,adjective meaning tied
யானை,ANIMAL,elephant
அயர்,O,adjective meaning sad
உயிர்த்தன்ன,O,adjective meaning like sighs of
என்றூழ்,TIME,summer
நீடிய,O,adjective meaning long
வேய்,PLANT,bamboo
பயில்,O,verb meaning filled
அழுவத்து,FOREST,in the forest
குன்று,MOUNTAIN,mountain
ஊர்,O,verb meaning crawling over
மதியம்,ASTRONOMICAL,moon
நோக்கி,O,verb meaning looking at
நின்று,O,verb meaning having stood
நினைந்து,O,verb meaning having thought
உள்ளினென்,O,verb meaning did I think
அல்லெனோ,O,verb meaning did I not (with expletive)
யானே,O,pronoun meaning me (with expletive)
முள்,O,adjective meaning sharp
எயிற்று,O,noun meaning with teeth
திலகம்,OBJECT,pottu/ornamental mark
தைஇய,O,verb meaning decorated (with sandhi)
தேம்,FOOD,honey/sweetness
கமழ்,O,verb meaning fragrant
திரு,O,adjective meaning beautiful/splendid
நுதல்,O,noun meaning forehead
எமதும்,O,pronoun meaning I have (we have)
உண்டு,O,verb meaning there is
ஓர்,O,numeral meaning one/a
மதி,ASTRONOMICAL,moon
நாட்,TIME,day
திங்கள்,ASTRONOMICAL,moon
உரறு,O,adjective meaning loud
குரல்,NATURE,sound
வெவ்வளி,NATURE,hot wind
எடுப்ப,O,verb meaning blowing
நிழல்,NATURE,shade
தப,O,verb meaning ruined/without
உலவை,O,adjective meaning with only branches
ஆகிய,O,verb meaning become
மரத்த,PLANT,with trees
கல்,MOUNTAIN,rock
பிறங்கு,O,adjective meaning bright/lofty
உயர்,O,adjective meaning high/tall
மலை,MOUNTAIN,mountain
உம்பர்,PLACE,above/peak
அஃது,O,pronoun meaning that
எனவே,O,verb meaning thus it is (with expletive)
poem63,,
உரவு,O,adjective meaning powerful
க்,O,sandhi consonant
கடல்,WATERBODY,ocean
உழந்த,O,verb meaning struggled in
பெருவலை,OBJECT,big nets
ப்,O,sandhi consonant
பரதவர்,PROFESSION,fishermen
மிகு,O,adjective meaning abundant
மீன்,FISH,fish
உணக்கிய,O,verb meaning dried
புது,O,adjective meaning fresh
மணல்,PLACE,sand
ஆங்கண்,O,adverb meaning there
கல்லென்,O,onomatopoeia,loud sounds
சேரி,PLACE,streets/settlements
ப்,O,sandhi consonant
புலவல்,O,noun meaning flesh stench
ற்,O,sandhi consonant
புன்னை,PLANT,punnai/laurel tree (Calophyllum inophyllum)
விழவு,O,noun meaning festival
நாறு,O,verb meaning fragrant
விளங்கு,O,adjective meaning bright
இணர்,FLOWER,clusters of flowers
அவிழ்ந்து,O,verb meaning opened
உடன்,O,adverb meaning together
கமழும்,O,verb meaning spreads fragrance
அழுங்கல்,O,adjective meaning uproarious/loud
ஊரோ,PLACE,town (with expletive)
அறன்,O,noun meaning justice/virtue
இன்று,O,verb meaning there is no/without
அதனால்,O,conjunction meaning so/therefore
அறன்,O,noun meaning justice/virtue
இல்,O,particle meaning without
அன்னை,PERSON,mother
அருங்கடிப்படுப்ப,O,verb meaning has put under strict guard
பசலை,O,noun meaning pallor
ஆகி,O,verb meaning becoming
விளிவது,O,verb meaning will it be ruined
கொல்லோ,O,expletive/particle indicating doubt
புள்,BIRD,birds
உற,O,verb meaning sitting on
ஒசிந்த,O,verb meaning broken
பூ,FLOWER,flower
மயங்கு,O,adjective meaning mixed
அள்ளல்,PLACE,mud
கழி,WATERBODY,brackish waters
ச்,O,sandhi consonant
சுரம்,PLACE,waters
நிவக்கும்,O,verb meaning riding on top
இருஞ்சிறை,VEHICLE,big yokes
இவுளி,ANIMAL,horses
திரைதரு,WATERBODY,brought by waves
புணரியின்,WATERBODY,in the ocean/backwaters
கழூஉம்,O,verb meaning washes (with sandhi)
மலி,O,adjective meaning abundant
திரை,WATERBODY,wave
ச்,O,sandhi consonant
சேர்ப்பனொடு,PERSON,with the lord of the shores
அமைந்த,O,verb meaning formed
நம்,O,pronoun meaning our
தொடர்பே,O,noun meaning friendship (with expletive)
poem64,,
என்னர்,O,pronoun meaning however he is
ஆயினும்,O,conjunction meaning even if
இனி,O,adverb meaning now
நினைவு,O,noun meaning thoughts
ஒழிக,O,verb meaning let them end
அன்னவாக,O,adverb meaning for that reason
இனையல்,O,verb meaning don't feel sad
தோழி,PERSON,friend
யாம்,O,pronoun meaning our/we
இன்னமாக,O,adverb meaning even when in this situation
நத்துறந்தோர்,PERSON,he who abandoned us
நட்பு,O,noun meaning friendship
எவன்,O,interrogative meaning why
மரல்,PLANT,hemp
நார்,PLANT,fiber
உடுக்கை,CLOTHING,clothing
மலை,MOUNTAIN,mountain
உறை,O,verb meaning live/dwell
குறவர்,TRIBE,mountain dwellers
அறியாது,O,verb meaning without knowing/in ignorance
அறுத்த,O,verb meaning cut/peeled
சிறியிலை,PLANT,small-leaved (sandalwood)
ச்,O,sandhi consonant
சாந்தம்,PLANT,sandalwood tree
வறனுற்று,O,verb meaning dried
ஆர,O,adverb meaning fully
முருக்கி,O,verb meaning destroyed/wilted
பையென,O,adverb meaning slowly
மரம்,PLANT,tree
வறிதாக,O,adjective meaning dried
ச்,O,sandhi consonant
சோர்ந்து,O,verb meaning oozed/got sick
உக்காங்கு,O,verb meaning like it fell (with sandhi)
என்,O,pronoun meaning my
அறிவும்,O,noun meaning intelligence
உள்ளமும்,O,noun meaning heart
அவர்வயின்,O,adverb meaning toward him
சென்றென,O,verb meaning since they went
வறிது,O,adjective meaning dried/empty
ஆல்,O,expletive/particle
இகுளை,PERSON,friend
என்,O,pronoun meaning my
யாக்கை,O,noun meaning body
இனி,O,adverb meaning now
அவர்,O,pronoun meaning he
வரினும்,O,verb meaning even if he comes
நோய்,O,noun meaning disease/illness
மருந்து,FOOD,medicine
அல்லர்,O,verb meaning he will not be
வாராது,O,verb meaning not coming
அவணர்,O,adverb meaning let him stay there
ஆகுக,O,verb meaning let him be
காதலர்,PERSON,my lover
இவண்,O,adverb meaning here
நம்,O,pronoun meaning my
காமம்,O,noun meaning love affliction
படர்,O,noun meaning sorrow
அட,O,adjective meaning heavy/great
வருந்திய,O,verb meaning saddened
நோய்,O,noun meaning disease
மலி,O,adjective meaning abundant
வருத்தம்,O,noun meaning sorrow
காணன்மார்,O,verb meaning may they not see (with expletive)
எமரே,PERSON,my relatives (with expletive)
poem65,,
அமுதம்,FOOD,nectar
உண்க,O,verb meaning may she eat/drink
நம்,O,pronoun meaning our
அயல்,O,adjective meaning neighbor
இலாட்டி,PERSON,lady of the house
கிடங்கில்,PLACE,Kidangil town
அன்ன,O,adjective meaning like
இட்டு,O,verb meaning placed
க்,O,sandhi consonant
கரை,PLACE,shore/bank
க்கான்,FOREST,forest
யாற்று,WATERBODY,in the stream
கலங்கும்,O,verb meaning mixed up
பாசி,PLANT,moss
நீர்,WATERBODY,water
அலை,WATERBODY,wave
க்,O,sandhi consonant
கலாவ,O,verb meaning being moved around
ஒளிறு,O,adjective meaning bright
வெள்,O,adjective meaning white
அருவி,WATERBODY,waterfall
ஒண்,O,adjective meaning bright
துறை,PLACE,shore/bank
மடுத்து,O,verb meaning having stalked/attacked
புலியொடு,ANIMAL,with tiger
பொருத,O,verb meaning fought
புண்,O,noun meaning wound
கூர்,O,adjective meaning sharp/piercing
யானை,ANIMAL,elephant
நல்,O,adjective meaning fine/good
கோடு,ANIMAL,tusks
நயந்த,O,verb meaning desiring
அன்பு,O,noun meaning love/kindness
இல்,O,particle meaning without
கானவர்,TRIBE,forest dwellers
வில்,WEAPON,bow
சுழிப்பட்ட,O,verb meaning curved and shot
நாம,O,onomatopoeia,screaming in fear
ப்,O,sandhi consonant
பூசல்,O,noun meaning uproar
உருமிடை,NATURE,thunder
க்,O,sandhi consonant
கடி,O,adjective meaning strong/loud
இடி,NATURE,thunder
கரையும்,O,verb meaning sounds/roars
பெருமலை,MOUNTAIN,tall mountains
நாடனை,PERSON,man from the mountain country
வரூஉம்,O,verb meaning will come (with sandhi)
என்றோளே,O,verb meaning she said (with expletive)
poem66,,
மிளகு,FOOD,pepper
பெய்தனைய,O,adjective meaning appearing like placed
சுவைய,O,adjective meaning with taste
புன்,O,adjective meaning dry/small
காய்,FRUIT,fruit/berry
உலறுதலை,PLANT,ukaa trees with dried tops (Salvadora persica)
உகாஅய்,PLANT,ukaa trees (with sandhi)
சிதர்,INSECT,honeybees
சிதர்ந்து,O,verb meaning chased away
உண்ட,O,verb meaning ate
புலம்பு,O,noun meaning sorrow
கொள்,O,verb meaning having/taking
நெடுஞ்சினை,PLANT,tall branch
ஏறி,O,verb meaning having climbed
நினைந்து,O,verb meaning thinking
தன்,O,pronoun meaning its
பொறி,O,noun meaning spotted/bright
கிளர்,O,adjective meaning bright/shining
எருத்தம்,ANIMAL,neck
வெறிபட,O,verb meaning with fear/confused
மறுகி,O,verb meaning becoming confused
புன்,O,adjective meaning sad/dull colored
புறா,BIRD,pigeon/dove
உயவும்,O,verb meaning become sad
வெந்துகள்,NATURE,hot dust
இயவின்,PLACE,on the path
நயந்த,O,verb meaning desired
காதலற்,PERSON,lover
்ப,O,sandhi consonant
புணர்ந்தனள்,O,verb meaning she has joined
ஆயினும்,O,conjunction meaning even if
சிவந்து,O,verb meaning reddened
ஒளி,NATURE,luster/brightness
மழுங்கி,O,verb meaning become dull
அமர்த்தன,O,verb meaning will they be confused
கொல்லோ,O,expletive/particle indicating doubt
கோதை,FLOWER,garland
மயங்கினும்,O,verb meaning even if twisted
குறுந்தொடி,OBJECT,small bangles
நெகிழினும்,O,verb meaning even if become loose
காழ்,OBJECT,strands
ப்பெயல்,O,verb meaning hanging
அல்குல்,O,noun meaning waist/loins
காசு,OBJECT,gold coins
முறை,O,noun meaning order/form
திரியினும்,O,verb meaning even if disarranged
மாண்,O,adjective meaning esteemed/great
நலம்,O,noun meaning beauty
கையற,O,verb meaning being lost
கலுழும்,O,verb meaning they will cry
எన्,O,pronoun meaning my
மாயக்,O,adjective meaning beautiful/dark/tricky
குறுமகள்,PERSON,little daughter
மலர்,FLOWER,flower
ஏர்,O,particle meaning like
கண்ணே,O,noun meaning eyes (with expletive)
poem67,,
சேய்,O,adjective meaning distant
விசும்பு,NATURE,sky
இவர்ந்த,O,verb meaning climbed up
செழுங்கதிர்,ASTRONOMICAL,with full/bright rays
மண்டிலம்,ASTRONOMICAL,sun
மால்,O,adjective meaning dark/tall
வரை,MOUNTAIN,mountain
மறைய,O,verb meaning to hide
துறை,PLACE,seashore/port
புலம்பின்றே,O,noun meaning was lonely (with expletive)
இறவு,FISH,shrimp
அருந்தி,O,verb meaning having eaten
எழுந்த,O,verb meaning rose up
கருங்கால்,O,adjective meaning black-legged
வெண்குருகு,BIRD,white heron/egret
வெண்கோட்டு,PLACE,on the white mounds (salt mounds)
அருஞ்சிறை,OBJECT,strong/precious wings
த்,O,sandhi consonant
தாஅய்,O,verb meaning spread and fly (with sandhi)
கரைய,PLACE,on the seashore
கருங்கோட்டுப்,PLANT,black-branched
புன்னை,PLANT,punnai/laurel tree (Calophyllum inophyllum)
இறை,O,verb meaning went and rested
கொண்டனவே,O,verb meaning they took/rested (with expletive)
கணைக்,O,adjective meaning thick
கால்,O,noun meaning stem
மா,O,adjective meaning dark/large
மலர்,FLOWER,flower
கரப்ப,O,verb meaning to hide
மல்கு,O,adjective meaning filled
கழி,WATERBODY,backwater
த்,O,sandhi consonant
துணை,O,noun meaning mate/partner
ச்,O,sandhi consonant
சுறா,FISH,shark
வழங்கலும்,O,verb meaning they swim
வழங்கும்,O,verb meaning also swim
ஆயிடை,O,adverb meaning there
எல்,TIME,night
இமிழ்,O,adjective meaning loud
பனி,NATURE,cold
க்,O,sandhi consonant
கடல்,WATERBODY,ocean
மல்கு,O,adjective meaning full
சுடர்க்,OBJECT,lights
கொளீஇ,O,verb meaning having lit (with sandhi)
எமரும்,PERSON,our relatives
வேட்டம்,PROFESSION,fishing
புக்கனர்,O,verb meaning have entered
அதனால்,O,conjunction meaning so/therefore
தங்கின்,O,verb meaning if you stay
எவனோ,O,interrogative meaning why not
தெய்ய,O,expletive/particle
பொங்கு,O,adjective meaning spreading/overflowing
பிசிர்,WATERBODY,water sprays
முழவு,OBJECT,drum
இசை,NATURE,sound
ப்,O,sandhi consonant
புணரி,WATERBODY,wave
எழுதரும்,O,verb meaning rise
உடை,O,adjective meaning breaking
கடல்,WATERBODY,ocean
படப்பை,FOREST,grove
எம்,O,pronoun meaning our
உறைவின்,PLACE,town where we live
ஊர்க்கே,PLACE,in the town (with expletive)
poem68,,
விளையாடு,O,verb meaning playing
ஆயமொடு,PERSON,with friends
ஓரை,GAME,orai game
ஆடாது,O,verb meaning without playing
இளையோர்,PERSON,young people
இல்லிடத்து,STRUCTURE,in the home
இற்செறிந்திருத்தல்,O,verb meaning being confined
அறனும்,O,noun meaning justice/virtue
அன்றே,O,verb meaning it is not (with expletive)
ஆக்கமும்,O,noun meaning welfare/strength
தேய்ம்,O,verb meaning will be lost (with elision)
என,O,verb meaning thus
க்,O,sandhi consonant
குறு,O,adjective meaning small
நுரை,FOAM,foam
சுமந்து,O,verb meaning carrying
நறு,O,adjective meaning fragrant
மலர்,FLOWER,flower
உந்தி,O,verb meaning pushing
பொங்கி,O,verb meaning overflowing
வரு,O,verb meaning coming
புது,O,adjective meaning new
நீர்,WATERBODY,water
நெஞ்சு,O,noun meaning heart
உண,O,verb meaning to satisfaction (contraction of உண்ண)
ஆடுகம்,O,verb meaning we can play
வல்லிதின்,O,adverb meaning with ability/strength
வணங்கி,O,verb meaning bowing/humbly
சொல்லுநர்ப்,PERSON,someone who can tell
பெறினே,O,verb meaning if we get (with expletive)
செல்க,O,verb meaning go
என,O,verb meaning thus
விடுநள்,O,verb meaning will she let go
மன்,O,particle indicating past
கொல்லோ,O,expletive/particle indicating doubt
எல்,NATURE,light
உமிழ்ந்து,O,verb meaning emitting/spreading
உரவு,O,adjective meaning strong
உரும்,NATURE,thunder
உரறும்,O,verb meaning roaring
அரை,O,adjective meaning half
இருள்,NATURE,darkness
நடுநாள்,TIME,midnight
கொடி,PLANT,creepers/vines
நுடங்கு,O,verb meaning swaying
இலங்கின,O,verb meaning bright
மின்னி,NATURE,lightning
ஆடு,O,verb meaning moving
மழை,NATURE,cloud/rain
இறுத்தன்று,O,verb meaning came down as rain (with expletive)
அவர்,O,pronoun meaning his
கோடு,MOUNTAIN,peak
உயர்,O,adjective meaning high/tall
குன்றே,MOUNTAIN,mountain (with expletive)
poem69,,
பல்,O,adjective meaning many
கதிர்,ASTRONOMICAL,rays
மண்டிலம்,ASTRONOMICAL,sun
பகல்,TIME,day
செய்து,O,verb meaning having done
ஆற்றி,O,verb meaning ended/finished
சேய்,O,adjective meaning distant
உயர்,O,adjective meaning high/lofty
பெருவரை,MOUNTAIN,lofty mountains
ச்,O,sandhi consonant
சென்று,O,verb meaning having gone
அவண்,O,adverb meaning there
மறைய,O,verb meaning to hide
ப்ப,O,sandhi consonant
பறவை,BIRD,birds
பார்ப்பு,ANIMAL,young ones
வயின்,O,postposition meaning toward/near
அடைய,O,verb meaning to reach/go
ப்ப,O,sandhi consonant
புறவில்,FOREST,in the woodlands
மா,O,adjective meaning big
எருத்து,ANIMAL,neck
இரலை,ANIMAL,stag
மட,O,adjective meaning delicate
ப்,O,sandhi consonant
பிணை,ANIMAL,doe
தழுவ,O,verb meaning to embrace
முல்லை,FLOWER,jasmine
முகை,FLOWER,bud
வாய்,O,noun meaning mouth
திறப்ப,O,verb meaning to open
ப்ப,O,sandhi consonant
பல்,O,adjective meaning many
வயின்,O,adverb meaning in places
தோன்றி,FLOWER,glory lily (Gloriosa superba)
தோன்றுபு,O,verb meaning appearing
புதல்,PLANT,bush
விளக்கு,OBJECT,lamp
உறாஅ,O,verb meaning like (with sandhi)
மதர்வை,O,adjective meaning proud
நல்,O,adjective meaning fine/good
ஆன்,ANIMAL,cow
மாசு,O,noun meaning fault/blemish
இல்,O,particle meaning without
தெண்,O,adjective meaning clear
மணி,OBJECT,bell
கொடுங்கோல்,OBJECT,rod with hook/cruel rod
கோவலர்,PROFESSION,cattle herders
குழலோடு,MUSIC,with flutes
ஒன்றி,O,verb meaning mixing
ஐது,O,adverb meaning delicately
வந்து,O,verb meaning having come
இசைக்கும்,O,verb meaning sounds
அருள்,O,noun meaning grace/kindness
இல்,O,particle meaning without
மாலை,TIME,evening
ஆள்,O,noun meaning man/person
வினைக்கு,O,noun meaning for work
அகன்றோர்,PERSON,the one who went
சென்ற,O,verb meaning went
நாட்டும்,REGION,in the country
இனைய,O,adjective meaning such/like this
ஆகி,O,verb meaning being/becoming
த்தோன்றின்,O,verb meaning if it appeared
வினை,O,noun meaning work
வலித்து,O,verb meaning holding on/strengthening
அமைதல்,O,verb meaning to stay/remain
ஆற்றலர்,O,verb meaning he would not be able
மன்,O,particle indicating past
ஏ,O,expletive/particle
poem70,,
சிறு,O,adjective meaning small
வெள்ளாங்குருகே,BIRD,oh small white heron/egret
சிறு,O,adjective meaning small
வெள்ளாங்குருகே,BIRD,oh small white heron/egret
துறை,PLACE,shore
போகு,O,verb meaning taken to
அறுவை,CLOTHING,clothing/garments
தூ,O,adjective meaning pure/clean
மடி,O,noun meaning washing/cleanliness
அன்ன,O,adjective meaning like
நிறம்,O,noun meaning color
கிளர்,O,adjective meaning bright
தூவி,OBJECT,feathers/wings
சிறு,O,adjective meaning small
வெள்ளாங்குருகே,BIRD,oh small white heron/egret
எம்,O,pronoun meaning our
ஊர்,PLACE,town
வந்து,O,verb meaning having come
எம்,O,pronoun meaning our
உண்,WATERBODY,drinking water
துறை,PLACE,shore/port
த்,O,sandhi consonant
துழைஇ,O,verb meaning searching (with sandhi)
சினைக்,FISH,pregnant
கெளிற்று,FISH,kaliru fish (Marones cavasius)
ஆர்கையை,O,verb meaning you eating to the full
அவர்,O,pronoun meaning his
ஊர்ப்,PLACE,to the town
பெயர்தி,O,verb meaning you go
அனைய,O,adjective meaning such/that kind
அன்பினையோ,O,noun meaning will you be kind (with expletive)
பெருமறவியையோ,O,noun meaning will you be very forgetful (with expletive)
ஆங்கண்,O,adverb meaning there
தீம்,O,adjective meaning sweet
புனல்,WATERBODY,flowing water
ஈங்கண்,O,adverb meaning here
பரக்கும்,O,verb meaning spreading
கழனி,FIELD,field
நல்,O,adjective meaning fine/good
ஊர்,PLACE,town
மகிழ்நர்க்கு,PERSON,to my lover
என்,O,pronoun meaning my
இழை,OBJECT,jewels
நெகிழ்,O,verb meaning slipping down
பருவரல்,O,noun meaning sadness
செப்பாதோயே,O,verb meaning you who have not told him (with expletive)
poem71,,
மன்னாப்,O,adjective meaning not lasting/impermanent
பொருள்,WEALTH,wealth
பிணி,O,noun meaning attachment
முன்னி,O,verb meaning desiring
இன்னதை,O,pronoun meaning this matter
வளை,OBJECT,bangles
அணி,O,verb meaning wearing
முன்,O,adjective meaning front/fore
கை,O,noun meaning hand/arm
நின்,O,pronoun meaning your
இகுளைக்கு,PERSON,to your friend
உணர்த்து,O,verb meaning tell
என,O,verb meaning thus
ப்,O,sandhi consonant
பல்,O,adjective meaning many
மாண்,O,adjective meaning fine/esteemed
இரத்திர்,O,verb meaning you pleaded
ஆயின்,O,conjunction meaning since
சென்ம்,O,verb meaning you may go
என,O,verb meaning thus
விடுநள்,PERSON,she who has the right
ஆதலும்,O,verb meaning to have
உரியள்,O,verb meaning she has the right
விடினே,O,verb meaning if she asks you to leave (with expletive)
கண்ணும்,O,noun meaning eyes
நுதலும்,O,noun meaning forehead/brow
நீவி,O,verb meaning stroking
முன்,O,adverb meaning in front
நின்று,O,verb meaning having stood
பிரிதல்,O,verb meaning to separate/leave
வல்லிரோ,O,verb meaning are you capable (with expletive)
ஐய,PERSON,sir/lord
செல்வர்,PERSON,rich people
வகை,O,adjective meaning many/different
அமர்,O,verb meaning assembled/fine
நல்,O,adjective meaning fine/good
இல்,STRUCTURE,house
அக,O,adverb meaning inside/under
இறை,STRUCTURE,eaves
உறையும்,O,verb meaning lives/dwells
வண்ணப்,O,adjective meaning beautiful
புறவின்,BIRD,pigeon/dove
செங்கால்,O,adjective meaning red-legged
சேவல்,BIRD,male pigeon/dove
வீழ்,O,verb meaning loving
துணை,O,noun meaning mate
ப்,O,sandhi consonant
பயிரும்,O,verb meaning cries/calls
கையறு,O,adjective meaning helpless
முரல்,O,adjective meaning sounding
குரல்,NATURE,sound
நும்,O,pronoun meaning you (singular)
இலள்,PERSON,she being without you
புலம்ப,O,verb meaning to grieve/in distress
க்,O,sandhi consonant
கேட்டொறும்,TIME,whenever she hears
பொம்மல்,O,adjective meaning luxuriant/abundant
ஓதி,CLOTHING,hair
பெருவிதுப்புறவே,O,verb meaning it causes her to be greatly sad (with expletive)
poem72,,
பேணுப,O,verb meaning what they cherish
பேணார்,O,verb meaning they do not protect
பெரியோர்,PERSON,respected/wise people
என்பது,O,noun meaning that which is said
நாணு,O,noun meaning embarrassment
தக்கன்று,O,verb meaning it is fitting
அது,O,pronoun meaning that
காணுங்காலை,TIME,when analyzing/seeing
உயிர்,O,noun meaning life
ஓரன்ன,O,adjective meaning like one
செயிர்,O,noun meaning fault/blemish
தீர்,O,adjective meaning without/faultless
நட்பின்,O,noun meaning in friendship
நினக்கு,O,pronoun meaning to you
யான்,O,pronoun meaning I
மறைத்தல்,O,verb meaning to conceal
யாவது,O,interrogative meaning how is it possible
மிக,O,adverb meaning very
ப்பெரிது,O,adverb meaning greatly
அழிதக்கன்று,O,adjective meaning it is shameful/sad
ஆல்,O,expletive/particle
தானே,O,pronoun meaning it (with expletive)
கொண்கன்,PERSON,lord of the seashores
யான்,O,pronoun meaning I
யாய்,PERSON,mother
அஞ்சுவல்,O,verb meaning I am afraid
எனினும்,O,conjunction meaning even though
தான்,O,pronoun meaning he
எற்,O,pronoun meaning us (me)
ப்பிரிதல்,O,verb meaning to leave
சூழான்,O,verb meaning he did not intend
மன்,O,particle indicating past
ஏ,O,expletive/particle
இனியே,TIME,now (with expletive)
கானல்,FOREST,seashore grove
ஆயம்,PERSON,friends who play
அறியினும்,O,verb meaning if they know
ஆனாது,O,verb meaning without end
அலர்,O,noun meaning gossip
வந்தன்று,O,verb meaning has come
கொல்,O,expletive/particle
என்னும்,O,verb meaning thus says
அதனால்,O,conjunction meaning so/therefore
புலர்வது,O,verb meaning it is vanishing
கொல்,O,expletive/particle
அவன்,O,pronoun meaning his
நட்பு,O,noun meaning friendship
எனா,O,verb meaning thinking thus
அஞ்சுவல்,O,verb meaning I am afraid
தோழி,PERSON,friend
என்,O,pronoun meaning my
நெஞ்சத்தானே,O,noun meaning in heart (with expletive)
poem73,,
வேனில்,TIME,summer
முருக்கின்,FLOWER,murukkam/coral tree (Erythrina variegata)
விளை,O,adjective meaning mature
துணர்,FLOWER,clusters of flowers
அன்ன,O,adjective meaning like
மாணா,O,adjective meaning ugly/not good
விரல,O,noun meaning with fingers
வல்வாய்ப்,O,adjective meaning with strong mouth
பேஎய,MYTH,ghoul/evil spirit (with sandhi)
மல்லல்,O,adjective meaning prosperous
மூதூர்,PLACE,ancient town
மலர்ப்,FLOWER,flower
பலி,OFFERING,offering
உணீஇய,O,verb meaning to eat (with sandhi)
மன்றம்,PLACE,common area
போழும்,O,verb meaning splits/tears
புன்கண்,O,adjective meaning painful
மாலை,TIME,evening
தம்மொடும்,O,adverb meaning even with him
அஞ்சும்,O,verb meaning I was afraid
நம்,O,pronoun meaning me
இவண்,O,adverb meaning here
ஒழிய,O,verb meaning leaving
செல்ப,O,verb meaning will leave
என்ப,O,verb meaning they say
தாமே,O,pronoun meaning by himself (with expletive)
செவ்வரி,O,adjective meaning red/delicate lines
மயிர்,HAIR,hair
நிரைத்தன்ன,O,adjective meaning like rows of
வார்,O,adjective meaning long/thick
க்கோல்,O,adjective meaning curved
வாங்கு,O,adjective meaning curved/bent
கதிர்,FOOD,ear of grain
ச்,O,sandhi consonant
செந்நெல்,FOOD,red paddy/rice
அம்,O,expletive/particle
செறுவின்,FIELD,in the field
அன்னம்,BIRD,geese
துஞ்சும்,O,verb meaning sleep
பூ,FLOWER,flower
க்,O,sandhi consonant
கெழு,O,adjective meaning with/abounding
படப்பை,FOREST,grove
சாய்க்காடு,PLACE,Chaykkadu town
அன்ன,O,adjective meaning like
என்,O,pronoun meaning my
நுதல்,O,noun meaning forehead
கவின்,O,noun meaning beauty
அழிக்கும்,O,verb meaning which ruins
பசலையும்,O,noun meaning pallor
அயலோர்,PERSON,neighbors
தூற்றும்,O,verb meaning they spread gossip
அம்பலும்,O,noun meaning slander/gossip
அளித்தே,O,verb meaning giving rise to (with expletive)
poem74,,
வடிக்,OBJECT,perfect spindles
கதிர்,OBJECT,spindle
திரித்த,O,verb meaning twisted
வல்,O,adjective meaning strong
ஞாண்,OBJECT,rope
பெருவலை,OBJECT,big nets
இடிக்,O,adjective meaning thundering
குரல்,NATURE,sound
புணரி,WATERBODY,wave
ப்பௌவத்து,WATERBODY,in the ocean
இடுமார்,O,verb meaning in order to throw
நிறைய,O,adverb meaning fully
ப்பெய்த,O,verb meaning loaded
அம்பி,VEHICLE,boat
காழோர்,PROFESSION,elephant keepers
சிறை,O,verb meaning controlling
அருங்,O,adjective meaning difficult
களிற்றின்,ANIMAL,like male elephants
ப்பரதவர்,PROFESSION,fishermen
ஒய்யும்,O,verb meaning ride
சிறு,O,adjective meaning small
வீ,FLOWER,flower
ஞாழல்,PLANT,gnazhal/cassia tree (Cassia Sophera)
ப்பெருங்கடல்,WATERBODY,vast ocean
சேர்ப்பனை,PERSON,lord of the shores
ஏதிலாளனும்,PERSON,stranger
என்ப,O,verb meaning they say
போது,FLOWER,bud
அவிழ்,O,verb meaning opening/blossoming
புது,O,adjective meaning new
மணல்,PLACE,sand
கானல்,FOREST,seashore grove
புன்னை,PLANT,punnai/laurel tree
நுண்,O,adjective meaning fine
தாது,FLOWER,pollen
கொண்டல்,NATURE,eastern wind
அசை,O,verb meaning swaying
வளி,NATURE,wind
தூக்குதொறும்,O,adverb meaning whenever it blows
குருகின்,BIRD,of herons/egrets
வெண்புறம்,O,noun meaning white sides/back
மொசிய,O,adverb meaning densely/crowded
வார்க்கும்,O,verb meaning drops and falls
தெண்,O,adjective meaning clear
கடல்,WATERBODY,ocean
கண்டல்,PLANT,kandal tree (mangrove or Pandanus)
வேலிய,STRUCTURE,with fences
ஊர்,PLACE,town
அவன்,O,pronoun meaning his
பெண்டு,PERSON,woman
என,O,verb meaning that it is
அறிந்தன்று,O,verb meaning it knows
பெயர்த்தலோ,O,verb meaning changing it (with expletive)
அரிதே,O,adjective meaning it is difficult (with expletive)
poem75,,
நயன்,O,noun meaning justice/goodness
இன்மையின்,O,noun meaning due to lack/without
பயன்,O,noun meaning benefit
இது,O,pronoun meaning this
என்னாது,O,verb meaning not considering
பூம்பொறி,ANIMAL,with beautiful spots
ப்பொலிந்த,O,verb meaning bright with
அழல்,NATURE,flame
உமிழ்,O,verb meaning injects/spits
அகன்,O,adjective meaning wide
பை,ANIMAL,hood
ப்பாம்பு,ANIMAL,snake
உயிர்,O,noun meaning life
அணங்கியாங்கும்,O,verb meaning like terrorizing (with expletive)
ஈங்கு,O,adverb meaning here
இது,O,pronoun meaning this
தகாஅது,O,verb meaning is not right (with sandhi)
வாழியோ,O,expletive/particle meaning may you live long
குறுமகள்,PERSON,young woman
நகாஅது,O,verb meaning without laughing (with sandhi)
உரைமதி,O,verb meaning say/tell (with expletive)
உடையும்,O,verb meaning will break
என்,O,pronoun meaning my
உள்ளம்,O,noun meaning heart
சாரல்,MOUNTAIN,mountain slopes
கொடு,O,adjective meaning curved/harsh
வில்,WEAPON,bow
கானவன்,TRIBE,mountain dweller
கோட்டுமா,ANIMAL,tusked animal (boar/elephant)
தொலைச்சி,O,verb meaning having killed
ப்பச்சூன்,FOOD,fresh flesh (with sandhi)
ப்பெய்த,O,verb meaning pierced into
பகழி,WEAPON,arrow
போல,O,particle meaning like
சேயரி,O,adjective meaning with red lines
ப்பரந்த,O,verb meaning spread
மா,O,adjective meaning dark/large
இதழ்,FLOWER,petal
மழைக்,NATURE,moist/wet
கண்,O,noun meaning eyes
உறாஅ,O,adjective meaning not direct/general (with sandhi)
நோக்கம்,O,noun meaning glance/look
உற்ற,O,verb meaning attained/got
என்,O,pronoun meaning my
பைதல்,O,adjective meaning sad/distressed
நெஞ்சம்,O,noun meaning heart
உய்யுமாறே,O,verb meaning to be saved (with expletive)
poem76,,
வருமழை,NATURE,arriving rain
கரந்த,O,verb meaning stopped/hidden
வால்,O,adjective meaning white/bright
நிற,O,noun meaning color
விசும்பின்,NATURE,in the sky
நுண்,NATURE,fine
துளி,NATURE,raindrop
மாறிய,O,verb meaning changed
உலவை,NATURE,wind
அம்,O,expletive/particle
காட்டு,FOREST,forest
ஆல,PLANT,banyan tree
நீழல்,NATURE,shade
அசைவு,O,noun meaning fatigue
நீக்கி,O,verb meaning removing
அஞ்சு,O,verb meaning fear
வழி,PLACE,path
அஞ்சாது,O,verb meaning not fearing
அசை,PLACE,resting place
வழி,PLACE,path
அசைஇ,O,verb meaning rest (with sandhi)
வருந்தாது,O,verb meaning without being sad
ஏகுமதி,O,verb meaning you go with me (with expletive)
வால்,O,adjective meaning white/pure
இழை,OBJECT,jewel
க்,O,sandhi consonant
குறுமகள்,PERSON,young woman
இம்மென்,O,onomatopoeia,loud
ப்பேர்,O,adjective meaning great/large
அலர்,O,noun meaning gossip
நும்,O,pronoun meaning your
ஊர்ப்,PLACE,in the town
புன்னை,PLANT,punnai/laurel tree
வீ,FLOWER,flower
மலர்,FLOWER,flower
உதிர்ந்த,O,verb meaning dropped
தேன்,FOOD,honey
நாறு,O,verb meaning fragrant
ப்புலவின்,O,noun meaning with stench of flesh
கானல்,FOREST,seashore grove
வார்,O,adjective meaning long
மணல்,PLACE,sand
மரீஇ,O,verb meaning walking on (with sandhi)
கல்,MOUNTAIN,rock
உற,O,verb meaning pressing against
சசிவந்த,O,adjective meaning become red
நின்,O,pronoun meaning your
மெல்,O,adjective meaning soft/delicate
அடி,O,noun meaning foot
உயற்கே,O,verb meaning not to be distressed (with expletive)
poem77,,
மலையன்,KING,Malaiyan (Malaiyamān Thirumudi Kāri)
மா,ANIMAL,horse
ஊர்ந்து,O,verb meaning riding
போகி,O,verb meaning having gone
புலையன்,PROFESSION,drummer
பெருந்துடி,OBJECT,large thudi drum
கறங்க,O,verb meaning to beat/sound
ப்பிற,O,adjective meaning other
புலம்,REGION,country
புக்கு,O,verb meaning having entered
அவர்,O,pronoun meaning their
அருங்குறும்பு,STRUCTURE,protected fort
எருக்கி,O,verb meaning having ruined
அயா,O,noun meaning tiredness
உயிர்த்தாஅங்கு,O,verb meaning like how he sighed (with sandhi)
உய்த்தன்று,O,verb meaning sending me toward her
மன்,O,particle meaning greatly
ஏ,O,expletive/particle
நெஞ்சே,O,noun meaning oh heart
செவ்வேர்,PLANT,red roots
சினைதொறும்,O,adverb meaning on each branch
தூங்கும்,O,verb meaning hanging
பயங்கெழு,O,adjective meaning benefit yielding
ப்பலவின்,FRUIT,jackfruit tree (Artocarpus heterophyllus)
சுளையுடை,FRUIT,with fruits with segments
முன்றில்,STRUCTURE,front yard
மனையோள்,PERSON,lover/wife
கங்குல்,TIME,night
ஒலி,NATURE,sound
வெள்,O,adjective meaning white
அருவி,WATERBODY,waterfall
ஒலியின்,NATURE,like the sound
துஞ்சும்,O,verb meaning she sleeps
ஊரல்,PLACE,without big towns
அம்,O,expletive/particle
சேரி,PLACE,streets/communities
ச்,O,sandhi consonant
சீறூர்,PLACE,small village
வல்லோν,PROFESSION,skilled craftsman
வாள்,OBJECT,rasp/file/sword
அரம்,OBJECT,rasp/file
பொருத,O,verb meaning cut/rubbed
கோள்,O,adjective meaning rounded
நேர்,O,adjective meaning straight/perfect
எல்,O,adjective meaning bright
வளை,OBJECT,bangles
அகன்,O,adjective meaning wide
தொடி,OBJECT,bangles
செறித்த,O,verb meaning filled/stacked
முன்,O,adjective meaning front/fore
கை,O,noun meaning hand/arm
ஒண்ணுதல்,O,adjective meaning bright-browed
திதலை,O,noun meaning pallor spots
அல்குல்,O,noun meaning loins
குறுமகள்,PERSON,young woman
குவளை,FLOWER,kuvalai/blue waterlily
உண்கண்,O,noun meaning eyes with kohl
மகிழ்,O,adjective meaning happy
மட,O,adjective meaning delicate
நோக்கே,O,noun meaning looks (with expletive)
poem78,,
கோட்,FISH,killer
சுறா,FISH,shark
வழங்கும்,O,verb meaning move/frequent
வாள்,O,adjective meaning bright
கேழ்,O,adjective meaning colored
இருங்கழி,WATERBODY,dark/vast backwaters
மணி,OBJECT,gem/sapphire
ஏர்,O,particle meaning like
நெய்தல்,FLOWER,waterlily
மா,O,adjective meaning dark/large
மலர்,FLOWER,flower
நிறைய,O,adverb meaning abundantly
பொன்,OBJECT,gold
நேர்,O,particle meaning like
நுண்,O,adjective meaning fine
தாது,FLOWER,pollen
புன்னை,PLANT,punnai/laurel tree
தூஉம்,O,verb meaning they drop (with sandhi)
வீழ்,PLANT,uplifted roots/low hanging
தாழ்,PLANT,branches/roots
தாழை,PLANT,thazhai tree (Pandanus odoratissimus)
ப்பூ,FLOWER,flower
க்,O,sandhi consonant
கமழ்,O,verb meaning fragrant
கானல்,FOREST,seashore grove
படர்,O,noun meaning sorrow
வந்து,O,verb meaning comes
நலியும்,O,verb meaning distresses
சுடர்,ASTRONOMICAL,sun
செல்,O,verb meaning going/leaving
மாலை,TIME,evening
நோய்,O,noun meaning disease
மலி,O,adjective meaning abundant
பருவரல்,O,noun meaning sorrow
நாம்,O,pronoun meaning we
இவண்,O,adverb meaning here
உய்கம்,O,verb meaning let us survive
கேட்டிசின்,O,verb meaning you listen (with expletive)
வாழி,O,expletive/particle
தோழி,PERSON,friend
தெண்கழி,WATERBODY,clear backwaters
வள்வாய்,VEHICLE,strong/sharp wheel rims
ஆழி,VEHICLE,wheels
உள்வாய்,O,adverb meaning inside
தோயினும்,O,verb meaning even if they sink
புள்ளு,BIRD,birds
நிமிர்ந்தன்ன,O,adjective meaning like rising
ப்பொலம்,OBJECT,gold
படை,OBJECT,ornaments/saddles
க்,O,sandhi consonant
கலி,O,adjective meaning proud
மா,ANIMAL,horse
வலவன்,PERSON,charioteer
க்கோல்,OBJECT,whip
உற,O,verb meaning to touch/use
அறியா,O,verb meaning does not know/use
உரவு,O,adjective meaning strong
நீர்,WATERBODY,water
ச்,O,sandhi consonant
சேர்ப்பன்,PERSON,lord of the shores
தேர்,VEHICLE,chariot
மணி,OBJECT,bell
க்,O,sandhi consonant
குரலே,NATURE,sound (with expletive)
poem79,,
சிறை,O,adverb meaning this side/nearby
நாள்,TIME,day's/fresh
ஈங்கை,PLANT,eengai (Mimosa Pudica)
உறை,FOOD,honey drops
நனி,O,adverb meaning abundant/very
திரள்,O,adjective meaning rounded
வீ,FLOWER,flowers
கூரை,STRUCTURE,roof
நல்,O,adjective meaning fine/good
மனை,STRUCTURE,house
க்,O,sandhi consonant
குறுந்தொடி,OBJECT,small bangles
மகளிர்,PERSON,women
மணல்,PLACE,sand
ஆடு,O,verb meaning playing
கழங்கின்,OBJECT,like molucca seeds (caesalpinia crista)
அறை,PLACE,rocks
மிசை,O,adverb meaning on
த்,O,sandhi consonant
தாஅம்,O,verb meaning spread (with sandhi)
ஏர்தரல்,O,adjective meaning with beauty/elevation
உற்ற,O,verb meaning attained
இயக்கு,O,adjective meaning difficult/harsh
அருங்கவலை,PLACE,forked paths
ப்பிரிந்தோர்,PERSON,the one who separated
வந்து,O,verb meaning having come
நம்,O,pronoun meaning me
ப்புணர,O,verb meaning to unite with
ப்புணர்ந்தோர்,PERSON,the one who united
ப்பிரிதல்,O,verb meaning to separate
சூழ்தலின்,O,verb meaning since considering
அரியதும்,O,adjective meaning harsh thing
உண்டோ,O,verb meaning is there (with expletive)
என்று,O,verb meaning thus
நாம்,O,pronoun meaning I
கூறி,O,verb meaning having said
காமம்,O,noun meaning love
செப்புதும்,O,verb meaning I will tell
செப்பாது,O,verb meaning if not tell
விடினே,O,verb meaning if I leave (with expletive)
உயிரொடும்,O,adverb meaning for life
வந்தன்று,O,verb meaning it will come/end
அம்ம,O,expletive/particle
வாழி,O,expletive/particle
தோழி,PERSON,friend
யாதனின்,O,interrogative meaning how
தவிர்க்குவம்,O,verb meaning we can avoid
காதலர்,PERSON,lover
செலவே,O,noun meaning going away (with expletive)
poem80,,
மன்ற,PLACE,common grounds
எருமை,ANIMAL,buffaloes
மலர்,O,adjective meaning wide
தலை,O,noun meaning head
க்,O,sandhi consonant
காரான்,ANIMAL,buffalo
இன்,O,adjective meaning sweet
தீம்,O,adjective meaning sweet
ப்பால்,FOOD,milk
பயம்,O,noun meaning yield
கொண்மார்,O,verb meaning in order to get
கன்று,ANIMAL,calf
விட்டு,O,verb meaning having left
ஊர்க்,PLACE,in the town
குறுமாக்கள்,PERSON,young kids/children
மேற்கொண்டு,O,verb meaning climbing on
கழியும்,O,verb meaning leaving
பெரும்,O,adjective meaning great/large
ப்புலர்,TIME,dawn
விடியலின்,TIME,at early morning
விரும்பி,O,verb meaning having desired
ப்போத்தந்து,O,verb meaning he came and gave
தழையும்,CLOTHING,leaf garments
தாரும்,FLOWER,garlands
தந்தனன்,O,verb meaning he gave
இவன்,O,pronoun meaning he
என,O,verb meaning thus
இழை,OBJECT,jewel
அணி,O,verb meaning wearing
ஆயமொடு,PERSON,with friends
தகு,O,adjective meaning proper
நாண்,O,noun meaning shyness
தடைஇ,O,verb meaning restrained (with sandhi)
தைஇத்,TIME,in the month of Thai (with sandhi)
திங்கள்,TIME,month
தண்,NATURE,cold
கயம்,WATERBODY,pond
படியும்,O,verb meaning bathes
பெருந்தோள்,O,adjective meaning with thick arms
குறுமகள்,PERSON,young woman
அல்லது,O,conjunction meaning other than/except
மருந்து,FOOD,medicine
பிறிது,O,adjective meaning other
இல்லை,O,verb meaning there is no
யான்,O,pronoun meaning I
உற்ற,O,verb meaning attained/got
நோய்க்கே,O,noun meaning for this affliction (with expletive)
Word,Entity,Explanation
poem81,,
இரு,O,adjective meaning vast/wide
நிலம்,PLACE,land
குறைய,O,verb meaning reduced (by digging)
க்,O,sandhi consonant
கொட்டி,O,verb meaning pressing firmly
ப்பரிந்தின்று,O,verb meaning trotting
ஆதி,O,adverb meaning straight/for long
ப்போகிய,O,verb meaning running
அசைவு,O,noun meaning tiredness
இல்,O,particle meaning without
நோன்,O,adjective meaning strong
தாள்,O,noun meaning leg
மன்னர்,PERSON,kings
மதிக்கும்,O,verb meaning respect
மாண்,O,adjective meaning esteemed/great
வினை,O,noun meaning action/deed
ப்,O,sandhi consonant
புரவி,ANIMAL,horses
கொய்ம்,O,adjective meaning trimmed
மயிர்,ANIMAL,mane
எருத்தில்,ANIMAL,on the neck
ப்பெய்ம்,O,adjective meaning hanging
மணி,OBJECT,bell
ஆர்ப்ப,O,verb meaning to jingle/sound
ப்பூண்க,O,verb meaning may you yoke
தில்,O,expletive/particle
பாக,PERSON,oh charioteer
நின்,O,pronoun meaning your
தேரே,VEHICLE,chariot (with expletive)
பூண்,OBJECT,jewel/ornament
தாழ்,O,verb meaning hanging
ஆக,O,adjective meaning lovely/beautiful
வன,O,adjective meaning beautiful
முலை,O,noun meaning breast
க்,O,sandhi consonant
கரை,O,noun meaning top/edge
வலம்,O,postposition meaning on (locative)
தெறிப்ப,O,verb meaning to drop/fall
அழுதனள்,O,verb meaning she cried
உறையும்,O,verb meaning resides/lives
அம்,O,expletive/particle
மா,O,adjective meaning dark/beautiful
அரிவை,PERSON,young woman
விருந்து,FOOD,feast
அயர்,O,verb meaning to provide
விருப்பொடு,O,noun meaning with desire
வருந்தினள்,O,verb meaning she who was sad
அசைஇய,O,verb meaning tired (with sandhi)
முறுவல்,O,noun meaning smile
இன்,O,adjective meaning sweet/delicate
நகை,O,noun meaning laughter
காண்கம்,O,verb meaning let us see
உறு,O,adjective meaning great
ப்பகை,WAR,hostility/enmity
தணித்தனன்,O,verb meaning he has ended
உரவு,O,adjective meaning strong
வாள்,WEAPON,sword
வேந்தே,PERSON,king (with expletive)
poem82,,
நோயும்,O,noun meaning love affliction
நெகிழ்ச்சியும்,O,noun meaning physical distress
வீட,O,verb meaning to end
ச்சிறந்த,O,adjective meaning fine/special
வேய்,PLANT,bamboo
வனப்பு,O,noun meaning prettiness
உற்ற,O,verb meaning attained/having
தோளை,O,noun meaning arms
நீயே,O,pronoun meaning you (with expletive)
என்னுள்,O,adverb meaning with me/in me
வருதியோ,O,verb meaning will you unite/come (with expletive)
நல்,O,adjective meaning fine/good
நடை,O,noun meaning walk/behavior
க்,O,sandhi consonant
கொடிச்சி,PERSON,mountain woman
முருகு,DEITY,Murukan
புணர்ந்து,O,verb meaning having united
இயன்ற,O,verb meaning created/became
வள்ளி,MYTH,Valli
போல,O,particle meaning like
நின்,O,pronoun meaning your
உருவு,O,noun meaning form/beauty
கண்,O,noun meaning eye
எறிப்ப,O,verb meaning dazzling
நோக்கல்,O,verb meaning to see/look
ஆற்றலெனே,O,verb meaning I feel helpless (with expletive)
ப்போகிய,O,adjective meaning tall
நாக,PLANT,nakam tree (Calophyllum inophyllum)
ப்போக்கு,O,adjective meaning difficult
அருங்கவலை,PLACE,forked path
சிறுகண்,ANIMAL,small-eyed
ப்பன்றி,ANIMAL,pig/boar
ப்பெருஞ்சின,O,adjective meaning very angry
ஒருத்தல்,ANIMAL,male (boar)
சேறு,O,noun meaning mud
ஆடு,O,verb meaning playing
இரும்,O,adjective meaning dark
ப்புறம்,O,noun meaning back
நீறொடு,O,noun meaning with dust
சிவண,O,verb meaning got attached/rubbed
வெள்,O,adjective meaning white/empty
வசி,PLACE,cracked land/empty pit
ப்,O,sandhi consonant
படீஇயர்,O,verb meaning to fall in/get caught (with sandhi)
மொய்த்த,O,verb meaning swarmed
வள்பு,OBJECT,net straps
அழீஇ,O,verb meaning ruined (with sandhi)
க்கோள்,O,adjective meaning killer/hunting
நாய்,ANIMAL,dog
கொண்ட,O,verb meaning what they seized
கொள்ளை,O,noun meaning plunder/flesh
க்கானவர்,TRIBE,forest dwellers
பெயர்க்கும்,O,verb meaning they take away
சிறுகுடி,PLACE,small village
யானே,O,pronoun meaning (with expletive)
poem83,,
எம்,O,pronun meaning our
ஊர்,PLACE,town
வாயில்,STRUCTURE,entrance/gate
உண்,WATERBODY,drinking water
துறை,PLACE,pond/tank
த்,O,sandhi consonant
தடைஇய,O,adjective meaning huge (with sandhi)
கடவுள்,DEITY,god/deity
முது,O,adjective meaning old/ancient
மரத்து,PLANT,on the tree
உடன்,O,adverb meaning together
உறை,O,verb meaning living/dwelling
ப்பழகிய,O,verb meaning used to/accustomed
தேயா,O,adjective meaning sharp/not blunt
வளை,O,adjective meaning curved
வாய்,ANIMAL,mouth/beak
தெண்,O,adjective meaning clear/sharp
கண்,ANIMAL,eye
கூர்,O,adjective meaning sharp
உகிர்,ANIMAL,claw
வாய்ப்,OBJECT,drum-like
பறை,OBJECT,drum
அசாஅம்,O,verb meaning do not hoot/cause pain (with sandhi)
வலிமுந்து,O,adjective meaning with increased strength
கூகை,BIRD,owl
மை,ANIMAL,goat
ஊன்,FOOD,meat
தெரிந்த,O,adjective meaning clear/pure
நெய்,FOOD,ghee
வெண்புழுக்கல்,FOOD,boiled white rice
எலி,ANIMAL,rat
வான்,O,adjective meaning white
சூட்டொடு,FOOD,with roasted
மலிய,O,adverb meaning very well/abundantly
ப்பேணுதும்,O,verb meaning we will take care
எஞ்சாக்,O,adjective meaning not ruining/perfect
கொள்கை,O,noun meaning principle
எம்,O,pronoun meaning our
காதலர்,PERSON,lover
வரல்,O,verb meaning to come
நசைஇ,O,verb meaning desiring (with sandhi)
துஞ்சாது,O,verb meaning not sleeping/unable to sleep
அலமரு,O,verb meaning distressed
ப்பொழுதின்,TIME,at the time/when
அஞ்சு,O,verb meaning fear
வர,O,verb meaning to come/cause
க்,O,sandhi consonant
கடுங்குரல்,NATURE,harsh voice/sound
ப்பயிற்றாதீமே,O,verb meaning do not hoot (with expletive)
poem84,,
கண்ணும்,O,noun meaning eyes
தோளும்,O,noun meaning arms
தண்,NATURE,cool
நறும்,O,adjective meaning fragrant
கதுப்பும்,CLOTHING,hair
திதலை,O,noun meaning pallor spots
அல்குலும்,O,noun meaning loins
பல,O,adverb meaning many/greatly
ப்பாராட்டி,O,verb meaning having praised
நெருநலும்,TIME,yesterday
இவணர்,O,adverb meaning he was here
மன்,O,particle indicating past
ஏ,O,expletive/particle
இன்றே,TIME,today (with expletive)
ப்பெருநீர்,WATERBODY,big body of water
ஒப்பின்,PHENOMENON,like a mirage
ப்பேஎய்,PHENOMENON,mirage (with sandhi)
வெண்தேர்,PHENOMENON,silvery mirage
மரன்,PLANT,tree
இல்,O,particle meaning without
நீள்,O,adjective meaning long
இடை,PLACE,path/way
மான்,ANIMAL,deer
நசையுறூஉம்,O,verb meaning desiring (with sandhi)
சுடு,O,adjective meaning fired/burnt
மண்,OBJECT,clay
தசும்பின்,OBJECT,in the pot
மத்தம்,OBJECT,churning rod
தின்ற,O,verb meaning when mixed/used
ப்பிறவா,O,adjective meaning unformed
வெண்ணெய்,FOOD,butter
உருப்பு,O,noun meaning heat
இடந்தன்ன,O,verb meaning like scattered
உவர்,O,adjective meaning salty
எழு,O,verb meaning rising/forming
களரி,DESERT,saline land/desert
ஓமை,PLANT,omai tree (Dillenia indica/Toothbrush tree)
அம்,O,expletive/particle
காட்டு,FOREST,forest
வெயில்,NATURE,sun/sunlight
வீற்றிருந்த,O,verb meaning staying/shining hard
வெம்பலை,O,adjective meaning hot/harsh
அருஞ்சுரம்,DESERT,harsh wasteland
ஏகுவர்,O,verb meaning they say he will leave
என்ப,O,verb meaning they say
தாமே,O,pronoun meaning by himself (with expletive)
தம்,O,pronoun meaning his
வயின்,O,postposition meaning toward/to
இரந்தோர்,PERSON,those who begged
மாற்றல்,O,verb meaning to change/remove
ஆற்றா,O,verb meaning unable to
இல்லின்,STRUCTURE,house/home
வாழ்க்கை,O,noun meaning married life
வல்லாதோரே,O,verb meaning he is not capable (with expletive)
poem85,,
ஆய்,O,adjective meaning chosen/beautiful
மலர்,FLOWER,flower
மழைக்,NATURE,moist/wet
கண்,O,noun meaning eyes
தெண்,O,adjective meaning clear
பனி,NATURE,tears
உறைப்பவும்,O,verb meaning spilling/dropping
வேய்,PLANT,bamboo
மருள்,O,particle meaning like
பணைத்தோள்,O,noun meaning thick/bamboo-like arms
விறல்,O,adjective meaning victorious/beautiful
இழை,OBJECT,jewel
நெகிழவும்,O,verb meaning to become loose/slip down
அம்பல்,O,noun meaning gossip
மூதூர்,PLACE,ancient town
அரவம்,O,noun meaning noise/loudness
ஆயினும்,O,conjunction meaning even if
குறு,O,adjective meaning short
வரி,ANIMAL,with stripes
இரும்புலி,ANIMAL,big tiger
அஞ்சி,O,verb meaning fearing
குறு,O,adjective meaning short
நடை,O,noun meaning walk/strides
க்,O,sandhi consonant
கன்றுடை,ANIMAL,with calf
வேழம்,ANIMAL,elephant
நின்று,O,verb meaning standing
காத்து,O,verb meaning protecting
அல்கும்,O,verb meaning stays
ஆர்,O,adjective meaning dense/pitch
இருள்,NATURE,darkness
கடுகிய,O,adjective meaning abundant/thick
அஞ்சுவரு,O,adjective meaning fearful
சிறு,O,adjective meaning small
நெறி,PLACE,path/way
வாரற்க,O,verb meaning may he not come
தில்ல,O,expletive/particle
தோழி,PERSON,friend
சாரல்,MOUNTAIN,mountain slopes
கானவன்,TRIBE,mountain dweller
எய்த,O,verb meaning killed
முளவுமான்,ANIMAL,porcupine
கொழுங்குறை,FOOD,fatty meat pieces
தேம்,FOOD,honey/sweetness
கமழ்,O,verb meaning fragrant
கதுப்பின்,CLOTHING,with hair
கொடிச்சி,PERSON,mountain woman
கிழங்கொடு,FOOD,with yams/tubers
காந்தள்,FLOWER,glory lily (Gloriosa superba)
அம்,O,expletive/particle
சிறுகுடி,PLACE,small village
ப்பகுக்கும்,O,verb meaning she shares
ஓங்கு,O,adjective meaning lofty
மலை,MOUNTAIN,mountain
நாடன்,PERSON,man from the country
நின்,O,pronoun meaning your
நசையினானே,O,noun meaning because of his desire (with expletive)
poem86,,
அறவர்,PERSON,just man
வாழி,O,expletive/particle
தோழி,PERSON,friend
மறவர்,WARRIOR,warriors
வேல்,WEAPON,spear
என,O,particle meaning like
விரிந்த,O,verb meaning spread
கதுப்பின்,O,adjective meaning with hair/fibers
தோல,OBJECT,with skin
ப்பாண்டில்,OBJECT,round shape/disc
ஒப்பின்,O,particle meaning like
பகன்றை,FLOWER,pakandrai flower (Operculina turpethum)
மலரும்,O,verb meaning bloom
கடும்,O,adjective meaning harsh
பனி,NATURE,dew
அற்சிரம்,TIME,early dew season
நடுங்க,O,verb meaning trembled
காண்தக,O,adverb meaning splendidly
கை,O,noun meaning hand
வல்,O,adjective meaning skilled
வினைவன்,PROFESSION,skilled artist
தையுபு,O,verb meaning having created
சொரிந்த,O,verb meaning poured (gems)
சுரிதக,OBJECT,hair jewel
உருவின,O,noun meaning in the shape
ஆகி,O,verb meaning becoming
ப்பெரிய,O,adjective meaning big
கோங்கம்,FLOWER,kongam flowers (Cochlospermum gossypium)
குவி,O,adjective meaning pointed/closed
முகை,FLOWER,bud
அவிழ,O,verb meaning to open
ஈங்கை,PLANT,eengai (Mimosa Pudica)
நல்,O,adjective meaning fine
தளிர்,PLANT,sprout
நயவர,O,adverb meaning pleasingly/desirably
நுடங்கும்,O,verb meaning swaying
முற்றா,TIME,early/not mature
வேனில்,TIME,summer
முன்னி,O,verb meaning having thought/desired
வந்தோரே,PERSON,the one who came (with expletive)
poem87,,
உள்ளூர்,PLACE,town's
மாஅத்த,PLANT,on mango trees (with sandhi)
முள்,O,adjective meaning thorn-like
எயிற்று,ANIMAL,with teeth
வாவல்,ANIMAL,bat
ஓங்கல்,O,adjective meaning tall
அம்,O,expletive/particle
சினை,PLANT,branch
த்,O,sandhi consonant
தூங்கு,O,verb meaning hanging
துயில்,O,noun meaning sleep
ப்பொழுதின்,TIME,at the time of/when
வெல்,WAR,victorious
ப்போர்,WAR,battle
ச்,O,sandhi consonant
சோழர்,KING,Chozha king
அழிசி,KING,Azhisi
அம்,O,expletive/particle
ப்பெருங்காட்டு,FOREST,in the big forest
நெல்லி,FRUIT,nelli (Phyllanthus emblica)
அம்,O,expletive/particle
ப்புளி,O,adjective meaning sour
ச்சுவை,O,noun meaning taste
க்,O,sandhi consonant
கனவியாஅங்கு,O,verb meaning like how they dreamt (with sandhi)
அது,O,pronoun meaning that
கழிந்தன்றே,O,verb meaning it left/ended (with expletive)
தோழி,PERSON,my friend
அவர்,O,pronoun meaning his
நாட்டு,REGION,in the country
ப்பனி,NATURE,cool
அரும்பு,FLOWER,bud
உடைந்த,O,verb meaning opening
ப்பெருந்தாட்,PLANT,large trunked
புன்னை,PLANT,punnai/laurel tree
துறை,PLACE,seashore
மேய்,O,verb meaning grazing
இப்பி,ANIMAL,oyster
ஈர்ம்,O,adjective meaning wet
ப்புறத்து,O,noun meaning on the backs
உறைக்கும்,O,verb meaning drops (pollen)
சிறுகுடி,PLACE,small village/settlement
ப்பரதவர்,PROFESSION,fishermen
மகிழ்ச்சியும்,O,noun meaning happiness
ப்பெருந்தண்,O,adjective meaning huge cool
கானலும்,FOREST,and seashore groves
நினைந்த,O,verb meaning having thought
அப்,O,pronoun meaning that
ப்பகலே,TIME,daytime (with expletive)
poem88,,
யாம்,O,pronoun meaning we/our
செய்,O,verb meaning done
தொல்,O,adjective meaning ancient/past
வினைக்கு,O,noun meaning for deeds
எவன்,O,interrogative meaning why
ப்பேதுற்றனை,O,verb meaning are you confused
வருந்தல்,O,verb meaning do not feel sad
வாழி,O,expletive/particle
தோழி,PERSON,friend
யாம்,O,pronoun meaning we
சென்று,O,verb meaning having gone
உரைத்தனம்,O,verb meaning let us talk/say
வருகம்,O,verb meaning let us come back
எழுமதி,O,verb meaning rise up (with expletive)
ப்புணர்,O,adjective meaning with/mixed
திரை,WATERBODY,wave
க்,O,sandhi consonant
கடல்,WATERBODY,ocean
விளை,O,verb meaning growing
அமுதம்,FOOD,salt/nectar
ப்பெயற்கு,NATURE,to the rain
ஏற்றாஅங்கு,O,verb meaning like it met (with sandhi)
உருகி,O,verb meaning melting
உகுதல்,O,verb meaning getting ruined
அஞ்சுவல்,O,verb meaning I fear
உதுக்காண்,O,interjection meaning look there
தம்மோன்,PERSON,your man/lover
கொடுமை,O,noun meaning cruelty
நம்,O,pronoun meaning us
வயின்,O,postposition meaning toward/to
ஏற்றி,O,verb meaning thinking/accepting
நயம்,O,noun meaning kindness/pity
ப்பெரிது,O,adverb meaning greatly
உடைமையின்,O,noun meaning because of having
தாங்கல்,O,verb meaning to bear
செல்லாது,O,verb meaning unable to
கண்ணீர்,O,noun meaning tears
அருவியாக,WATERBODY,as waterfalls
அழுமே,O,verb meaning it cries (with expletive)
தோழி,PERSON,friend
அவர்,O,pronoun meaning his
ப்பழம்,FRUIT,fruit
உதிர்,O,verb meaning dropping
குன்றே,MOUNTAIN,mountain (with expletive)
poem89,,
கொண்டல்,NATURE,eastern wind
ஆற்றி,O,verb meaning carrying/blowing
விண்,NATURE,sky
தலை,O,adverb meaning highly/at the top
ச்செறீஇயர்,O,verb meaning becoming crowded/dense (with sandhi)
திரை,WATERBODY,wave
ப்பிதிர்,PHENOMENON,spray
கடுப்ப,O,particle meaning like
முகடு,MOUNTAIN,peak
உகந்து,O,verb meaning rising over
ஏறி,O,verb meaning having climbed
நிரைத்து,O,verb meaning in rows
நிறை,O,noun meaning fullness
கொண்ட,O,verb meaning having taken
கமஞ்சூல்,O,adjective meaning full (with clouds)
மா,O,adjective meaning dark/huge
மழை,NATURE,cloud
அழிதுளி,NATURE,heavy rains
கழிப்பிய,O,verb meaning having ended
அழிபெயல்,NATURE,rain
கடை,O,adjective meaning last
நாள்,TIME,day
இரும்,O,adjective meaning dark
ப்பனி,NATURE,cold
ப்பருவத்த,TIME,in the season
மயிர்க்,PLANT,hairy
காய்,FRUIT,bean/pod
உழுந்தின்,FOOD,black-gram plants
அகல்,O,adjective meaning broad/wide
இலை,PLANT,leaf
அகல,O,adverb meaning widely
வீசி,O,verb meaning blowing/swaying
அகலாது,O,verb meaning without leaving
அல்கலும்,TIME,every day
அலைக்கும்,O,verb meaning they cause pain
நல்கா,O,adjective meaning not compassionate/harsh
வாடை,NATURE,northern wind
ப்பரும,O,adjective meaning caparisoned
யானை,ANIMAL,elephant
அயா,O,noun meaning tiredness/sorrow
உயிர்த்தாஅங்கு,O,verb meaning like how it sighed (with sandhi)
இன்னும்,O,adverb meaning still
வருமே,O,verb meaning it will come (with expletive)
தோழி,PERSON,friend
வாரா,O,verb meaning not come
வண்கணாளரொடு,PERSON,with the harsh-hearted man
இயைந்த,O,verb meaning associated
ப்புன்கண்,O,adjective meaning distressing
மாலையும்,TIME,evening time
ப்புலம்பும்,O,noun meaning loneliness/sorrow
முந்துறுத்தே,O,verb meaning sending in advance (with expletive)
poem90,,
ஆடு,O,verb meaning dancing
இயல்,O,noun meaning nature/art
விழவின்,O,noun meaning with festivals
அழுங்கல்,O,adjective meaning loud/uproarious
மூதூர்,PLACE,ancient town
உடை,CLOTHING,clothes
ஓர்,O,verb meaning analyzing
ப்பான்மையின்,O,noun meaning in the manner of
ப்பெருங்கை,O,noun meaning business/activity
தூவா,O,verb meaning without stopping
வறன்,O,noun meaning poverty
இல்,O,particle meaning without
ப்புலைத்தி,PROFESSION,washerwoman
எல்லி,TIME,night
த்,O,sandhi consonant
தோய்த்த,O,verb meaning soaked/dipped
ப்புகா,FOOD,rice/food
ப்புகர்,FOOD,rice gruel/starch
கொண்ட,O,verb meaning with
ப்புன்,O,adjective meaning soft/delicate
ப்பூங்கலிங்கமொடு,CLOTHING,with soft lovely clothes
வாடா,O,adjective meaning not faded
மாலை,FLOWER,garland
துயல்வர,O,verb meaning swaying
ஓடி,O,verb meaning having run
ப்பெருங்கயிறு,OBJECT,big rope
நாலும்,O,verb meaning hanging
இரும்,O,adjective meaning dark
ப்பனம்,PLANT,palmyra
ப்பிணையல்,OBJECT,swing
ப்பூங்கண்,O,adjective meaning flower-like eyes
ஆயம்,PERSON,friends
ஊக்க,O,verb meaning as they pushed
ஊங்காள்,O,verb meaning she does not swing
அழுதனள்,O,verb meaning she cried
ப்பெயரும்,O,verb meaning she moves away
அம்,O,expletive/particle
சில்,O,adjective meaning soft/delicate
ஓதி,CLOTHING,hair
நல்கூர்,O,adjective meaning distressed/suffering
ப்பெண்டின்,PERSON,of the woman
சில்,O,adjective meaning few
வளை,OBJECT,bangles
க்,O,sandhi consonant
குறுமகள்,PERSON,young woman
ஊசல்,OBJECT,swing
உறு,O,verb meaning greatly
தொழில்,O,noun meaning activity
ப்பூசல்,O,noun meaning uproar
கூட்டா,O,verb meaning not creating
நயன்,O,noun meaning kindness/goodness
இல்,O,particle meaning without
மாக்களொடு,PERSON,with undesirable people
கெழீஇ,O,verb meaning together (with sandhi)
ப்பயன்,O,noun meaning benefit/use
இன்று,O,verb meaning there is no/without
அம்ம,O,expletive/particle
இவ்,O,pronoun meaning this
வேந்துடை,PERSON,king's (the hero's)
அவையே,PLACE,council/assembly (with expletive)
poem91,,
நீ,O,pronoun meaning you
உணர்ந்தனையே,O,verb meaning did you know (with expletive)
தோழி,PERSON,friend
வீ,FLOWER,flower
உக,O,verb meaning to drop
ப்புன்னை,PLANT,punnai/laurel tree
ப்பூத்த,O,verb meaning bloomed/flowered
இன்,O,adjective meaning sweet
நிழல்,NATURE,shade
உயர்,O,adjective meaning high
கரை,PLACE,shore/bank
ப்பாடு,NATURE,sound
இமிழ்,O,adjective meaning loud
ப்பனி,NATURE,cold
க்,O,sandhi consonant
கடல்,WATERBODY,sea/ocean
துழைஇ,O,verb meaning searches (with sandhi)
ப்பெடையோடு,ANIMAL,with its female
உடங்கு,O,adverb meaning together
இரை,FOOD,food
தேரும்,O,verb meaning searches
தடந்தாள்,O,adjective meaning big-footed
நாரை,BIRD,stork
ஐய,O,adjective meaning delicate/beautiful
சிறுகண்,O,adjective meaning small-eyed
செங்கடை,O,adjective meaning red on the sides
ச்,O,sandhi consonant
சிறுமீன்,FISH,small fish
மேக்கு,O,adverb meaning high above
உயர்,O,adjective meaning high
சினையின்,PLANT,on the branch
மீமிசை,O,adverb meaning above
க்,O,sandhi consonant
குடம்பை,STRUCTURE,nest
தாய்ப்,PERSON,mother
ப்பயிர்,O,verb meaning calls out
ப்பிள்ளை,ANIMAL,young chick
வாய்ப்பட,O,adverb meaning in the mouth
ச்சொரியும்,O,verb meaning puts/drops
கானல்,FOREST,seashore grove
அம்,O,expletive/particle
ப்படப்பை,FOREST,grove
ஆனா,O,adjective meaning unlimited/endless
வண்,O,adjective meaning generous/charitable
மகிழ்,O,noun meaning happiness
ப்பெருநல்,O,adjective meaning great fine
ஈகை,O,noun meaning charity
நம்,O,pronoun meaning our
சிறுகுடி,PLACE,small village
ப்பொலிய,O,verb meaning to be splendid
ப்புள்,BIRD,bird
உயிர்,O,noun meaning life/sound
க்,O,sandhi consonant
கொட்பின்,O,noun meaning with whirling sounds
வள்,O,adjective meaning loud
உயிர்,O,noun meaning sound
மணித்தார்க்,OBJECT,with bell necklaces
கடு,O,adjective meaning fast
மா,ANIMAL,horse
ப்பூண்ட,O,verb meaning hitched to
நெடுந்தேர்,VEHICLE,tall chariot
நெடு,O,adjective meaning vast
நீர்,WATERBODY,water
ச்,O,sandhi consonant
சேர்ப்பன்,PERSON,lord of the shores
ப்பகல்,TIME,day
இவண்,O,adverb meaning here
வரவே,O,verb meaning he comes (with expletive)
poem92,,
உள்ளார்,O,verb meaning does he think
கொல்லோ,O,expletive/particle
தோழி,PERSON,friend
துணையொடு,ANIMAL,with its mate
வேனில்,TIME,summer
ஓதி,ANIMAL,chameleon
ப்பாடு,O,adverb meaning with difficulty
நடை,O,noun meaning walk
வழலை,ANIMAL,ground snake (Lycodontidae)
வரி,O,adjective meaning striped
மரல்,PLANT,hemp
நுகும்பின்,PLANT,like the tender leaves
வாடி,O,verb meaning withered
அவண,O,adverb meaning there
வறன்,O,adjective meaning dry/parched
ப்பொருந்து,O,verb meaning appropriate/suitable
குன்றத்து,MOUNTAIN,on the mountain
உச்சி,MOUNTAIN,peak
கவாஅன்,MOUNTAIN,mountain slopes (with sandhi)
வேட்ட,PROFESSION,hunting/hunters
ச்,O,sandhi consonant
சீறூர்,PLACE,small village
அகன்,O,adjective meaning wide
கண்,O,postposition meaning at/near
கேணி,WATERBODY,well
ப்பய,O,adjective meaning useful
நிரைக்கு,ANIMAL,for their herds
எடுத்த,O,verb meaning made/placed
மணி,OBJECT,clear (water)
நீர்ப்,WATERBODY,water
ப்பத்தர்,OBJECT,trough
ப்புன்தலை,O,adjective meaning soft-headed
மட,O,adjective meaning naive
ப்பிடி,ANIMAL,female elephant
கன்றோடு,ANIMAL,with calf
ஆர,O,verb meaning to drink
வில்,OBJECT,arched lid
கடிந்து,O,verb meaning removing
ஊட்டின,O,verb meaning they drink
ப்பெயரும்,O,verb meaning move away
கொல்,O,adjective meaning killer
களிற்று,ANIMAL,bull elephant
ஒருத்தல்,ANIMAL,male
சுரன்,DESERT,wasteland
இறந்தோரே,PERSON,the one who passed through (with expletive)
poem93,,
ப்பிரசம்,FOOD,honeycomb
தூங்க,O,verb meaning hang
ப்பெரும்,O,adjective meaning large
ப்பழம்,FRUIT,jackfruit
துணர,O,verb meaning in clusters
வரை,MOUNTAIN,mountain
வெள்ளருவி,WATERBODY,white waterfall
மாலையின்,FLOWER,like garlands
இழிதர,O,verb meaning flowing down
க்,O,sandhi consonant
கூலம்,FOOD,grains/legumes
எல்லாம்,O,pronoun meaning all
ப்புலம்,FIELD,field/land
ப்புக,O,verb meaning to enter
நாளும்,TIME,always/daily
மல்லற்று,O,adjective meaning abundant/prosperous
அம்ம,O,expletive/particle
இம்,O,pronoun meaning this
மலை,MOUNTAIN,mountain
கெழு,O,adjective meaning with/abounding
வெற்பு,MOUNTAIN,mountain
என,O,verb meaning thus
ப்பிரிந்தோர்,PERSON,those who left
இரங்கும்,O,verb meaning will feel sad
ப்பெருங்கல்,MOUNTAIN,lofty mountains
நாட,PERSON,oh lord of the country
செல்கம்,O,verb meaning we are leaving
எழுமோ,O,verb meaning you rise up (with expletive)
சிறக்க,O,verb meaning may you prosper
நின்,O,pronoun meaning your
ஊழி,TIME,lifetime
மருங்கு,O,noun meaning sides
மறைத்த,O,verb meaning hiding
திருந்திழை,OBJECT,fine/perfect jewels
ப்பணைத்தோள்,O,noun meaning bamboo-like arms
நல்கூர்,O,adjective meaning tiny/slender
நுசுப்பின்,O,noun meaning with waist
மெல்லியல்,O,adjective meaning delicate
குறுமகள்,PERSON,young woman
ப்பூண்,OBJECT,jewel
தாழ்,O,verb meaning hanging
ஆகம்,O,noun meaning chest
நாண்,O,noun meaning shyness
அட,O,verb meaning removing
வருந்திய,O,verb meaning distressed
ப்பழங்கண்,O,adjective meaning distressing
மாமையும்,O,noun meaning sallow/pallor
உடைய,O,verb meaning has/with
தழங்கு,O,adjective meaning roaring
குரல்,NATURE,sound
மயிர்க்,ANIMAL,with hair
கண்,OBJECT,with eyes (drums)
முரசின்,OBJECT,of the drums
ஓரும்,O,verb meaning listening
முன்,TIME,before
உயிர்,O,noun meaning life
க்,O,sandhi consonant
குறி,O,noun meaning sign
எதிர்ப்பை,O,verb meaning to find/expect
ப்பெறல்,O,verb meaning to get
அருங்குரைத்தே,O,adjective meaning it is difficult (with expletive)
poem94,,
நோய்,O,noun meaning disease/love affliction
அலை,O,verb meaning distressing
க்கலங்கிய,O,verb meaning distressed
மதன்,O,noun meaning strength
அழி,O,verb meaning losing
ப்பொழுதில்,TIME,at the time when
காமம்,O,noun meaning love
ச்செப்பல்,O,verb meaning to talk in loving manner
ஆண்மகற்கு,PERSON,for a man
அமையும்,O,verb meaning it is fitting
யானே,O,pronoun meaning me (with expletive)
ப்பெண்மை,O,noun meaning feminine nature
தட்ப,O,verb meaning blocking
நுண்ணிதின்,O,adverb meaning gently/delicately
தாங்கி,O,verb meaning having tolerated
கை,O,noun meaning hand
வல்,O,adjective meaning skilled
கம்மியன்,PROFESSION,craftsman
கவின்,O,noun meaning beauty
ப்பெற,O,verb meaning to attain
க்,O,sandhi consonant
கழாஅ,O,verb meaning not cleaned/polished
மண்ணாப்,O,adjective meaning not cleaned/polished
ப்பசு,O,adjective meaning fresh/new
முத்து,OBJECT,pearl
ஏய்ப்ப,O,particle meaning like
குவி,O,adjective meaning pointed/closed
இணர்ப்,FLOWER,with clusters of
புன்னை,PLANT,punnai/laurel tree
அரும்பிய,O,verb meaning blossomed
ப்புலவு,O,noun meaning flesh-stinking
நீர்ச்,WATERBODY,water
சேர்ப்பன்,PERSON,lord of the shores
என்ன,O,interrogative meaning what kind
மகன்,PERSON,man
கொல்,O,expletive/particle
தோழி,PERSON,friend
தன்,O,pronoun meaning his
வயின்,O,postposition meaning for/toward
ஆர்வம்,O,noun meaning desire/love
உடையர்,PERSON,man with the desire
ஆகி,O,verb meaning becoming
மார்பு,O,noun meaning chest
அணங்குறுநரை,PERSON,the one who is distressed
அறியாதோனே,PERSON,man who does not understand (with expletive)
poem95,,
கழை,PLANT,bamboo
ப்பாடு,NATURE,sound/music
இரங்க,O,verb meaning to sound
ப்பல்,O,adjective meaning many
இயம்,MUSIC,musical instruments
கறங்க,O,verb meaning to sound
ஆடுமகள்,PERSON,dancing girl
நடந்த,O,verb meaning walked
கொடும்,O,adjective meaning twisted/curved
ப்புரி,O,noun meaning rope
நோன்,O,adjective meaning strong
கயிற்று,OBJECT,on the rope
அதவத்,FRUIT,fig tree
தீம்,O,adjective meaning sweet
கனி,FRUIT,fruit
அன்ன,O,adjective meaning like
செம்முகத்,O,adjective meaning red-faced
துய்த்தலை,O,adjective meaning fuzzy-headed
மந்தி,ANIMAL,female monkey
வன்,O,adjective meaning strong
ப்பறழ்,ANIMAL,young monkey
தூங்க,O,verb meaning sways/balances
கழைக்,PLANT,near the bamboo
கண்,O,postposition meaning at
இரும்,O,adjective meaning large
ப்பொறை,PLACE,boulders
ஏறி,O,verb meaning climbing
விசைத்து,O,verb meaning rapidly
எழுந்து,O,verb meaning rising up
குற,TRIBE,mountain dweller
க்,O,sandhi consonant
குறுமாக்கள்,PERSON,young children
தாளம்,OBJECT,cymbals/beats
கொட்டும்,O,verb meaning they clap/beat
அக்,O,pronoun meaning that
குன்று,MOUNTAIN,mountain
அகத்ததுவே,PLACE,in that mountain (with expletive)
குழு,O,noun meaning group
மிளை,FOREST,protective forest
ச்,O,sandhi consonant
சீறூர்,PLACE,small town/hamlet
சீறூரோளே,PERSON,the girl in the small town (with expletive)
நாறு,O,adjective meaning fragrant
மயிர்,CLOTHING,hair
க்,O,sandhi consonant
கொடிச்சி,PERSON,mountain woman
கையகத்ததுவே,O,noun meaning held by her hands (with expletive)
ப்பிறர்,PERSON,others
விடுத்தற்கு,O,verb meaning to release
ஆகாது,O,verb meaning unable
ப்பிணித்த,O,verb meaning tied
என்,O,pronoun meaning my
நெஞ்சே,O,noun meaning heart (with expletive)
poem96,,
இதுவே,O,pronoun meaning this is (with expletive)
நறு,O,adjective meaning fragrant
வீ,FLOWER,flower
ஞாழல்,PLANT,gnazhal tree (Cassia Sophera)
மா,O,adjective meaning huge/large
மலர்,FLOWER,flower
தாஅய்,O,verb meaning dropped/spread (with sandhi)
ப்புன்னை,PLANT,punnai/laurel tree
ததைந்த,O,verb meaning grown densely
வெண்மணல்,PLACE,white sand
ஒரு,O,numeral meaning one
சிறை,O,adverb meaning side
ப்புதுவது,O,adjective meaning new/first
ப்புணர்ந்த,O,verb meaning embraced/united
ப்பொழிலே,FOREST,grove (with expletive)
உதுவே,O,pronoun meaning there (with expletive)
ப்பொம்மல்படு,O,adjective meaning overflowing/bright
திரை,WATERBODY,wave
நம்மோடு,O,pronoun meaning with us
ஆடி,O,verb meaning having played
ப்புறம்,O,noun meaning back
தாழ்பு,O,verb meaning hanging
இருளிய,O,verb meaning dark/black
ப்பிறங்கு,O,adjective meaning flourishing/thick
குரல்,O,noun meaning clusters/braid
ஐம்பால்,CLOTHING,five-part hair braid
துவரினர்,O,verb meaning he squeezed out
அருளிய,O,verb meaning he was kind
துறையே,PLACE,shore (with expletive)
அதுவே,O,pronoun meaning that is (with expletive)
கொடுங்கழி,WATERBODY,curved backwaters
நிவந்த,O,adjective meaning risen/tall
நெடுங்கால்,PLANT,long stems
நெய்தல்,FLOWER,waterlily
அம்,O,expletive/particle
ப்பகை,O,adjective meaning different/mixed
நெறித்,O,adjective meaning woven
தழை,CLOTHING,leaf garment
அணிபெற,O,adverb meaning beautifully
த்,O,sandhi consonant
தைஇ,O,verb meaning having worn (with sandhi)
தமியர்,O,adverb meaning alone
சென்ற,O,verb meaning went
கானல்,FOREST,seashore grove
என்று,O,verb meaning thus
ஆங்கு,O,adverb meaning there
உள்ளுதோறு,O,adverb meaning whenever you think
உள்ளுதோறு,O,adverb meaning whenever you think
உருகி,O,verb meaning melting
ப்பைஇ,O,adverb meaning little by little (with sandhi)
ப்பைய,O,adverb meaning little by little
ப்பசந்தனை,O,verb meaning you suffer with pallor
பசப்பே,O,noun meaning pallor (with expletive)
poem97,,
அழுந்துபடு,O,adjective meaning deep
விழுப்புண்,O,noun meaning big wound
வழும்புவாய்,O,noun meaning edges on fatty flesh
ப்புலரா,O,verb meaning have not dried
எவ்வ,O,adjective meaning distressed
நெஞ்சத்து,O,noun meaning in the heart
எஃகு,WEAPON,spear/lance
எறிந்தாங்கு,O,verb meaning like plunged
ப்பிரிவில,O,adverb meaning without leaving
ப்புலம்பி,O,verb meaning mournfully
நுவலும்,O,verb meaning sings
குயிலினும்,BIRD,more than the cuckoo
தேறு,O,adjective meaning clear
நீர்,WATERBODY,water
கெழீஇய,O,verb meaning with/abundant (with sandhi)
யாறு,WATERBODY,river
நனி,O,adverb meaning much/more
கொடிதே,O,adjective meaning it is harsher (with expletive)
அதனினும்,O,conjunction meaning than that
கொடியள்,PERSON,she who is harsher
தானே,O,pronoun meaning she (with expletive)
மதனில்,O,adjective meaning without strength
துய்த்தலை,O,adjective meaning with soft tops
இதழ,FLOWER,petals
ப்பைங்குருக்கத்தியொடு,FLOWER,with kurukkathi flowers (Hiptage madablota)
ப்பித்திகை,FLOWER,pichi/jasmine flowers
விரவு,O,adjective meaning mixed
மலர்,FLOWER,flower
கொள்ளீரோ,O,verb meaning will you take (with expletive)
என,O,verb meaning thus
வண்டு,INSECT,bee
சூழ்,O,verb meaning surrounding/swarming
வட்டியள்,PERSON,woman with a basket
திரிதரும்,O,verb meaning going around
தண்டலை,FOREST,grove
உழவர்,PROFESSION,farmer
தனி,O,adjective meaning special/unique
மட,O,adjective meaning naive/delicate
மகளே,PERSON,daughter (with expletive)
poem98,,
எய்ம்,ANIMAL,porcupine
முள்,ANIMAL,quill
அன்ன,O,adjective meaning like
ப்பரூஉ,O,adjective meaning coarse (with sandhi)
மயிர்,ANIMAL,hair/fur
எருத்தின்,ANIMAL,with a neck
செய்ம்,FIELD,field
ம்,O,sandhi consonant
மேவல்,O,verb meaning desiring/anxious
சிறுகண்,ANIMAL,small-eyed
ப்பன்றி,ANIMAL,pig
ஓங்கு,O,adjective meaning tall
மலை,MOUNTAIN,mountain
வியன்,O,adjective meaning wide
ப்புனம்,FIELD,field
ப்படீஇயர்,O,verb meaning to graze/eat (with sandhi)
வீங்கு,O,adjective meaning big/large
ப்பொறி,OBJECT,trap
நூழை,PLACE,small entrance
நுழையும்,O,verb meaning entering
ப்பொழுதில்,TIME,when/at the time
தாழாது,O,verb meaning without delay
ப்பாங்கர்,O,adverb meaning there/nearby
ப்பக்கத்து,O,adverb meaning from nearby
ப்பல்லி,ANIMAL,lizard
ப்பட்டென,O,verb meaning since there were clucks
மெல்ல,O,adverb meaning slowly
மெல்ல,O,adverb meaning slowly
ப்பிறக்கே,O,adverb meaning behind (with expletive)
ப்பெயர்ந்து,O,verb meaning having moved/turned back
தன்,O,pronoun meaning its
கல்,MOUNTAIN,rock
அளை,PLACE,cave
ப்பள்ளி,PLACE,resting place
வதியும்,O,verb meaning it stays/lives
நாடன்,PERSON,man from such country
எந்தை,PERSON,our father
ஓம்பும்,O,verb meaning protects
கடி,O,adjective meaning protected/guarded
உடை,O,verb meaning with/having
வியல்,O,adjective meaning big/wide
நகர்,STRUCTURE,house
துஞ்சாக்,O,adjective meaning not sleeping
காவலர்,WARRIOR,guards
இகழ்பதம்,O,noun meaning tiredness/sleepiness
நோக்கி,O,verb meaning seeing/watching
இரவின்,TIME,at night
வரூஉம்,O,verb meaning you come (with sandhi)
அதனினும்,O,conjunction meaning than that
கொடிதே,O,adjective meaning it is harsher (with expletive)
வைகலும்,TIME,every day
ப்பொருந்தல்,O,verb meaning to close
ஒல்லா,O,verb meaning unable to
கண்ணொடு,O,noun meaning with eyes
வாரா,O,verb meaning has not come back
என்,O,pronoun meaning my
நார்,O,noun meaning compassion/love
இல்,O,particle meaning without
நெஞ்சே,O,noun meaning heart (with expletive)
poem99,,
நீர்,WATERBODY,water
அற,O,adverb meaning without
வறந்த,O,adjective meaning dried
நிரம்பா,O,adjective meaning endless
நீள்,O,adjective meaning long
இடை,PLACE,path
த்,O,sandhi consonant
துகில்,CLOTHING,cloth/fabric
விரித்தன்ன,O,adjective meaning like spread
வெயில்,NATURE,sun/sunlight
அவிர்,O,adjective meaning blazing/shining
உருப்பின்,O,noun meaning with rays/heat
அஞ்சுவர,O,verb meaning causing fear
ப்பனிக்கும்,O,verb meaning causing trembling
வெஞ்சுரம்,DESERT,hot/wasteland
இறந்தோர்,PERSON,the one who went
தாம்,O,pronoun meaning they/he
வர,O,verb meaning to come
த்,O,sandhi consonant
தெளித்த,O,verb meaning promised
ப்பருவம்,TIME,season
காண்வர,O,verb meaning to see/appear
இதுவோ,O,pronoun meaning is this (with expletive)
என்றிசின்,O,verb meaning you asked (with expletive)
மடந்தை,PERSON,young woman
மதி,O,noun meaning intelligence
இன்று,O,verb meaning without
மறந்து,O,verb meaning forgetting
கடல்,WATERBODY,ocean
முகந்த,O,verb meaning having absorbed
கமஞ்சூல்,O,adjective meaning filled with water
மா,O,adjective meaning dark
மழை,NATURE,clouds
ப்பொறுத்தல்,O,verb meaning to bear
செல்லாது,O,verb meaning unable to
இறுத்த,O,verb meaning came down/poured
வண்,O,adjective meaning heavy/generous
ப்பெயல்,NATURE,rain
கார்,TIME,rainy season
என்று,O,verb meaning thus
அயர்ந்த,O,adjective meaning forgetful
உள்ளமொடு,O,noun meaning with hearts
தேர்வு,O,noun meaning knowledge/understanding
இல,O,verb meaning without (contraction of இல்லை)
ப்பிடவமும்,FLOWER,pidavam flowers (Randia malabarica)
கொன்றையும்,FLOWER,kondrai flowers (Cassia fistula)
கோடலும்,FLOWER,kodal flowers (white glory lily)
மடவ,O,adjective meaning ignorant/dumb
ஆகலின்,O,conjunction meaning hence/so
மலர்ந்தன,O,verb meaning they blossomed
பலவே,O,adjective meaning many/abundantly (with expletive)
poem100,,
உள்ளுதொறும்,TIME,whenever I think
நகுவேன்,O,verb meaning I laugh
தோழி,PERSON,friend
வள்,O,adjective meaning sharp
உகிர்,ANIMAL,claw
மாரிக்,TIME,rainy season
கொக்கின்,BIRD,stork's
கூர்,O,adjective meaning sharp
அலகு,ANIMAL,beak
அன்ன,O,adjective meaning like
குண்டு,WATERBODY,pond
நீர்,WATERBODY,water
ஆம்பல்,FLOWER,white waterlily
தண்,NATURE,cool
துறை,PLACE,shore
ஊரன்,PERSON,man from the town
தேம்,FOOD,honey
கமழ்,O,verb meaning fragrant
ஐம்பால்,CLOTHING,five-part braid
ப்பற்றி,O,verb meaning having held
என்,O,pronoun meaning my
வயின்,O,postposition meaning with/at
வான்,O,adjective meaning white/bright
க்கோல்,O,adjective meaning rounded/well made
எல்,O,adjective meaning bright
வளை,OBJECT,bangles
வெளவிய,O,verb meaning plucked/removed
ப்பூசல்,O,noun meaning quarrel/uproar
சினவிய,O,adjective meaning angry
முகத்து,O,noun meaning with face
சினவாது,O,verb meaning without anger
சென்று,O,verb meaning having gone
நின்,O,pronoun meaning your
மனையோட்கு,PERSON,to your wife
உரைப்பல்,O,verb meaning I will tell
என்றலின்,O,verb meaning since I said that
முனை,PLACE,edge
ஊர்ப்,PLACE,of the town
ப்பல்,O,adjective meaning many
ஆ,ANIMAL,cows
நெடு,O,adjective meaning long/large
நிரை,O,noun meaning herd
வில்லின்,WEAPON,with arrows
ஒய்யும்,O,verb meaning seizes and brings
தேர்,VEHICLE,chariot
வண்,O,adjective meaning generous
மலையன்,KING,Malaiyamān
முந்தை,O,adverb meaning in front
ப்பேர்,O,adjective meaning great
இசை,O,noun meaning fame/music
ப்புலம்,REGION,country/land
ப்பிரி,O,verb meaning separated/from another
வயிரியர்,PROFESSION,skilled artists/drummers
நலம்,O,noun meaning goodness/auspiciousness
ப்புரி,O,verb meaning doing
முழவின்,OBJECT,of the drums
மண்,OBJECT,mud/clay
ஆர்,O,verb meaning filled/packed
கண்ணின்,OBJECT,like the eyes (of the drum)
அதிரும்,O,verb meaning roars/trembles
நன்னராளன்,PERSON,the man who wants it good
நடுங்கு,O,verb meaning trembling
அஞர்,O,noun meaning distress/fear
நிலையே,O,noun meaning situation (with expletive)
Word,Entity,Explanation
poem101,,
முற்றா,O,adjective meaning immature/unripe
மஞ்சள்,PLANT,turmeric
ப்பசும்புறம்,PLANT,fresh/tender sides
கடுப்ப,O,particle meaning like/resembling
ச்சுற்றிய,O,adjective meaning surrounded
ப்பிணர,O,noun meaning rough skin/scales
சூழ்,O,adjective meaning surrounded/wrapped
கழி,WATERBODY,backwater
இறவின்,FISH,shrimp
கணம்,O,noun meaning group/many
கொள்,O,verb meaning having/taking
குப்பை,FOOD,heaps (of dried fish)
உணங்கு,O,verb meaning drying
திறன்,O,noun meaning method/way
நோக்கி,O,verb meaning seeing/looking
ப்புன்னை,PLANT,punnai/laurel tree
அம்,O,expletive/particle
கொழு,O,adjective meaning dense/thick
நிழல்,NATURE,shade
முன்,O,adverb meaning before/in front
உய்த்து,O,verb meaning taking
ப்பரப்பும்,O,verb meaning spreading
துறை,PLACE,port/seashore
நணி,O,adverb meaning nearby
இருந்த,O,verb meaning staying/living
ப்பாக்கமும்,PLACE,seaside village
உறை,O,verb meaning staying
நனி,O,adverb meaning very
இனிது,O,adjective meaning sweet/pleasant
மன்,O,particle indicating past
அளிதோ,O,adjective meaning pitiable (with expletive)
தானே,O,pronoun meaning it (with expletive)
துனி,O,noun meaning sorrow
தீர்ந்து,O,verb meaning having ended/without
அகன்ற,O,adjective meaning wide/broad
அல்குல்,O,noun meaning loins
ஐது,O,adjective meaning delicate
அமை,O,verb meaning having/fitted
நுசுப்பின்,O,noun meaning with waist
மீன்,FISH,fish
எறி,PROFESSION,fishermen who catch
ப்பரதவர்,PROFESSION,fishermen
மடமகள்,PERSON,naive/innocent daughter
மான்,ANIMAL,deer
அமர்,O,adjective meaning calm/like
நோக்கம்,O,noun meaning looks
காணா,O,verb meaning not seen
ஊங்கே,TIME,before (with expletive)
poem102,,
கொடுங்குரல்,FOOD,curved millet clusters
குறைத்த,O,verb meaning reduced/eaten
செவ்வாய்,O,adjective meaning red-beaked
ப்பைங்கிளி,BIRD,green parrot
அஞ்சல்,O,verb meaning do not fear
ஓம்பி,O,verb meaning protecting/removing
ஆர்,O,verb meaning to eat/be satisfied
ப்பதம்,TIME,time/opportunity
கொண்டு,O,verb meaning having taken
நின்,O,pronoun meaning your
குறை,O,noun meaning need/desire
முடித்த,O,verb meaning having finished/satisfied
ப்பின்றை,TIME,after
என்,O,pronoun meaning my
குறை,O,noun meaning need/desire
செய்தல்,O,verb meaning to do/take care
வேண்டுமால்,O,verb meaning you need to (with expletive)
கை,O,noun meaning hand
தொழுது,O,verb meaning having pressed together
இரப்பல்,O,verb meaning I plead/beg
ப்பல்,O,adjective meaning many
கோள்,FRUIT,clusters of fruit
ப்பலவின்,FRUIT,jackfruit tree (Artocarpus heterophyllus)
சாரல்,MOUNTAIN,mountain slopes
அவர்,O,pronoun meaning his
நாட்டு,REGION,in the country
நின்,O,pronoun meaning your
கிளை,O,noun meaning relatives
மருங்கின்,O,postposition meaning near/with
சேறி,O,verb meaning if you reach/go
ஆயின்,O,conjunction meaning if
அம்,O,expletive/particle
மலை,MOUNTAIN,mountain
கிழவோற்கு,PERSON,to the lord of the mountains
உரைமதி,O,verb meaning please tell him (with expletive)
இம்,O,pronoun meaning this
மலை,MOUNTAIN,mountain
க்,O,sandhi consonant
கான,TRIBE,forest
க்,O,sandhi consonant
குறவர்,TRIBE,mountain dwellers
மடமகள்,PERSON,innocent daughter
ஏனல்,FIELD,millet field
காவல்,PROFESSION,protecting
ஆயினள்,O,verb meaning she is
எனவே,O,verb meaning thus (with expletive)
poem103,,
ஒன்று,O,numeral meaning one
தெரிந்து,O,verb meaning having decided/clearly
உரைத்திசின்,O,verb meaning tell me (with expletive)
நெஞ்சே,O,noun meaning oh heart
ப்புன்,O,adjective meaning parched/dry
கால்,O,noun meaning trunk/stem
சிறியிலை,PLANT,small-leaved (neem)
வேம்பின்,PLANT,neem tree (Azadirachta indica)
ப்பெரிய,O,adjective meaning big
கொன்று,O,verb meaning ruining/breaking
கடாஅம்,ANIMAL,musth (with sandhi)
செருக்கிய,O,adjective meaning arrogant
கடுஞ்சின,O,adjective meaning strong/ferocious
முன்பின்,O,noun meaning strength/might
க்,O,sandhi consonant
களிறு,ANIMAL,male elephant
நின்று,O,verb meaning having stood
இறந்த,O,verb meaning passed/left
நீரல்,O,noun meaning urine
ஈரத்து,O,noun meaning wetness/moisture
ப்பால்,FOOD,milk
அவி,O,verb meaning dried up/without
தோல்,O,noun meaning skin/lean
முலை,O,noun meaning breast
அகடு,O,noun meaning stomach/belly
நிலம்,PLACE,land/ground
சேர்த்தி,O,verb meaning placing/flat on
ப்பசி,O,noun meaning hunger
அட,O,verb meaning distressed
முடங்கிய,O,verb meaning lying down/curled
ப்பைங்கண்,O,adjective meaning green-eyed
செந்நாய்,ANIMAL,wild dog (Cuon alpinus)
மாயா,O,adjective meaning unspoilt/perfect
வேட்டம்,PROFESSION,hunting
ப்போகிய,O,verb meaning gone
கணவன்,ANIMAL,husband/male
ப்பொய்யா,O,adjective meaning truthful/not failing
மரபின்,O,noun meaning in the manner/with nature
ப்பிணவு,ANIMAL,female
நினைந்து,O,verb meaning thinking
இரங்கும்,O,verb meaning feels sorry
விருந்தின்,O,adjective meaning new/fresh
வெங்காட்டு,FOREST,hot/harsh forest
வருந்துதும்,O,verb meaning I am sad
யாமே,O,pronoun meaning me (with expletive)
ஆள்,O,noun meaning man/person
வினைக்கு,O,noun meaning for work
அகல்வாம்,O,verb meaning we will go
எனினும்,O,conjunction meaning even if
மீள்வாம்,O,verb meaning we will return
எனினும்,O,conjunction meaning even if
நீ,O,pronoun meaning you
துணிந்ததுவே,O,verb meaning your resolution/decision (with expletive)
poem104,,
பூம்பொறி,ANIMAL,with beautiful markings/stripes
உழுவை,ANIMAL,tiger
ப்பேழ்வாய்,O,adjective meaning with gaping/big mouth
ஏற்றை,ANIMAL,male
தேம்,FOOD,honey
கமழ்,O,verb meaning fragrant
சிலம்பின்,MOUNTAIN,on the mountain slope
களிற்றொடு,ANIMAL,with bull elephant
ப்பொரினே,O,verb meaning when it fought (with expletive)
துறுகல்,PLACE,boulder
மீமிசை,O,adverb meaning on top of
உறுகண்,O,noun meaning sorrow/danger
அஞ்சாக்,O,adjective meaning not afraid/brave
குற,TRIBE,mountain dweller
க்,O,sandhi consonant
குறுமாக்கள்,PERSON,children
ப்புகற்சியின்,O,noun meaning with desire/happily
எறிந்த,O,verb meaning beaten
தொண்டகச்,OBJECT,thondakam drum
சிறுபறை,OBJECT,small drum
ப்பாணி,NATURE,sound
அயலது,O,adverb meaning nearby
ப்பைந்தாள்,PLANT,green stalks
செந்தினை,FOOD,red millet/fine millet
ப்,O,sandhi consonant
படுகிளி,BIRD,parrots that come to eat
ஓப்பும்,O,verb meaning chasing away
ஆர்கலி,O,adjective meaning uproarious/loud
வெற்பன்,PERSON,man from the mountains
மார்பு,O,noun meaning chest
நயந்து,O,verb meaning desiring
உறையும்,O,verb meaning live/dwell
யானே,O,pronoun meaning I (with expletive)
அன்றியும்,O,conjunction meaning other than/besides
உளர்,O,verb meaning are there
கொல்,O,expletive/particle
ப்பானாள்,TIME,midnight
ப்பாம்புடை,ANIMAL,with snakes
விடர,MOUNTAIN,mountain crevices
ஓங்கு,O,adjective meaning lofty
மலை,MOUNTAIN,mountain
மிளிர,O,verb meaning causing to roll
உருமு,NATURE,thunder/lightning
சிவந்து,O,verb meaning shining red
எறியும்,O,verb meaning strikes/roars
ப்பொழுதொடு,TIME,at the time
ப்பெருநீர்,WATERBODY,flood water
ப்போக்கு,O,noun meaning traffic/movement
அற,O,adverb meaning without
விலங்கிய,O,adjective meaning blocking
சாரல்,MOUNTAIN,mountain slopes
நோக்கு,O,verb meaning to see
அருஞ்சிறு,O,adjective meaning difficult small
நெறி,PLACE,path
நினையுமோரே,PERSON,those who think (with expletive)
poem105,,
முளி,O,adjective meaning dry
கொடி,PLANT,creepers
வலந்த,O,verb meaning surrounded
முள்,O,adjective meaning thorny
அரை,PLANT,trunk
இலவத்து,PLANT,silk-cotton tree's
ஒளிர்,O,adjective meaning bright
சினை,PLANT,branch
அதிர,O,verb meaning to tremble
வீசி,O,verb meaning blowing
விளிபட,O,verb meaning breaking
வெவ்வளி,NATURE,harsh wind/hot wind
வழங்கும்,O,verb meaning blowing/moving
வேய்,PLANT,bamboo
ப்பயில்,O,verb meaning abundant
மருங்கில்,PLACE,in a place
கடு,O,adjective meaning rapid
நடை,O,noun meaning walk
யானை,ANIMAL,elephant
கன்றொடு,ANIMAL,with calf
வருந்த,O,verb meaning sad/distressed
நெடு,O,adjective meaning long
நீர்,WATERBODY,water
அற்ற,O,verb meaning without/having no
நிழல்,NATURE,shade
இல்,O,particle meaning without
ஆங்கண்,O,adverb meaning there
அருஞ்சுர,DESERT,harsh wasteland
க்,O,sandhi consonant
கவலைய,PLACE,forked paths
என்னாய்,O,verb meaning you are not considering
நெடுஞ்சேண்,O,adverb meaning very far away
ப்பட்டனை,O,verb meaning you have moved
வாழிய,O,expletive/particle
நெஞ்சே,O,noun meaning oh heart
குட்டுவன்,KING,Kuttuvan (Chera king)
குடவரை,MOUNTAIN,western mountains
ச்சுனைய,WATERBODY,in the springs
மா,O,adjective meaning dark/large
இதழ்,FLOWER,petal
க்,O,sandhi consonant
குவளை,FLOWER,blue waterlily
வண்டு,INSECT,bees
ப்படு,O,verb meaning swarming
வான்,O,adjective meaning bright/large
போது,FLOWER,flower
கமழும்,O,verb meaning fragrant
அம்,O,expletive/particle
சில்,O,adjective meaning delicate
ஓதி,CLOTHING,hair
அரும்,O,adjective meaning great/precious
ப்படர்,O,noun meaning sorrow/pain
உறவே,O,verb meaning to attain (with expletive)
poem106,,
அறிதலும்,O,verb meaning to know
அறிதியோ,O,verb meaning do you know (with expletive)
ப்பாக,PERSON,oh charioteer
ப்பெருங்கடல்,WATERBODY,large ocean
எறி,O,adjective meaning crashing
திரை,WATERBODY,wave
கொழீஇய,O,verb meaning brought and heaped (with sandhi)
எக்கர்,PLACE,sand dunes
வெறி,O,adjective meaning fragrant
கொள,O,verb meaning being
ஆடு,O,verb meaning playing
வரி,O,adjective meaning striped/with patterns
அலவன்,ANIMAL,crab
ஓடு,O,verb meaning running
வயின்,O,postposition meaning wherever
ஆற்றாது,O,verb meaning unable to keep up
அசைஇ,O,verb meaning tired/gave up (with sandhi)
உள்,O,adverb meaning inside
ஒழிந்த,O,verb meaning remained/gave up
வசை,O,noun meaning fault/blame
தீர்,O,adjective meaning without/faultless
குறுமகட்கு,PERSON,to the young woman
உயவினென்,O,verb meaning I was sad
சென்று,O,verb meaning having gone
யான்,O,pronoun meaning I
உள்,O,adjective meaning inner
நோய்,O,noun meaning pain/affliction
உரைப்ப,O,verb meaning to tell
மறுமொழி,O,noun meaning reply
ப்பெயர்த்தல்,O,verb meaning to give
ஆற்றாள்,O,verb meaning she was unable
நறு,O,adjective meaning fragrant
மலர்,FLOWER,flower
ஞாழல்,PLANT,gnazhal tree (Cassia Sophera)
அம்,O,expletive/particle
சினை,PLANT,branch
த்,O,sandhi consonant
தாழ்,O,adjective meaning low/dangling
இணர்,FLOWER,cluster
கொழுதி,O,verb meaning having plucked
முறி,PLANT,sprouts
திமிர்ந்து,O,verb meaning having crushed
உதிர்த்த,O,verb meaning threw down
கையள்,PERSON,she with hands
அறிவு,O,noun meaning intelligence/mind
அஞர்,O,noun meaning distress
உறுவி,O,verb meaning she is distressed
ஆய்,O,adjective meaning beautiful
மட,O,adjective meaning confused
நிலையே,O,noun meaning state (with expletive)
poem107,,
உள்ளுதொறும்,TIME,whenever I think
நகுவேன்,O,verb meaning I laugh
தோழி,PERSON,friend
வள்,O,adjective meaning big/thick
உகிர்ப்,ANIMAL,with nails
ப்பிடி,ANIMAL,female elephant
ப்பிளந்திட்ட,O,verb meaning split and thrown
நார்,O,noun meaning fiber
இல்,O,particle meaning without
வெண்கோட்டு,PLANT,white branches
க்,O,sandhi consonant
கொடிறு,OBJECT,tongs
ப்போல்,O,particle meaning like
காய,FRUIT,unripe fruits/fruits
வால்,O,adjective meaning white
இணர்ப்,FLOWER,with white bunches
ப்பாலை,PLANT,palai tree (Wrightia tinctoria)
செல்,O,verb meaning passing
வளி,NATURE,wind
தூக்கலின்,O,verb meaning since they shake
இலை,PLANT,leaf
தீர்,O,adjective meaning without
நெற்றம்,PLANT,seed pods
கல்,MOUNTAIN,rock/stone
இழி,O,verb meaning coming down
அருவியின்,WATERBODY,like waterfalls
ஒல்லென,O,onomatopoeia,roaring sound
ஒலிக்கும்,O,verb meaning roar/sound
ப்புல்,O,adjective meaning small/dull
இலை,PLANT,leaf
ஓமைய,PLANT,omai trees (Dillenia indica/Toothbrush tree)
ப்புலி,ANIMAL,tiger
வழங்கு,O,verb meaning roams
அத்தம்,PLACE,wasteland
சென்ற,O,verb meaning went
காதலர்,PERSON,lover
வழி,PLACE,path
வழிப்பட்ட,O,verb meaning followed/worshipped
நெஞ்சே,O,noun meaning heart
நல்,O,adjective meaning fine/good
வினை,O,noun meaning action/deed
ப்பாற்றே,O,adverb meaning due to/enjoying
ஈண்டு,O,adverb meaning here
ஒழிந்து,O,verb meaning remaining
ஆனா,O,adjective meaning endless/continuous
க்கௌவை,O,noun meaning slander/gossip
மலைந்த,O,verb meaning having attained
யானே,O,pronoun meaning me (with expletive)
தோழி,PERSON,friend
நோய்ப்பாலேனே,O,noun meaning I am suffering from love affliction (with expletive)
poem108,,
மலை,MOUNTAIN,mountain
அயல்,O,adverb meaning near
கலித்த,O,adjective meaning flourishing
மை,O,adjective meaning dark
ஆர்,O,adjective meaning filled
ஏனல்,FOOD,millet
துணையின்,O,adverb meaning from its partner
தீர்ந்த,O,verb meaning separated
கடுங்கண்,O,adjective meaning fierce/harsh
யானை,ANIMAL,elephant
அணைய,O,verb meaning to come near
க்,O,sandhi consonant
கண்ட,O,verb meaning having seen
அம்,O,expletive/particle
குடி,PLACE,settlement/village
க்,O,sandhi consonant
குறவர்,TRIBE,mountain dwellers
கணையர்,WARRIOR,men with arrows
கிணையர்,PROFESSION,kinai drummers
கை,O,noun meaning hand
ப்புனை,O,verb meaning made/hand-made
கவணர்,WEAPON,those with slingshots
விளியர்,O,adjective meaning those who make loud noises
ப்புறக்குடி,PLACE,outside areas of settlement
ஆர்க்கும்,O,verb meaning they raise uproar
நாட,PERSON,oh man from such country
ப்பழகிய,O,adjective meaning once friends/familiar
ப்பகையும்,O,noun meaning enemies
ப்பிரிவு,O,noun meaning separation
இன்னாதே,O,adjective meaning it is sad (with expletive)
முகை,FLOWER,bud
ஏர்,O,particle meaning like
இலங்கு,O,adjective meaning bright
எயிற்று,O,noun meaning with teeth
இன்னகை,O,noun meaning sweet smile
மடந்தை,PERSON,young woman
சுடர்,ASTRONOMICAL,flame/sun
ப்புரை,O,particle meaning like
திரு,O,adjective meaning beautiful
நுதல்,O,noun meaning forehead
ப்பசப்ப,O,verb meaning to become pale
தொடர்பு,O,noun meaning relationship/contact
யாங்கு,O,adverb meaning how
விட்டனை,O,verb meaning did you abandon
நோகோ,O,verb meaning I am hurting (with expletive)
யானே,O,pronoun meaning me (with expletive)
poem109,,
ஒன்றுதும்,O,verb meaning we are one
என்ற,O,verb meaning said
தொன்றுபடு,O,adjective meaning ancient/long-standing
நட்பின்,O,noun meaning with friendship
காதலர்,PERSON,lover
அகன்றென,O,verb meaning since he left
கலங்கி,O,verb meaning worried/confused
ப்பேதுற்று,O,verb meaning confused
அன்னவோ,O,interrogative meaning why (with expletive)
இந்நன்னுதல்,PERSON,this young woman with lovely brow
நிலை,O,noun meaning situation
என,O,verb meaning thus
வினவல்,O,noun meaning questioning
ஆனா,O,adjective meaning endless
ப்புனை,O,verb meaning wearing/fine
இழை,OBJECT,jewels
கேள்,O,verb meaning listen
இனி,O,adverb meaning now
உரைக்கல்,O,verb meaning to state/say
ஆகா,O,verb meaning unable
எவ்வம்,O,noun meaning sorrow
இம்மென,O,onomatopoeia,loud sound
இரைக்கும்,O,verb meaning blows/comes
வாடை,NATURE,northern wind
இருள்,NATURE,darkness
கூர்,O,adjective meaning sharp/dense
ப்பொழுதில்,TIME,at the time
துளியுடை,O,adjective meaning with raindrops
த்,O,sandhi consonant
தொழுவில்,STRUCTURE,in the cow stable
துணிதல்,O,verb meaning to move/untie
அற்றத்து,TIME,at the time
உச்சி,O,noun meaning top/head
க்,O,sandhi consonant
கட்டிய,O,verb meaning tied
கூழை,ANIMAL,short cow/cow in mud
ஆவின்,ANIMAL,of the cow
நிலை,O,noun meaning state
என,O,particle meaning like
ஒருவேன்,PERSON,I am left alone
ஆகி,O,verb meaning being/becoming
உலமர,O,verb meaning with distress
கழியும்,O,verb meaning ends
இப்,O,pronoun meaning this
ப்பகல்,TIME,day
மடி,O,adjective meaning ending/fading
ப்பொழுதே,TIME,time (with expletive)
poem110,,
ப்பிரசம்,FOOD,honey
கலந்த,O,verb meaning mixed
வெண்சுவைத்,FOOD,white taste
தீம்பால்,FOOD,sweet milk
விரி,O,adjective meaning wide/spreading
கதிர்,ASTRONOMICAL,ray/bright
ப்பொற்கலத்து,OBJECT,gold bowl
ஒரு,O,numeral meaning one
கை,O,noun meaning hand
ஏந்தி,O,verb meaning carrying
ப்புடைப்பின்,O,noun meaning on the ends
சுற்றும்,O,verb meaning tied around
ப்பூந்தலை,O,adjective meaning delicate/flower-like top
சிறு,O,adjective meaning small
க்கோல்,OBJECT,stick
உண்,O,verb meaning eat/drink
என்று,O,verb meaning saying
ஓக்குபு,O,verb meaning raising
ப்புடைப்ப,O,verb meaning hitting
தெண்,O,adjective meaning clear
நீர்,WATERBODY,water
முத்து,OBJECT,pearl
அரிப்,OBJECT,filled
ப்பொற்சிலம்பு,OBJECT,gold anklet
ஒலிப்ப,O,verb meaning to jingle
த்தத்துற்று,O,verb meaning jumping
அரி,O,adjective meaning intermittent/soft
நரை,O,adjective meaning white/gray
க்கூந்தல்,CLOTHING,hair
செம்முது,O,adjective meaning wise/old
ச்செவிலியர்,PERSON,foster mothers
ப்பரி,O,noun meaning running/chasing
மெலிந்து,O,verb meaning becoming tired
ஒழிய,O,verb meaning to leave/give up
ப்பந்தர்,STRUCTURE,pavilion
ஓடி,O,verb meaning having run
ஏவல்,O,noun meaning command
மறுக்கும்,O,verb meaning refusing
சிறு,O,adjective meaning small/little
விளையாட்டி,PERSON,playful girl
அறிவும்,O,noun meaning intelligence
ஒழுக்கமும்,O,noun meaning discipline
யாண்டு,O,adverb meaning how
உணர்ந்தனள்,O,verb meaning did she become
கொல்,O,expletive/particle
கொண்ட,O,verb meaning married/taken
கொழுநன்,PERSON,husband
குடி,STRUCTURE,family
வறன்,O,noun meaning poverty
உற்றென,O,verb meaning since it became
கொடுத்த,O,verb meaning gave
தந்தை,PERSON,father
கொழுஞ்சோறு,FOOD,rich rice/food
உள்ளாள்,O,verb meaning she does not think
ஒழுகு,O,verb meaning flowing
நீர்,WATERBODY,water
நுணங்கு,O,adjective meaning fine
அறல்,PLACE,sand
ப்போல,O,particle meaning like
ப்பொழுது,TIME,time
மறுத்து,O,verb meaning refusing
உண்ணும்,O,verb meaning she eats
சிறு,O,adjective meaning small/little
மதுகையளே,PERSON,young woman with some strength (with expletive)
poem111,,
அத்த,PLACE,of the wasteland
இருப்பை,PLANT,iruppai tree (Indian Butter Tree)
ப்பூவின்,FLOWER,like the flowers
அன்ன,O,adjective meaning like
துய்த்தலை,O,adjective meaning delicate/fuzzy heads
இறவொடு,FISH,with shrimp
தொகை,O,adjective meaning together/various
மீன்,FISH,fish
ப்பெறீஇயர்,O,verb meaning to get (with sandhi)
வரி,O,adjective meaning tied/knotted
வலை,OBJECT,net
ப்பரதவர்,PROFESSION,fishermen
கருவினை,O,adjective meaning hard-working
ச்,O,sandhi consonant
சிறாஅர்,PERSON,children (with sandhi)
மரன்,PLANT,tree
மேற்கொண்டு,O,verb meaning climbing on
மான்,ANIMAL,deer
கணம்,O,noun meaning herd
தகைமார்,O,verb meaning to block/catch
வெந்திறல்,O,adjective meaning very strong
இளையவர்,PERSON,youngsters
வேட்டு,O,verb meaning having desired
எழுந்தாங்கு,O,verb meaning like how they rose up
த்,O,sandhi consonant
திமில்,VEHICLE,boat
மேற்கொண்டு,O,verb meaning climbing on
திரை,WATERBODY,wave
ச்சுரம்,PLACE,path/sea
நீந்தி,O,verb meaning having braved/swum
வாள்வாய்,O,adjective meaning sword-mouthed
ச்சுறவொடு,FISH,with sharks
வய,O,adjective meaning strong
மீன்,FISH,fish
கெண்டி,O,verb meaning cutting up
நிணம்,FOOD,fat/fatty flesh
ப்பெய்,O,verb meaning placing/bringing
தோணியர்,VEHICLE,with boats
இகு,O,adjective meaning eroding
மணல்,PLACE,sand
இழிதரும்,O,verb meaning bring down
ப்பெருங்கழி,WATERBODY,big backwaters
ப்பாக்கம்,PLACE,seaside village
கல்லென,O,onomatopoeia,with loud sounds
வருமே,O,verb meaning it will come (with expletive)
தோழி,PERSON,friend
கொண்கன்,PERSON,lord of the seashores
தேரே,VEHICLE,chariot (with expletive)
poem112,,
விருந்து,GUEST,guest/celebration
எவன்,O,interrogative meaning what kind
செய்கோ,O,verb meaning can I give (with expletive)
தோழி,PERSON,friend
சாரல்,MOUNTAIN,mountain slopes
அரும்பு,FLOWER,bud
அற,O,adverb meaning all/completely
மலர்ந்த,O,verb meaning opened/blossomed
கருங்கால்,PLANT,dark-colored trunked
வேங்கை,PLANT,vengai/kino tree (Pterocarpus marsupium)
ச்சுரும்பு,INSECT,honeybee
இமிர்,O,verb meaning buzzes
அடுக்கம்,MOUNTAIN,mountain range
ப்புலம்ப,O,verb meaning to be distressed/fear
க்களிறு,ANIMAL,male elephant
அட்டு,O,verb meaning kills
உரும்பு,O,noun meaning fear
இல்,O,particle meaning without
உள்ளத்து,O,noun meaning with minds
அரிமா,ANIMAL,lion
வழங்கும்,O,verb meaning roam
ப்பெருங்கல்,MOUNTAIN,huge mountains
நாடன்,PERSON,man from the country
வரவு,O,noun meaning return
அறிந்து,O,verb meaning knowing
விரும்பி,O,verb meaning desiring
மாக்,O,adjective meaning huge/dark
கடல்,WATERBODY,ocean
முகந்து,O,verb meaning absorbing
மணி,OBJECT,gem/sapphire
நிறத்து,O,adjective meaning colored
அருவி,WATERBODY,waterfall
த்தாழ்,O,verb meaning flowing down
நீர்,WATERBODY,water
நனந்தலை,PLACE,huge land
அழுந்துபட,O,verb meaning to be hidden by
ப்பாஅய்,O,verb meaning spread (with sandhi)
மலை,MOUNTAIN,mountain
இமைப்பது,O,verb meaning blinking
ப்போல்,O,particle meaning like
மின்னி,NATURE,lightning
ச்சிலை,NATURE,noise/thunder
வல்,O,adjective meaning heavy/strong
ஏற்றொடு,NATURE,with thunder
செறிந்த,O,verb meaning mixed
இம்,O,pronoun meaning these
மழைக்கே,NATURE,rain clouds (with expletive)
poem113,,
உழை,ANIMAL,deer
அணந்து,O,verb meaning lifting head/looking up
உண்ட,O,verb meaning ate
இறை,O,adjective meaning bent
வாங்கு,O,adjective meaning curved
உயர்,O,adjective meaning tall
சினை,PLANT,branch
ப்புல்,O,adjective meaning dull/parched
அரை,PLANT,trunk
இரத்தி,PLANT,jujube tree (Ziziphus jujube)
ப்பொதிப்,O,adjective meaning fleshy
ப்புற,O,noun meaning side
ப்பசுங்காய்,FRUIT,fresh fruits
கல்,MOUNTAIN,rock/stone
சேர்,O,verb meaning joined/with
சிறு,O,adjective meaning small
நெறி,PLACE,path
மல்க,O,adverb meaning abundantly/lot
த்,O,sandhi consonant
தாஅம்,O,verb meaning spread (with sandhi)
ப்பெருங்காடு,FOREST,huge forest
இறந்தும்,O,verb meaning having passed through
எய்த,O,verb meaning attained/reached
வந்தனவால்,O,verb meaning they have come to me (with expletive)
அருஞ்செயல்,O,adjective meaning difficult
ப்பொருட்பிணி,O,noun meaning attachment to wealth
முன்னி,O,verb meaning desiring
யாமே,O,pronoun meaning I (with expletive)
சேறும்,O,verb meaning I am leaving
மடந்தை,PERSON,young woman
என்றலின்,O,verb meaning since I said that
தான்,O,pronoun meaning she/her
தன்,O,pronoun meaning her
நெய்தல்,FLOWER,waterlily
உண்கண்,O,noun meaning eyes with kohl
ப்பைதல்,O,adjective meaning sad/distressed
கூர,O,verb meaning to increase/become very
ப்பின்,O,adverb meaning behind/back
இருங்கூந்தலின்,CLOTHING,with dark hair
மறையினள்,O,verb meaning she hid
ப்பெரிது,O,adverb meaning greatly
அழிந்து,O,verb meaning ruined
உதியன்,KING,Uthiyan (Chera king)
மண்டிய,O,verb meaning went/attacked
ஒலிதலை,O,adjective meaning loud-sounding
ஞாட்பின்,WAR,in the battlefield
இம்மென்,O,onomatopoeia,loud
ப்பெருங்களத்து,PLACE,in the huge battlefield
இயவர்,PROFESSION,musicians
ஊதும்,O,verb meaning play (wind instrument)
ஆம்பல்,FLOWER,ampal/waterlily tunes
அம்,O,expletive/particle
குழலின்,MUSIC,like the music of flutes
ஏங்கி,O,verb meaning pining
கலங்கு,O,verb meaning confused
அஞர்,O,noun meaning worry
உறுவோள்,PERSON,she who is
ப்புலம்பு,O,noun meaning pain
கொள்,O,verb meaning having
நோக்கே,O,noun meaning looks (with expletive)
poem114,,
வெண்கோடு,ANIMAL,white tusks
கொண்டு,O,verb meaning taking
வியல்,O,adjective meaning wide
அறை,PLACE,boulder
வைப்பவும்,O,verb meaning placing
ப்பச்சூன்,FOOD,fresh flesh (with sandhi)
கெண்டி,O,verb meaning cutting/removing
வள்,O,adjective meaning big/strong
உகிர்,ANIMAL,nail
முணக்கவும்,O,verb meaning burying
மறுகுதொறு,PLACE,in all the streets
ப்புலா,O,adjective meaning flesh-reeking
அம்,O,expletive/particle
சிறுகுடி,PLACE,small village
அரவம்,NATURE,sound
வைகி,O,verb meaning staying at night
க்கேட்டு,O,verb meaning listening
ப்பையாந்திசினே,O,verb meaning I was sad (with expletive)
அளிதோ,O,adjective meaning it is pitiable (with expletive)
தானே,O,pronoun meaning it (with expletive)
தோழி,PERSON,friend
அல்கல்,TIME,night
வந்தோன்,PERSON,he who came
மன்ற,O,particle implying certainty
குன்ற,MOUNTAIN,mountain
நாடன்,PERSON,man from the country
துளி,NATURE,raindrops
ப்பெயல்,NATURE,rain
ப்பொறித்த,O,verb meaning marked/eroded
ப்புள்ளி,O,adjective meaning spotted/marked
தொல்,O,adjective meaning ancient
கரை,PLACE,shore/bank
ப்பொரு,O,verb meaning crashing
திரை,WATERBODY,wave
நிவப்பின்,O,noun meaning with height/tallness
வரும்,O,verb meaning coming
யாறு,WATERBODY,river
அஞ்சுவல்,O,verb meaning I am afraid
ஈர்ங்குரல்,NATURE,splitting/rain sound
உருமின்,NATURE,thunder
ஆர்கலி,O,adjective meaning very loud
நல்,O,adjective meaning good/fine
ஏறு,NATURE,thunder
ப்பாம்பு,ANIMAL,snake
கவின்,O,noun meaning beauty/splendor
அழிக்கும்,O,verb meaning ruins
ஓங்கு,O,adjective meaning tall
வரை,MOUNTAIN,mountain
ப்பொத்தி,O,verb meaning crashed
மையின்,O,adjective meaning dark-hued
மட,O,adjective meaning naive
ப்பிடி,ANIMAL,female elephant
இனைய,O,verb meaning to be sad
க்கை,O,noun meaning trunk
ஊன்றுபு,O,verb meaning placing
இழிதரு,O,verb meaning comes down
களிறு,ANIMAL,male elephant
எறிந்தன்றே,O,verb meaning killed (with expletive)
poem115,,
மலர்ந்த,O,verb meaning blossomed/flourished
ப்பொய்கை,WATERBODY,wide pond
ப்பூ,FLOWER,flower
க்,O,sandhi consonant
குற்று,O,verb meaning having plucked
அழுங்க,O,verb meaning to be tired
அயர்ந்த,O,verb meaning tired
ஆயம்,PERSON,friends
கண்,O,noun meaning eyes
இனிது,O,adverb meaning sweetly
ப்படீஇயர்,O,verb meaning to close and sleep (with sandhi)
அன்னையும்,PERSON,mother also
சிறிது,O,adverb meaning a little
தணிந்து,O,verb meaning calmed down
உயிரினள்,O,verb meaning she sighed
இன்,O,adjective meaning sweet
நீர்த்,WATERBODY,water
தடங்கடல்,WATERBODY,wide ocean
வாயில்,STRUCTURE,mouth/estuary
உண்டு,O,verb meaning having drunk
சில்,O,adjective meaning few/small
நீர்,WATERBODY,water
என,O,verb meaning thus
மயில்,BIRD,peacock
அடி,O,noun meaning foot/feet
இலைய,PLANT,like leaves
மாக்,O,adjective meaning dark-colored
குரல்,FLOWER,clusters of flowers
நொச்சி,PLANT,nochi tree (Vitex leucoxylon)
மனை,STRUCTURE,house
நடு,O,adverb meaning in the middle
மௌவலொடு,FLOWER,with jasmine (Jasminum angustifolium)
ஊழ்,TIME,regular/usual time
முகை,FLOWER,bud
அவிழ,O,verb meaning to bloom
க்கார்,TIME,rainy season
எதிர்ந்தன்றால்,O,verb meaning has come (with expletive)
காலை,TIME,season/time
காதலர்,PERSON,lover
தவ,O,adverb meaning very/indeed
ச்சேய்,O,adjective meaning distant
நாட்டர்,PERSON,in a land
ஆயினும்,O,conjunction meaning even if
மிக,O,adverb meaning very
ப்பேர்,O,adjective meaning great
அன்பினர்,PERSON,kind man
வாழி,O,expletive/particle
தோழி,PERSON,friend
நன்,O,adjective meaning fine/good
ப்புகழ்,O,noun meaning fame
உலப்பு,O,noun meaning end/cessation
இன்று,O,adverb meaning without/endless
ப்பெறினும்,O,verb meaning even if he achieves
தவிரலர்,O,verb meaning he will not stay away
கேட்டிசின்,O,verb meaning I heard (with expletive)
அல்லெனோ,O,verb meaning did I not (with expletive)
விசும்பின்,NATURE,in the sky
தகவே,NATURE,sounds (with expletive)
poem116,,
தீமை,O,noun meaning evil
கண்டோர்,PERSON,those who see
திறத்தும்,O,postposition meaning even in/among
ப்பெரியோர்,PERSON,wise people
தாம்,O,pronoun meaning they
அறிந்து,O,verb meaning having known
உணர்க,O,verb meaning feel/understand
என்ப,O,verb meaning they say
மாதோ,O,expletive/particle
வழுவ,O,verb meaning to slip
ப்பிண்டம்,O,noun meaning fetus
நாப்பண்,O,adverb meaning in the middle
ஏமுற்று,O,verb meaning ignorantly/confused
இரு,O,adjective meaning large/tall
வெதிர்,PLANT,bamboo
ஈன்ற,O,verb meaning yielded/produced
வேல்,WEAPON,spear
தலை,O,adjective meaning tipped/headed
க்,O,sandhi consonant
கொழு,O,adjective meaning thick
முளை,PLANT,sprout
சூல்,O,noun meaning pregnancy
முதிர்,O,adjective meaning advanced/mature
மட,O,adjective meaning naive
ப்பிடி,ANIMAL,female elephant
நாள்,TIME,day
மேயல்,FOOD,grazing/food
ஆரும்,O,verb meaning eats/consumes
மலை,MOUNTAIN,mountain
கெழு,O,adjective meaning with/abounding
நாடன்,PERSON,man from the country
கேண்மை,O,noun meaning friendship
ப்பலவின்,FRUIT,jackfruit tree (Artocarpus heterophyllus)
மாச்,O,adjective meaning dark/large
சினை,PLANT,branch
துறந்த,O,verb meaning abandoned
க்கோள்,O,adjective meaning rounded/clustered
முதிர்,O,adjective meaning mature/ripe
ப்பெரும்பழம்,FRUIT,large ripe fruit
விடர்,MOUNTAIN,mountain crevice
அளை,PLACE,cave/pit
வீழ்ந்து,O,verb meaning having fallen
உக்காஅங்கு,O,verb meaning like how it shattered (with sandhi)
தொடர்பு,O,noun meaning relationship
அற,O,adverb meaning without/completely
ச்சேணும்,O,adverb meaning far away
சென்று,O,verb meaning having gone
உக்கன்றே,O,verb meaning it dropped/fell (with expletive)
அறியாது,O,verb meaning not knowing
ஏ,O,adjective meaning huge/tall
கல்,MOUNTAIN,rock/stone
அடுக்கத்து,MOUNTAIN,mountain ranges
இருள்,NATURE,dark
முகை,PLACE,cave
இருந்த,O,verb meaning living
குறிஞ்சி,LAND,kurinji land/mountains
நல்,O,adjective meaning fine/good
ஊர்ப்,PLACE,from the town
ப்பெண்டிர்,PERSON,women
இன்னும்,O,adverb meaning still
ஓவார்,O,verb meaning they have not stopped
என்,O,pronoun meaning my
திறத்து,O,postposition meaning because of
அலரே,O,noun meaning gossip (with expletive)
poem117,,
ப்பெருங்கடல்,WATERBODY,huge ocean
முழங்க,O,verb meaning roars
கானல்,FOREST,grove
மலர,O,verb meaning to be dense with flowers
இருங்கழி,WATERBODY,dark/vast backwaters
ஓதம்,WATERBODY,flood water
இல்,STRUCTURE,house
இறந்து,O,verb meaning passing beyond
மலிர,O,verb meaning flowing full/brimming
வள்,O,adjective meaning big
இதழ்,FLOWER,petal
நெய்தல்,FLOWER,waterlily
கூம்ப,O,verb meaning closing
ப்புள்,BIRD,birds
உடன்,O,adverb meaning together
கமழ்,O,verb meaning fragrant
ப்பூம்,FLOWER,flower
ப்பொதும்பர்க்,FOREST,grove
கட்சி,STRUCTURE,nest
ச்சேர,O,verb meaning to reach
செல்,O,verb meaning moving
சுடர்,ASTRONOMICAL,sun
மழுங்க,O,verb meaning to fade
ச்சிவந்து,O,verb meaning reddened
வாங்கு,O,adjective meaning curved
மண்டிலம்,ASTRONOMICAL,sun
கல்,MOUNTAIN,mountain/hill
சேர்பு,O,verb meaning having reached
நண்ணி,O,verb meaning having approached
ப்படர்,O,noun meaning sorrow
அடைபு,O,verb meaning attaining/having
நடுங்க,O,verb meaning to tremble
ப்புலம்பொடு,O,noun meaning with loneliness
வந்த,O,verb meaning came
ப்புன்கண்,O,adjective meaning painful
மாலை,TIME,evening
அன்னர்,PERSON,he
உன்னார்,O,verb meaning does not think
கழியின்,O,verb meaning if they pass
ப்பல்,O,adjective meaning many
நாள்,TIME,days
வாழலென்,O,verb meaning I will not live
வாழி,O,expletive/particle
தோழி,PERSON,friend
என்,O,pronoun meaning my
கண்,O,noun meaning eyes
ப்பிணி,O,noun meaning disease/sorrow
ப்பிறிதாக,O,adverb meaning as something else
க்கூறுவர்,O,verb meaning they say
ப்பழி,O,noun meaning accusation/blame
ப்பிறிது,O,adjective meaning other/different
ஆகல்,O,verb meaning being/becoming
ப்பண்புமார்,O,noun meaning character/good culture (with expletive)
அன்றே,O,verb meaning it is not (with expletive)
poem118,,
அடைகரை,PLACE,sand-filled shore
மாஅத்த,PLANT,mango trees (with sandhi)
அலங்கு,O,adjective meaning swaying
சினை,PLANT,branch
ஒலிய,O,verb meaning to thrive/flourish
த்தளிர்,PLANT,sprout
கவின்,O,noun meaning beauty
எய்திய,O,verb meaning attained
தண்,NATURE,cool
நறும்,O,adjective meaning fragrant
ப்பொதும்பில்,FOREST,in the grove
சேவலொடு,BIRD,with its male
கெழீஇய,O,verb meaning united/together (with sandhi)
செங்கண்,O,adjective meaning red-eyed
இருங்குயில்,BIRD,black cuckoo
ப்புகன்று,O,verb meaning desiring/liking
எதிர்,O,adverb meaning in return
ஆலும்,O,verb meaning sing/call
ப்பூ,FLOWER,flower
மலி,O,adjective meaning abundant
காலையும்,TIME,at the time/season
அகன்றோர்,PERSON,the one who left
மன்ற,O,particle implying certainty
நம்,O,pronoun meaning us
மறந்திசினோர்,PERSON,he who forgot me
என,O,verb meaning thus
இணர்,FLOWER,clusters
உறுபு,O,verb meaning abundant/falling
உடைவதன்,O,verb meaning on top of feeling sad
தலையும்,O,adverb meaning also
ப்புணர்,O,adjective meaning skilled/perfect
வினை,O,noun meaning work
ஓவ,O,adjective meaning painting
மாக்கள்,PROFESSION,artists
ஒள்,O,adjective meaning bright
அரக்கு,OBJECT,vermilion/red paint
ஊட்டிய,O,verb meaning dipped/filled with
துகிலிகை,OBJECT,brush
அன்ன,O,adjective meaning like
துய்த்,O,adjective meaning fuzzy
தலைப்,O,adjective meaning topped
ப்பாதிரி,FLOWER,pathiri/trumpet flower (Stereospermum chelonoides)
வால்,O,adjective meaning white/large
இதழ்,FLOWER,petal
அலரி,FLOWER,flower
வண்டு,INSECT,bee
ப்பட,O,verb meaning swarming
ஏந்தி,O,verb meaning carrying
ப்புது,O,adjective meaning new
மலர்,FLOWER,flower
தெருவுதொறு,PLACE,in all streets
நுவலும்,O,verb meaning calls out and sells
நொதுமலாட்டிக்கு,PERSON,to the flower vendor/lady
நோம்,O,verb meaning aches
என்,O,pronoun meaning my
நெஞ்சே,O,noun meaning heart (with expletive)
poem119,,
தினை,FOOD,millet
உண்,O,verb meaning eats
கேழல்,ANIMAL,boar/pig
இரிய,O,verb meaning wanders
ப்புனவன்,PROFESSION,mountain farmer
சிறு,O,adjective meaning small
ப்பொறி,OBJECT,trap device
மாட்டிய,O,verb meaning placed
ப்பெருங்கல்,MOUNTAIN,big rock/boulder
அடாஅர்,OBJECT,trap (with sandhi)
ஒண்,O,adjective meaning bright
கேழ்,O,adjective meaning colored
வய,O,adjective meaning strong
ப்புலி,ANIMAL,tiger
ப்படூஉம்,O,verb meaning gets trapped (with sandhi)
நாடன்,PERSON,man from such country
ஆர்,O,noun meaning love/desire
தர,O,verb meaning to give
வந்தனன்,O,verb meaning he came
ஆயினும்,O,conjunction meaning even if
ப்படப்பை,FOREST,grove
இன்,O,adjective meaning sweet
முசு,ANIMAL,langur monkey
ப்பெருங்கலை,ANIMAL,big male monkey
நன்,O,adjective meaning fine/good
மேயல்,FOOD,food/grazing
ஆரும்,O,verb meaning eats
ப்பல்,O,adjective meaning many
மலர்க்,FLOWER,flower
கான்,FOREST,forest
யாற்று,WATERBODY,stream
உம்பர்,O,adverb meaning beyond
கருங்கலை,ANIMAL,big stag
கடும்பு,O,noun meaning relatives/herd
ஆட்டு,ANIMAL,mountain goat
வருடையொடு,ANIMAL,with mountain goats
தாவன,O,verb meaning leaping
உகளும்,O,verb meaning romping around
ப்பெருவரை,MOUNTAIN,huge mountain
நீழல்,NATURE,shade
வருகுவன்,O,verb meaning when he comes
குளவியொடு,PLANT,with wild jasmine (Millingtonia hortensis)
கூதளம்,PLANT,koothalam vine (Convolvulus ipomea)
ததைந்த,O,verb meaning tied together tightly
கண்ணியன்,PERSON,man wearing a flower strand
யாவதும்,O,adverb meaning even a little
முயங்கல்,O,noun meaning embraces
ப்பெறுகுவன்,O,verb meaning he will get
அல்லன்,O,verb meaning he will not
ப்புலவி,O,noun meaning sulking
கொளீஇயர்,O,verb meaning let him sulk (with sandhi)
தன்,O,pronoun meaning his
மலையினும்,MOUNTAIN,than his mountain
ப்பெரிதே,O,adjective meaning larger (with expletive)
poem120,,
தட,O,adjective meaning large/curved
மருப்பு,ANIMAL,horn
எருமை,ANIMAL,buffalo
மட,O,adjective meaning delicate
நடை,O,noun meaning walk
க்,O,sandhi consonant
குழவி,ANIMAL,calf
தூண்தொறும்,STRUCTURE,on all the pillars
யாத்த,O,verb meaning tied
காண்தகு,O,adjective meaning lovely/fine to behold
நல்,O,adjective meaning fine/good
இல்,STRUCTURE,house
கொடுங்குழை,OBJECT,curved earrings
ப்பெய்த,O,verb meaning wearing
செழுஞ்செவி,O,adjective meaning lovely ears
ப்பேதை,PERSON,naive woman
சிறு,O,adjective meaning small
தாழ்,OBJECT,ring
செறித்த,O,verb meaning wearing
மெல்,O,adjective meaning soft/delicate
விரல்,O,noun meaning finger
சேப்ப,O,verb meaning to become red
வாளை,FISH,valai fish (Trichiurus haumela)
ஈர்ந்தடி,O,adjective meaning big pieces
வல்லிதின்,O,adverb meaning capably
வகைஇ,O,verb meaning having cut/portioned (with sandhi)
ப்புகை,NATURE,smoke
உண்டு,O,verb meaning having taken/attacked
அமர்த்த,O,adjective meaning differing/upset
கண்ணள்,PERSON,she with eyes
தகை,O,noun meaning esteem/beauty
ப்பெற,O,adverb meaning beautifully
ப்பிறை,ASTRONOMICAL,crescent moon
நுதல்,O,noun meaning forehead
ப்பொறித்த,O,verb meaning spread
சிறு,O,adjective meaning small
நுண்,O,adjective meaning fine
ப்பல்,O,adjective meaning many
வியர்,O,noun meaning sweat
அம்,O,expletive/particle
துகில்தலையில்,CLOTHING,on the garment/sari end
துடையினள்,O,verb meaning she wiped
நம்,O,pronoun meaning me
ப்புலந்து,O,verb meaning sulking with
அட்டிலோளே,PERSON,she who cooks (with expletive)
அம்,O,expletive/particle
மா,O,adjective meaning dark/beautiful
அரிவை,PERSON,young woman
எமக்கே,O,pronoun meaning for me (with expletive)
வருக,O,verb meaning may they come
தில்,O,expletive/particle
விருந்தே,GUEST,guests (with expletive)
சிவப்பு,O,noun meaning anger
ஆன்று,O,verb meaning subsided/ended
சிறு,O,adjective meaning small
முள்,O,adjective meaning sharp
எயிறு,O,noun meaning teeth
தோன்ற,O,verb meaning to appear
முறுவல்,O,noun meaning smile
கொண்ட,O,verb meaning having/taking
முகம்,O,noun meaning face
காண்கம்மே,O,verb meaning we will see (with expletive)
