Word_Original,Hierarchical_Entity_Tag
ஆறு,WAY
அறி,KNOWLEDGE
அந்தணர்க்கு,PRIEST
அருமறை,SACRED_TEXT
பல,QUANTITY_MANY
பகர்ந்து,SPEECH_RECITE
தேறு,LIQUID_CLEAR
நீர்,WATER
சடை,HAIR_MAT
கரந்து,HIDING
திரிபுரம்,THREE_CITIES
தீ,FIRE
மடுத்து,ACTION_IMMERSE
கூறாமல்,SPEECH_WITHOUT
குறித்து,AIM
தன்,PRONOUN_HIS
மேல்,PLACE_ABOVE
செல்லும்,MOTION_GO
கடும்,INTENSITY_FIERCE
கூளி,DEMON
மாறா,ACTION_UNCHANGING
போர்,WAR
மணி,BELL
மிடற்று,NECK
எண்,NUMBER_EIGHT
கையாய்,BODY_PART_HAND
கேள்,COMMAND_LISTEN
இனி,TIME_NOW
படு,SOUND
பறை,DRUM
பல,QUANTITY_MANY
இயம்ப,SOUND_RESOUND
பல்,QUANTITY_MANY
உருவம்,FORM
பெயர்த்து,CHANGE
நீ,PRONOUN_YOU
கொடுகொட்டி,DANCE
ஆடும்கால்,DANCE_WHEN
கோடு,ELEPHANT_TUSK
உயர்,HEIGHT_HIGH
அகல்,WIDTH_BROAD
அல்குல்,WAIST
கொடி,CREEPER
புரை,RESEMBLE
நுசுப்பினாள்,WAIST
கொண்ட,POSSESS
சீர்,BEAUTY
தருவாளோ,GIVE_WILL_SHE
மண்டு,BATTLE
அமர்,WAR
பல,QUANTITY_MANY
கடந்து,CROSS
மதுகையால்,INTOXICATION
நீறு,ASH
அணிந்து,ADORN
பண்டரங்கம்,DANCE
ஆடும்கால்,DANCE_WHEN
பணை,DRUM
எழில்,BEAUTY
அணை,BED
மென்தோள்,SOFT_SHOULDER
வண்டு,BEE
அரற்றும்,SOUND_HUM
கூந்தலாள்,HAIR
வளர்,GROW
தூக்கு,WEAVING
தருவாளோ,GIVE_WILL_SHE
கொலை,MURDER
உழுவை,LEOPARD
தோல்,SKIN
அசைஇ,WEAR
கொன்றை,FLOWER_FLAMEFLOWER
தார்,GARLAND
சுவல்,SHOULDER
புரள,ROLL
தலை,HEAD
அங்கை,HAND_PALM
கொண்டு,HOLD
நீ,PRONOUN_YOU
காபாலம்,SKULL
ஆடும்கால்,DANCE_WHEN
முலை,BREAST
அணிந்த,ADORNED
முறுவலாள்,SMILE
முன்,FRONT
பாணி,MUSIC
தருவாளோ,GIVE_WILL_SHE
என,SAY
ஆங்கு,THUS
பாணியும்,MUSIC
தூக்கும்,WEAVING
சீரும்,BEAUTY
என்று,CALLED
இவை,THESE
மாண்,BEAUTY
இழை,JEWEL
அரிவை,WOMAN
காப்ப,PROTECT
ஆணம்,FOOD
இல்,WITHOUT
பொருள்,WEALTH
எமக்கு,US
அமர்ந்தனை,RESIDE
ஆடி,DANCE
தொடங்கல்,BEGINNING
கண்,EYE
தோன்றிய,APPEARED
முதியவன்,ELDER
முதலாக,BEGINNING_WITH
அடங்காதார்,UNCONTROLLED
மிடல்,STRENGTH
சாய,DESTROY
அமரர்,GODS
வந்து,COME
இரத்தலின்,BEGGING
மடங்கல்,LION
போல்,LIKE
சினைஇ,ANGER
மாயம்,ILLUSION
செய்,DO
அவுணரை,ASURAS
கடந்து,CROSS
அடு,KILL
முன்பொடு,STRENGTH
முக்கண்ணான்,THREE_EYED_GOD
மூவெயிலும்,THREE_FORTRESSES
உடன்றக்கால்,ANGER_WHEN
முகம்,FACE
போல்,LIKE
ஒண்,BRIGHT
கதிர,RAY
தெறுதலின்,BURNING
சீறு,ANGER
அரும்,DIFFICULT
கணிச்சியோன்,AXE_GOD
சினவலின்,ANGER
அவ்வெயில்,THAT_SUN
ஏறு,BULL
பெற்று,OBTAIN
உதிர்வன,FALL
போல்,LIKE
வரை,MOUNTAIN
பிளந்து,SPLIT
இயங்குநர்,TRAVELER
ஆறு,WAY
கெட,DESTROY
விலங்கிய,OBSTRUCTED
அழல்,FIRE
அவிர்,SHINE
ஆர்,DIFFICULT
இடை,PLACE
மறப்பு,FORGET
அரும்,DIFFICULT
காதல்,LOVE
இவள்,SHE
ஈண்டு,HERE
ஒழிய,REMAIN
இறப்ப,CROSS
துணிந்தனிர்,DARE
கேண்மின்,LISTEN
மற்று,FURTHER
ஐய,FRIEND
தொலைவு,DESTRUCTION
ஆகி,BECOME
இரந்தோர்க்கு,BEGGARS
ஒன்று,ONE_THING
ஈயாமை,NOT_GIVING
இழிவு,DISGRACE
என,SAY
மலை,MOUNTAIN
இறந்து,CROSS
செயல்,ACTION
சூழ்ந்த,PLANNED
பொருள்,WEALTH
பொருள்,WEALTH
ஆகுமோ,WILL_IT_BE
நிலைஇய,STEADFAST
கற்பினாள்,CHASTITY_WOMAN
நீ,PRONOUN_YOU
நீப்பిన்,LEAVE_IF
வாழாதாள்,WON'T_LIVE_SHE
முலை,BREAST
ஆகம்,CHEST
பிரியாமை,NOT_SEPARATING
பொருள்,WEALTH
ஆயின்,IF
அல்லதை,OTHERWISE
இல்,NO
என,SAY
இரந்தோர்க்கு,BEGGARS
ஒன்று,ONE_THING
ஈயாமை,NOT_GIVING
இழிவு,DISGRACE
என,SAY
கல்,STONE
இறந்து,CROSS
செயல்,ACTION
சூழ்ந்த,PLANNED
பொருள்,WEALTH
பொருள்,WEALTH
ஆகுமோ,WILL_IT_BE
தொல்,ANCIENT
இயல்,NATURE
வழாஅமை,WITHOUT_FAULT
துணை,COMPANION
என,SAY
புணர்ந்தவள்,UNITED_SHE
புல்,GRASS
ஆகம்,CHEST
பிரியாமை,NOT_SEPARATING
பொருள்,WEALTH
ஆயின்,IF
அல்லதை,OTHERWISE
இடன்,PLACE
இன்றி,WITHOUT
இரந்தோர்க்கு,BEGGARS
ஒன்று,ONE_THING
ஈயாமை,NOT_GIVING
இழிவு,DISGRACE
என,SAY
கடன்,DUTY
இறந்து,CROSS
செயல்,ACTION
சூழ்ந்த,PLANNED
பொருள்,WEALTH
பொருள்,WEALTH
ஆகுமோ,WILL_IT_BE
வடமீன்,NORTH_STAR
போல்,LIKE
தொழுது,WORSHIP
ஏத்த,PRAISE
வயங்கிய,SHINING
கற்பினாள்,CHASTITY_WOMAN
தட,SOFT
மென்தோள்,SOFT_SHOULDER
பிரியாமை,NOT_SEPARATING
பொருள்,WEALTH
ஆயின்,IF
அல்லதை,OTHERWISE
என,SAY
இவள்,SHE
புன்கண்,SORROW
கொண்டு,HOLD
இனையவும்,GRIEVE
பொருள்,WEALTH
வயின்,FOR
அகறல்,GOING
அன்பு,AFFECTION
அன்று,NOT
என்று,SAY
யான்,I
கூற,SAY
அன்புற்று,AFFECTIONATE
காழ்,STRENGTH
வரை,MOUNTAIN
நில்லாக,NOT_STAND
கடும்,FIERCE
களிற்று,MALE_ELEPHANT
ஒருத்தல்,ONE
யாழ்,LUTE
வரை,STRING
தங்கியாங்கு,STOPPED_LIKE
தாழ்பு,DELAY
நின்,YOUR
தொல்கவின்,ANCIENT_BEAUTY
தொலைதல்,PERISH
அஞ்சி,FEAR
என்,MY
சொல்வரை,WORD_LIMIT
தங்கினர்,STOPPED
காதலோரே,LOVERS
அறன்,RIGHTEOUSNESS
இன்றி,WITHOUT
அயல்,OTHERS
தூற்றும்,GOSSIP
அம்பலை,GOSSIP
நாணியும்,ASHAMED
வறன்,DROUGHT
நீந்தி,SWIM
நீ,YOU
செல்லும்,GO
நீள்,LONG
இடை,WAY
நினைப்பவும்,THINK
இறை,LORD
நில்லா,NOT_STAND
வளை,BRACELET
ஓட,SLIP
இதழ்,EYELID
சோர்பு,DRIP
பனಿ,TEARS
மல்க,FILL
பொறை,BURDEN
நில்லா,NOT_STAND
நோயோட,SICKNESS
புல்லென்ற,FADED
நுதல்,FOREHEAD
இவள்,SHE
விறல்,VALOR
நலன்,BEAUTY
இழப்பவும்,LOSE
வினை,DEED
வேட்டாய்,DESIRED_ONE
கேஎள்,LISTEN
இனி,NOW
உடை,POSSESSOR
இவள்,SHE
உயிர,LIFE
வாழாள்,WON'T_LIVE
நீ,YOU
நீப்பின்,LEAVE_IF
என,SAY
பல,MANY
இடை,OBSTACLE
கொண்டு,TAKE
யாம்,WE
இரப்பவும்,BEG
எம,OUR
கொள்ளாய்,NOT_ACCEPT
ஆயினை,BECAME
கடைஇய,PROCEEDED
ஆற்று,RIVER
இடை,MIDDLE
நீர்,WATER
நீத்த,LEFT
வறும்,DRY
சுனை,POND
அடையொட,PLANT
வாடிய,WILTED
அணி,BEAUTIFUL
மலர்,FLOWER
தகைப்பன,RESEMBLE
வல்லை,QUICKLY
நீ,YOU
துறப்பாயேல்,LEAVE_IF
வகை,METHOD
வாடும்,WITHER
இவள்,SHE
என,SAY
ஒல்லாங்கு,QUICKLY
யாம்,WE
இரப்பவும்,BEG
உணர்ந்து,UNDERSTAND
ஈயாய்,NOT_GIVE
ஆயினை,BECAME
செல்லு,GO
நீள்,LONG
ஆற்று,RIVER
இடை,MIDDLE
சேர்ந்து,JOINED
எழுந்த,ROSE
மரம்,TREE
வாட,WITHER
புல்லு,GRASS
விட்டு,LEFT
இறைஞ்சிய,BOWED
பூங்கொடி,FLOWER_CREEPER
தகைப்பன,RESEMBLE
பிணிபு,TIE
நீ,YOU
விடல்,LEAVE
சூழின்,PLAN_IF
பிறழ்தரும்,CHANGE
இவள்,SHE
என,SAY
பணிபு,HUMBLE
வந்து,COME
இரப்பவும்,BEG
பல,MANY
சூழ்வாய்,PLAN_YOU
ஆயினை,BECAME
துணிபு,DECIDE
நீ,YOU
செல,GO
கண்ட,SAW
ஆற்று,RIVER
இடை,MIDDLE
அம்மரத்து,THAT_TREE
அணி,BEAUTY
செல,GO
வாடிய,WILTED
அம்,BEAUTIFUL
தளிர,TENDER_LEAF
தகைப்பன,RESEMBLE
என,SAY
ஆங்கு,THUS
யாம்,WE
நின்,YOUR
கூறவும்,SAY
எம,OUR
கொள்ளாய்,NOT_ACCEPT
ஆயினை,BECAME
ஆனாது,UNCEASING
இவள்,SHE
போல்,LIKE
அருள்,MERCY
வந்தவை,COME
காட்டி,SHOW
மேல்,ABOVE
நின்று,STAND
மெய்,TRUTH
கூறும்,SAY
கேளிர்,FRIENDS
போல்,LIKE
நீ,YOU
செல்லும்,GO
கானம்,FOREST
தகைப்ப,RESEMBLE
செலவு,JOURNEY
வலி,STRENGTH
முன்பின்,BEHIND
வல்லென்ற,HARD
யாக்கை,BODY
புலி,TIGER
நோக்கின்,LOOK
சுற்று,CIRCLE
அமை,CONSTRUCT
வில்லர்,BOWMEN
சுரி,CURL
வளர்,GROW
பித்தையர்,FOOLISH
அற்றம்,WEAKNESS
பார்த்து,LOOK
அல்கும்,STAY
கடுங்கண்,CRUEL_EYE
மறவர்,WARRIORS
தாம்,THEY
கொள்ளும்,TAKE
பொருள்,WEALTH
இலர்,NOT_HAVE
ஆயினும்,EVEN_IF
வம்பலர்,STRANGERS
துள்ளுநர்க்,LEAPING_ONES
காண்மார்,TO_SEE
தொடர்ந்து,FOLLOW
உயிர,LIFE
வௌவலின்,SEIZE
புள்ளும்,BIRD
வழங்காப்,NOT_MOVE
புலம்பு,SOLITUDE
கொள்,POSSESS
ஆர்,DIFFICULT
இடை,PLACE
வெள்ளை,WHITE
வேல்,SPEAR
வலத்திர்,STRONG_ONES
பொருள்,WEALTH
தரல்,BRING
வேட்கையின்,DESIRE
உள்ளினிர்,THINK
என்பது,THAT
அறிந்தனள்,KNEW_SHE
என்,MY
தோழி,FRIEND
காழ்,STRENGTH
விரி,SPREAD
கவை,FORKED
ஆரம்,NECKLACE
மீவரும்,COME_UP
இளமுலை,YOUNG_BREAST
போழ்து,TIME
இடைப்படாஅமல்,WITHOUT_INTERRUPTION
முயங்கியும்,EMBRACE
அமையார்,NOT_SATISFIED
என்,MY
தாழ்,LOW
கதுப்பு,HAIR
அணிகுவர்,ADORN
காதலர்,LOVERS
மற்று,FURTHER
அவர்,THEY
சூழ்வதை,PLAN
எவன்,WHAT
கொல்,PERHAPS
அறியேன்,I_DONT_KNOW
என்னும்,SAYS
முள்,THORN
உறழ்,RESEMBLE
முளை,SPROUT
எயிற்று,TOOTH
அமிழ்து,AMBROSIA
ஊறும்,FLOW
தீ,HONEY
நீரை,WATER
கள்ளினும்,THAN_LIQUOR
மகிழ்,JOY
செயும்,DOES
என,SAY
உரைத்தும்,SPEAK
அமையார்,NOT_SATISFIED
என்,MY
ஒள்இழை,BRIGHT_JEWEL
திருத்துவர்,CORRECT
காதலர்,LOVERS
மற்று,FURTHER
அவர்,THEY
உள்ளுவது,THINK
எவன்,WHAT
கொல்,PERHAPS
அறியேん,I_DONT_KNOW
என்னும்,SAYS
நுண்,FINE
எழில்,BEAUTY
மாமை,DARK_BEAUTY
சுணங்கு,FRECKLES
அணி,BEAUTIFUL
ஆகம்,CHEST
தம்,THEIR
கண்ணொடு,EYE
தொடுத்து,STRING
என,LIKE
நோக்கியும்,LOOK
அமையார்,NOT_SATISFIED
என்,MY
ஒண்நுதல்,BRIGHT_FOREHEAD
நீவுவர்,STROKE
காதலர்,LOVERS
மற்று,FURTHER
அவர்,THEY
எண்ணுவது,THINK
எவன்,WHAT
கொல்,PERHAPS
அறியேன்,I_DONT_KNOW
என்னும்,SAYS
என,SAY
ஆங்கு,THUS
கழி,EXCESS
பெரு,GREAT
நல்கல்,FAVOR
ஒன்று,ONE
உடைத்து,POSSESSES
என,SAY
என்,MY
தோழி,FRIEND
அழிவொடு,DESTRUCTION
கலங்கிய,PERTURBED
எவ்வத்தள்,DISTRESSED
ஒருநாள்,ONE_DAY
நீர்,YOU
பொழுது,TIME
இடைப்பட,WITH_INTERVAL
நீப்பின்,LEAVE_IF
வாழ்வாளோ,WILL_SHE_LIVE
ஒழிக,CEASE
இனி,NOW
பெரும,GREAT_ONE
நின்,YOUR
பொருள்,WEALTH
பிணிச்,TIE
செலவே,JOURNEY
பாஅல்,MILK
அம்,BEAUTIFUL
செவி,EAR
பணை,DRUM
தாள்,LEG
மா,ANIMAL
நிரை,HERD
மாஅல்,DARK
யானையொட,ELEPHANT
மறவர்,WARRIORS
மயங்கி,CONFUSED
தூறு,BUSH
அதர்ப்பட்ட,PATH
ஆறு,RIVER
மயங்கு,CONFUSED
அருஞ்சுரம்,DIFFICULT_DESERT
இறந்து,CROSS
நீர்,YOU
செய்யும்,DO
பொருளினும்,WEALTH
யாம்,WE
நுமக்குச்,YOU
சிறந்தனம்,SUPERIOR
ஆதல்,BEING
அறிந்தனிர்,KNEW
ஆயின்,IF
நீள்,LONG
இரு,TWO
முந்நீர்,SEA
வளி,WIND
கலன்,SHIP
வௌவலின்,SEIZE
ஆள்வினை,INDUSTRY
அழிந்தோர்,DESTROYED
போறல்,BE_LIKE
அல்லதை,OTHERWISE
கேள்,RELATIVES
பெருந்தகையோட,GREATNESS
எவன்,WHAT
பல,MANY
மொழிகுவம்,SPEAK
நாளும்,DAILY
கோள்மீன்,PLANET_STAR
தகைத்தலும்,RESEMBLE
தகைமே,BEAUTY
கல்லென,NOISY
கவின்,BEAUTY
பெற்ற,OBTAINED
விழவு,FESTIVAL
ஆற்றுப்படுத்த,PLACED
பின்,AFTER
புல்லென்ற,FADED
களம்,FIELD
போல்,LIKE
புலம்பு,SOLITUDE
கொண்டு,TAKE
அமைவாளோ,WILL_SHE_BE_CONTENT
ஆள்பவர்,RULERS
கலக்குற,CONFUSED
அலை,WAVE
பெற்ற,OBTAINED
நாடு,COUNTRY
போல்,LIKE
பாழ்பட்ட,WASTED
முகத்தோட,FACE
பைதல்,SORROW
கொண்டு,TAKE
அமைவாளோ,WILL_SHE_BE_CONTENT
ஓர்,ONE
இரா,NIGHT
வைகலுள்,DAY
தாமரை,LOTUS
பொய்கையுள்,POND
நீர்,WATER
நீத்த,LEFT
மலர்,FLOWER
போல்,LIKE
நீ,YOU
நீப்பின்,LEAVE_IF
வாழ்வாளோ,WILL_SHE_LIVE
என,SAY
ஆங்கு,THUS
பொய்,FALSE
நல்கல்,FAVOR
புரிந்தனை,DESIRE
புறந்தரல்,GIVE_BACK
கைவிட்டு,LEAVE
எந்நாளோ,WHEN
நெடுந்தகாய்,GREAT_ONE
நீ,YOU
செல்வது,GOING
அந்நாள்,THAT_DAY
கொண்டு,TAKE
இறக்கும்,DIES
இவள்,SHE
அரும்பெறல்,DIFFICULT_TO_OBTAIN
உயிரே,LIFE
மரையா,DEER
மரல்,DEER
கவர,ATTRACT
மாரி,RAIN
வறப்ப,DRY
வரை,MOUNTAIN
ஓங்கு,HIGH
அரும்,DIFFICULT
சுரத்து,DESERT
ஆர்,DIFFICULT
இடை,PLACE
செல்வோர்,TRAVELERS
சுரை,GOURD
அம்பு,ARROW
மூழ்க,SUBMERGE
சுருங்கி,SHRINK
புரையோர்,FRIENDS
தம்,THEIR
உள்,INSIDE
நீர்,WATER
வறப்ப,DRY
புலர்,DRY
வாடு,FADE
நாவிற்கு,TONGUE
தண்ணீர்,COLD_WATER
பெறாஅ,NOT_GET
தடுமாற்று,STAGGER
அரும்,DIFFICULT
துயரம்,SUFFERING
கண்ணீர்,TEARS
நனைக்கும்,WETS
கடுமைய,FIERCE
காடு,FOREST
என்றால்,IF_SAY
என்,WHAT
நீர்,YOU
அறியாதீர்,DONT_KNOW
போல்,LIKE
இவை,THESE
கூறல்,SAYING
நின்,YOUR
நீர,NATURE
அல்ல,NOT
நெடுந்தகாய்,GREAT_ONE
எம்மையும்,US
அன்பு,AFFECTION
அற,WITHOUT
சூழாதே,NOT_PLAN
ஆற்று,RIVER
இடை,WAY
நும்மொடு,YOU
துன்பம்,SUFFERING
துணை,COMPANION
ஆக,AS
நாடின்,IF_DESIRE
அது,THAT
அல்லது,OTHERWISE
இன்பமும்,PLEASURE
உண்டோ,IS_THERE
எமக்கு,FOR_US
வேனில்,SUMMER
உழந்த,SUFFERED
வறிது,EMPTY
உயங்கு,FATIGUE
ஓய்,TIRED
களிறு,MALE_ELEPHANT
வான்,SKY
நீங்கு,LEAVE
வைப்பின்,PLACE
வழங்காத்,NOT_MOVE
தேர்,CHARIOT
நீர்க்கு,WATER
அவாஅம்,DESIRE
கானம்,FOREST
கடத்திர்,CROSS
என,SAY
கேட்பின்,IF_HEAR
யான்,I
ஒன்று,ONE
உசாவுகோ,ASK
ஐய,FRIEND
சிறிது,LITTLE
நீயே,YOU
செய்,DO
வினை,DEED
மருங்கில்,SIDE
செலவு,JOURNEY
அயர்ந்து,TIRED
யாழ,YOUR
நின்,YOUR
கை,HAND
புனை,ADORN
வல்,STRONG
வில்,BOW
ஞாண்,BOWSTRING
உளர்தீயே,LOOSEN
இவட்கே,FOR_HER
செய்வுறு,WELL_MADE
மண்டிலம்,DISC
மையாப்பது,DARKEN
போல்,LIKE
மை,DARK
இல்,WITHOUT
வாள்,BRIGHT
முகம்,FACE
பசப்பு,PALLOR
ஊருமே,SPREADS
நீயே,YOU
வினை,DEED
மாண்,BEAUTIFUL
காழகம்,UPPER_GARMENT
வீங்க,puff
கட்டி,TIE
புனை,ADORN
மாண்,BEAUTIFUL
மரீஇய,ATTACHED
அம்பு,ARROW
தெரிதீயே,SELECT
இவட்கே,FOR_HER
சுனை,POND
மாண்,BEAUTIFUL
நீலம்,BLUE_LILY
கார்,RAIN
எதிர்பவை,EXPECTING
போல்,LIKE
இனை,GRIEVE
நோக்கம்,LOOK
உண்கண்,BEAUTIFUL_EYE
நீர்,WATER
நில்லாவே,NOT_STAY
நீயே,YOU
புலம்பு,SOLITUDE
இல்,WITHOUT
உள்ளமொட,HEART
பொருள்,WEALTH
வயின்,FOR
செலீஇய,GO
வலம்படு,SUCCESSFUL
திகிரி,WHEEL
வாய்,MOUTH
நீவுதியே,STROKE
இவட்கே,FOR_HER
அலங்கு,TREMBLING
இதழ்,PETAL
கோடல்,FLOWER
வீ,FLOWER
உகுபவை,FALLING
போல்,LIKE
இலங்கு,SHINE
ஏர்,BEAUTY
எல்வளை,BRIGHT_BRACELET
இறை,LORD
ஊரும்மே,SLIPS
என,SAY
நின்,YOUR
செல்,GO
நவை,FAULT
அரவத்தும்,AT_NIGHT
இனையவள்,SUCH_SHE
நீ,YOU
நீப்பின்,LEAVE_IF
தன்,HER
நலம்,BEAUTY
கடைகொளப்படுதலின்,BEING_DESTROYED
மற்று,FURTHER
இவள்,SHE
இன்உயிர,SWEET_LIFE
தருதலும்,GIVE
ஆற்றுமோ,ABLE
முன்னிய,INTENDED
தேஎத்து,PLACE
முயன்று,EFFORT
செய்,DO
பொருளே,WEALTH
நடுவு,MIDDLE
இகந்து,CROSS
ஒரீஇ,LEAVE
நயன்,JUSTICE
இல்லான்,WITHOUT
வினை,DEED
வாங்க,ACCEPT
கொடிது,CRUEL
ஓர்த்த,CONSIDERED
மன்னவன்,KING
கோல்,SCEPTER
போல்,LIKE
ஞாயிறு,SUN
கடுகுபு,SPEED
கதிர,RAY
மூட்டிக்,KINDLE
காய்சினம்,FIERCE_ANGER
தெறுதலின்,BURNING
உறல்,FLOW
ஊறு,FLOW
கமழ,FRAGRANT
கடாத்து,TEMPLE_OF_ELEPHANT
ஒல்கிய,BENT
எழில்,BEAUTY
வேழம்,ELEPHANT
வறன்,DRY
உழு,PLOUGH
நாஞ்சில்,PLOUGH
போல்,LIKE
மருப்பு,TUSK
ஊன்ற,PLANT
நிலம்,GROUND
சேர,REACH
விறல்,VALOR
மலை,MOUNTAIN
வெம்பிய,BURNT
போக்கு,WAY
அரு,DIFFICULT
வெஞ்சுரம்,HOT_DESERT
சொல்லாது,WITHOUT_SAYING
இறப்ப,CROSS
துணிந்தனிர்க்கு,FOR_THOSE_WHO_DARE
ஒரு,ONE
பொருள்,WEALTH
சொல்லுவது,SAY
உடையேன்,I_HAVE
கேள்மின்,LISTEN
மற்று,FURTHER
ஐஇய,FRIENDS
வீழுநர்க்கு,FOR_LOVERS
இறைச்சியாய்,FLESH
விரல்,FINGER
கவர்பு,ATTRACT
இசைக்கும்,SOUND
கோல்,STICK
ஏழும்,SEVEN
தம்,THEIR
பயன்,USE
கெட,DESTROY
இடை,MIDDLE
நின்ற,STANDING
நரம்பு,STRING
அறூஉம்,CUT
யாழினும்,THAN_LUTE
நிலை,STABILITY
இல்லாப்,WITHOUT
பொருளையும்,WEALTH
நச்சுபவோ,DESIRE
மரீஇத்,ATTACH
தாம்,THEY
கொண்டாரை,THOSE_WHO_TAKE
கொண்டக்கால்,WHEN_TAKE
போலாது,NOT_LIKE
பிரியும்கால்,WHEN_SEPARATE
பிறர்,OTHERS
எள்ள,SCORN
பீடு,GLORY
இன்றி,WITHOUT
புறம்,BACK
மாறும்,CHANGE
திருவினும்,THAN_LAKSHMI
நிலை,STABILITY
இல்லாப்,WITHOUT
பொருளையும்,WEALTH
நச்சுபவோ,DESIRE
புரை,FAULT
தவ,LEAVE
பயன்,FRUIT
நோக்கார்,NOT_SEEK
தாம்,THEY
ஆக்கம்,PROSPERITY
முயல்வாரை,THOSE_WHO_STRIVE
வரைவு,OBSTACLE
இன்றி,WITHOUT
செறும்,HATE
பொழுதில்,TIME
கண்,EYE
ஓடாது,NOT_RUN
உயிர,LIFE
வௌவும்,SEIZE
அரைசினும்,THAN_KING
நிலை,STABILITY
இல்லாப்,WITHOUT
பொருளையும்,WEALTH
நச்சுபவோ,DESIRE
என,SAY
ஆங்கு,THUS
நச்சல்,DESIRE
கூடாது,SHOULD_NOT
பெரும,GREAT_ONE
இச்செலவு,THIS_JOURNEY
ஒழிதல்,CEASE
வேண்டுவல்,WANT
சூழின்,IF_PLAN
பழி,BLAME
இன்று,WITHOUT
மன்னவன்,KING
புறந்தர,PROTECT
வரு,COME
விருந்து,GUEST
ஓம்பித்,PROTECT
தன்,HIS
நகர்,CITY
விழைய,DESIRE
கூடின்,IF_UNITE
இன்உறல்,SWEET_CHEST
வியன்மார்ப,BROAD_CHEST
அது,THAT
மனும்,ALSO
பொருளே,WEALTH
எறித்தரு,BEATING
கதிர,RAY
தாங்கி,HOLD
ஏந்திய,RAISED
குடை,UMBRELLA
நீழல்,SHADE
உறித்,THICK
தாழ்ந்த,HANGING
கரகமும்,WATER_POT
உரை,WORD
சான்ற,EXCELLENT
முக்கோலும்,THREE_STAVES
நெறிப்பட,STRAIGHT
சுவல்,SHOULDER
அசைஇ,WEAR
வேறு,DIFFERENT
ஓரா,NOT_THINK
நெஞ்சத்து,HEART
குறிப்பு,SIGN
ஏவல்,COMMAND
செயல்,ACTION
மாலை,GARLAND
கொளை,METER
நடை,GAIT
அந்தணீர்,BRAHMINS
வெவ்,HOT
இடை,WAY
செலல்,GO
மாலை,GARLAND
ஒழுக்கத்தீர்,BEHAVIOR
இவ்,THIS
இடை,PLACE
என்,MY
மகள்,DAUGHTER
ஒருத்தியும்,ONE
பிறள்,ANOTHER
மகன்,SON
ஒருவனும்,ONE
தம்,THEIR
உளே,INSIDE
புணர்ந்த,UNITED
தாம்,THEY
அறி,KNOW
புணர்ச்சியர்,UNION
அன்னார்,SUCH
இருவரை,TWO
காணிரோ,SEE
பெரும,GREAT_ONE
காணேம்,NOT_SEE
அல்லேம்,NOT
கண்டனம்,SAW
கடத்து,FOREST
இடை,PLACE
ஆண்,MALE
எழில்,BEAUTY
அண்ணலோட,LORD
அரும்,DIFFICULT
சுரம்,DESERT
முன்னிய,INTENDED
மாண்,BEAUTY
இழை,JEWEL
மடவரல்,YOUNG_WOMAN
தாயிர்,YOU
நீர்,YOU
போறிர்,LIKE
பல,MANY
உறு,HAVE
நறும்,FRAGRANT
சாந்தம்,SANDALWOOD
படுப்பவர்க்கு,FOR_THOSE_WHO_APPLY
அல்லதை,OTHERWISE
மலை,MOUNTAIN
உளே,INSIDE
பிறப்பினும்,EVEN_IF_BORN
மலைக்கு,FOR_MOUNTAIN
அவை,THEY
தாம்,THEY
என்,WHAT
செய்யும்,DO
நினையும்கால்,IF_THINK
நும்மகள்,YOUR_DAUGHTER
நுமக்கும்,YOU
ஆங்கு,THUS
அனையளே,LIKE_THAT
சீர்கெழு,GLORY
வெண்முத்தம்,WHITE_PEARL
அணிபவர்க்கு,FOR_THOSE_WHO_ADORN
அல்லதை,OTHERWISE
நீர்,WATER
உளே,INSIDE
பிறப்பினும்,EVEN_IF_BORN
நீர்க்கு,FOR_WATER
அவை,THEY
தாம்,THEY
என்,WHAT
செய்யும்,DO
தேரும்கால்,IF_CONSIDER
நும்,YOUR
மகள்,DAUGHTER
நுமக்கும்,YOU
ஆங்கு,THUS
அனையளே,LIKE_THAT
ஏழ்,SEVEN
புணர்,JOINED
இன்இசை,SWEET_MUSIC
முரல்பவர்க்கு,FOR_THOSE_WHO_PLAY
அல்லதை,OTHERWISE
யாழ்,LUTE
உளே,INSIDE
பிறப்பினும்,EVEN_IF_BORN
யாழ்க்கு,FOR_LUTE
அவை,THEY
தாம்,THEY
என்,WHAT
செய்யும்,DO
சூழும்கால்,IF_CONSIDER
நும்மகள்,YOUR_DAUGHTER
நுமக்கும்,YOU
ஆங்கு,THUS
அனையளே,LIKE_THAT
என,SAY
ஆங்கு,THUS
இறந்த,SURPASSED
கற்பினாட்கு,CHASTE_WOMAN
எவ்வம்,SORROW
படரன்மின்,DONT_FEEL
சிறந்தானை,SUPERIOR_ONE
வழிபடீஇ,WORSHIP
சென்றனள்,WENT
அறம்,RIGHTEOUSNESS
தலை,HEAD
பிரியா,NOT_SEPARATE
ஆறும்,WAY
மற்று,FURTHER
அதுவே,THAT
வறியவன்,POOR_MAN
இளமை,YOUTH
போல்,LIKE
வாடிய,WILTED
சினையவாய்,BRANCHES
சிறியவன்,SMALL_MAN
செல்வம்,WEALTH
போல்,LIKE
சேர்ந்தார்க்கு,FOR_THOSE_WHO_JOIN
நிழல்,SHADE
இன்றி,WITHOUT
யார்,WHO
கண்ணும்,EYE
இகந்து,CROSS
செய்து,DO
இசை,FAME
கெட்டான்,DESTROYED
இறுதி,END
போல்,LIKE
வேரொட,ROOT
மரம்,TREE
வெம்ப,SUFFER
விரி,SPREAD
கதிர,RAY
தெறுதலின்,BURNING
அலவுற்று,CONFUSED
குடி,FAMILY
கூவ,SHOUT
ஆறு,WAY
இன்றி,WITHOUT
பொருள்,WEALTH
வெ·கி,ANGRY
கொலை,MURDER
அஞ்சா,NOT_FEAR
வினைவரால்,DOERS
கோல்,SCEPTER
கோடியவன்,CROOKED
நிழல்,SHADE
உலகு,WORLD
போல்,LIKE
உலறிய,DRIED
உயர்,TALL
மர,TREE
வெஞ்சுரம்,HOT_DESERT
இடை,PLACE
கொண்டு,TAKE
பொருள்,WEALTH
வயின்,FOR
இறத்தி,CROSS
நீ,YOU
என,SAY
கேட்பின்,IF_HEAR
உடைபு,BROKEN
நெஞ்சு,HEART
உக,MELT
ஆங்கே,THERE
ஒளி,LIGHT
ஓடற்பாள்,WILL_RUN
மன்னோ,PERHAPS
படை,ARMY
அமை,CONSTRUCT
சேக்கையுள்,BED
பாயலின்,SLEEP
அறியாய்,KNOW
நீ,YOU
புடை,SIDE
பெயர்வாய்,MOVE
ஆயினும்,EVEN_IF
புலம்பு,SOLITUDE
கொண்டு,TAKE
இனைபவள்,GRIEVE
முனிவு,ANGER
இன்றி,WITHOUT
முயல்,STRIVE
பொருட்கு,WEALTH
இறத்தி,CROSS
நீ,YOU
என,SAY
கேட்பின்,IF_HEAR
பனிய,COLD
கண்,EYE
படல்,SLEEP
ஒல்லா,UNABLE
படர்,SUFFERING
கூர்கிற்பாள்,WILL_INCREASE
மன்னோ,PERHAPS
நனி,MUCH
கொண்ட,HAVING
சாயலாள்,GENTLE_WOMAN
நயந்து,LOVE
நீ,YOU
நகை,SMILE
ஆக,AS
துனி,ANGER
செய்து,DO
நீடினும்,EVEN_IF_DELAY
துறப்பு,LEAVE
அஞ்சி,FEAR
கலுழ்பவள்,WEEPS
பொருள்,WEALTH
நோக்கி,SEE
பிரிந்து,SEPARATE
நீ,YOU
போகுதி,GO
என,SAY
கேட்பின்,IF_HEAR
மருள்,CONFUSION
நோக்கம்,LOOK
மடிந்து,FADE
ஆங்கே,THERE
மயல்,CONFUSION
கூர்கிற்பாள்,WILL_INCREASE
மன்னோ,PERHAPS
இருள்,DARK
நோக்கம்,LOOK
இடையின்றி,WITHOUT_INTERVAL
ஈரத்தின்,AFFECTION
இயன்ற,MADE
நின்,YOUR
அருள்,MERCY
நோக்கம்,LOOK
அழியினும்,EVEN_IF_DESTROYED
அவலம்,SORROW
கொண்டு,TAKE
அழிபவள்,PERISH
என,SAY
ஆங்கு,THUS
வினை,DEED
வெ·கி,ANGRY
நீ,YOU
செலின்,IF_GO
விடும்,WILL_LEAVE
இவள்,SHE
உயிர,LIFE
என,SAY
புனை,ADORN
இழாய்,JEWEL
நின்,YOUR
நிலை,STATE
யான்,I
கூற,SAY
பையென,SLOWLY
நிலவு,MOON
வேல்,SPEAR
நெடுந்தகை,GREAT_ONE
நீள்,LONG
இடை,WAY
செலவு,JOURNEY
ஒழிந்தனனால்,STOPPED
செறிக,CLING
நின்,YOUR
வளையே,BRACELET
அரிது,DIFFICULT
ஆய,WHICH_IS
அறன்,RIGHTEOUSNESS
எய்தி,ACHIEVE
அருளியோர்க்கு,FOR_MERCIFUL_ONES
அளித்தலும்,GIVING
பெரிது,GREAT
ஆய,WHICH_IS
பகை,ENEMY
வென்று,VICTORY
பேணாரை,THOSE_WHO_DONT_CARE
தெறுதலும்,DESTROYING
புரிவு,AFFECTION
அமர்,LOVE
காதலின்,LOVE
புணர்ச்சியும்,UNION
தரும்,GIVES
என,SAY
பிரிவு,SEPARATION
எண்ணி,THINK
பொருள்,WEALTH
வயின்,FOR
சென்ற,WENT
நம்,OUR
காதலர்,LOVERS
வருவர்கொல்,WILL_COME
வயங்கு,SHINE
இழாஅய்,JEWEL
வலிப்பல்,I_WILL_CALL
யான்,I
கேஎள்,LISTEN
இனி,NOW
அடி,FOOT
தாங்கும்,HOLD
அளவு,AMOUNT
இன்றி,WITHOUT
அழல்,FIRE
அன்ன,LIKE
வெம்மையால்,HEAT
கடியவே,DIFFICULT
கனம்,HEAVY
குழாஅய்,CROWD
காடு,FOREST
என்றார்,SAID
அக்காட்டுள்,IN_THAT_FOREST
துடிஅடிக்,SMALL_FOOT
கயம்தலை,POND
கலக்கிய,MIXED
சின்,SMALL
நீரை,WATER
பிடி,FEMALE_ELEPHANT
ஊட்டி,FEED
பின்,AFTER
உண்ணும்,EATS
களிறு,MALE_ELEPHANT
எனவும்,SAYING
உரைத்தனரே,SPOKE
இன்பத்தின்,PLEASURE
இகந்து,CROSS
ஒரீஇ,LEAVE
இலை,LEAF
தீந்த,DIED
உலவையால்,SHADE
துன்புறூஉம்,SUFFERS
தகையவே,NATURE
காடு,FOREST
என்றார்,SAID
அக்காட்டுள்,IN_THAT_FOREST
அன்புகொள்,AFFECTIONATE
மடப்பெடை,TENDER_FEMALE
அசைஇய,RESTED
வருத்தத்தை,FATIGUE
மென்சிறகரால்,SOFT_WINGS
ஆற்றும்,RELIEVES
புறவு,DOVE
எனவும்,SAYING
உரைத்தனரே,SPOKE
கல்,STONE
மிசை,UPON
வேய்,BAMBOO
வாட,WITHER
கனை,LOUD
கதிர,RAY
தெறுதலான்,BURNING
துன்னரூஉம்,DIFFICULT
தகையவே,NATURE
காடு,FOREST
என்றார்,SAID
அக்காட்டுள்,IN_THAT_FOREST
இன்நிழல்,SWEET_SHADE
இன்மையான்,ABSENCE
வருந்திய,SUFFERED
மடபிணை,TENDER_DOe
தன்,ITS
நிழலை,SHADE
கொடுத்து,GIVE
அளிக்கும்,PROTECTS
கலை,MALE_DEER
எனவும்,SAYING
உரைத்தனரே,SPOKE
என,SAY
ஆங்கு,THUS
இனை,SUCH
நலம்,BEAUTY
உடைய,HAVING
கானம்,FOREST
சென்றோர்,THOSE_WHO_WENT
புனை,ADORN
நலம்,BEAUTY
வாட்டுநர்,SPOILERS
அல்லர்,NOT
மனை,HOUSE
வயின்,AT
பல்லியும்,LIZARD
பாங்கு,FITTINGLY
ஒத்து,EQUAL
இசைத்தன,SOUNDED
நல்,GOOD
எழில்,BEAUTY
உண்கண்,BEAUTIFUL_EYE
ஆடுமால்,MOVES
இடனே,PLACE
இடு,PLACE
முள்,THORN
நெடு,LONG
வேலி,FENCE
போல,LIKE
கொலைவர்,MURDERERS
கொடுமரம்,CROOKED_TREE
தேய்த்தார்,USED
பதுக்கை,CAIRN
நிரைத்த,ARRANGED
கடு,DIFFICULT
நவை,EVIL
ஆர்,FULL
ஆற்று,RIVER
அறு,SMALL
சுனை,POND
முற்றி,SURROUND
உடங்கு,TOGETHER
நீர்,WATER
வேட்ட,DESIRED
உடம்பு,BODY
உயங்கு,FATIGUED
யானை,ELEPHANT
கடும்,FIERCE
தாம்,ITSELF
பதிபு,STUCK
ஆங்கு,THERE
கை,TRUNK
தெறப்பட்டு,BEING_BURNT
வெறி,FRAGRANCE
நிரை,LINE
வேறு,DIFFERENT
ஆக,BECOME
சார்ச்,SLOPE
சாரல்,MOUNTAIN_SLOPE
ஓடி,RUN
நெறி,WAY
மயக்குற்ற,CONFUSED
நிரம்பா,NOT_FULL
நீடு,LONG
அத்தம்,PATH
சிறு,SMALL
நனி,MUCH
நீ,YOU
துஞ்சி,SLEEP
ஏற்பினும்,EVEN_IF_ACCEPT
அஞ்சும்,FEARS
நறு,FRAGRANT
நுதல்,FOREHEAD
நீத்து,LEAVE
பொருள்,WEALTH
வயின்,FOR
செல்வோய்,GOER
உரன்,STRENGTH
உடை,HAVING
உள்ளத்தை,HEART
செய்,DO
பொருள்,WEALTH
முற்றிய,COMPLETED
வளமையான்,PROSPERITY
ஆகும்,IS
பொருள்,WEALTH
இது,THIS
என்பாய்,SAY
இளமையும்,YOUTH
காமமும்,LOVE
நின்,YOUR
பாணி,FASHION
நில்லா,NOT_STAY
இடை,MIDDLE
முலை,BREAST
கோதை,GARLAND
குழைய,FADE
முயங்கும்,EMBRACE
முறை,PROPER
நாள்,DAY
கழிதல்,PASS
உறாஅமை,WITHOUT_HAPPENING
காண்டை,SEE
கடை,LAST
நாள்,DAY
இது,THIS
என்று,SAY
அறிந்தாரும்,THOSE_WHO_KNOW
இல்லை,NOT
போற்றாய்,YOU_DONT_CARE
பெரும,GREAT_ONE
நீ,YOU
காமம்,LOVE
புகர்பட,STAIN
வேற்றுமை,DIFFERENCE
கொண்டு,TAKE
பொருள்,WEALTH
வயின்,FOR
போகுவாய்,GO
கூற்றமும்,DEATH
மூப்பும்,OLD_AGE
மறந்தாரோட,FORGETFUL_ONES
ஓராங்கு,TOGETHER
மாற்றுமை,CHANGE
கொண்ட,HAVING
வழி,WAY
செரு,BATTLE
மிகு,GREAT
சின,ANGER
வேந்தன்,KING
சிவந்து,REDDEN
இறுத்த,STAYED
புலம்,FIELD
போல,LIKE
எரி,FIRE
மேய்ந்த,GRAZED
கரி,CHARCOAL
வறல்,DRYNESS
வாய்,MOUTH
புகுவ,ENTER
காணாவாய்ப்,NOT_SEEING
பொரி,SPLIT
மலர்ந்தன்ன,BLOOMED_LIKE
பொறிய,SPOTTED
மட,SOFT
மான்,DEER
திரி,TWISTED
மருப்பு,ANTLER
ஏறொடு,MALE_DEER
தேர்,CHARIOT
அறற்கு,SALT
ஓட,RUN
மரல்,DEER
சாய,LEAN
மலை,MOUNTAIN
வெம்ப,SUFFER
மந்தி,MONKEY
உயங்க,FATIGUE
உரல்,MORTAR
போல்,LIKE
அடிய,FEET
உடம்பு,BODY
உயங்கு,FATIGUED
யானை,ELEPHANT
ஊறு,FLOW
நீர்,WATER
அடங்கலின்,SUBSIDE
உண்,DRINK
கயம்,POND
காணாது,NOT_SEEING
சேறு,MUD
சுவைத்து,TASTE
தம்,THEIR
செல்,GOING
உயிர,LIFE
தாங்கும்,SUSTAIN
புயல்,RAIN
துளி,DROP
மாறிய,CHANGED
போக்கு,WAY
அரு,DIFFICULT
வெஞ்சுரம்,HOT_DESERT
எல்,BRIGHT
வளை,BRACELET
எம்மொடு,WITH_US
நீ,YOU
வரின்,IF_COME
யாழ,YOUR
நின்,YOUR
மெல்,SOFT
இயல்,NATURE
மேவந்த,REACHED
சீறடி,SMALL_FOOT
தாமரை,LOTUS
அல்லி,WATER_LILY
சேர்,JOINED
ஆய,BEAUTIFUL
இதழ்,PETAL
அரக்கு,LAC
தோய்ந்தவை,STAINED
போல்,LIKE
கல்,STONE
உறின்,IF_TOUCH
அவ்வடி,THAT_FOOT
கறுக்குந,DARKEN
அல்லவோ,WILL_IT_NOT
நலம்பெறு,BEAUTIFUL
சுடர்,BRIGHT
நுதால்,FOREHEAD
எம்மொடு,WITH_US
நீ,YOU
வரின்,IF_COME
இலங்கு,SHINE
மாண்,BEAUTIFUL
அவிர்,GLITTER
தூவி,FEATHER
அன்ன,LIKE
மென்,SOFT
சேக்கையுள்,BED
துலங்கு,SHINE
மான்,DEER
மேல்,UPON
ஊர்தி,VEHICLE
துயில்,SLEEP
ஏற்பாய்,ACCEPT
மற்று,FURTHER
ஆண்டை,THERE
விலங்கு,ANIMAL
மான்,DEER
குரல்,VOICE
கேட்பின்,IF_HEAR
வெருவுவை,WILL_FEAR
அல்லையோ,WILL_YOU_NOT
கிளி,PARROT
புரை,LIKE
கிளவியாய்,SPEECH
எம்மொடு,WITH_US
நீ,YOU
வரின்,IF_COME
தளி,RAIN
பொழி,POUR
தளிர்,TENDER_LEAF
அன்ன,LIKE
எழில்,BEAUTY
மேனி,BODY
கவின்,BEAUTY
வாட,FADE
முளி,DRY
அரில்,DIFFICULTY
பொத்திய,COVERED
முழங்கு,ROAR
அழல்,FIRE
இடை,PLACE
போழ்ந்த,PIERCED
வளி,WIND
உறின்,IF_TOUCH
அவ்,THAT
எழில்,BEAUTY
வாடுவை,WILL_FADE
அல்லையோ,WILL_YOU_NOT
என,SAY
ஆங்கு,THUS
அனையவை,SUCH_THINGS
காதலர்,LOVERS
கூறலின்,SAYING
வினை,DEED
வயின்,FOR
பிரிகுவர்,WILL_SEPARATE
என,SAY
பெரிது,GREATLY
அழியாது,WITHOUT_PERISHING
திரிபு,CHANGE
உறீஇ,CAUSE
கடுங்குரை,DIFFICULT_WORDS
அருமைய,DIFFICULT
காடு,FOREST
எனின்,IF_SAY
அல்லது,OTHERWISE
கொடுங்குழாய்,CROOKED_HAIR
துறக்குநர்,THOSE_WHO_LEAVE
அல்லர்,NOT
நடுங்குதல்,TREMBLING
காண்மார்,TO_SEE
நகை,SMILE
குறித்தனரே,INTENDED
அணை,BED
மருள்,LIKE
இன்,SWEET
துயில்,SLEEP
அம்,BEAUTIFUL
பணை,DRUM
தட,SOFT
மென்தோள்,SOFT_SHOULDER
துணை,COMPANION
மலர்,FLOWER
எழில்,BEAUTY
நீலம்,BLUE_LILY
ஏந்து,RAISED
எழில்,BEAUTY
மலர்,FLOWER
உண்கண்,BEAUTIFUL_EYE
மண,FRAGRANCE
மௌவல்,JASMINE
முகை,BUD
அன்ன,LIKE
மா,GREAT
வீழ்,LOVE
வார்,LONG
நிரை,LINE
வெண்பல்,WHITE_TEETH
மணம்,FRAGRANCE
நாறு,EMIT
நறு,FRAGRANT
நுதல்,FOREHEAD
மாரி,RAIN
வீழ்,FALL
இரும்,DARK
கூந்தல்,HAIR
அலர்,FLOWER
முலை,BREAST
ஆகத்து,CHEST
அகன்ற,BROAD
அல்குல்,WAIST
சில,FEW
நிரை,LINE
வால்,WHITE
வளை,BRACELET
செய்யாயோ,WILL_YOU_NOT_DO
என,SAY
பல,MANY
பல,MANY
கட்டுரை,STORIES
பண்டையின்,AS_BEFORE
பாராட்டி,PRAISE
இனிய,SWEET
சொல்லி,SAYING
இன்னாங்கு,UNPLEASANTLY
பெயர்ப்பது,CHANGE
இனி,NOW
அறிந்தேன்,I_KNEW
அது,THAT
துனி,SORROW
ஆகுதலே,BECOMING
பொருள்,WEALTH
அல்லால்,OTHER_THAN
பொருளும்,WEALTH
உண்டோ,IS_THERE
என,SAY
யாழ,YOUR
நின்,YOUR
மருளி,CONFUSION
கொள்,HAVING
மட,SOFT
நோக்கம்,LOOK
மயக்கப்பட்டு,CONFUSED
அயர்த்தாயோ,BECAME_TIRED
காதலார்,LOVERS
எவன்,WHAT
செய்ப,WILL_DO
பொருள்,WEALTH
இல்லாதார்க்கு,FOR_THOSE_WITHOUT
என,SAY
ஏதிலார்,STRANGERS
கூறும்,SAY
சொல்,WORD
பொருள்,WEALTH
ஆக,AS
மதித்தாயோ,DID_YOU_CONSIDER
செம்மையின்,FROMPROPRIETY
இகந்து,CROSS
ஒரீஇ,LEAVE
பொருள்,WEALTH
செய்வார்க்கு,FOR_THOSE_WHO_MAKE
அப்பொருள்,THAT_WEALTH
இம்மையும்,THIS_WORLD
மறுமையும்,NEXT_WORLD
பகை,ENEMY
ஆவது,BECOMING
அறியாயோ,DONT_YOU_KNOW
அதனால்,THEREFORE
எம்மையும்,US
பொருள்,WEALTH
ஆக,AS
மதித்தீத்தை,YOU_CONSIDERED
நம்முள்,AMONG_US
நாம்,WE
கவவு,EMBRACE
கை,HAND
விடப்,LEAVE
பெறும்,OBTAIN
பொருள்,WEALTH
திறத்து,IN_REGARD_TO
அவவு,DESIRE
கைவிடுதல்,LEAVING
அது,THAT
மனும்,ALSO
பொருளே,WEALTH
அரி,BEUTIFUL
மான்,DEER
இடித்தன்ன,SOUNDED_LIKE
அம்,BEAUTIFUL
சிலை,BOW
வல்,STRONG
வில்,BOW
புரி,TWIST
நாண்,BOWSTRING
புடையின்,SIDE
புறம்,BACK
காண்டல்,SEEING
அல்லால்,EXCEPT
இணை,PAIR
படை,WEAPON
தானை,ARMY
அரசோட,KING
உறினும்,EVEN_IF
கணை,ARROW
தொடை,STRINGING
நாணும்,SHAME
கடும்,FIERCE
துடி,DRUM
ஆர்ப்பின்,SOUND
எருத்து,NECK
வலிய,STRONG
எறுழ்,STRONG
நோக்கு,LOOK
இரலை,MALE_DEER
மருப்பின்,ANTLER
திரிந்து,TURN
மறிந்து,TURN
வீழ்,FALL
தாடி,BEARD
உருத்த,ANGRY
கடும்,FIERCE
சினத்து,ANGER
ஓடா,NOT_RUNNING
மறவர்,WARRIORS
பொருள்,WEALTH
கொண்டு,TAKE
புண்,WOUND
செயின்,IF_DO
அல்லதை,EXCEPT
அன்போட,AFFECTION
அருள்,MERCY
புறம்,BACK
மாறிய,CHANGED
ஆர்,DIFFICULT
இடை,PLACE
அத்தம்,PATH
புரிபு,TWIST
நீ,YOU
புறம்,BACK
மாறி,CHANGE
போக்கு,ESCAPE
எண்ணி,THINK
புதிது,NEWLY
ஈண்டி,GATHER
பெருகிய,INCREASED
செல்வத்தான்,WEALTH
பெயர்த்தரல்,BRING_BACK
ஒல்வதோ,IS_IT_POSSIBLE
செயலை,ELEPHANT
அலர்,FLOWER
தலைத்தலை,HEAD_HEAD
தந்து,GIVING
பகல்,DAY
முனி,AVOID
வெஞ்சுரம்,HOT_DESERT
உள்ளல்,THINKING
அறிந்தேன்,I_KNEW
மகன்,SON
அல்லை,NOT
மன்ற,INDEED
இனி,NOW
செல்,GO
இனிச்,NOW
சென்று,GOING
நீ,YOU
செய்யும்,DO
வினை,DEED
முற்ற,COMPLETE
அன்பு,AFFECTION
அற,WITHOUT
மாறி,CHANGE
யாம்,WE
உள்ளத்,THINK
துறந்தவள்,LEFT_ONE
பண்பும்,QUALITY
அறிதிரோ,DO_YOU_KNOW
என்று,SAY
வருவாரை,THOSE_WHO_COME
என்,MY
திறம்,SIDE
யாதும்,ANYTHING
வினவல்,ASK
வினவின்,IF_ASK
பகலின்,THAN_DAY
விளங்கு,SHINE
நின்,YOUR
செம்மல்,CHIEF
சிதைய,DESTROY
தவல்,FAULT
அரு,DIFFICULT
செய்,DO
வினை,DEED
முற்றாமல்,WITHOUT_COMPLETING
ஆண்டு,THERE
ஓர்,A
அவலம்,SORROW
படுதலும்,HAPPENING
உண்டு,THERE_IS
பல்,MANY
வளம்,PROSPERITY
பகர்பு,SPEAKING
ஊட்டும்,FEEDS
பயன்,FRUIT
நிலம்,LAND
பைது,GREEN
அற,WITHOUT
செல்,GOING
கதிர,RAY
ஞாயிறு,SUN
செயிர்,ANGER
சினம்,ANGER
சொரிதலின்,POURING
தணிவு,COOLNESS
இல்,WITHOUT
வெம்,FIERCE
கோடைக்கு,SUMMER
தண்,COOL
நயந்து,LOVING
அணி,ADORN
கொள்ளும்,TAKE
பிணி,SICKNESS
தெறல்,DESTROYING
உயக்கத்த,FATIGUE
பெருங்,GREAT
களிற்று,MALE_ELEPHANT
இனம்,HERD
தாங்கும்,SUPPORT
மணி,BELL
திகழ்,SHINE
விறல்,VALOR
மலை,MOUNTAIN
வெம்ப,SUFFER
மண்,EARTH
பகத்,SPLIT
துணி,CLEAR
கயம்,POND
துகள்,DUST
பட்ட,STUCK
தூங்கு,SWINGING
அழல்,FIRE
வெஞ்சுரம்,HOT_DESERT
கிளி,PARROT
புரை,LIKE
கிளவியாய்,SPEECH
நின்,YOUR
அடிக்கு,FOOT
எளியவோ,EASY
தளி,RAIN
உறுபு,HAPPEN
அறியாவே,NOT_KNOWING
காடு,FOREST
என,SAY
கூறுவீர்,YOU_SAY
வளியினும்,THAN_WIND
வரை,MOUNTAIN
நில்லா,NOT_STAND
வாழு,LIVING
நாள்,DAY
நும்,YOUR
ஆகத்து,CHEST
அளி,MERCY
என,I
உடையேன்,HAVE
யான்,I
அவலம்,SORROW
கொண்டு,TAKE
அழிவலோ,WILL_I_PERISH
ஊறு,FLOW
நீர்,WATER
அமிழ்து,AMBROSIA
ஏய்க்கும்,RESEMBLE
எயிற்றாய்,TEETH
நீ,YOU
உணல்,EATING
வேட்பின்,IF_DESIRE
ஆறு,RIVER
நீர்,WATER
இல,NOT_HAVE
என,SAY
அறன்,RIGHTEOUSNESS
நோக்கி,SEEING
கூறுவீர்,YOU_SAY
யாறு,RIVER
நீர்,WATER
கழிந்தன்ன,PASSED_LIKE
இளமை,YOUTH
நும்,YOUR
நெஞ்சு,HEART
என்னும்,CALLED
தேறு,CLEAR
நீர்,WATER
உடையேன்,I_HAVE
யான்,I
தெருமந்து,CONFUSED
ஈங்கு,HERE
ஒழிவலோ,WILL_I_STOP
மாண்,BEAUTIFUL
எழில்,BEAUTY
வேய்,BAMBOO
வென்ற,VICTORY
தோளாய்,SHOULDER
நீ,YOU
வரின்,IF_COME
தாங்கும்,SUPPORT
மாண்,BEAUTIFUL
நிழல்,SHADE
இல,NOT_HAVE
ஆண்டை,THERE
மரம்,TREE
என,SAY
கூறுவீர்,YOU_SAY
நீள்,LONG
நிழல்,SHADE
தளிர்,TENDER_LEAF
போல்,LIKE
நிறன்,COLOR
ஊழ்த்தல்,FADING
அறிவேன்,I_KNOW
நும்,YOUR
தாள்,FOOT
நிழல்,SHADE
கைவிட்டு,LEAVING
யான்,I
தவிர்தலை,CEASING
சூழ்வலே,WILL_I_PLAN
என,SAY
ஆங்கு,THUS
அணை,BED
அரு,DIFFICULT
வெம்மைய,HEAT
காடு,FOREST
என,SAY
கூறுவீர்,YOU_SAY
கணை,ARROW
கழிகல்லாத,NOT_PASSING
கல்,STONE
பிறங்கு,ELEVATED
ஆர்,DIFFICULT
இடை,PLACE
பணை,DRUM
எருத்து,NECK
எழில்,BEAUTY
ஏற்றின்,BULL
பின்னர்ப்,BEHIND
பிணையும்,FEMALE_DEER
காணிரோ,DO_YOU_SEE
பிரியுமோ,WILL_THEY_SEPARATE
அவையே,THEY
பால்,MILK
மருள்,LIKE
மருப்பின்,TUSK
உரல்,MORTAR
புரை,LIKE
பாவடி,FEET
ஈர்,MOIST
நறும்,FRAGRANT
கமழ,EMIT
கடாஅத்து,TEMPLE
இனம்,HERD
பிரி,SEPARATE
ஒருத்தல்,ONE
ஆறு,WAY
கடி,GUARD
கொள்ளும்,TAKE
வேறு,DIFFERENT
புலம்,FIELD
படர்,SPREAD
பொருள்,WEALTH
வயின்,FOR
பிரிதல்,SEPARATION
வேண்டும்,NEED
என்னும்,SAYING
அருள்,MERCY
இல்,WITHOUT
சொல்லும்,WORD
நீ,YOU
சொல்லினையே,SAID
நன்னர்,GOOD
நறு,FRAGRANT
நுதல்,FOREHEAD
நயந்தனை,LOVING
நீவி,STROKING
நின்னின்,FROM_YOU
பிரியலென்,I_WILL_NOT_SEPARATE
அஞ்சல்,DONT_FEAR
ஓம்பு,PROTECT
என்னும்,SAYING
நன்னர்,GOOD
மொழியும்,WORD
நீ,YOU
மொழிந்தனையே,SPOKE
அவற்றுள்,AMONG_THOSE
யாவோ,WHICH_ONE
வாயின,TRUE
மாஅல்,DARK
மகனே,SON
கிழவர்,ELDERS
இன்னோர்,SUCH_PEOPLE
என்னாது,WITHOUT_SAYING
பொருள்,WEALTH
தான்,ITSELF
பழ,OLD
வினை,DEED
மருங்கின்,SIDE
பெயர்பு,CHANGE
பெயர்பு,CHANGE
உறையும்,RESIDES
அன்ன,SUCH
பொருள்,WEALTH
வயின்,FOR
பிரிவோय्,SEPARATOR
நின்,YOUR
இன்று,WITHOUT
இமைப்பு,BLINKING
வரை,LIMIT
வாழாள்,WONT_LIVE
மடவோள்,SOFT_WOMAN
அமை,CALM
கவின்,BEAUTY
கொண்ட,HAVING
தோள்,SHOULDER
இணை,PAIR
மறந்தே,FORGOT
உண்,DRINK
கடன்,DUTY
வழிமொழிந்து,FOLLOWING
இரக்கும்கால்,WHEN_BEGGING
முகனும்,FACE
தாம்,THEY
கொண்டது,WHAT_IS_TAKEN
கொடுக்கும்கால்,WHEN_GIVING
முகனும்,FACE
வேறு,DIFFERENT
ஆகுதல்,BECOMING
பண்டும்,FORMERLY
இவ்,THIS
உலகத்து,WORLD
இயற்கை,NATURE
அது,THAT
இன்றும்,TODAY
புதுவது,NEW
அன்றே,NOT
புலன்,SENSE
உடை,HAVING
மாந்திர்,PEOPLE
தாய்,MOTHER
உயிர,LIFE
பெய்த,PLACED
பாவை,DOLL
போல,LIKE
நலன்,BEAUTY
உடையார்,HAVING
மொழிக்,WORD
கண்,IN
தாவார்,NOT_DEVIATE
தாம்,THEY
தம்,THEIR
நலம்,BEAUTY
தாது,POLLEN
தேர்,SEEKING
பறவையின்,LIKE_BIRD
அருந்து,EAT
இறல்,DEATH
கொடுக்கும்கால்,WHEN_GIVING
ஏதிலார்,STRANGERS
கூறுவது,SAYING
எவனோ,WHAT
நின்,YOUR
பொருள்,WEALTH
வேட்கை,DESIRE
நறு,FRAGRANT
முல்லie,JASMINE
நேர்,STRAIGHT
முகை,BUD
ஒப்ப,LIKE
நிரைத்த,ARRANGED
செறி,TIGHT
முறை,ORDER
பாராட்டினாய்,PRAISED
மற்று,FURTHER
எம்,OUR
பல்லின்,TEETH
பறி,PIECE
முறை,ORDER
பாராட்டினையோ,DID_YOU_PRAISE
ஐய,FRIEND
நெய்,GHEE
இடை,PLACE
நீவி,STROKING
மணி,BELL
ஒளி,LIGHT
விட்டன்ன,EMITTED_LIKE
ஐவகை,FIVE_TYPES
பாராட்டினாய்,PRAISED
மற்று,FURTHER
எம்,OUR
கூந்தல்,HAIR
செய்,DO
வினை,WORK
பாராட்டினையோ,DID_YOU_PRAISE
ஐய,FRIEND
குளன்,POND
அணி,BEAUTY
தாமரை,LOTUS
பாசு,GREEN
அரும்பு,BUD
ஏய்க்கும்,RESEMBLE
இளமுலை,YOUNG_BREAST
பாராட்டினாய்,PRAISED
மற்று,FURTHER
எம்,OUR
மார்பில்,CHEST
தளர்முலை,SOFT_BREAST
பாராட்டினையோ,DID_YOU_PRAISE
ஐய,FRIEND
என,SAY
ஆங்கு,THUS
அடர்,DENSE
பொன்,GOLD
அவிர்,SHINE
ஏய்க்கும்,RESEMBLE
அவ்,THAT
வரி,LINE
வாட,FADE
சுடர்,BRIGHT
காய,HOT
சுரம்,DESERT
போகும்,GOING
நும்மை,YOU
யாம்,WE
எம்,OUR
கண்,EYE
படர்,SUFFERING
கூற,SAY
நின்றதும்,STOOD
உண்டோ,IS_THERE
தொடர்,CONNECTION
கூரத்,SHARP
துவ்வாமை,NOT_ENJOYING
வந்தக்,COME
கடை,END
இலங்கு,SHINE
ஒளி,LIGHT
மருப்பின்,TUSK
கைம்மா,FEMALE_ELEPHANT
உளம்புநர்,DRIVERS
புலம்,FIELD
கடி,GUARD
கவணையின்,SLING
பூஞ்,FLOWER
சினை,BRANCH
உதிர்க்கும்,SHED
விலங்கு,ANIMAL
மலை,MOUNTAIN
வெம்பிய,SUFFERED
போக்கு,WAY
அரு,DIFFICULT
வெஞ்சுரம்,HOT_DESERT
தனியே,ALONE
இறப்ப,CROSSING
யான்,I
ஒழிந்து,REMAINING
இருத்தல்,BEING
நகுதக்கன்று,LAUGHABLE
இவ்,THIS
அழுங்கல்,DISTURBED
ஊர்க்கே,FOR_VILLAGE
இனி,NOW
யான்,I
உண்ணலும்,EATING
உண்ணேன்,WONT_EAT
வாழலும்,LIVING
வாழேன்,WONT_LIVE
தோள்,SHOULDER
நலம்,BEAUTY
உண்டு,HAVING_EATEN
துறக்கப்பட்டோர்,THOSE_LEFT
வேள்,GOD
நீர்,YOU
உண்ட,DRANK
குடை,UMBRELLA
ஓரன்னர்,LIKE
நல்குநர்,FAVORERS
புரிந்து,LOVING
நலன்,BEAUTY
உணப்பட்டோர்,THOSE_EATEN
அல்குநர்,RESIDENTS
போகிய,GONE
ஊர்,VILLAGE
ஓரன்னர்,LIKE
கூடினர்,UNITED
புரிந்து,LOVING
குணன்,QUALITY
உணப்பட்டோர்,THOSE_EATEN
சூடினர்,THOSE_WHO_WEAR
இட்ட,PLACED
பூ,FLOWER
ஓரன்னர்,LIKE
என,SAY
ஆங்கு,THUS
யானும்,I
நின்,YOUR
அகத்து,INSIDE
அனையேன்,LIKE_THAT
ஆனாது,UNCEASING
கொலை,MURDER
வெம்,FIERCE
கொள்கையொட,PRINCIPLE
நாய்,DOG
அகப்படுப்ப,TRAPPING
வலைவர்க்கு,FOR_HUNTERS
அமர்ந்த,AGREED
மட,SOFT
மான்,DEER
போல்,LIKE
நின்,YOUR
ஆங்கு,THERE
வரூஉம்,COMING
என்,MY
நெஞ்சினை,HEART
என்,MY
ஆங்கு,THERE
வாராது,NOT_COMING
ஓம்பினி,PROTECT
கொண்மே,BRING
நெஞ்சு,HEART
நடுக்குற,TREMBLE
கேட்டும்,HEARING
கடுத்தும்,ANGRY
தாம்,THEY
அஞ்சியது,FEARED
ஆங்கே,THERE
அணங்கு,DEMON
ஆகும்,BECOMES
என்னும்,SAYING
சொல்,WORD
இன்,SWEET
தீம்,SWEET
கிளவியாய्,SPEECH
வாய்,MOUTH
மன்ற,INDEED
நின்,YOUR
கேள்,RELATIVE
புதுவது,NEW
பல்,MANY
நாளும்,DAYS
பாராட்ட,PRAISE
யானும்,I
இது,THIS
ஒன்று,ONE
உடைத்து,HAVING
என,SAY
எண்ணி,THINKING
அது,THAT
தேர,CHOOSE
மாசு,SPOT
இல்,WITHOUT
வண்,GOOD
சேக்கை,BED
மணந்த,EMBRACED
புணர்ச்சியுள்,IN_UNION
பாயல்,SLEEP
கொண்டு,TAKE
என்,MY
தோள்,SHOULDER
கனவுவார்,DREAM
ஆய்,GOOD
கோல்,STAFF
தொடி,BRACELET
நிரை,LINE
முன்கையாள்,FOREARM
கையாறு,HELPLESSNESS
கொள்ளாள்,NOT_TAKE
கடி,GUARDED
மனை,HOUSE
காத்து,PROTECT
ஓம்ப,PROTECT
வல்லுவள்,ABLE
கொல்லோ,PERHAPS
இடு,PLACE
மருப்பு,TUSK
யானை,ELEPHANT
இலங்கு,SHINE
தேர்க்கு,CHARIOT
ஓடும்,RUNS
நெடு,LONG
மலை,MOUNTAIN
வெஞ்சுரம்,HOT_DESERT
போக,GO
என்றார்,SAID
ஆய்,BEAUTIFUL
இழாய்,JEWEL
தாம்,THEY
இடை,WAY
கொண்டது,TOOK
அது,THAT
ஆயின்,IF
தம்,THEIR
இன்றி,WITHOUT
யாம்,WE
உயிர,LIFE
வாழும்,LIVE
மதுகை,INTOXICATION
இலேம்,WE_DONT_HAVE
ஆயின்,IF
தொய்யில்,PAINTING
துறந்தார்,LEFT
அவர்,THEY
என,SAY
தம்,THEIR
வயின்,AT
நொய்யார்,WEAK_ONES
நுவலும்,SPEAK
பழி,BLAME
நிற்ப,STANDING
தம்மொட,WITH_THEM
போயின்று,WENT
சொல்,WORD
என்,MY
உயிர,LIFE
வயக்குறு,STRENGTHENING
மண்டிலம்,DISC
வடமொழி,SANSKRIT
பெயர்,NAME
பெற்ற,OBTAINED
முகத்தவன்,FACED_ONE
மக்களுள்,AMONG_CHILDREN
முதியவன்,ELDER
புணர்ப்பினால்,UNION
ஐவர்,FIVE
என்று,SAY
உலகு,WORLD
ஏத்தும்,PRAISES
அரசர்கள்,KINGS
அகத்தராக,INSIDE
கை,HAND
புனை,ADORN
அரக்கு,LAC
இல்லை,HOUSE
கதழ்,SWIFT
எரி,FIRE
சூழ்ந்தாங்கு,SURROUNDED_LIKE
களி,INTOXICATION
திகழ்,SHINE
கடாஅத்து,TEMPLE
கடும்,FIERCE
களிறு,MALE_ELEPHANT
அகத்தவா,INSIDE_DESIRE
முளி,DRY
கழை,BAMBOO
உயர்,TALL
மலை,MOUNTAIN
முற்றிய,SURROUNDED
முழங்கு,ROAR
அழல்,FIRE
ஒள்,BRIGHT
உரு,FORM
அரக்கு,LAC
இல்லை,HOUSE
வளிமகன்,WIND_GOD
உடைத்து,POSSESSES
தன்,HIS
உள்ளத்துக்,HEART
கிளைகளோட,RELATIVES
உய,ESCAPE
போகுவான்,GOER
போல்,LIKE
எழு,RISE
உறழ்,RESEMBLE
தடக்கையின்,TRUNK
இனம்,HERD
காக்கும்,PROTECTS
எழில்,BEAUTY
வேழம்,ELEPHANT
அழுவம்,FOREST
சூழ்,SURROUND
புகை,SMOKE
அழல்,FIRE
அதர்பட,PATH
மிதித்து,TRAMPLE
தம்,THEIR
குழுவொட,GROUP
புணர்ந்து,UNITE
போம்,GO
குன்று,HILL
அழல்,FIRE
வெஞ்சுரம்,HOT_DESERT
இறத்திரால்,CROSS
ஐய,FRIEND
மற்று,FURTHER
இவள்,SHE
நிலைமை,STATE
கேட்டீமின்,LISTEN
மணக்கும்கால்,WHEN_SMELL
மலர்,FLOWER
அன்ன,LIKE
தகையவாய்,NATURE
சிறிது,LITTLE
நீர்,YOU
தணக்கும்கால்,WHEN_COOL
கலுழ்பு,WEEPING
ஆனாக்,UNCEASING
கண்,EYE
எனவும்,SAYING
உள,THERE_ARE
அன்றோ,AREN_THEY
சிறப்பு,HONOR
செய்து,DO
உழையராப,BEING_NEAR
புகழ்பு,PRAISE
ஏத்தி,PRAISE
மற்று,FURTHER
அவர்,THEY
புறக்கொடையே,GIFT
பழி,BLAME
தூற்றும்,GOSSIP
புல்லியார்,MEAN_PEOPLE
தொடர்பு,CONNECTION
போல்,LIKE
ஈங்கு,HERE
நீர்,YOU
அளிக்கும்கால்,WHEN_FAVOR
இறை,LORD
சிறந்து,EXCELLENT
ஒரு,ONE
நாள்,DAY
நீர்,YOU
நீங்கும்கால்,WHEN_LEAVE
நெகிழ்பு,SLIP
ஓடும்,RUN
வளை,BRACELET
எனவும்,SAYING
உள,THERE_ARE
அன்றோ,AREN_THEY
செல்வத்துள்,IN_WEALTH
சேர்ந்து,JOINED
அவர்,THEY
வளன்,PROSPERITY
உண்டு,HAVING_EATEN
மற்று,FURTHER
அவர்,THEY
ஒல்கு,LEAN
இடத்து,PLACE
உலப்பு,ABSENCE
இலா,WITHOUT
உணர்வு,WISDOM
இலார்,WITHOUT
தொடர்பு,CONNECTION
போல்,LIKE
ஒரு,ONE
நாள்,DAY
நீர்,YOU
அளிக்கும்கால்,WHEN_FAVOR
ஒளி,LIGHT
சிறந்து,EXCELLENT
ஒரு,ONE
நாள்,DAY
நீர்,YOU
பாராட்டாக்கால்,WHEN_NOT_PRAISE
பசக்கும்,TURNS_PALE
நுதல்,FOREHEAD
எனவும்,SAYING
உள,THERE_ARE
அன்றோ,AREN_THEY
பொருந்திய,SUITABLE
கேண்மையின்,FRIENDSHIP
மறை,SECRET
உணர்ந்து,KNOWING
அம்,THAT
மறை,SECRET
பிரிந்தக்கால்,WHEN_SEPARATE
பிறர்க்கு,TO_OTHERS
உரைக்கும்,TELLS
பீடு,PRIDE
இலார்,WITHOUT
தொடர்பு,CONNECTION
போல்,LIKE
என,SAY
ஆங்கு,THUS
யாம்,WE
நின்,YOUR
கூறுவது,SAYING
எவன்,WHAT
உண்டு,THERE_IS
எம்மினும்,THAN_US
நீ,YOU
நற்கு,WELL
அறிந்தனी,YOU_KNOW
நெடுந்தகை,GREAT_ONE
வானம்,SKY
துளி,RAINDROP
மாறு,CHANGE
பொழுதின்,TIME
இவ்,THIS
உலகம்,WORLD
போலும்,LIKE
நின்,YOUR
அளி,MERCY
மாறு,CHANGE
பொழுதின்,TIME
இவ்,THIS
ஆய்,BEAUTIFUL
இழை,JEWEL
கவினே,BEAUTY
ஒரு,ONE
குழை,EARRING
ஒருவன்,ONE_MAN
போல்,LIKE
இணர்,CLUSTER
சேர்ந்த,JOINED
மராஅமும்,MARAVAM_TREE
பருதி,SUN
அம்,BEAUTIFUL
செல்வன்,RICH_MAN
போல்,LIKE
நனை,BLOSSOM
ஊழ்த்த,OPENING
செருந்தியும்,SURUNTI_FLOWER
மீன்,FISH
ஏற்றுக்,HOISTING
கொடியோன்,FLAG_MAN
போல்,LIKE
மிஞிறு,BEE
ஆர்க்கும்,HUMS
காஞ்சியும்,KANCI_TREE
ஏனோன்,OTHER
போல்,LIKE
நிறம்,COLOR
கிளர்பு,RISING
கஞலிய,CONFUSED
ஞாழலும்,NJAZHAL_TREE
ஆன்,COW
ஏற்றுக்,HOISTING
கொடியோன்,FLAG_MAN
போல்,LIKE
எதிரிய,OPPOSITE
இலவமும்,ILAVAM_TREE
ஆங்குத்,THERE
தீது,EVIL
தீர்,REMOVED
சிறப்பின்,GLORY
ஐவர்கள்,FIVE
நிலை,STATE
போல்,LIKE
போது,FLOWER
அவிழ்,BLOOM
மரத்தொட,TREE
பொரு,FIGHT
கரை,BANK
கவின்,BEAUTY
பெற,OBTAIN
நோதக,PAINFUL
வந்தன்றால்,CAME
இளவேனில்,SPRING
மேதக,GREAT
பல்,MANY
வரி,LINE
இன,GROUP
வண்டு,BEE
புதிது,NEWLY
உண்ணும்,EATS
பருவத்துத்,SEASON
தொல்கவின்,ANCIENT_BEAUTY
தொலைந்த,LOST
என்,MY
தட,SOFT
மென்தோள்,SOFT_SHOULDER
உள்ளுவார்,THINK
ஒல்குபு,LEANING
நிழல்,SHADE
சேர்ந்தார்க்கு,FOR_THOSE_WHO_JOIN
உலையாது,WITHOUT_FAILING
காத்து,PROTECT
ஓம்பி,PROTECT
வெல்,VICTORY
புகழ்,FAME
உலகு,WORLD
ஏத்த,PRAISE
விருந்து,GUEST
நாட்டு,COUNTRY
உறைபவர்,RESIDERS
திசை,DIRECTION
திசை,DIRECTION
தேன்,HONEY
ஆர்க்கும்,HUMS
திரு,PROSPERITY
மருதமுன்துறை,MARUTAM_BANK
வசை,BLAME
தீர்ந்த,REMOVED
என்,MY
நலம்,BEAUTY
வாடுவது,FADING
அருளுவார்,MERCIFUL
நசை,DESIRE
கொண்டு,HAVING
தம்,THEIR
நீழல்,SHADE
சேர்ந்தாரை,THOSE_WHO_JOIN
தாங்கி,SUPPORTING
தம்,THEIR
இசை,FAME
பரந்து,SPREAD
உலகு,WORLD
ஏத்த,PRAISE
ஏதில்,WITHOUT_OWNERSHIP
நாட்டு,COUNTRY
உறைபவர்,RESIDERS
அறல்,SAND
சாஅய்,SPREAD
பொழுதோட,TIME
எம்,OUR
அணி,BEAUTIFUL
நுதல்,FOREHEAD
வேறு,DIFFERENT
ஆகித்,BECOMING
திறல்,STRENGTH
சான்ற,HAVING
பெரு,GREAT
வனப்பு,BEAUTY
இழப்பதை,LOSING
அருளுவார்,MERCIFUL
ஊறு,FLOW
அஞ்சி,FEARING
நிழல்,SHADE
சேர்ந்தார்க்கு,FOR_THOSE_WHO_JOIN
உலையாது,WITHOUT_FAILING
காத்து,PROTECT
ஓம்பி,PROTECT
ஆறு,WAY
இன்றி,WITHOUT
பொருள்,WEALTH
வெ·கி,ANGRY
அகன்ற,GONE
நாட்டு,COUNTRY
உறைபவர்,RESIDERS
என,SAY
நீ,YOU
தெருமரல்,CONFUSION
வாழி,LIVE_LONG
தோழி,FRIEND
நம்,OUR
காதலர்,LOVERS
பொரு,FIGHT
முரண்,STRENGTH
யானையர்,ELEPHANT_WARRIORS
போர்,WAR
மலைந்து,WEARING
எழுந்தவர்,ROSE
செரு,BATTLE
மேம்பட்ட,EXCELLED
வென்றியர்,VICTORIOUS
வரும்,WILL_COME
என,SAY
வந்தன்று,CAME
அவர்,THEIR
வாய்மொழித்,TRUTH
தூதே,MESSENGER
ஈதலில்,IN_GIVING
குறை,FAULT
காட்டாது,WITHOUT_SHOWING
அறன்,RIGHTEOUSNESS
அறிந்து,KNOWING
ஒழுகிய,BEHAVED
தீது,EVIL
இலான்,WITHOUT
செல்வம்,WEALTH
போல்,LIKE
தீம்,SWEET
கரை,BANK
மரம்,TREE
நந்த,PROSPER
பேதுறு,CONFUSION
மட,SOFT
மொழிப்,WORD
பிணை,FEMALE_DEER
எழில்,BEAUTY
மான்,DEER
நோக்கின்,LOOK
மாதரார்,WOMEN
முறுவல்,SMILE
போல்,LIKE
மண,FRAGRANCE
மௌவல்,JASMINE
முகை,BUD
ஊழ்ப்ப,OPEN
காதலர்ப்,LOVERS
புணர்ந்தவர்,UNITED_ONES
கதுப்பு,HAIR
போல்,LIKE
கழல்குபு,SLIP
தாதொடும்,POLLEN
தளிரொடும்,TENDER_LEAF
தண்,COOL
அறல்,SAND
தகைபெற,OBTAIN_BEAUTY
பேதையோன்,FOOLISH_MAN
வினை,DEED
வாங்கப்ப,ACCEPT
பீடு,PRIDE
இலா,WITHOUT
அரசன்,KING
நாட்டு,COUNTRY
ஏதிலான்,ENEMY
படை,ARMY
போல்,LIKE
இறுத்தந்தது,STAYED_CAME
இளவேனில்,SPRING
நிலம்,LAND
பூத்த,FLOWERED
மர,TREE
மிசை,UPON
நிமிர்பு,RISE
ஆலும்,RESTS
குயில்,CUCKOO
எள்ள,SCORN
நலம்,BEAUTY
பூத்த,FLOWERED
நிறம்,COLOR
சாய,FADE
நம்மையோ,US
மறந்தைக்க,FORGOT
கலம்,VESSEL
பூத்த,FLOWERED
அணியவர்,ADORNED_ONES
காரிகை,BEAUTY
மகிழ்,JOY
செய்ய,DO
புலம்,FIELD
பூத்து,FLOWERED
புகழ்பு,PRAISE
ஆனாக்,UNCEASING
கூடலும்,UNION
உள்ளார்கொல்,THINK
கல்,STONE
மிசை,UPON
மயில்,PEACOCK
ஆல,RESTS
கறங்கி,SOUNDING
ஊர்,VILLAGE
அலர்,GOSSIP
தூற்ற,SPREAD
தொல்நலம்,ANCIENT_BEAUTY
நனி,MUCH
சாய,FADE
நம்மையோ,US
மறந்தைக்க,FORGOT
ஒன்னாதார்க்,ENEMIES
கடந்து,CROSS
அடூஉம்,KILLS
உரவு,STRONG
நீர்,WATER
மா,ANIMAL
கொன்ற,KILLED
வென்,VICTORY
வேலான்,SPEARMAN
குன்றின்,HILL
மேல்,UPON
விளையாட்டும்,GAME
விரும்பார்கொல்,DO_THEY_DESIRE
மை,DARK
எழில்,BEAUTY
மலர்,FLOWER
உண்கண்,BEAUTIFUL_EYE
மரு,FRAGRANCE
ஊட்டி,FEEDING
மகிழ்,JOY
கொள்ள,TAKE
பொய்யினால்,FALSEHOOD
புரிவுண்ட,AFFECTED
நம்மையோ,US
மறந்தைக்க,FORGOT
தைஇய,WELL_MADE
மகளிர்தம்,WOMEN
ஆயமோட,GANG
அமர்ந்து,JOINED
ஆடும்,DANCE
வையை,VAIYAI_RIVER
வார்,LONG
உயர்,HIGH
எக்கர்,SAND_DUNE
நுகர்ச்சியும்,ENJOYMENT
உள்ளார்கொல்,DO_THEY_THINK
என,SAY
ஆங்கு,THUS
நோய்,SICKNESS
மலி,FILLED
நெஞ்சமோட,HEART
இனையல்,GRIEVE
தோழி,FRIEND
நாம்,WE
இல்லாப்,WITHOUT
புலம்பு,SOLITUDE
ஆயின்,IF
நடுக்கம்,FEAR
செய்,DOING
பொழுது,TIME
ஆயின்,IF
காமவேள்,GOD_OF_LOVE
விழவு,FESTIVAL
ஆயின்,IF
கலங்குவள்,WILL_BE_CONFUSED
பெரிது,GREATLY
என,SAY
ஏமுறு,JOYFUL
கடும்,FAST
திண்,STRONG
தேர்,CHARIOT
கடவ,DRIVE
நாம்,WE
அமர்,LOVE
காதலர்,LOVERS
துணை,COMPANION
தந்தார்,GAVE
விரைந்தே,QUICKLY
பாடல்,SONG
சால்,ABOUNDING
சிறப்பின்,GLORY
சினையவும்,BRANCHES
சுனையவும்,PONDS
நாடினர்,SEEKERS
கொயல்,PICKING
வேண்டா,NOT_NEED
நயந்து,LOVINGLY
தாம்,THEY
கொடுப்ப,GIVE
போல்,LIKE
தோடு,CLUSTER
அவிழ்,BLOOM
கமழ,FRAGRANT
கண்ணி,GARLAND
தையுபு,STRUNG
புனைவார்,ADORNERS
கண்,EYE
தோடு,CLUSTER
உற,TOUCH
தாழ்ந்து,HANGING
துறை,FORD
துறை,FORD
கவின்,BEAUTY
பெற,OBTAIN
செய்யவள்,RED_WOMAN
அணி,BEAUTIFUL
அகலத்து,CHEST
ஆரமொட,NECKLACE
அணி,BEAUTY
கொள்பு,TAKING
தொய்யகம்,PAINTING
தாழ்ந்த,HANGING
கதுப்புப்,HAIR
போல்,LIKE
துவர்,REDDISH
மணல்,SAND
வையை,VAIYAI_RIVER
வார்,LONG
அவிர்,SHINING
அறல்,SAND
இடை,PLACE
போழும்,PIERCES
பொழுதினான்,TIME
விரிந்து,SPREAD
ஆனா,UNCEASING
மலர்,FLOWER
ஆயின்,IF
விளித்து,CALLING
ஆலும்,RESTING
குயில்,CUCKOO
ஆயின்,IF
பிரிந்து,SEPARATED
உள்ளார்,THINKERS
அவர்,THEY
ஆயின்,IF
பேதுறூஉம்,CONFUSES
பொழுது,TIME
ஆயின்,IF
அரும்,DIFFICULT
படர்,SUFFERING
அவல,SORROW
நோய்,SICKNESS
ஆற்றுவள்,WILL_ENDURE
என்னாது,WITHOUT_SAYING
வருந்த,SUFFER
நோய்,SICKNESS
மிகும்,INCREASE
ஆயின்,IF
வணங்கு,BOWED
இறை,LORD
அளி,MERCY
என்னோ,WHAT
புதலவை,BUSHES
மலர்,FLOWER
ஆயின்,IF
பொங்கர்,HILLS
இன,GROUP
வண்டு,BEE
ஆயின்,IF
அயலதை,OTHERS
அலர்,GOSSIP
ஆயின்,IF
அகன்று,GONE
உள்ளார்,THINKERS
அவர்,THEY
ஆயின்,IF
மதலை,CHILDREN
இல்,WITHOUT
நெஞ்சொட,HEART
மதன்,WISDOM
இலள்,WITHOUT
என்னாது,WITHOUT_SAYING
நுதல்,FOREHEAD
ஊரும்,SPREADS
பசப்பு,PALLOR
ஆயின்,IF
நுணங்கு,SLENDER
இறை,LORD
அளி,MERCY
என்னோ,WHAT
தோயின,TOUCHED
அறல்,SAND
ஆயின்,IF
சுரும்பு,BEE
ஆர்க்கும்,HUMS
சினை,BRANCH
ஆயின்,IF
மாவின,ANIMAL
தளிர்,TENDER_LEAF
ஆயின்,IF
மறந்து,FORGET
உள்ளார்,THINKERS
அவர்,THEY
ஆயின்,IF
பூ,FLOWER
எழில்,BEAUTY
இழந்த,LOST
கண்,EYE
புலம்பு,SOLITUDE
கொண்டு,HAVING
அமையாது,WITHOUT_BEING_CONTENT
பாயல்,SLEEP
நோய்,SICKNESS
மிகும்,INCREASES
ஆயின்,IF
பைந்,GREEN
தொடி,BRACELET
அளி,MERCY
என்னோ,WHAT
என,SAY
ஆங்கு,THUS
ஆய்,BEAUTIFUL
இழாய்,JEWEL
ஆங்கனம்,THUS
உரையாதி,DONT_SPEAK
சேயார்க்கு,TO_DISTANT_ONES
நாம்,WE
தூது,MESSAGE
மொழிந்தனம்,SPOKE
விடல்,SENDING
வேண்டா,NOT_NEED
நம்மினும்,THAN_US
தாம்,THEY
பிரிந்து,SEPARATING
உறைதல்,LIVING
ஆற்றலர்,NOT_ABLE
பரிந்து,LOVINGLY
எவன்,WHAT
செய்தி,WILL_DO
வருகுவர்,WILL_COME
விரைந்தே,QUICKLY
தொல்,ANCIENT
எழில்,BEAUTY
வரைத்து,LIMIT
அன்றி,NOT
வயவு,STRONG
நோய்,SICKNESS
நலிதலின்,CAUSING_SUFFERING
அல்லாந்தார்,SUFFERERS
அலவுற,CONFUSED
ஈன்றவள்,WOMAN_WHO_GAVE_BIRTH
கிடக்கை,LYING
போல்,LIKE
பல்,MANY
பயம்,FRUIT
உதவிய,BESTOWED
பசுமை,GREENNESS
தீர்,REMOVED
அகல்,BROAD
ஞாலம்,EARTH
புல்லிய,ATTACHED
புனிறு,NEW_BIRTH
ஒரீஇ,LEAVING
புது,NEW
நலம்,BEAUTY
ஏர்தர,ATTRACTING
வளையவர்,POTTERS
வண்டல்,CLAY
போல்,LIKE
வார்,LONG
மணல்,SAND
வடுக்,SCAR
கொள,TAKING
இளையவர்,YOUNG_ONES
ஐம்பால்,FIVE_HAIR
போல்,LIKE
எக்கர்,SAND_DUNE
போழ்ந்து,PIERCING
அறல்,SAND
வார,COME
மா,ANIMAL
ஈன்ற,GAVE_BIRTH
தளிர்,TENDER_LEAF
மிசை,UPON
மாயவள்,MYSTERIOUS_WOMAN
திதலை,FRECKLES
போல்,LIKE
ஆய்,BEAUTIFUL
இதழ்ப்,PETAL
பல்,MANY
மலர்,FLOWER
ஐய,DOUBT
கொங்கு,FRAGRANCE
உறைத்தர,SCATTER
மேதக,GREAT
இளவேனில்,SPRING
இறுத்தந்த,STAYED_CAME
பொழுதின்,TIME
கண்,IN
சேயார்,DISTANT_ONES
கண்,EYE
சென்ற,WENT
என்,MY
நெஞ்சினை,HEART
சின்,SMALL
மொழி,WORD
நீ,YOU
கூறும்,SAY
வரைத்து,LIMIT
அன்றி,NOT
நிறுப்பென்மன்,WILL_I_STOP
நிறை,FULLNESS
நீவி,REMOVING
வாய்,MOUTH
விரிபு,SPREADING
பனி,DEW
ஏற்ற,RECEIVING
விரவுப்,MIXED
பல்,MANY
மலர்,FLOWER
தீண்டி,TOUCHING
நோய்,SICKNESS
சேர்ந்த,JOINED
வைகலான்,DAY
வாடை,COLD_WIND
வந்து,COME
அலைத்தரூஉம்,TROUBLES
போழ்து,TIME
உள்ளார்,THINKERS
துறந்தார்,LEFT_ONES
கண்,EYE
புரி,TWIST
வாடும்,FADES
கொள்கையை,PRINCIPLE
சூழ்பு,CONSIDERING
ஆங்கே,THERE
சுடர்,BRIGHT
இழாய்,JEWEL
கரப்பென்மன்,WILL_I_HIDE
கை,HAND
நீவி,REMOVING
வீழ்,FALLING
கதிர,RAY
விடுத்த,EMITTED
பூ,FLOWER
விருந்து,FEAST
உண்ணும்,EATS
இரும்,DARK
தும்பி,BEE
யாழ்,LUTE
கொண்ட,HAVING
இமிழ்,SOUND
இசை,MUSIC
இயல்,NATURE
மாலை,EVENING
அலைத்தரூஉம்,TROUBLES
தொடி,BRACELET
நிலை,STATE
நெகிழ்த்தார்கண்,FOR_THOSE_WHO_LOOSEN
தோயும்,TOUCHES
என்,MY
ஆர்,DEAR
உயிர,LIFE
வடு,SCAR
நீங்கு,REMOVED
கிளவியாய்,WORD
வலிப்பென்மன்,WILL_I_CALL
வலிப்பவும்,CALLING
நெடு,LONG
நிலாத்,MOONLIGHT
திறந்து,OPENING
உண்ண,EATING
நிரை,LINE
இதழ்,PETAL
வாய்விட்ட,OPENED
கடி,FRAGRANT
மலர்,FLOWER
கமழ்,FRAGRANT
நாற்றம்,SMELL
கங்குல்,NIGHT
வந்து,COME
அலைத்தரூஉம்,TROUBLES
என,SAY
ஆங்கு,THUS
வருந்தினை,SUFFERED
வதிந்த,REMAINED
நின்,YOUR
வளை,BRACELET
நீங்க,LEAVE
சேய்,DISTANT
நாட்டுப்,COUNTRY
பிரிந்து,SEPARATING
செய்,DO
பொருள்,WEALTH
பிணி,TIE
பின்,AFTER
நோக்காது,WITHOUT_LOOKING
ஏகி,GOING
நம்,OUR
அரும்,DIFFICULT
துயர்,SORROW
களைஞர்,REMOVERS
வந்தனர்,CAME
திருந்து,STRAIGHT
எயிறு,TOOTH
இலங்கு,SHINE
நின்,YOUR
தேமொழி,HONEY_WORD
படர்ந்தே,SPREAD
அரும்,DIFFICULT
தவம்,PENANCE
ஆற்றியார்,PERFORMED
நுகர்ச்சி,ENJOYMENT
போல்,LIKE
அணி,BEAUTY
கொள,TAKING
விரிந்து,SPREAD
ஆனாச்,UNCEASING
சினை,BRANCH
தொறூஉம்,EVERY
வேண்டும்,DESIRED
தாது,POLLEN
அமர்ந்து,JOINED
ஆடி,DANCING
புரிந்து,LOVING
ஆர்க்கும்,HUMS
வண்டொட,BEE
புலம்பு,SOLITUDE
தீர்ந்து,REMOVED
எவ்வாயும்,EVERYWHERE
இரும்,DARK
தும்பி,BEE
இறைகொள,TAKING_SHELTER
எதிரிய,OPPOSITE
வேனிலான்,SPRING
துயில்,SLEEP
இன்றி,WITHOUT
யாம்,WE
நீந்த,SWIM
தொழுவை,STABLE
அம்,BEAUTIFUL
புனல்,WATER
ஆடி,BATHING
மயில்,PEACOCK
இயலார்,WALKERS
மரு,FRAGRANCE
உண்டு,HAVING_EATEN
மறந்து,FORGETTING
அமைகுவான்,WILL_BE_CONTENT
மன்னோ,PERHAPS
வெயில்,SUNLIGHT
ஒளி,LIGHT
அறியாத,NOT_KNOWING
விரி,SPREAD
மலர்த்,FLOWER
தண்,COOL
காவில்,GROVE
குயில்,CUCKOO
ஆலும்,REST
பொழுது,TIME
என,SAY
கூறுநர்,SPEAKERS
உளர்,THERE_ARE
ஆயின்,IF
பானாள்,MIDNIGHT
யாம்,WE
படர்,SUFFERING
கூர,SHARP
பணை,DRUM
எழில்,BEAUTY
அணை,BED
மென்தோள்,SOFT_SHOULDER
மான்,DEER
நோக்கினவரொட,LOOK
மறந்து,FORGETTING
அமைகுவான்,WILL_BE_CONTENT
மன்னோ,PERHAPS
ஆனாச்,UNCEASING
சீர்,FAME
கூடலுள்,IN_UNION
அரும்பு,BUD
அவிழ்,BLOOM
நறு,FRAGRANT
முல்லை,JASMINE
தேன்,HONEY
ஆர்க்கும்,HUMS
பொழுது,TIME
என,SAY
தெளிக்குநர்,CLARIFIERS
உளர்,THERE_ARE
ஆயின்,IF
உறலி,LOVER
யாம்,WE
ஒளி,LIGHT
வாட,FADE
உயர்ந்தவன்,EXALTED_ONE
விழவினுள்,FESTIVAL
விறல்,VALOR
இழையவரொட,JEWELED_ONES
விளையாடுவான்,WILL_PLAY
மன்னோ,PERHAPS
பெறல்,OBTAINING
அரும்,DIFFICULT
பொழுதோட,TIME
பிறங்கு,SHINING
இணர்த்,CLUSTER
துருத்தி,ISLAND
சூழ்ந்து,SURROUNDING
அறல்,SAND
வாரும்,COMES
வையை,VAIYAI_RIVER
என்று,SAY
அறையுநர்,SPEAKERS
உளர்,THERE_ARE
ஆயின்,IF
என,SAY
ஆங்கு,THUS
தணியா,UNCEASING
நோய்,SICKNESS
உழந்து,SUFFERING
ஆனாத்,UNCEASING
தகையவள்,NATURE
தகைபெற,OBTAIN_BEAUTY
அணி,BEAUTY
கிளர்,RISING
நெடும்,LONG
திண்,STRONG
தேர்,CHARIOT
அயர்மதி,BE_TIRED
பணிபு,HUMBLY
நின்,YOUR
காமர்,LOVELY
கழல்,ANKLET
அடி,FOOT
சேரா,NOT_REACHING
நாமம்,FAME
சால்,ABOUNDING
தெவ்வரின்,ENEMIES
நடுங்கினள்,TREMBLED
பெரிதே,GREATLY
கடும்,FAST
புனல்,WATER
கால்,WIND
பட்டு,BEING_STRUCK
கலுழ்,WEEP
தேறி,CLEARING
கவின்,BEAUTY
பெற,OBTAIN
நெடும்,LONG
கயத்து,POND
அயல்,SIDE
அயல்,SIDE
அயிர்,SAND_RIPPLES
தோன்ற,APPEAR
அம்மணல்,THAT_SAND
வடுத்து,SCAR
ஊர,SPREAD
வரிப்ப,STRIPES
போல்,LIKE
ஈங்கை,THORN_TREE
வாடு,FADE
உதிர்பு,SHED
உக,FALL
பிரிந்தவர்,SEPARATED_ONES
நுதல்,FOREHEAD
போல,LIKE
பீர்,FLOWER
வீய,FALL
காதலர்ப்,LOVERS
புணர்ந்தவர்,UNITED_ONES
முகம்,FACE
போல,LIKE
பொய்கை,POND
பூ,FLOWER
புதிது,NEWLY
ஈன,GIVE_BIRTH
மெய்,BODY
கூர்ந்த,SHARP
பனியொட,DEW
மேல்,ABOVE
நின்ற,STANDING
வாடையால்,COLD_WIND
கையாறு,HELPLESSNESS
கடைக்கூட்ட,BRING
கலக்குறூஉம்,CONFUSES
பொழுதுமன்,TIME
பொய்யேம்,WE_ARE_NOT_FALSE
என்று,SAY
ஆய்,BEAUTIFUL
இழாய்,JEWEL
புணர்ந்தவர்,UNITED_ONES
உரைத்ததை,SAID
மயங்கு,CONFUSED
அமர்,WAR
மாறு,OPPOSITE
அட்டு,KILLING
மண்,EARTH
வௌவி,SEIZING
வருபவர்,COMERS
தயங்கிய,SHINING
களிற்றின்,ELEPHANT
மேல்,UPON
தகை,BEAUTY
காண,TO_SEE
விடுவதோ,WILL_THEY_LEAVE
பயம்,FRUIT
கெழு,ABOUNDING
பல்,MANY
கதிர,RAY
பால்,MILK
போலும்,LIKE
பொழுதொட,TIME
வயங்கு,SHINE
இழை,JEWEL
தண்ணென,COOL
வந்த,COME
இவ்,THIS
அசை,GENTLE
வாடை,COLD_WIND
தாள்,LEG
வலம்பட,VICTORIOUSLY
வென்று,VICTORY
தகை,BEAUTY
நல்,GOOD
மா,ANIMAL
மேல்,UPON
கொண்டு,TAKING
வாள்,SWORD
வென்று,VICTORY
வருபவர்,COMERS
வனப்பு,BEAUTY
ஆர,FULL
விடுவதோ,WILL_THEY_LEAVE
நீள்,LONG
கழை,BAMBOO
நிவந்த,RAISED
பூ,FLOWER
நிறம்,COLOR
வாட,FADE
தூற்று,SCATTER
தோள்,SHOULDER
அதிர்பு,SOUNDING
அகம்,CHEST
சேர,REACH
துவற்றும்,SPRINKLES
இச்,THIS
சில்,SMALL
மழை,RAIN
பகை,ENEMY
வென்று,VICTORY
திறை,TRIBUTE
கொண்ட,TAKEN
பாய்,SPRINGING
திண்தேர்,STRONG_CHARIOT
மிசையவர்,THOSE_UPON
வகை,METHOD
கொண்ட,TAKEN
செம்மல்,CHIEF
நாம்,WE
வனப்பு,BEAUTY
ஆர,FULL
விடுவதோ,WILL_THEY_LEAVE
புகை,SMOKE
என,LIKE
புதல்,BUSH
சூழ்ந்து,SURROUNDING
பூ,FLOWER
அம்,BEAUTIFUL
கள்,LIQUOR
பொதி,PACK
செய்யா,DOING
முகை,BUD
வெண்,WHITE
பல்,MANY
நுதி,POINT
பொர,FIGHT
முற்றிய,COMPLETED
கடும்,SEVERE
பனி,DEW
என,SAY
ஆங்கு,THUS
வாளாதி,BRIGHT_ONE
வயங்கு,SHINE
இழாய்,JEWEL
வருந்துவள்,WILL_SUFFER
இவள்,SHE
என,SAY
நாள்,DAY
வரை,LIMIT
நிறுத்து,STOPPING
தாம்,THEY
சொல்லிய,SAID
பொய்,LIE
அன்றி,NOT
மீளி,STRONG
வேல்,SPEAR
தானையர்,ARMY
புகுதந்தார்,ENTERED
நீள்,LONG
உயர்,HIGH
கூடல்,UNION
நெடு,LONG
கொடி,FLAG
எழவே,RISING
எ·கு,WEAPON
இடை,PLACE
தொட்ட,TOUCHED
கார்,RAIN
கவின்,BEAUTY
பெற்ற,OBTAINED
ஐம்பால்,FIVE_HAIR
போல்,LIKE
மை,DARK
அற,WITHOUT
விளங்கிய,SHINED
துவர்,REDDISH
மணல்,SAND
அது,THAT
அது,THAT
ஐது,BEAUTIFUL
ஆக,AS
நெறித்தன்ன,TWISTED_LIKE
அறல்,SAND
அவிர்,SHINE
நீள்,LONG
ஐம்பால்,FIVE_HAIR
அணி,BEAUTY
நகை,SMILE
இடையிட்ட,PLACED_IN_BETWEEN
ஈகை,GIVING
அம்,BEAUTIFUL
கண்ணி,GARLAND
போல்,LIKE
பிணி,TIE
நெகிழ்,LOOSE
அலர்,FLOWER
வேங்கை,FLAME_TREE
விரிந்த,SPREAD
பூ,FLOWER
வெறி,FRAGRANCE
கொள,TAKING
துணி,CLEAR
நீரால்,WATER
தூ,PURE
மதி,MOON
நாளால்,DAY
அணிபெற,OBTAIN_BEAUTY
ஈன்றவள்,WOMAN_WHO_GAVE_BIRTH
திதலை,FRECKLES
போல்,LIKE
ஈர்,MOIST
பெய்யும்,FALLS
தளிரொடும்,TENDER_LEAF
ஆன்றவர்,ACCOMPLISHED_ONES
அடக்கம்,HUMILITY
போல்,LIKE
அலர்ச்,GOSSIP
செல்லாச்,NOT_GOING
சினையொடும்,BRANCHES
வல்லவர்,SKILLED_ONES
யாழ்,LUTE
போல்,LIKE
வண்டு,BEE
ஆர்க்கும்,HUMS
புதலொடும்,BUSHES
நல்லவர்,GOOD_ONES
நுடக்கம்,SUBTLETY
போல்,LIKE
நயம்,GOODNESS
வந்த,COME
கொம்பொடும்,BRANCHES
உணர்ந்தவர்,WISE_ONES
ஈகை,GIVING
போல்,LIKE
இணர்,CLUSTER
ஊழ்த்த,OPENING
மரத்தொடும்,TREES
புணர்ந்தவர்,UNITED_ONES
முயக்கம்,EMBRACE
போல்,LIKE
புரிவுற்ற,ATTACHED
கொடியொடும்,CREEPERS
நயந்தார்க்கோ,FOR_THOSE_WHO_LOVE
நல்லைமன்,GOOD
இளவேனில்,SPRING
எம்,WE
போல,LIKE
பசந்தவர்,THOSE_WITH_PALLOR
பைதல்,SORROW
நோய்,SICKNESS
பகை,ENEMY
என,LIKE
தணித்து,COOLING
நம்,OUR
இன்,SWEET
உயிர,LIFE
செய்யும்,DOES
மருந்து,MEDICINE
ஆக,AS
பின்னிய,ENTWINED
காதலர்,LOVERS
எயிறு,TOOTH
ஏய்க்கும்,RESEMBLES
தண்,COOL
அருவி,WATERFALL
நறு,FRAGRANT
முல்லை,JASMINE
போது,FLOWER
ஆர,FULL
கொள்ளும்,TAKES
கமழ்,FRAGRANT
குரற்கு,VOICE
என்னும்,SAYS
தூது,MESSENGER
வந்தன்றே,CAME
தோழி,FRIEND
துயர்,SORROW
அறு,REMOVED
கிளவியோட,WORD
அயர்ந்தீகம்,WE_WILL_CELEBRATE
விருந்தே,FEAST
வீறு,GLORY
சால்,ABOUNDING
ஞாலத்து,EARTH
வியல்,BROAD
அணி,BEAUTY
காணிய,TO_SEE
யாறு,RIVER
கண்,EYE
விழித்த,OPENED
போல்,LIKE
கயம்,POND
நந்தி,PROSPERING
கவின்,BEAUTY
பெற,OBTAIN
மணி,BELL
புரை,LIKE
வயங்கலுள்,IN_BRIGHTNESS
துப்பு,STRENGTH
எறிந்தவை,THROWN
போல,LIKE
பிணி,TIE
விடு,RELEASE
முருக்கு,FLOWER
இதழ்,PETAL
அணி,BEAUTY
கயத்து,POND
உதிர்ந்து,FALLEN
உக,FALL
துணி,CLEAR
கய,POND
நிழல்,SHADE
நோக்கி,LOOKING
துதைபு,CLINGING
உடன்,TOGETHER
வண்டு,BEE
ஆர்ப்ப,SOUNDING
மணி,BELL
போல,LIKE
அரும்பு,BUD
ஊழ்த்த,OPENING
மரம்,TREE
எல்லாம்,ALL
மலர்,FLOWER
வேய,COVER
காதலர்ப்,LOVERS
புணர்ந்தவர்,UNITED_ONES
கவவு,EMBRACE
கை,HAND
நெகிழாது,WITHOUT_LOOSENING
தாது,POLLEN
அவிழ்,BLOOM
வேனிலோ,SPRING
வந்தன்று,CAME
வாரார்,DONT_COME
நம்,OUR
போது,FLOWER
எழில்,BEAUTY
உண்கண்,BEAUTIFUL_EYE
புலம்ப,SOLITUDE
நீத்தவர்,THOSE_WHO_LEFT
எரி,FIRE
உரு,FORM
உறழ,RESEMBLE
இலவம்,ILAVAM_TREE
மலர,FLOWER
பொரி,SPLIT
உரு,FORM
உறழ,RESEMBLE
புன்கு,PUNGU_TREE
பூ,FLOWER
உதிர,FALL
புது,NEW
மலர்க்,FLOWER
கோங்கம்,KONGAM_TREE
பொன்,GOLD
என,LIKE
தாது,POLLEN
ஊழ்ப்ப,OPEN
தமியார்ப்,LONELY_ONES
புறத்து,OUTSIDE
எறிந்து,THROWING
எள்ளி,SCORNING
முனிய,ANGER
வந்து,COME
ஆர்ப்பது,SOUNDING
போலும்,LIKE
பொழுது,TIME
என்,MY
அணி,BEAUTY
நலம்,BEAUTY
போர்ப்பது,FIGHTING
போலும்,LIKE
பசப்பு,PALLOR
நொந்து,SUFFERING
நகுவன,LAUGHING
போல்,LIKE
நந்தின,PROSPERED
கொம்பு,BRANCH
நைந்து,SUFFERING
உள்ளி,THINKING
உகுவது,FALLING
போலும்,LIKE
என்,MY
நெஞ்சு,HEART
எள்ளித்,SCORNING
தொகுபு,GATHERING
உடன்,TOGETHER
ஆடுவ,PLAY
போலும்,LIKE
மயில்,PEACOCK
கையில்,HAND
உகுவன,FALLING
போலும்,LIKE
வளை,BRACELET
என்,MY
கண்,EYE
போல்,LIKE
இகுபு,FALLING
அறல்,SAND
வாரும்,COMES
பருவத்தும்,SEASON
வாரார்,DONT_COME
மிகுவது,INCREASING
போலும்,LIKE
இந்,THIS
நோய்,SICKNESS
நரம்பின்,STRING
தீம்,SWEET
குரல்,VOICE
நிறுக்கும்,STOPS
குழல்,FLUTE
போல்,LIKE
இரங்கு,RESOUNDING
இசை,MUSIC
மிஞிறொட,BEE
தும்பி,BEE
தாது,POLLEN
ஊத,BLOW
தூது,MESSAGE
அவர்,THEY
விடுதரார்,NOT_SEND
துறப்பார்கொல்,WILL_THEY_LEAVE
நோதக,PAINFULLY
இரும்,DARK
குயில்,CUCKOO
ஆலும்,REST
அரோ,PERHAPS
என,SAY
ஆங்கு,THUS
புரிந்து,LOVING
நீ,YOU
எள்ளும்,SCORN
குயிலையும்,CUCKOO
அவரையும்,THEM
புலவாதி,DONT_HATE
நீல்,BLUE
இதழ்,PETAL
உண்கண்,BEAUTIFUL_EYE
நெறி,STRAIGHT
கூந்தல்,HAIR
பிணி,TIE
விட,RELEASE
நாள்,DAY
வரை,LIMIT
நிறுத்து,STOPPING
தாம்,THEY
சொல்லிய,SAID
பொய்,LIE
அன்ற,NOT
மாலை,EVENING
தாழ்,LOW
வியன்,BROAD
மார்பர்,CHEST
துனைதந்தார்,HASTENED_CAME
கால்,WIND
உறழ்,RESEMBLE
கடு,FAST
திண்தேர்,STRONG_CHARIOT
கடவினர்,DRIVING
விரைந்தே,QUICKLY
மன்,SURELY
உயிர,LIFE
ஏமுற,REJOICE
மலர்,FLOWER
ஞாலம்,EARTH
புரவு,PROTECTION
ஈன்று,GIVING_BIRTH
பல்,MANY
நீரால்,WATER
பாய்,FLOWING
புனல்,WATER
பரந்து,SPREAD
ஊட்டி,FEEDING
இறந்த,PASSED
பின்,AFTER
சில்,FEW
நீரால்,WATER
அறல்,SAND
வார,COME
அகல்,BROAD
யாறு,RIVER
கவின்,BEAUTY
பெற,OBTAIN
முன்,FRONT
ஒன்று,ONE
தமக்கு,FOR_THEMSELVES
ஆற்றி,PERFORMING
முயன்றவர்,THOSE_WHO_STRIVED
இறுதிக்,END
கண்,AT
பின்,AFTER
ஒன்று,ONE
பெயர்த்து,AGAIN
ஆற்றும்,PERFORMS
பீடு,PRIDE
உடையாளர்,HAVING
போல்,LIKE
பல்,MANY
மலர்,FLOWER
சினை,BRANCH
உக,FALL
சுரும்பு,BEE
இமிர்ந்து,HUMMING
வண்டு,BEE
ஆர்ப்ப,SOUNDING
இன்,SWEET
அமர்,LOVE
இளவேனில்,SPRING
இறுத்தந்த,STAYED_CAME
பொழுதினான்,TIME
விரி,SPREAD
காஞ்சித்,KANCI_TREE
தாது,POLLEN
ஆடி,BATHING
இரும்,DARK
குயில்,CUCKOO
விளிப்பவும்,CALLING
பிரிவு,SEPARATION
அஞ்சாதவர்,FEARLESS_ONES
தீமை,EVIL
மறைப்பென்மன்,WILL_I_HIDE
மறைப்பவும்,HIDING
கரி,WITNESS
பொய்த்தான்,FALSE_ONE
கீழ்,UNDER
இருந்த,SAT
மரம்,TREE
போல,LIKE
கவின்,BEAUTY
வாடி,FADING
எரி,FIRE
பொத்தி,COVERING
என்,MY
நெஞ்சம்,HEART
சுடும்,BURNS
ஆயின்,IF
எவன்,WHAT
செய்கோ,SHALL_I_DO
பொறை,BURDEN
தளர்,STAGGER
கொம்பின்,BRANCH
மேல்,UPON
சிதர்,FLOCK
இனம்,GROUP
இறைகொள,TAKING_SHELTER
நிறை,FULLNESS
தளராதவர்,NOT_STAGGERING_ONES
தீமை,EVIL
மறைப்பென்மன்,WILL_I_HIDE
மறைப்பவும்,HIDING
முறை,JUSTICE
தளர்ந்த,STAGGERED
மன்னவன்,KING
கீழ்,UNDER
குடி,FAMILY
போல,LIKE
கலங்குபு,CONFUSED
பொறை,BURDEN
தளர்பு,STAGGERING
பனி,TEARS
வாரும்,COMES
கண்,EYE
ஆயின்,IF
எவன்,WHAT
செய்கோ,SHALL_I_DO
தளை,FETTER
அவிழ்,LOOSEN
பூஞ்,FLOWER
சினை,BRANCH
சுரும்பு,BEE
யாழ்,LUTE
போல்,LIKE
இசைப்பவும்,SOUNDING
கொளை,METER
தளராதவர்,NOT_STAGGERING_ONES
தீமை,EVIL
மறைப்பென்மன்,WILL_I_HIDE
மறைப்பவும்,HIDING
கிளை,RELATIVES
அழிய,PERISH
வாழ்பவன்,LIVING_ONE
ஆக்கம்போல்,PROSPERITY
புல்,GRASS
என்று,SAYING
வளை,BRACELET
ஆனா,UNCEASING
நெகிழ்பு,LOOSENING
ஓடும்,RUNS
தோள்,SHOULDER
ஆயின்,IF
எவன்,WHAT
செய்கோ,SHALL_I_DO
என,SAY
ஆங்கு,THUS
நின்,YOUR
உள்,INSIDE
நோய்,SICKNESS
நீ,YOU
உரைத்து,SPEAKING
அலமரல்,BEING_CONFUSED
எல்லா,FRIEND
நாம்,WE
எண்ணிய,THOUGHT
நாள்,DAY
வரை,LIMIT
இறவாது,WITHOUT_DYING
காதலர்,LOVERS
பண்ணிய,COMPOSED
மாவினர்,ANIMAL_RIDERS
புகுதந்தார்,ENTERED
கண்,EYE
உறு,HAPPENING
பூசல்,NOISE
கை,HAND
களைந்தாங்கே,REMOVED_LIKE
மடி,LAZINESS
இலான்,WITHOUT
செல்வம்,WEALTH
போல்,LIKE
மரன்,TREE
நந்த,PROSPER
அச்,THAT
செல்வம்,WEALTH
படி,EARTH
உண்பார்,EATERS
நுகர்ச்சி,ENJOYMENT
போல்,LIKE
பல்,MANY
சினை,BRANCH
மிஞிறு,BEE
ஆர்ப்ப,SOUNDING
மாயவள்,MYSTERIOUS_WOMAN
மேனி,BODY
போல்,LIKE
தளிர்,TENDER_LEAF
ஈன,GIVE_BIRTH
அம்,THAT
மேனித்,BODY
தாய,RESEMBLING
சுணங்கு,FRECKLES
போல்,LIKE
தளிர்,TENDER_LEAF
மிசை,UPON
தாது,POLLEN
உக,FALL
மலர்,FLOWER
தாய,RESEMBLING
பொழில்,GROVE
நண்ணி,APPROACHING
மணி,BELL
நீர,WATER
கயம்,POND
நிற்ப,STAND
அலர்,FLOWER
தாய,RESEMBLING
துறை,FORD
நண்ணி,APPROACHING
அயிர்,SAND_RIPPLES
வரித்து,STRIPING
அறல்,SAND
வார,COME
நனி,MUCH
எள்ளும்,SCORN
குயில்,CUCKOO
நோக்கி,LOOKING
இனைபு,GRIEVING
உகு,FALLING
நெஞ்சத்தால்,HEART
துறந்து,LEFT
உள்ளார்,THINKERS
அவர்,THEY
என,SAY
துனி,ANGER
கொள்ளல்,TAKE
எல்லா,FRIEND
நீ,YOU
வண்ண,COLORED
வண்டு,BEE
இமிர்ந்து,HUMMING
ஆனா,UNCEASING
வையை,VAIYAI_RIVER
வார்,LONG
உயர்,HIGH
எக்கர்த்,SAND_DUNE
தண்,COOL
அருவி,WATERFALL
நறு,FRAGRANT
முல்லை,JASMINE
தாது,POLLEN
உண்ணும்,EATS
பொழுது,TIME
அன்றோ,IS_IT_NOT
கண்,EYE
நிலா,MOONLIGHT
நீர்,WATER
மல்க,FILL
கவவி,EMBRACING
நாம்,WE
விடுத்தக்கால்,WHEN_SENT
ஒள்,BRIGHT
நுதால்,FOREHEAD
நமக்கு,FOR_US
அவர்,THEY
வருதும்,WILL_COME
என்று,SAY
உரைத்ததை,SAID
மல்கிய,FILLED
துருத்தியுள்,ISLAND
மகிழ்,JOY
துணை,COMPANION
புணர்ந்து,UNITING
அவர்,THEY
வில்லவன்,BOWMAN
விழவினுள்,FESTIVAL
விளையாடும்,PLAYS
பொழுது,TIME
அன்றோ,IS_IT_NOT
வலன்,RIGHT
ஆக,BE
வினை,DEED
என்று,SAY
வணங்கி,BOWING
நாம்,WE
விடுத்தக்கால்,WHEN_SENT
ஒளி,BRIGHT
இழாய்,JEWEL
நமக்கு,FOR_US
அவர்,THEY
வருதும்,WILL_COME
என்று,SAY
உரைத்ததை,SAID
நிலன்,LAND
நாவில்,TONGUE
திரிதரூஉம்,WANDERING
நீள்,LONG
மாட,STORIED
கூடலார்,UNITED_ONES
புலன்,SENSE
நாவில்,TONGUE
பிறந்த,BORN
சொல்,WORD
புதிது,NEWLY
உண்ணும்,EATS
பொழுது,TIME
அன்றோ,IS_IT_NOT
பல,MANY
நாடு,DAYS
நெஞ்சினேம்,HEART
பரிந்து,LOVINGLY
நாம்,WE
விடுத்தக்கால்,WHEN_SENT
சுடர்,BRIGHT
இழாய்,JEWEL
நமக்கு,FOR_US
அவர்,THEY
வருதும்,WILL_COME
என்று,SAY
உரைத்ததை,SAID
என,SAY
ஆங்கு,THUS
உள்ளுதொறு,AS_WE_THINK
உடையும்,BREAKS
நின்,YOUR
உயவு,SUFFERING
நோய்க்கு,SICKNESS
உயிர்ப்பு,BREATH
ஆகி,BECOMING
எள்,GINGELLY
அறு,REMOVED
காதலர்,LOVERS
இயைதந்தார்,JOINED_CAME
புள்,BIRD
இயல்,NATURE
காமர்,LOVELY
கடும்,FAST
திண்தேர்,STRONG_CHARIOT
பொருப்பன்,MOUNTAIN_KING
வாய்மை,TRUTH
அன்ன,LIKE
வைகலொட,DAY
புணர்ந்தே,UNITED
கொடு,CROOKED
மிடல்,STRENGTH
நாஞ்சிலான்,PLOUGHMAN
தார்,GARLAND
போல்,LIKE
மராத்து,MARAVAM_TREE
நெடு,LONG
மிசை,UPON
சூழும்,SURROUNDS
மயில்,PEACOCK
ஆலும்,REST
சீர,FAME
வடி,SHARP
நரம்பு,STRING
இசைப்ப,SOUNDING
போல்,LIKE
வண்டொட,BEE
சுரும்பு,BEE
ஆர்ப்ப,SOUNDING
தொடி,BRACELET
மகள்,WOMAN
முரற்சி,COMPLAINT
போல்,LIKE
தும்பி,BEE
வந்து,COME
இமிர்தர,HUMMING
இயன்,SOUND
எழீஇயவை,PRODUCED
போல,LIKE
எவ்வாய்யும்,EVERYWHERE
இம்,SWEET
மென,SOFT
கயன்,POND
அணி,BEAUTY
பொதும்பருள்,THICKET
கடி,FRAGRANT
மலர்த்,FLOWER
தேன்,HONEY
ஊத,SUCK
மலர்,FLOWER
ஆய்ந்து,SELECTING
வயின்,PLACE
வயின்,PLACE
விளிப்ப,CALLING
போல்,LIKE
மரன்,TREE
ஊழ்ப்ப,FOLLOWING
இரும்,DARK
குயில்,CUCKOO
ஆல,REST
பெரும்,GREAT
துறை,FORD
கவின்,BEAUTY
பெற,OBTAIN
குழவி,CHILD
வேனில்,SPRING
விழவு,FESTIVAL
எதிர்கொள்ளும்,WELCOMES
சீரார்,FAMOUS
செவ்வியும்,BEAUTY
வந்தன்று,CAME
வாரார்,DONT_COME
தோழி,FRIEND
நம்,OUR
காதலோரே,LOVERS
பாஅய்,SPREADING
பாஅய்,SPREADING
பசந்தன்று,TURNED_PALE
நுதல்,FOREHEAD
சாஅய்,FADING
சாஅய்,FADING
நெகிழ்ந்தன,SLIPPED
தோள்,SHOULDER
நனி,MUCH
அறல்,SAND
வாரும்,COMES
பொழுது,TIME
என,SAY
வெய்ய,HOT
பனி,TEARS
அறல்,SAND
வாரும்,COMES
என்,MY
கண்,EYE
மலை,MOUNTAIN
இடை,PLACE
போயினர்,WENT
வரல்,COMING
நசைஇ,DESIRING
நோயொட,SICKNESS
முலை,BREAST
இடை,MIDDLE
கனலும்,BURNS
என்,MY
நெஞ்சு,HEART
காதலின்,LOVE
பிரிந்தார்,SEPARATED
கொல்லோ,PERHAPS
வறிது,EMPTY
ஓர்,A
தூதொட,MESSENGER
மறந்தார்,FORGOT
கொல்லோ,PERHAPS
நோதக,PAINFULLY
காதலர்,LOVERS
காதலும்,LOVE
காண்பாம்,WILL_SEE
கொல்லோ,PERHAPS
துறந்தவர்,LEFT_ONES
ஆண்டு,THERE
ஆண்டு,THERE
உறைகுவர்,WILL_LIVE
கொல்லோ,PERHAPS
யாவது,WHAT
நீள்,LONG
இடைப்படுதலும்,BEING_INTERRUPTED
ஒல்லும்,POSSIBLE
யாழ,YOUR
நின்,YOUR
வாள்,SWORD
இடைப்படுத்த,PLACED_IN_BETWEEN
வயங்கு,SHINE
ஈர்,MOIST
ஓதி,HAIR
நாள்,DAY
அணி,BEAUTY
சிதைத்தலும்,DESTROYING
உண்டு,POSSIBLE
என,SAY
நயவந்து,LOVINGLY
கேள்வி,QUESTION
அந்தணர்,BRAHMINS
கடவும்,PERFORM
வேள்வி,SACRIFICE
ஆவியின்,LIFE
உயிர்க்கும்,BREATHES
என்,MY
நெஞ்சே,HEART
கய,POND
மலர்,FLOWER
உண்கண்,BEAUTIFUL_EYE
காணாய்,SEE
ஒருவன்,ONE_MAN
வய,STRONG
மான்,DEER
அடித்,FOOT
தேர்வான்,SEEKER
போல,LIKE
தொடை,STRING
மாண்ட,EXCELLENT
கண்ணியன்,GARLANDED
வில்லன்,BOWMAN
வரும்,COMES
என்னை,ME
நோக்குபு,LOOKING
முன்னத்தின்,MIND
காட்டுதல்,SHOWING
அல்லது,EXCEPT
தான்,HE
உற்ற,FELT
நோய்,SICKNESS
உரைக்கல்லான்,NOT_SPEAKING
பெயரும்மன்,RETURNS
பல்,MANY
நாளும்,DAYS
பாயல்,SLEEP
பெறேஎன்,I_DONT_GET
படர்,SUFFERING
கூர்ந்து,INCREASING
அவன்,HE
வயின்,TO
சேயேன்மன்,I_AM_FAR
யானும்,I
துயர்,SORROW
உழப்பேன்,SUFFER
ஆயிடை,BUT
கண்,EYE
நின்று,STANDING
கூறுதல்,SPEAKING
ஆற்றான்,UNABLE
அவன்,HE
ஆயின்,IF
பெண்,WOMAN
அன்று,NOT
உரைத்தல்,SPEAKING
நமக்கு,FOR_US
ஆயின்,IF
இன்னதூஉம்,SUCH_THINGS
காணான்,NOT_SEEING
கழிதலும்,PASSING
உண்டு,POSSIBLE
என்று,SAY
ஒருநாள்,ONE_DAY
என்,MY
தோள்,SHOULDER
நெகிழ்பு,LOOSENING
உற்ற,HAPPENED
துயரால்,SORROW
துணிதந்து,DECIDED
ஓர்,A
நாண்,SHAME
இன்மை,LACK
செய்தேன்,I_DID
நறு,FRAGRANT
நுதால்,FOREHEAD
ஏனல்,FIELD
இனக்,GROUP
கிளி,PARROT
யாம்,WE
கடிந்து,DRIVING
ஓம்பும்,PROTECTING
புனத்து,FIELD
அயல்,SIDE
ஊசல்,SWING
ஊர்ந்து,RIDING
ஆட,DANCING
ஒருஞான்று,ONE_TIME
வந்தானை,WHO_CAME
ஐய,FRIEND
சிறிது,LITTLE
என்னை,ME
ஊக்கி,RAISE
என,SAY
கூற,SAY
தையால்,GIRL
நன்று,GOOD
என்று,SAY
அவன்,HE
ஊக்க,RAISE
கை,HAND
நெகிழ்பு,LOOSENING
பொய்யாக,FALSELY
வீழ்ந்தேன்,I_FELL
அவன்,HIS
மார்பில்,CHEST
வாய்யாச்,MOUTH
செத்து,RELEASING
ஒய்யென,SUDDENLY
ஆங்கே,THERE
எடுத்தனன்,HE_LIFTED
கொண்டான்,HIS
மேல்,UPON
மெய்,BODY
அறியாதேன்,NOT_KNOWING
போல்,LIKE
கிடந்தேன்மன்,I_LAY
ஆயிடை,BUT
மெய்,TRUTH
அறிந்து,KNOWING
ஏற்று,ACCEPTING
எழுவேன்,I_WILL_RISE
ஆயின்,IF
மற்று,THEN
ஒய்யென,SUDDENLY
ஒண்குழாய்,BRIGHT_HAIRED_GIRL
செல்க,GO
என,SAY
கூறி,SAYING
விடும்,RELEASES
பண்பின்,NATURE
அங்கண்,BEAUTIFUL_PLACE
உடையன்,POSSESSES
அவன்,HE
இமைய,CLOSING
வில்,BOW
வாங்கிய,DREW
ஈர்ஞ்,MOIST
சடை,MATTED_HAIR
அந்தணன்,BRAHMIN
உமை,UMA
அமர்ந்து,SEATED
உயர்,HIGH
மலை,MOUNTAIN
இருந்தனன்,SAT
ஆக,BEING
ஐ,FIVE
இரு,TWO
தலையின்,HEADS
அரக்கர்,DEMONS
கோமான்,KING
தொடி,BRACELET
பொலி,SHINE
தடக்,LARGE
கையின்,HAND
கீழ்,UNDER
புகுத்து,INSERTING
அம்,BEAUTIFUL
மலை,MOUNTAIN
எடுக்கல்,LIFTING
செல்லாது,UNABLE
உழப்பவன்,SUFFERER
போல,LIKE
உறு,FIERCE
புலி,TIGER
உரு,FORM
ஏய்ப்ப,RESEMBLING
பூத்த,BLOOMED
வேங்கையை,FLAME_TREE
கறுவு,ANGER
கொண்டு,HAVING
அதன்,ITS
முதல்,BASE
குத்திய,GORED
மத,IN_HEAT
யானை,ELEPHANT
நீடு,LONG
இரு,LARGE
விடர்,CAVE
அகம்,INSIDE
சிலம்ப,RESOUND
கூய்த்,CALLING
தன்,ITS
கோடு,TUSK
புய்க்கல்லாது,UNABLE_TO_EXTRACT
உழக்கும்,SUFFERS
நாட,COUNTRY
கேள்,LISTEN
ஆர்,DIFFICULT
இடை,PLACE
என்னாய்,SAYING_NOT
நீ,YOU
அரவு,SNAKE
அஞ்சாய்,FEAR_NOT
வந்தக்கால்,WHEN_COME
நீர்,WATER
அற்ற,DRY
புலமே,FIELD
போல்,LIKE
புல்லென்றாள்,FADED_SHE
வைகறை,DAWN
கார்,RAIN
பெற்ற,OBTAINED
புலமே,FIELD
போல்,LIKE
கவின்,BEAUTY
பெறும்,OBTAINS
அக்,THAT
கவின்,BEAUTY
தீராமல்,WITHOUT_FADING
காப்பது,PROTECTING
ஓர்,A
திறன்,WAY
உண்டேல்,IF_THERE_IS
உரைத்தைக்,TELL
காண்,SEE
இருள்,DARK
இடை,PLACE
என்னாய்,SAYING_NOT
நீ,YOU
இரவு,NIGHT
அஞ்சாய்,FEAR_NOT
வந்தக்கால்,WHEN_COME
பொருள்,WEALTH
இல்லான்,WITHOUT
இளமை,YOUTH
போல்,LIKE
புல்லென்றாள்,FADED_SHE
வைகறை,DAWN
அருள்,MERCY
வல்லான்,CAPABLE_ONE
ஆக்கம்,PROSPERITY
போல்,LIKE
அணிபெறும்,OBTAINS_BEAUTY
அவ்,THAT
அணி,BEAUTY
தெருளாமல்,WITHOUT_CLARITY
காப்பது,PROTECTING
ஓர்,A
திறன்,WAY
உண்டேல்,IF_THERE_IS
உரைத்தைக்,TELL
காண்,SEE
மறந்திருந்தார்,THOSE_WHO_FORGOT
என்னாய்,SAYING_NOT
நீ,YOU
மலை,MOUNTAIN
இடை,PLACE
வந்தக்கால்,WHEN_COME
அறம்,RIGHTEOUSNESS
சாரான்,NOT_FOLLOWING
மூப்பே,OLD_AGE
போல்,LIKE
அழிதக்காள்,PERISHABLE_SHE
வைகறை,DAWN
திறம்,PROPER_WAY
சேர்ந்தான்,JOINED_ONE
ஆக்கம்,PROSPERITY
போல்,LIKE
திருத்தகும்,SUITS
அத்,THAT
திருப்,BEAUTY
புறங்கூற்று,BACKBITING
தீர்ப்பது,REMOVING
ஓர்,A
பொருள்,MEANING
உண்டேல்,IF_THERE_IS
உரைத்தைக்,TELL
காண்,SEE
என,SAY
ஆங்கு,THUS
நின்,YOUR
உறு,SUFFERING
விழுமம்,DISTRESS
கூற,SPEAK
கேட்டு,HEARING
வருமே,WILL_COME
தோழி,FRIEND
நல்,GOOD
மலை,MOUNTAIN
நாடன்,RULER
வேங்கை,FLAME_TREE
விரிவு,SPREAD
இடம்,PLACE
நோக்கி,LOOKING
வீங்கு,SWOLLEN
இறை,LORD
பணைத்,DRUM
தோள்,SHOULDER
வரைந்தனன்,DREW
கொளற்கே,TO_TAKE
காமர்,LOVE
கடும்,FAST
புனல்,WATER
கலந்து,MIXING
எம்மோடு,WITH_US
ஆடுவாள்,DANCER
தாமரை,LOTUS
கண்,EYE
புதைத்து,HIDING
அஞ்சித்,FEARING
தளர்ந்து,FALTERING
அதனோடு,WITH_THAT
ஒழுகலான்,FLOWING
நீள்,LONG
நாக,SNAKE
நறும்,FRAGRANT
தண்,COOL
தார்,GARLAND
தயங்க,SHINING
பாய்ந்து,LEAPING
அருளினால்,MERCY
பூண்,ORNAMENT
ஆகம்,CHEST
உற,TOUCHING
தழீஇ,EMBRACING
போத்தந்தான்,BROUGHT
அகல்,BROAD
அகலம்,CHEST
வரு,COMING
முலை,BREAST
புணர்ந்தன,UNITED
என்பதனால்,BECAUSE
என்,MY
தோழி,FRIEND
அரு,DIFFICULT
மழை,RAIN
தரல்,GIVE
வேண்டின்,IF_WANT
தருகிற்கும்,WILL_GIVE
பெருமையளே,GREATNESS_SHE
அவனும்,HE
தான்,HIMSELF
ஏனல்,FIELD
இதணத்து,WATCHTOWER
அகில்,AGARWOOD
புகை,SMOKE
உண்டு,EATING
இயங்கும்,MOVES
வான்,SKY
ஊர்,VILLAGE
மதியம்,MOON
வரை,MOUNTAIN
சேரின்,IF_JOINS
அவ்,THAT
வரை,MOUNTAIN
தேனின்,HONEY
இறால்,HONEYCOMB
என,SAY
ஏணி,LADDER
இழைத்திருக்கும்,MAKES
கான்,FOREST
அகல்,BROAD
நாடன்,COUNTRY_RULER
மகன்,SON
சிறுகுடியீரே,SMALL_VILLAGE_PEOPLE
சிறுகுடியீரே,SMALL_VILLAGE_PEOPLE
வள்ளி,SWEET_POTATO_CREEPER
கீழ்,UNDER
வீழா,NOT_FALL
வரை,MOUNTAIN
மிசை,UPON
தேன்,HONEY
தொடா,NOT_TOUCH
கொல்லை,FIELD
குரல்,GRAIN_EAR
வாங்கி,PULLING
ஈனா,NOT_PRODUCING
மலை,MOUNTAIN
வாழ்நர்,DWELLERS
அல்ல,NOT_GOOD
புரிந்து,LOVING
ஒழுகலான்,BEHAVING
காந்தள்,KANTHAL_FLOWER
கடி,FRAGRANCE
கமழும்,EMITS
கண்,EYE
வாங்கு,ATTRACTIVE
இரும்,DARK
சிலம்பின்,MOUNTAIN
வாங்கு,CURVED
அமை,BEAUTIFUL
மென்தோள்,SOFT_SHOULDER
குறவர்,KURAVA_TRIBE
மட,SOFT
மகளிர்,WOMEN
தாம்,THEY
பிழையார்,NOT_MISTAKEN
கேள்வர்த்,LOVERS
தொழுது,WORSHIPING
எழலால்,RISING
தம்,THEIR
ஐயரும்,FATHERS
தாம்,THEY
பிழையார்,NOT_MISTAKEN
தாம்,THEY
தொடுத்த,STRUNG
கோல்,BOW
என,SAY
ஆங்கு,THUS
அறத்தொடு,RIGHTEOUSNESS
நின்றேனை,STANDING_ME
கண்டு,SEEING
திறப்பட,PROPERLY
என்னையர்க்கு,TO_MY_FATHER
உய்த்து,SENDING
உரைத்தாள்,TOLD
யாய்,MOTHER
அவரும்,THEY
தெரி,SELECTED
கணை,ARROW
நோக்கி,LOOKING
சிலை,BOW
நோக்கி,LOOKING
கண்,EYE
சேந்து,ANGRY
ஒருபகல்,ONE_DAY
எல்லாம்,ALL
உருத்து,ANGRY
எழுந்து,RISING
ஆறி,COOLING
இருவர்,TWO_PEOPLE
கண்,EYE
குற்றமும்,FAULT
இல்லையால்,THERE_IS_NOT
என்று,SAY
தெருமந்து,BEING_CONFUSED
சாய்த்தார்,LAID_DOWN
தலை,HEAD
தெரி,SELECTED
இழாய்,JEWEL
நீயும்,YOU
நின்,YOUR
கேளும்,RELATIVE
புணர,UNITE
வரை,MOUNTAIN
உறை,RESIDING
தெய்வம்,GOD
உவப்ப,REJOICE
உவந்து,HAPPILY
குரவை,KURAVAI_DANCE
தழீஇ,EMBRACING
யாம்,WE
ஆட,DANCE
குரவையுள்,KURAVAI_DANCE
கொண்டு,TAKING
நிலை,STAGE
பாடிக்,SINGING
காண்,SEE
நல்லாய்,GOOD_WOMAN
நன்னாள்,GOOD_DAY
தலை,HEAD
வரும்,COMES
எல்லை,LIMIT
நமர்,OUR_PEOPLE
மலைத்,MOUNTAIN
தம்,THEIR
நாண்,SHAME
தாங்குவார்,WILL_CONTROL
என்,WHAT
நோற்றனர்,PENANCE_DID
கொல்,PERHAPS
புன,SMALL
வேங்கைத்,FLAME_TREE
தாது,POLLEN
உறைக்கும்,SCATTERS
பொன்,GOLD
அறை,ROOM
முன்றில்,COURTYARD
நனவில்,IN_WAKING
புணர்ச்சி,UNION
நடக்குமாம்,HAPPENS
அன்றோ,IS_IT_NOT
நனவில்,IN_WAKING
புணர்ச்சி,UNION
நடக்கலும்,HAPPENING
ஆங்கே,THERE
கனவில்,IN_DREAM
புணர்ச்சி,UNION
கடிதுமாம்,QUICK
அன்றோ,IS_IT_NOT
விண்,SKY
தோய்,TOUCHING
கல்,STONE
நாடனும்,RULER
நீயும்,YOU
வதுவையுள்,MARRIAGE
பண்டு,BEFORE
அறியாதீர்,NOT_KNOWING
போல்,LIKE
படர்கிற்பீர்மன்,YOU_WILL_SPREAD
கொல்லோ,PERHAPS
பண்டு,BEFORE
அறியாதீர்,NOT_KNOWING
போல்,LIKE
படர்ந்தீர்,YOU_SPREAD
பழம்,OLD
கேண்மை,FRIENDSHIP
கண்டு,SEEING
அறியாதேன்,NOT_KNOWING
போல்,LIKE
கரக்கிற்பென்மன்,WILL_I_HIDE
கொல்லோ,PERHAPS
மை,DARK
தவழ்,CRAWLING
வெற்பன்,MOUNTAIN_KING
மண,BRIDAL
அணி,BEAUTY
காணாமல்,WITHOUT_SEEING
கையால்,HAND
புதை,HIDE
பெறூஉம்,OBTAIN
கண்களும்,EYES
கண்களோ,EYES
என்னைமன்,WHAT
நின்,YOUR
கண்ணால்,EYE
காண்பென்மன்,WILL_I_SEE
யான்,I
நெய்தல்,WATER_LILY
இதழ்,PETAL
உண்கண்,BEAUTIFUL_EYE
நின்,YOUR
கண்,EYE
ஆக,AS
என்,MY
கண்,EYE
மன,BUT
என,SAY
ஆங்கு,THUS
நெறி,WAY
அறி,KNOWING
செறி,TIGHT
குறி,SIGN
புரி,LOVING
திரிபு,CHANGE
அறியா,NOT_KNOWING
அறிவனை,WISE_ONE
முந்துறீஇ,PRECEDING
தகை,BEAUTY
மிகு,GREAT
தொகை,COLLECTION
வகை,METHOD
அறியும்,KNOWS
சான்றவர்,WORTHY_ONES
இனம்,GROUP
ஆக,AS
வேய்,BAMBOO
புரை,RESEMBLE
மென்தோள்,SOFT_SHOULDER
பசலையும்,PALLOR
அம்பலும்,BEAUTY
மாய,ILLUSION
புணர்ச்சியும்,UNION
எல்லாம்,ALL
உடன்,TOGETHER
நீங்க,LEAVE
சேய்,DISTANT
உயர்,HIGH
வெற்பனும்,MOUNTAIN_KING
வந்தனன்,CAME
பூ,FLOWER
எழில்,BEAUTY
உண்கண்,BEAUTIFUL_EYE
பொலிக,FLOURISH
மா,GREAT
இனியே,SWEETLY
அகவினம்,WE_SANG
பாடுவாம்,WE_WILL_SING
தோழி,FRIEND
அமர்க்,BATTLE
கண்,EYE
நகை,SMILE
மொழி,WORD
நல்லவர்,GOOD_PEOPLE
நாணும்,SHAME
நிலை,STATE
போல்,LIKE
தகை,BEAUTY
கொண்ட,HAVING
ஏனலுள்,FIELD
தாழ்,LOW
குரல்,GRAIN_EAR
உரீஇ,DRAGGING
முகை,BUD
வளர்,GROWING
சாந்து,SANDAL
உரல்,MORTAR
முத்து,PEARL
ஆர்,WEARING
மருப்பின்,TUSK
வகை,METHOD
சால்,ABOUNDING
உலக்கை,PESTLE
வயின்,PLACE
வயின்,PLACE
ஓச்சி,SWINGING
பகை,ENEMY
இல்,WITHOUT
நோய்,SICKNESS
செய்தான்,WHO_DID
பய,FRUITFUL
மலை,MOUNTAIN
ஏத்தி,PRAISING
அகவினம்,WE_SANG
பாடுவாம்,WE_WILL_SING
நாம்,WE
ஆய்,BEAUTIFUL
நுதல்,FOREHEAD
அணி,BEAUTIFUL
கூந்தல்,HAIR
அம்,BEAUTIFUL
பணைத்,DRUM
தட,SOFT
மென்தோள்,SOFT_SHOULDER
தேன்,HONEY
நாறு,EMITTING
கதுப்பினாய்,HAIR
யானும்,I
ஒன்று,ONE
ஏத்துகு,I_PRAISE
வேய்,BAMBOO
நரல்,SOUNDING
விடர்,CAVE
அகம்,INSIDE
நீ,YOU
ஒன்று,ONE
பாடித்தை,SING
கொடிச்சியர்,KURAVI_WOMEN
கூப்பி,FOLDING
வரை,MOUNTAIN
தொழு,WORSHIP
கை,HAND
போல்,LIKE
எடுத்த,RAISED
நறவின்,HONEY
குலை,CLUSTER
அலங்கு,SWAYING
காந்தள்,KANTHAL_FLOWER
தொடுத்த,STRUNG
தேன்,HONEY
சோர,DRIP
தயங்கும்,SHINES
தன்,HIS
உற்றார்,RELATIVES
இடுக்கண்,DISTRESS
தவிர்ப்பான்,REMOVER
மலை,MOUNTAIN
கல்லாக்,NOT_LEARNED
கடுவன்,MALE_MONKEY
கணம்,GROUP
மலி,FILLED
சுற்றத்து,RELATIVES
மெல்,SOFT
விரல்,FINGER
மந்தி,FEMALE_MONKEY
குறை,COMPLAINT
கூறும்,SAYS
செம்மற்றே,THAT_NATURE
தொல்,ANCIENT
எழில்,BEAUTY
தோய்ந்தார்,TOUCHED_ONES
தொலையின்,IF_PERISH
அவரினும்,THAN_THEM
அல்லல்,DISTRESS
படுவான்,SUFFERER
மலை,MOUNTAIN
புரி,TWIST
விரி,SPREAD
புதை,COVER
துதை,CLING
பூத்,FLOWER
ததைந்த,THICK
தாழ்,LOW
சினை,BRANCH
தளிர்,TENDER_LEAF
அன்ன,LIKE
எழில்,BEAUTY
மேனி,BODY
தகை,BEAUTY
வாட,FADE
நோய்,SICKNESS
செய்தான்,WHO_DID
அரு,DIFFICULT
வரை,MOUNTAIN
அடுக்கம்,SLOPES
நாம்,WE
அழித்து,PRAISING
ஒன்று,ONE
பாடுவாம்,WILL_SING
விண்,SKY
தோய்,TOUCHING
வரைப்,MOUNTAIN
பந்து,BALL
எறிந்த,THROWN
அயா,DESIRE
வீட,LEAVE
தண்,COOL
தாழ்,LOW
அருவி,WATERFALL
அரமகளிர்,CELESTIAL_WOMEN
ஆடுபவே,DANCE
பெண்டிர்,WOMEN
நலம்,BEAUTY
வௌவி,SEIZING
தண்,COOL
சாரல்,MOUNTAIN_SLOPE
தாது,POLLEN
உண்ணும்,EATS
வண்டின்,BEE
துறப்பான்,LEAVER
மலை,MOUNTAIN
ஒடுங்கா,NOT_SHRINKING
எழில்,BEAUTY
வேழம்,ELEPHANT
வீழ்,LOVING
பிடிக்கு,FEMALE_ELEPHANT
உற்ற,HAVING
கடுஞ்,FIERCE
சூல்,PREGNANCY
வயாவிற்கு,DESIRE
அமர்ந்து,AGREEING
நெடுஞ்,LONG
சினை,BRANCH
தீம்,SWEET
கண்,EYE
கரும்பின்,SUGARCANE
கழை,CANE
வாங்கும்,PULLS
உற்றாரின்,THAN_RELATIVES
நீங்கலம்,WE_WONT_LEAVE
என்பான்,WHO_SAYS
மலை,MOUNTAIN
என,SAY
நாம்,WE
தன்,HIS
மலை,MOUNTAIN
பாட,SING
நயவந்து,LOVINGLY
கேட்டு,HEARING
அருளி,MERCY
மெய்,TRUTH
மலி,FILLED
உவகையன்,HAPPINESS
புகுதந்தான்,ENTERED_CAME
புணர்ந்து,UNITING
ஆரா,UNCEASING
மென்முலை,SOFT_BREAST
ஆகம்,CHEST
கவின்,BEAUTY
பெற,OBTAIN
செம்மலை,PERFECT_MOUNTAIN
ஆகிய,BECAME
மலை,MOUNTAIN
கிழவோனே,LORD
பாடுகம்,LET_US_SING
வா,COME
வாழி,LIVE_LONG
தோழி,FRIEND
வய,STRONG
களிற்று,MALE_ELEPHANT
கோடு,TUSK
உலக்கை,PESTLE
ஆக,AS
நல்,GOOD
சேம்பின்,AROID
இலை,LEAF
சுளகா,MAT
ஆடு,DANCING
கழை,BAMBOO
நெல்லை,PADDY
அறை,SMALL
உரலுள்,MORTAR
பெய்து,PUTTING
இருவாம்,WE_TWO
பாடுகம்,LET_US_SING
வா,COME
வாழி,LIVE_LONG
தோழ,FRIEND
நல்தோழி,GOOD_FRIEND
பாடுற்று,ABOUT_TO_SING
இடி,THUNDER
உமிழ்பு,SPITTING
இரங்கிய,RESOUNDING
விரவு,MIXED
பெயல்,RAIN
நடுநாள்,MIDNIGHT
கொடி,CREEPER
விடுபு,LEAVING
இருளிய,DARKENED
மின்னுச்,LIGHTNING
செய்,DOING
விளக்கத்த,BRIGHTNESS
பிடியொட,FEMALE_ELEPHANT
மேயும்,GRAZES
புன்செய்,DRY_FIELD
யானை,ELEPHANT
அடி,FOOT
ஒதுங்கு,SHELTERING
இயக்கம்,MOVEMENT
கேட்ட,HEARD
கானவൻ,HUNTER
நெடு,LONG
வரை,MOUNTAIN
ஆசினிப்,WOOD_APPLE_TREE
பணவை,ROCK
ஏறிக்,CLIMBING
கடு,FAST
விசை,SPEED
கவணையில்,SLING
கல்,STONE
கை,HAND
விடுதலின்,RELEASING
இறு,STEEP
வரை,MOUNTAIN
வேங்கையின்,FLAME_TREE
ஒள்,BRIGHT
வீ,FLOWER
சிதறி,SCATTERING
ஆசினி,WOOD_APPLE_TREE
மெல்,SOFT
பழம்,FRUIT
அளிந்தவை,ROTTEN
உதிரா,NOT_FALL
தேன்,HONEY
செய்,DOING
இறாஅல்,HONEYCOMB
துளைபட,PIERCED
போகி,GOING
நறு,FRAGRANT
வடி,SHARP
மாவின்,MANGO_TREE
பை,GREEN
துணர்,CLUSTER
உழக்கி,STIRRING
குலை,CLUSTER
உடை,HAVING
வாழைக்,BANANA_TREE
கொழு,FERTILE
மடல்,LEAF
கிழியா,TEARING
பலவின்,JACKFRUIT_TREE
பழத்துள்,FRUIT
தங்கும்,STAYS
மலை,MOUNTAIN
கெழு,ABOUNDING
வெற்பனை,MOUNTAIN_KING
பாடுகம்,LET_US_SING
வா,COME
வாழி,LIVE_LONG
தோழி,FRIEND
நல்தோழி,GOOD_FRIEND
பாடுற்று,ABOUT_TO_SING
இலங்கும்,SHINES
அருவித்து,WATERFALL
இலங்கும்,SHINES
அருவித்தே,WATERFALL
வானின்,SKY
இலங்கும்,SHINES
அருவித்தே,WATERFALL
தான்,HE
உற்ற,FELT
சூள், VOW
பேணான்,NOT_CARING
பொய்த்தான்,FALSIFIED
மலை,MOUNTAIN
பொய்த்தற்கு,TO_FALSIFY
உரியனோ,IS_FITTING
பொய்த்தற்கு,TO_FALSIFY
உரியனோ,IS_FITTING
அஞ்சல்,DONT_FEAR
ஓம்பு,PROTECT
என்றாரை,THOSE_WHO_SAID
பொய்த்தற்கு,TO_FALSIFY
உரியனோ,IS_FITTING
குன்று,HILL
அகல்,BROAD
நல்,GOOD
நாடன்,COUNTRY_RULER
வாய்மையில்,TRUTH
பொய்,LIE
தோன்றின்,IF_APPEARS
திங்களுள்,MOON
தீ,FIRE
தோன்றியற்று,APPEARED_LIKE
இள,YOUNG
மழை,RAIN
ஆடும்,DANCES
இள,YOUNG
மழை,RAIN
ஆடும்,DANCES
இள,YOUNG
மழை,RAIN
வைகலும்,DAILY
ஆடும்,DANCES
என்,MY
முன்கை,FOREARM
வளை,BRACELET
நெகிழ,LOOSEN
வாராதோன்,NOT_COMING
குன்று,HILL
வாராது,NOT_COMING
அமைவானோ,WILL_HE_STAY
வாராது,NOT_COMING
அமைவானோ,WILL_HE_STAY
வாராது,NOT_COMING
அமைகுவான்,WILL_STAY
அல்லன்,NOT
மலை,MOUNTAIN
நாடன்,RULER
ஈரத்துள்,AFFECTION
இன்னவை,SUCH_THINGS
தோன்றின்,IF_APPEAR
நிழல்,SHADE
கயத்து,POND
நீருள்,WATER
குவளை,BLUE_LILY
வெந்தற்று,BURNT_LIKE
மணி,BELL
போல,LIKE
தோன்றும்,APPEARS
மணி,BELL
போல,LIKE
தோன்றும்,APPEARS
மண்ணா,NOT_RESEMBLING
மணி,BELL
போல,LIKE
தோன்றும்,APPEARS
என்,MY
மேனியை,BODY
துன்னான்,NOT_APPROACHING
துறந்தான்,LEFT
மலை,MOUNTAIN
துறக்குவன்,WILL_LEAVE
அல்லன்,NOT
துறக்குவன்,WILL_LEAVE
அல்லன்,NOT
தொடர்,CONNECTION
வரை,MOUNTAIN
வெற்பன்,MOUNTAIN_KING
துறக்குவன்,WILL_LEAVE
அல்லன்,NOT
தொடர்புள்,CONNECTION
இனையவை,SUCH_THINGS
தோன்றின்,IF_APPEAR
விசும்பில்,SKY
சுடருள்,STAR
இருள்,DARKNESS
தோன்றியற்று,APPEARED_LIKE
என,SAY
ஆங்கு,THUS
நன்று,GOOD
ஆகின்றால்,BECOMES
தோழி,FRIEND
நம்,OUR
வள்ளையுள்,IN_SONG
ஒன்றி,UNITING
நாம்,WE
பாட,SING
மறை,SECRETLY
நின்று,STANDING
கேட்டு,HEARING
அருளி,MERCY
மென்தோள்,SOFT_SHOULDER
கிழவனும்,LORD
வந்தனன்,CAME
நுந்தையும்,YOUR_FATHER
மன்றல்,WEDDING
வேங்கைக்,FLAME_TREE
கீழ்,UNDER
இருந்து,SITTING
மணம்,MARRIAGE
நயந்தனன்,DESIRED
அம்,BEAUTIFUL
மலை,MOUNTAIN
கிழவோற்கே,TO_THE_LORD
மறம்,VALOR
கொள்,POSSESSING
இரும்,DARK
புலித்,TIGER
தொல்,ANCIENT
முரண்,STRENGTH
தொலைத்த,DESTROYED
முறம்,SHIELD
செவி,EAR
வாரணம்,ELEPHANT
முன்,FRONT
குளகு,TENDER_SHOOT
அருந்தி,EATING
கறங்கு,SOUNDING
வெள்,WHITE
அருவி,WATERFALL
ஓலின்,SOUND
துஞ்சும்,SLEEPS
பிறங்கு,SHINING
இரும்,DARK
சோலை,GROVE
நல்,GOOD
மலை,MOUNTAIN
நாடன்,RULER
மறந்தான்,FORGOT
மறக்க,FORGET
இனி,NOW
எல்லா,FRIEND
நமக்கு,FOR_US
சிறந்தமை,EXCELLENCE
நாம்,WE
நற்கு,WELL
அறிந்தனம்,KNEW
ஆயின்,IF
அவன்,HE
திறம்,SIDE
கொல்,KILLING
யானைக்,ELEPHANT
கோட்டால்,TUSK
வெதிர்,BAMBOO
நெல்,PADDY
குறுவாம்,WILL_POUND
நாம்,WE
வள்ளை,SONG
அகவுவாம்,LET_US_SING
வா,COME
இகுளை,FRIEND
நாம்,WE
வள்ளை,SONG
அகவுவாம்,LET_US_SING
வா,COME
காணிய,TO_SEE
வா,COME
வாழி,LIVE_LONG
தோழி,FRIEND
வரைத்,MOUNTAIN
தாழ்பு,HANGING
வாள்,SWORD
நிறம்,COLOR
கொண்ட,HAVING
அருவித்தே,WATERFALL
நம்,OUR
அருளா,MERCILESS
நாண்,SHAME
இலி,WITHOUT
நாட்டு,COUNTRY
மலை,MOUNTAIN
ஆர்வுற்றார்,LOVERS
நெஞ்சம்,HEART
அழிய,PERISH
விடுவானோ,WILL_HE_LEAVE
ஓர்வு,CARE
உற்று,HAVING
ஒரு,ONE
திறம்,SIDE
ஒல்காத,NOT_LEANING
நேர்கோல்,STRAIGHT_SCEPTER
அறம்,RIGHTEOUSNESS
புரி,DOING
நெஞ்சத்தவன்,HEARTED_ONE
தண்,COOL
நறும்,FRAGRANT
கோங்கம்,KONGAM_TREE
மலர்ந்த,BLOOMED
வரை,MOUNTAIN
எல்லாம்,ALL
பொன்,GOLD
அணி,BEAUTY
யானை,ELEPHANT
போல்,LIKE
தோன்றுமே,APPEARS
நம்,OUR
அருளாக,MERCILESS
கொன்னாளன்,CRUEL_ONE
நாட்டு,COUNTRY
மலை,MOUNTAIN
கூரு,FEARFUL
நோய்,SICKNESS
ஏய்ப்ப,RESEMBLING
விடுவானோ,WILL_HE_LEAVE
தன்,HIS
மலை,MOUNTAIN
நீரினும்,WATER
சாயல்,GENTLENESS
உடையன்,POSSESSES
நயந்தோர்க்கு,FOR_LOVERS
தேர்,CHARIOT
ஈயும்,GIVES
வண்,BOUNTIFUL
கையவன்,HANDED_ONE
வரை,MOUNTAIN
மிசை,UPON
மேல்,ABOVE
தொடுத்த,STRUNG
நெய்,GHEE
கண்,EYE
இறாஅல்,HONEYCOMB
மழை,RAIN
நுழை,ENTERING
திங்கள்,MOON
போல்,LIKE
தோன்றும்,APPEARS
இழை,JEWEL
நெகிழ,LOOSEN
எவ்வம்,DISTRESS
உறீஇயான்,CAUSED
குன்று,HILL
எஞ்சாது,WITHOUT_LACKING
எல்லா,FRIEND
கொடுமை,CRUELTY
நுவலாதி,DONT_SPEAK
அஞ்சுவது,FEARFUL_THING
அஞ்சா,NOT_FEARING
அறன்,RIGHTEOUSNESS
இலி,WITHOUT
அல்லன்,NOT
என்,MY
நெஞ்சம்,HEART
பிணிக்கொண்டவன்,ATTACHED_ONE
என்று,SAY
யாம்,WE
பாட,SING
மறை,SECRETLY
நின்று,STANDING
கேட்டனன்,HEARD
தாழ்,LOW
இரும்,DARK
கூந்தல்,HAIR
என்,MY
தோழியை,FRIEND
கை,HAND
கவியா,EMBRACING
சாயல்,GENTLE
இன்,SWEET
மார்பன்,CHEST
சிறுபுறம்,SLIGHTLY_BACK
சார்தர,APPROACHING
ஞாயிற்று,SUN
முன்னர்,BEFORE
இருள்,DARKNESS
போல்,LIKE
மாய்ந்தது,DISAPPEARED
என்,MY
ஆய்,BEAUTIFUL
இழை,JEWEL
மேனிப்,BODY
பசப்பு,PALLOR
வேங்கை,FLAME_TREE
தொலைத்த,DESTROYED
வெறி,FRAGRANCE
பொறி,SPOTS
வாரணத்து,ELEPHANT
ஏந்து,RAISED
மருப்பின்,TUSK
இன,GROUP
வண்டு,BEE
இமிர்பு,HUMMING
ஊதும்,BLOWS
சாந்த,SANDALWOOD
மரத்தின்,TREE
இயன்ற,MADE
உலக்கையால்,PESTLE
ஐவன,FIVE_FOLD
வெண்ணெல்,WHITE_PADDY
அறை,SMALL
உரலுள்,MORTAR
பெய்து,PUTTING
இருவாம்,WE_TWO
ஐயனை,FATHER
ஏத்துவாம்,WILL_PRAISE
போல,LIKE
அணிபெற்ற,OBTAINED_BEAUTY
மை,DARK
படு,STUCK
சென்னிப்,HEAD
பய,FRUITFUL
மலை,MOUNTAIN
நாடனை,RULER
தையலாய்,WOMAN
பாடுவாம்,WILL_SING
நாம்,WE
தகையவர்,BEAUTIFUL_ONES
கைச்,HAND
செறித்த,PLACED
தாள்,LEG
போல்,LIKE
காந்தள்,KANTHAL_FLOWER
முகையின்,BUD
மேல்,UPON
தும்பி,BEE
இருக்கும்,SITS
பகை,ENEMY
எனின்,IF_SAY
கூற்றம்,DEATH
வரினும்,EVEN_IF_COME
தொலையான்,NOT_PERISH
தன்,HIS
நட்டார்க்கு,FOR_FRIENDS
தோற்றலை,DEFEAT
நாணாதோன்,NOT_ASHAMED
குன்று,HILL
வெருள்பு,FEARING
உடன்,TOGETHER
நோக்கி,LOOKING
வியல்,BROAD
அறை,CAVE
யூகம்,MONKEY
இருள்,DARKNESS
தூங்கு,SWINGING
இறு,STEEP
வரை,MOUNTAIN
ஊர்பு,RIDING
இழிபு,SLIDING
ஆடும்,DANCES
வருடைமான்,DEER
குழவிய,FAWNS
வள,RICH
மலை,MOUNTAIN
நாடனை,RULER
தெருளத்,CLEARLY
தெரி,SELECTED
இழாய்,JEWEL
நீ,YOU
ஒன்று,ONE
பாடித்தை,SING
நுண்,FINE
பொறி,SPOTS
மான்,DEER
செவி,EAR
போல்,LIKE
வெதிர்,BAMBOO
முளைக்,SPROUT
கண்,EYE
பொதி,PACKED
பாளை,SPROUT
கழன்று,LOOSENED
உகும்,FALLS
பண்பிற்றே,NATURE
மாறு,OPPOSITE
கொண்டு,TAKING
ஆற்றார்,UNABLE
எனினும்,EVEN_IF
பிறர்,OTHERS
குற்றம்,FAULT
கூறுதல்,SPEAKING
தேற்றாதோன்,NOT_KNOWING
குன்று,HILL
புணர்,JOINED
நிலை,STATE
வளகின்,FIG_TREE
குளகு,TENDER_SHOOT
அமர்ந்து,LOVING
உண்ட,EATEN
புணர்,JOINED
மருப்பு,TUSK
எழில்,BEAUTY
கொண்ட,HAVING
வரை,MOUNTAIN
புரை,LIKE
செலவின்,JOURNEY
வயங்கு,SHINE
எழில்,BEAUTY
யானைப்,ELEPHANT
பய,FRUITFUL
மலை,MOUNTAIN
நாடனை,RULER
மணம்,FRAGRANCE
நாறு,EMITTING
கதுப்பினாய்,HAIR
மறுத்து,OPPOSING
ஒன்று,ONE
பாடித்தை,SING
கடும்,SEVERE
கண்,EYE
உழுவை,LEOPARD
அடி,FOOT
போல்,LIKE
வாழைக்,BANANA_TREE
கொடும்,CROOKED
காய்,FRUIT
குலை,CLUSTER
தொறூஉம்,EVERY
தூங்கும்,HANGS
இடும்பையால்,DISTRESS
இன்மை,POVERTY
உரைத்தார்க்கு,FOR_THOSE_WHO_ASK
அது,THAT
நிறைக்கல்,FULFILLING
ஆற்றாக்கால்,IF_UNABLE
தன்,HIS
மெய்,BODY
துறப்பான்,LEAVER
மலை,MOUNTAIN
என,SAY
ஆங்கு,THUS
கூடி,TOGETHER
அவர்,THEY
திறம்,SIDE
பாட,SINGING
என்,MY
தோழிக்கு,FRIEND
வாடிய,FADED
மென்தோள்,SOFT_SHOULDER
வீங்கின,SWELLED
ஆடு,DANCING
அமை,BEAUTIFUL
வெற்பன்,MOUNTAIN_KING
அளித்தக்கால்,WHEN_FAVORED
போன்றே,LIKE
கதிர,RAY
விரி,SPREAD
கனை,LOUD
சுடர்க்,FLAME
கவின்,BEAUTY
கொண்ட,HAVING
நனம்,BROAD
சாரல்,MOUNTAIN_SLOPE
எதிர்,OPPOSITE
எதிர்,OPPOSITE
ஓங்கிய,RAISED
மால்,GREAT
வரை,MOUNTAIN
அடுக்கத்து,SLOPES
அதிர்,THUNDERING
இசை,SOUND
அருவி,WATERFALL
தன்,ITS
அம்,BEAUTIFUL
சினை,BRANCH
மிசை,UPON
வீழ,FALLING
முதிர்,RIPENED
இணர்,CLUSTER
ஊழ்,OPENING
கொண்ட,HAVING
முழவுத்,DRUM
தாள்,STEM
எரி,FIRE
வேங்கை,FLAME_TREE
வரி,LINE
நுதல்,FOREHEAD
எழில்,BEAUTY
வேழம்,ELEPHANT
பூ,FLOWER
நீர்,WATER
மேல்,UPON
சொரிதர,SHEDDING
புரி,TWIST
நெகிழ்,LOOSE
தாமரை,LOTUS
மலர்,FLOWER
அம்,BEAUTIFUL
கண்,EYE
வீறு,EXCELLENCE
எய்தி,ACHIEVING
திரு,LAKSHMI
நயந்து,LOVING
இருந்தன்ன,SAT_LIKE
தேம்,HONEY
கமழ,FRAGRANT
விறல்,VALOR
வெற்ப,MOUNTAIN
தன்,HER
எவ்வம்,DISTRESS
கூரினும்,EVEN_IF_INCREASE
நீ,YOU
செய்த,DONE
அருள்,MERCY
இன்மை,LACK
என்னையும்,ME
மறைத்தாள்,HID_SHE
என்,MY
தோழி,FRIEND
அது,THAT
கேட்டு,HEARING
நின்னை,YOU
யான்,I
பிறர்,OTHERS
முன்னர்ப்,BEFORE
பழி,BLAME
கூறல்,SPEAKING
தான்,HER
நாணி,ASHAMED
கூரும்,INCREASING
நோய்,SICKNESS
சிறப்புவும்,GLORY
நீ,YOU
செய்த,DONE
அருள்,MERCY
இன்மை,LACK
சேரியும்,STREET
மறைத்தாள்,HID_SHE
என்,MY
தோழி,FRIEND
அது,THAT
கேட்டாங்கு,HEARING_LIKE
ஓரும்,CONSIDER
நீ,YOU
நிலையலை,NOT_STEADY
என,SAY
கூறல்,SPEAKING
தான்,HER
நாணி,ASHAMED
நோய்,SICKNESS
அட,SUFFERING
வருந்தியும்,SUFFERING
நீ,YOU
செய்த,DONE
அருள்,MERCY
இன்மை,LACK
ஆயமும்,GROUP
மறைத்தாள்,HID_SHE
என்,MY
தோழி,FRIEND
அது,THAT
கேட்டு,HEARING
மாய,ILLUSION
நின்,YOUR
பண்பு,NATURE
இன்மை,LACK
பிறர்,OTHERS
கூறல்,SPEAKING
தான்,HER
நாணி,ASHAMED
என,SAY
ஆங்கு,THUS
இனையன,SUCH_THINGS
தீமை,EVIL
நினைவனள்,THINKING_SHE
காத்தாங்கு,PROTECTED_LIKE
அனை,SUCH
அரு,DIFFICULT
பண்பினான்,NATURE
நின்,YOUR
தீமை,EVIL
காத்தவள்,PROTECTED_SHE
அரும்,DIFFICULT
துயர்,SORROW
ஆர்,FULL
அஞர்,FEAR
தீர்க்கும்,REMOVES
மருந்து,MEDICINE
ஆகி,BECOMING
செல்கம்,LET_US_GO
பெரும,GREAT_ONE
நாம்,WE
விரைந்தே,QUICKLY
விடியல்,DAWN
வெம்,FIERCE
கதிர,RAY
காயும்,BURNS
வேய்,BAMBOO
அமல்,ABUNDANT
அகல்,BROAD
அறை,CAVE
கடி,FRAGRANT
சுனைக்,POND
கவினிய,BEAUTIFUL
காந்தள்,KANTHAL_FLOWER
அம்,BEAUTIFUL
குலையினை,CLUSTER
அரு,DIFFICULT
மணி,BELL
அவிர்,SHINE
உத்தி,TOP
அரவு,SNAKE
நீர்,WATER
உணல்,DRINKING
செத்து,DESIRING
பெரு,GREAT
மலை,MOUNTAIN
மிளிர்ப்பன்ன,SHINING_LIKE
காற்றுடை,WINDY
கனைப்,LOUD
பெயல்,RAIN
உருமுக்,THUNDER
கண்ணுறுதலின்,TOUCHING
உயர்,HIGH
குரல்,SOUND
ஒலி,SOUND
ஓடி,RUNNING
நறு,FRAGRANT
வீ,FLOWER
ய,FALL
நனம்,BROAD
சாரல்,MOUNTAIN_SLOPE
சிலம்பலின்,RESOUNDING
கதுமென,SUDDENLY
சிறுகுடி,SMALL_VILLAGE
துயில்,SLEEP
எழூஉம்,RISES
சேண்,DISTANT
உயர்,HIGH
விறல்,VALOR
வெற்ப,MOUNTAIN
கால்,WIND
பொர,FIGHTING
நுடங்கல,SWAYING
கறங்கு,SOUNDING
இசை,SOUND
அருவி,WATERFALL
நின்,YOUR
மால்,GREAT
வரை,MOUNTAIN
மலி,FILLED
சுனை,POND
மலர்,FLOWER
ஏய்க்கும்,RESEMBLES
என்பதோ,IS_IT_SAID
புல்,GRASS
ஆராப்,NOT_LOVING
புணர்ச்சியால்,UNION
புலம்பிய,SUFFERING
என்,MY
தோழி,FRIEND
பல்,MANY
இதழ்,PETAL
மலர்,FLOWER
உண்கண்,BEAUTIFUL_EYE
பசப்ப,PALLOR
நீ,YOU
சிதைத்ததை,SPOILED
புகர்,SPOT
முகக்,FACE
களிறொட,ELEPHANT
புலி,TIGER
பொருது,FIGHTING
உழக்கும்,SUFFERS
நின்,YOUR
அகல்,BROAD
மலை,MOUNTAIN
அடுக்கத்த,SLOPES
அமை,BEAUTY
ஏய்க்கும்,RESEMBLES
என்பதோ,IS_IT_SAID
கடை,END
என,SAY
கலுழும்,WEEPS
நோய்,SICKNESS
கைம்மிக,INCREASING
என்,MY
தோழி,FRIEND
தடையின,SLOW
திரண்ட,ASSEMBLED
தோள்,SHOULDER
தகை,BEAUTY
வாட,FADE
சிதைத்ததை,SPOILED
சுடர்,FLAME
உற,TOUCHING
உற,TOUCHING
நீண்ட,LONG
சுரும்பு,BEE
இமிர்,HUMMING
அடுக்கத்த,SLOPES
விடர்,CAVE
வரை,MOUNTAIN
எரி,FIRE
வேங்கை,FLAME_TREE
இணர்,CLUSTER
ஏய்க்கும்,RESEMBLES
என்பதோ,IS_IT_SAID
யாமத்தும்,NIGHT
துயிலலள்,NOT_SLEEPING
அலமரும்,SUFFERS
என்,MY
தோழி,FRIEND
காமரு,LOVELY
நல்,GOOD
எழில்,BEAUTY
கவின்,BEAUTY
வாட,FADE
சிதைத்ததை,SPOILED
என,SAY
ஆங்கு,THUS
தன்,HER
தீமை,EVIL
பல,MANY
கூறிக்,SPEAKING
கழறலின்,BESEECHING
என்,MY
தோழி,FRIEND
மறையில்,SECRETLY
தான்,HE
மருவுற,LOVING
மணந்த,MARRIED
நட்பு,FRIENDSHIP
அருகலான்,NOT_DECREASING
பிறை,CRESCENT
புரை,LIKE
நுதல்,FOREHEAD
அவர்ப்,THEM
பேணி,LOVING
நம்,OUR
உறை,LIVE
வரைந்தனர்,DREW
அவர்,THEY
உவக்கும்,REJOICE
நாளே,DAY
வீ,FLOWER
அகம்,INSIDE
புலம்ப,SOLITUDE
வேட்டம்,HUNT
போகிய,GONE
மாஅல்,DARK
அம்,BEAUTIFUL
சிறை,WING
மணி,BELL
நிறத்,COLOR
தும்பி,BEE
வாய்,MOUTH
இழி,FLOWING
கடாத்த,TEMPLE
வால்,WHITE
மருப்பு,TUSK
ஒருத்தலோட,ONE_MALE
ஆய்,BEAUTIFUL
பொறி,SPOTS
உழுவை,LEOPARD
தாக்கிய,ATTACKED
பொழுதின்,TIME
வேங்கை,FLAME_TREE
அம்,BEAUTIFUL
சினை,BRANCH
என,SAY
விறல்,VALOR
புலி,TIGER
முற்றியும்,SURROUNDED
பூம்,FLOWER
பொறி,SPOTS
யானைப்,ELEPHANT
புகர்,SPOT
முகம்,FACE
குறுகியும்,APPROACHING
வலி,STRENGTH
மிகு,GREAT
வெகுளியான்,ANGER
வாள்,SWORD
உற்ற,TOUCHED
மன்னரை,KINGS
நயன்,GOOD
நாடி,SEEKING
நட்பு,FRIENDSHIP
ஆக்கும்,MAKES
வினைவர்,DOERS
போல்,LIKE
மறிதரும்,TURNING
அயம்,DEPTH
இழி,FLOWING
அருவிய,WATERFALL
அணி,BEAUTIFUL
மலை,MOUNTAIN
நல்,GOOD
நாட,COUNTRY
ஏறு,BULL
இரங்கு,RESOUNDING
இருள்,DARKNESS
இடை,PLACE
இரவினில்,NIGHT
பதம்,PLACE
பெறாஅன்,NOT_GETTING
மாறினென்,CHANGED
என,SAY
கூறி,SAYING
மனம்,HEART
கொள்ளும்,TAKES
தான்,HE
என்ப,SAY
கூடுதல்,UNITING
வேட்கையான்,DESIRE
குறி,SIGN
பார்த்து,LOOKING
குரல்,SOUND
நொச்சிப்,NOCCI_TREE
பாடு,SONG
ஓர்க்கும்,LISTENS
செவியோட,EAR
பைதலேன்,SUFFERING
யான்,I
ஆக,BEING
அரும்,DIFFICULT
செலவு,JOURNEY
ஆர்,FULL
இடை,PLACE
அருளி,MERCY
வந்து,COMING
அளி,LOVE
பெறாஅன்,NOT_GETTING
வருந்தினென்,SUFFERED
என,SAY
பல,MANY
வாய்விடூஉம்,SPEAKS
தான்,HE
என்ப,SAY
நிலை,STEADFAST
உயர்,HIGH
கடவுட்கு,GOD
கடம்,OATH
பூண்டு,TAKING
தன்,HIS
மாட்டு,PLACE
பல,MANY
சூழும்,PLANS
மனத்தோட,HEART
பைதலேன்,SUFFERING
யான்,I
ஆக,BEING
கனை,LOUD
பெயல்,RAIN
நடுநாள்,MIDNIGHT
யான்,I
கண்,EYE
மாற,SLEEPING
குறி,SIGN
பெறாஅன்,NOT_GETTING
புனை,ADORN
இழாய்,JEWEL
என்,MY
பழி,BLAME
நினக்கு,TO_YOU
உரைக்கும்,TELLS
தான்,HE
என்ப,SAY
துளி,RAINDROP
நசை,DESIRE
வேட்கையான்,DESIRE
மிசை,UPON
பாடும்,SINGS
புள்ளின்,BIRD
தன்,HIS
அளி,LOVE
நசை,DESIRE
ஆர்வுற்ற,DESIRING
அன்பினேன்,AFFECTIONATE
யான்,I
ஆக,BEING
என,SAY
ஆங்கு,THUS
கலந்த,MIXED
நோய்,SICKNESS
கைம்மிக,INCREASING
கண்,EYE
படா,NOT_SLEEPING
என்,MY
வயின்,AT
புலந்தாயும்,ANGRY
நீ,YOU
ஆயின்,IF
பொய்யானே,FALSE_ONE
வெல்குவை,WILL_VICTORY
இலங்கு,SHINE
தாழ்,LOW
அருவியோட,WATERFALL
அணி,BEAUTY
கொண்ட,HAVING
நின்,YOUR
மலைச்,MOUNTAIN
சிலம்பு,SLOPE
போல்,LIKE
கூறுவ,THINGS_SAID
கூறும்,SAYS
இலங்கு,SHINE
ஏர்,BEAUTY
எல்வளை,BRIGHT_BRACELET
இவள்,SHE
உடை,POSSESSING
நோயே,SICKNESS
ஒன்று,ONE
இரப்பான்,BEGGAR
போல்,LIKE
எளிவந்தும்,EASILY
சொல்லும்,SAYS
உலகம்,WORLD
புரப்பான்,PROTECTOR
போல்வது,LIKE
ஓர்,A
மதுகையும்,INTOXICATION
உடையன்,POSSESSES
வல்லாரை,SKILLED_ONES
வழிபட்டு,WORSHIPING
ஒன்று,ONE
அறிந்தான்,KNOWN
போல்,LIKE
நல்லார்,GOOD_ONES
கண்,IN
தோன்றும்,APPEARS
அடக்கமும்,HUMILITY
உடையன்,POSSESSES
இல்லோர்,POOR_ONES
புன்கண்,SORROW
ஈகையின்,GENEROSITY
தணிக்க,COOL
வல்லான்,ABLE_ONE
போல்வது,LIKE
ஓர்,A
வன்மையும்,STRENGTH
உடையன்,POSSESSES
அன்னான்,SUCH_ONE
ஒருவன்,ONE_MAN
தன்,HIS
ஆண்தகை,MASCULINITY
விட்டு,LEAVING
என்னை,ME
சொல்லும்,SAYS
சொல்,WORD
கேட்டீ,HEAR
சுடர்,BRIGHT
இழாய்,JEWEL
பல்,MANY
மாணும்,BEAUTY
நின்,YOUR
இன்றி,WITHOUT
அமையலேன்,I_CANNOT_BE
யான்,I
என்னும்,SAYS
அவன்,HE
ஆயின்,IF
அன்னான்,SUCH_ONE
சொல்,WORD
நம்புண்டல்,BELIEVING
யார்க்கும்,FOR_ANYONE
இங்கு,HERE
அரிது,DIFFICULT
ஆயின்,IF
என்,WHAT
உற்ற,HAPPENED
பிறர்க்கும்,FOR_OTHERS
ஆங்கு,THERE
உள,THERE_ARE
கொல்லோ,PERHAPS
நறு,FRAGRANT
நுதால்,FOREHEAD
அறியாய்,NOT_KNOWING
நீ,YOU
வருந்துவல்,I_WILL_SUFFER
யான்,I
என்னும்,SAYS
அவன்,HE
ஆயின்,IF
தமியரே,ALONE
துணிகிற்றல்,DECIDING
பெண்டிர்க்கும்,FOR_WOMEN
அரிது,DIFFICULT
ஆயின்,IF
அளியரோ,PITIFUL
எம்,WE
போல,LIKE
ஈங்கு,HERE
இவன்,THIS_MAN
வலைப்பட்டார்,TRAPPED_ONES
வாழலேன்,I_WONT_LIVE
யான்,I
என்னும்,SAYS
நீ,YOU
நீப்பின்,IF_LEAVE
அவன்,HE
ஆயின்,IF
ஏழையர்,FOOLISH_ONES
என,SAY
பலர்,MANY
கூறும்,SAY
சொல்,WORD
பழி,BLAME
ஆயின்,IF
சூழும்கால்,IF_CONSIDER
நினைப்பது,THINKING
ஒன்று,ONE
அறிகலேன்,I_DONT_KNOW
வருந்துவல்,I_WILL_SUFFER
சூழும்கால்,IF_CONSIDER
நறு,FRAGRANT
நுதால்,FOREHEAD
நம்,OUR
உளே,INSIDE
சூழ்குவாம்,LET_US_CONSIDER
அவனை,HIM
நாண்,SHAME
அட,SUPPRESSING
பெயர்த்தல்,TURNING_BACK
நமக்கும்,FOR_US
ஆங்கு,THERE
ஒல்லாது,NOT_POSSIBLE
பேணினர்,LOVERS
எனப்படுதல்,BEING_CALLED
பெண்மையும்,FEMININITY
அன்று,NOT
அவன்,HE
வௌவினன்,SEIZED
முயங்கும்,EMBRACES
மாத்திரம்,ONLY
வா,COME
என,SAY
கூறுவென்,I_WILL_SAY
போல,LIKE
காட்டி,SHOWING
மற்று,FURTHER
அவன்,HIS
மேஎவழி,WHERE
மேவாய்,JOIN
நெஞ்சே,HEART
ஆம்,COW
இழி,FLOWING
அணி,BEAUTIFUL
மலை,MOUNTAIN
அலர்,FLOWER
வேங்கைத்,FLAME_TREE
தகை,BEAUTY
போல,LIKE
தே,HONEY
மூசு,SWARMING
நனை,BLOSSOM
கவுள்,CHEEK
திசை,DIRECTION
காவல்,GUARD
கொளற்கு,TO_TAKE
ஒத்த,FITTING
வாய்,MOUTH
நில்லா,NOT_STAYING
வலி,STRENGTH
முன்பின்,BEHIND
வண்டு,BEE
ஊது,BLOWING
புகர்,SPOT
முகம்,FACE
படு,FALLING
மழை,RAIN
அடுக்கத்த,SLOPES
மா,GREAT
விசும்பு,SKY
ஓங்கிய,RAISED
கடி,FRAGRANT
மரத்,TREE
துருத்திய,ISLAND
கமழ,FRAGRANT
கடாம்,TEMPLE
திகழ்தரும்,SHINES
பெரு,GREAT
களிற்று,MALE_ELEPHANT
இனத்தொட,HERD
வீங்கு,SWOLLEN
எருத்து,NECK
எறுழ்,STRONG
முன்பின்,BEHIND
இரும்,DARK
புலி,TIGER
மயக்குற்ற,CONFUSED
இகல்,BATTLE
மலை,MOUNTAIN
நல்,GOOD
நாட,COUNTRY
வீழ்,FALLING
பெயல்,RAIN
கங்குலின்,NIGHT
விளி,SOUND
ஓர்த்த,LISTENING
ஒடுக்கத்தால்,HIDING
வாழும்,LIVING
நாள்,DAY
சிறந்தவள்,EXCELLENT_SHE
வருந்து,SUFFER
தோள்,SHOULDER
தவறு,FAULT
உண்டோ,IS_THERE
தாழ்,LOW
செறி,TIGHT
கடும்,SEVERE
காப்பின்,PROTECTION
தாய்,MOTHER
முன்னர்,BEFORE
நின்,YOUR
சாரல்,MOUNTAIN_SLOPE
ஊழுறு,OPENING
கோடல்,FLOWER
போல்,LIKE
எல்,BRIGHT
வளை,BRACELET
உகுபவால்,FALL
இனை,GRIEF
இருள்,DARKNESS
இது,THIS
என,SAY
ஏங்கி,CRYING
நின்,YOUR
வரல்,COMING
நசைஇ,DESIRING
நினை,THINKING
துயர்,SORROW
உழப்பவள்,SUFFERING_SHE
பாடு,SONG
இல்,WITHOUT
கண்,EYE
பழி,BLAME
உண்டோ,IS_THERE
இனையள்,SUCH_SHE
என்று,SAY
எடுத்து,RAISING
அரற்றும்,CRIES
அயல்,SIDE
முன்னர்,BEFORE
நின்,YOUR
சுனைக்,POND
கனை,LOUD
பெயல்,RAIN
நீலம்,BLUE_LILY
போல்,LIKE
கண்,EYE
பனி,TEARS
கலுழ்பவால்,WEEPS
பல்,MANY
நாளும்,DAYS
படர்,SUFFERING
அட,SUPPRESSING
பசலையால்,PALLOR
உணப்பட்டாள்,EATEN_SHE
பொன்,GOLD
உரை,SPEECH
மணி,BELL
அன்ன,LIKE
மாமைக்,DARK_BEAUTY
கண்,EYE
பழி,BLAME
உண்டோ,IS_THERE
இன்,SWEET
நுரை,FOAM
செதும்பு,BEE
அரற்றும்,CRIES
செவ்வியுள்,BEAUTY
நின்,YOUR
சோலை,GROVE
மின்,LIGHTNING
உகு,FALLING
தளிர்,TENDER_LEAF
அன்ன,LIKE
மெலிவு,WEAKNESS
வந்து,COMING
உரைப்பதால்,SPEAKS
என,SAY
ஆங்கு,THUS
பின்,AFTER
ஈதல்,GIVING
வேண்டும்,NEED
நீ,YOU
பிரிந்தோள்,SEPARATED_WOMAN
நட்பு,FRIENDSHIP
என,SAY
நீவி,REMOVING
பூங்கண்,FLOWER_EYE
படுதலும்,SLEEPING
அஞ்சுவல்,I_FEAR
தாங்கிய,SUPPORTED
அரும்,DIFFICULT
துயர்,SORROW
அவலம்,DISTRESS
தூக்கின்,IF_LIFT
மருங்கு,SIDE
அறிவாரா,NOT_KNOWING
மலையினும்,THAN_MOUNTAIN
பெரிதே,GREAT
கொடு,CROOKED
வரி,LINE
தாக்கி,ATTACKING
வென்ற,VICTORY
வருத்தமொட,FATIGUE
நெடு,LONG
வரை,MOUNTAIN
மருங்கின்,SIDE
துஞ்சும்,SLEEPS
யானை,ELEPHANT
நனவில்,IN_WAKING
தான்,HE
செய்தது,DONE
மனத்தது,HEART
ஆகலின்,BECAUSE
கனவில்,IN_DREAM
கண்டு,SEEING
கதுமென,SUDDENLY
வெரீஇ,FEARING
புதுவது,NEW
ஆக,AS
மலர்ந்த,BLOOMED
வேங்கையை,FLAME_TREE
அது,THAT
என,SAY
உணர்ந்து,KNOWING
அதன்,ITS
அணி,BEAUTY
நலம்,BEAUTY
முருக்கி,DESTROYING
பேணா,NOT_CARING
முன்பின்,BEHIND
தன்,ITS
சினம்,ANGER
தணிந்து,COOLING
அம்,BEAUTIFUL
மரம்,TREE
காணும்,SEES
பொழுதின்,TIME
நோக்கல்,LOOKING
செல்லாது,NOT_GOING
நாணி,ASHAMED
இறைஞ்சும்,BOWS
நல்,GOOD
மலை,MOUNTAIN
நல்,GOOD
நாட,COUNTRY
போது,FLOWER
எழில்,BEAUTY
மலர்,FLOWER
உண்கண்,BEAUTIFUL_EYE
இவள்,SHE
மாட்டு,TO
நீ,YOU
இன்ன,SUCH
காதலை,LOVE
என்பதோ,IS_IT_SAID
இனிது,SWEET
மற்று,FURTHER
இன்னாதே,UNPLEASANT
மின்,LIGHTNING
ஓரும்,CONSIDER
கண்,EYE
ஆக,AS
இடி,THUNDER
என்னாய்,NOT_SAYING
பெயல்,RAIN
என்னாய்,NOT_SAYING
இன்னது,SUCH_THING
ஓர்,A
ஆர்,FULL
இடை,PLACE
ஈங்கு,HERE
நீ,YOU
வருவதை,COMING
இன்புற,JOYFULLY
அளித்தனை,YOU_FAVORED
இவள்,SHE
மாட்டு,TO
நீ,YOU
இன்ன,SUCH
அன்பினை,AFFECTION
என்பதோ,IS_IT_SAID
இனிது,SWEET
மற்று,FURTHER
இன்னாதே,UNPLEASANT
மணம்,FRAGRANCE
கமழ,EMITTING
மார்பினை,CHEST
மஞ்சு,CLOUD
இவர்,RISING
அடுக்கம்,SLOPES
போழ்ந்து,PIERCING
அணங்கு,GODDESS
உடை,HAVING
ஆர்,FULL
இடை,PLACE
ஈங்கு,HERE
நீ,YOU
வருவதை,COMING
இருள்,DARKNESS
உறழ்,RESEMBLE
இரும்,DARK
கூந்தல்,HAIR
இவள்,SHE
மாட்டு,TO
நீ,YOU
இன்ன,SUCH
அருளினை,MERCY
என்பதோ,IS_IT_SAID
இனிது,SWEET
மற்று,FURTHER
இன்னாதே,UNPLEASANT
ஒளிறு,SHINING
வேல்,SPEAR
வலன்,RIGHT
ஏந்தி,HOLDING
ஒருவன்,ONE_MAN
யான்,I
என்னாது,WITHOUT_SAYING
களிறு,ELEPHANT
இயங்கு,MOVING
ஆர்,FULL
இடை,PLACE
ஈங்கு,HERE
நீ,YOU
வருவதை,COMING
அதனால்,THEREFORE
இரவின்,AT_NIGHT
வாரல்,DONT_COME
ஐய,FRIEND
விரவு,MIXED
வீ,FLOWER
அகல்,BROAD
அறை,CAVE
வரிக்கும்,STRIPES
சாரல்,MOUNTAIN_SLOPE
பகலும்,DAY
பெறுவை,YOU_WILL_GET
இவள்,SHE
தட,SOFT
மென்தோள்,SOFT_SHOULDER
வாங்கு,ATTRACTIVE
கோல்,STAFF
நெல்லொட,PADDY
வாங்கி,PULLING
வரு,COMING
வைகல்,DAY
மூங்கில்,BAMBOO
மிசைந்த,ATE
முழந்தாள்,KNEES
இரும்,DARK
பிடி,FEMALE_ELEPHANT
தூங்கு,SWINGING
இலை,LEAF
வாழை,BANANA_TREE
நளி,THICKET
புக்கு,ENTERING
ஞாங்கர்,SIDE
வருடை,DEER
மட,SOFT
மறி,FAWN
ஊர்வு,RIDING
இடை,PLACE
துஞ்சும்,SLEEPS
இருள்,DARKNESS
தூங்கு,SWINGING
சோலை,GROVE
இலங்கு,SHINE
நீர்,WATER
வெற்ப,MOUNTAIN
அரவின்,SNAKE
பொறியும்,SPOT
அணங்கும்,GODDESS
புணர்ந்த,JOINED
உரவு,STRONG
வில்,BOW
மேல்,UPON
அசைத்த,SWINGING
கையை,HAND
ஓராங்கு,TOGETHER
நிரை,LINE
வளை,BRACELET
முன்கை,FOREARM
என்,MY
தோழியை,FRIEND
நோக்கி,LOOKING
படி,BIRD
கிளி,PARROT
பாயும்,JUMPS
பசும்,GREEN
குரல்,GRAIN_EAR
ஏனல்,FIELD
கடிதல்,DRIVING
மறப்பித்தாய்,MADE_FORGET
ஆயின்,IF
இனி,NOW
நீ,YOU
நெடிது,LONG
உள்ளல்,THINKING
ஓம்புதல்,PROTECTING
வேண்டும்,NEED
இவளே,SHE
பல்,MANY
கோள்,FRUIT
பலவின்,JACKFRUIT_TREE
பயிர்ப்பு,RIPENESS
உறு,HAVING
தீம்,SWEET
கனி,FRUIT
அல்கு,RESIDING
அறை,CAVE
கொண்டு,TAKING
ஊண்,FOOD
அமலை,LEFTOVER
சிறுகுடி,SMALL_VILLAGE
நல்கூர்ந்தார்,POOR_PEOPLE
செல்வ,WEALTHY
மகள்,DAUGHTER
நீயே,YOU
வளியின்,WIND
இகல்,STRENGTH
மிகும்,INCREASES
தேரும்,CHARIOT
களிறும்,ELEPHANT
தளியின்,RAIN
சிறந்தனை,EXCELLED
வந்த,COME
புலவர்க்கு,POETS
அளியொட,MERCY
கைதூவலை,GIVER
அதனால்,THEREFORE
கடு,FAST
மா,ANIMAL
கடவுறூஉம்,DRIVES
கோல்,SCEPTER
போல்,LIKE
எனைத்தும்,HOW_MUCH
கொடுமை,CRUELTY
இலை,NOT
ஆவது,BEING
அறிந்தும்,KNOWING
அடுப்பல்,I_WILL_COOK
வழை,OAK
வளர்,GROWING
சாரல்,MOUNTAIN_SLOPE
வருடை,DEER
நல்,GOOD
மான்,DEER
குழவி,FAWN
வளர்ப்பவர்,RAISERS
போல,LIKE
பாராட்டி,CARING
உழையின்,NEAR
பிரியின்,IF_SEPARATE
பிரியும்,WILL_SEPARATE
இழை,JEWEL
அணி,BEAUTIFUL
அல்குல்,WAIST
என்,MY
தோழியது,FRIEND
கவினே,BEAUTY
சுடர்,BRIGHT
தொடீஇ,BRACELET
கேளாய்,LISTEN
தெருவில்,STREET
நாம்,WE
ஆடும்,PLAY
மணல்,SAND
சிற்றில்,SMALL_HOUSE
காலின்,WIND
சிதையா,NOT_DESTROYED
அடைச்சிய,THATCHED
கோதை,GARLAND
பரிந்து,LOVINGLY
வரிப்,LINE
பந்து,BALL
கொண்டு,TAKING
ஓடி,RUNNING
நோதக்க,PAINFUL
செய்யும்,DOES
சிறு,SMALL
பட்டி,GIRL
மேல்,ABOVE
ஓர்,A
நாள்,DAY
அன்னையும்,MOTHER
யானும்,I
இருந்தேமா,WE_WERE
இல்லிரே,PEOPLE_AT_HOME
உண்ணு,DRINK
நீர்,WATER
வேட்டேன்,I_WANT
என,SAY
வந்தாற்கு,WHO_CAME
அன்னை,MOTHER
அடர்,DENSE
பொன்,GOLD
சிரகத்தால்,POT
வாக்கி,MAKING
சுடர்,BRIGHT
இழாய்,JEWEL
உண்ணு,DRINK
நீர்,WATER
ஊட்டி,FEED
வா,COME
என்றாள்,SHE_SAID
என,SAY
யானும்,I
தன்னை,HER
அறியாது,NOT_KNOWING
சென்றேன்,I_WENT
மற்று,FURTHER
என்னை,ME
வளை,BRACELET
முன்கை,FOREARM
பற்றி,GRASPING
நலிய,PRESSING
தெருமந்திட்டு,BEING_CONFUSED
அன்னாய்,MOTHER
இவன்,THIS_MAN
ஒருவன்,ONE
செய்தது,DONE
காண்,SEE
என்றேனா,I_SAID
அன்னை,MOTHER
அலறி,SCREAMING
படர்தர,SPREADING
தன்னை,HIM
யான்,I
உண்ணு,DRINK
நீர்,WATER
விக்கினான்,CHOKED
என்றேனா,I_SAID
அன்னையும்,MOTHER
தன்னை,HIM
புறம்பு,OUTSIDE
அழித்து,REMOVING
நீவ,STROKING
மற்று,FURTHER
என்னை,ME
கடைக்,END
கண்ணால்,EYE
கொல்வான்,KILLER
போல்,LIKE
நோக்கி,LOOKING
நகை,SMILE
கூட்டம்,GATHERING
செய்தான்,DID
அக்,THAT
கள்வன்,THIEF
மகன்,SON
முறம்,SHIELD
செவி,EAR
மறைப்,HIDDEN
பாய்பு,SPRINGING
முரண்,STRENGTH
செய்த,WHO_DID
புலி,TIGER
செத்து,DYING
மறம்,VALOR
தலைக்கொண்ட,TAKEN_HEAD
நூற்றுவர்,HUNDRED_PEOPLE
தலைவனை,LEADER
குறங்கு,THIGH
அறுத்திடுவான்,CUTTER
போல்,LIKE
கூர்,SHARP
நுதி,POINT
மடுத்து,PLACING
அதன்,ITS
நிறம்,COLOR
சாடி,DESTROYING
முரண்,STRENGTH
தீர்ந்த,REMOVED
நீள்,LONG
மருப்பு,TUSK
எழில்,BEAUTY
யானை,ELEPHANT
மல்லரை,WRESTLERS
மறம்,VALOR
சாய்த்த,DESTROYED
மால்,GOD
போல்,LIKE
தன்,HIS
கிளை,RELATIVES
நாப்பண்,AMONG
கல்,STONE
உயர்,HIGH
நனம்,BROAD
சாரல்,MOUNTAIN_SLOPE
கலந்து,MIXING
இயலும்,MOVES
நாட,COUNTRY
கேள்,LISTEN
தாமரை,LOTUS
கண்ணியை,GARLANDED_ONE
தண்,COOL
நறும்,FRAGRANT
சாந்தினை,SANDALWOOD
நேர்,STRAIGHT
இதழ்க்,PETAL
கோதையாள்,GARLANDED_WOMAN
செய்,DONE
குறி,SIGN
நீ,YOU
வரின்,IF_COME
மணம்,FRAGRANCE
கமழ,EMITTING
நாற்றத்த,SMELL
மலை,MOUNTAIN
நின்று,STANDING
பலி,OFFERING
பெறூஉம்,RECEIVES
அணங்கு,GODDESS
என,SAY
அஞ்சுவர்,FEAR
சிறுகுடியோரே,SMALL_VILLAGE_PEOPLE
ஈர்ந்,MOIST
தண்,COOL
ஆடையை,GARMENT
எல்லி,NIGHT
மாலையை,EVENING
சோர்ந்து,FALLING
வீழ்,FALLING
கதுப்பினாள்,HAIR
செய்,DONE
குறி,SIGN
நீ,YOU
வரின்,IF_COME
ஒளி,LIGHT
திகழ்,SHINE
ஞெகிழியர்,BRACELET
கவணையர்,SLING
வில்லர்,BOWMEN
களிறு,ELEPHANT
என,SAY
ஆர்ப்பவர்,SHOUTERS
ஏனல்,FIELD
காவலரே,GUARDS
ஆர,NECKLACE
மார்பினை,CHEST
அண்ணலை,LORD
அளியை,MERCIFUL_ONE
ஐது,BEAUTIFUL
அகல்,BROAD
அல்குலாள்,WAIST_WOMAN
செய்,DONE
குறி,SIGN
நீ,YOU
வரின்,IF_COME
கறி,SPICE
வளர்,GROWING
சிலம்பில்,MOUNTAIN
வழங்கல்,MOVING
ஆனாப்,UNCEASING
புலி,TIGER
என்று,SAY
ஓர்க்கும்,HEARS
இக்,THIS
கலி,NOISE
கேழ்,NATURE
ஊரே,VILLAGE
என,SAY
ஆங்கு,THUS
விலங்கு,ANIMAL
ஓரார்,NOT_CONSIDER
மெய்,TRUTH
ஓர்ப்பின்,IF_CONSIDER
இவள்,SHE
வாழாள்,WONT_LIVE
இவள்,SHE
அன்றி,EXCEPT
புலம்,FIELD
புகழ்,FAME
ஒருவ,GREAT_ONE
யானும்,I
வாழேன்,WONT_LIVE
அதனால்,THEREFORE
பொதி,PACK
அவிழ்,OPENING
வைகறை,DAWN
வந்து,COMING
நீ,YOU
குறை,FAULT
கூறி,SAYING
வதுவை,MARRIAGE
அயர்தல்,CELEBRATING
வேண்டுவல்,I_WANT
ஆங்கு,THERE
புதுவை,NEW
போலும்,LIKE
நின்,YOUR
வரவும்,COMING
இவள்,SHE
வதுவை,MARRIAGE
நாண்,SHAME
ஒடுக்கமும்,HUMILITY
காண்குவல்,I_WILL_SEE
யானே,I
வறன்,DRYNESS
உறல்,HAPPENING
அறியாத,NOT_KNOWING
வழை,OAK
அமை,BEAUTIFUL
நறும்,FRAGRANT
சாரல்,MOUNTAIN_SLOPE
விறல்,VALOR
மலை,MOUNTAIN
வியல்,BROAD
அறை,CAVE
வீழ்,LOVING
பிடி,FEMALE_ELEPHANT
உழையதா,NEAR
மறம்,VALOR
மிகு,GREAT
வேழம்,ELEPHANT
தன்,ITS
மாறு,OPPOSITE
கொள்,HAVING
மைந்தினான்,STRENGTH
புகர்,SPOT
நுதல்,FOREHEAD
புண்,WOUND
செய்த,WHO_DID
புய்,SHOULDER
கோடு,TUSK
போல்,LIKE
உயர்,HIGH
முகை,BUD
நறும்,FRAGRANT
காந்தள்,KANTHAL_FLOWER
நாள்,DAY
தோறும்,EVERY
புதிது,NEWLY
ஈன,GIVES_BIRTH
அயம்,DEPTH
நந்தி,PROSPERING
அணிபெற,OBTAINING_BEAUTY
அருவி,WATERFALL
ஆர்த்து,SOUNDING
இழிதரும்,FLOWS
பய,FRUITFUL
மழை,RAIN
தலைஇய,LEADING
பாடு,SONG
சால்,ABOUNDING
விறல்,VALOR
வெற்ப,MOUNTAIN
மறையினின்,SECRETLY
மணந்து,MARRYING
ஆங்கே,THERE
மருவு,AFFECTION
அற,WITHOUT
துறந்த,LEFT
பின்,AFTER
இறை,LORD
வளை,BRACELET
நெகிழ்பு,LOOSENING
ஓட,RUN
ஏற்பவும்,ACCEPTING
ஒல்லும்மன்,POSSIBLE
அயல்,OTHERS
அலர்,GOSSIP
தூற்றலின்,GOSSIPING
ஆய்,BEAUTIFUL
நலன்,BEAUTY
இழந்த,LOST
கண்,EYE
கயல்,CARP
உமிழ்,SPIT
நீர்,WATER
போல,LIKE
கண்,EYE
பனி,TEARS
கலுழாக்கால்,IF_WEEPS
இனிய,SWEET
செய்து,DOING
அகன்று,GONE
நீ,YOU
இன்னாதாத்,UNPLEASANTLY
துறத்தலின்,LEAVING
பனி,TEARS
இவள்,SHE
படர்,SUFFERING
என,SAY
பரவாமை,PRAISING
ஒல்லும்மன்,POSSIBLE
ஊர்,VILLAGE
அலர்,GOSSIP
தூற்றலின்,GOSSIPING
ஒளி,LIGHT
ஓடி,RUNNING
நறு,FRAGRANT
நுதல்,FOREHEAD
பீர்,FLOWER
அலர்,FLOWER
அணி,BEAUTY
கொண்டு,HAVING
பிறை,CRESCENT
வனப்பு,BEAUTY
இழவாக்கால்,IF_LOSE
அஞ்சல்,DONT_FEAR
என்று,SAY
அகன்று,GONE
நீ,YOU
அருளாது,MERCILESS
துறத்தலின்,LEAVING
நெஞ்சு,HEART
அழி,PERISHING
துயர்,SORROW
அட,SUPPRESSING
நிறுப்பவும்,STOPPING
இயையும்மன்,POSSIBLE
நனவினால்,IN_WAKING
நலம்,BEAUTY
வாட,FADE
நலிதந்த,CAUSED_SUFFERING
நடுங்கு,TREMBLING
அஞர்,FEAR
கனவினால்,IN_DREAM
அழிவுற்று,PERISHING
கங்குலும்,NIGHT
ஆற்றாக்கால்,IF_UNABLE
என,SAY
ஆங்கு,THUS
விளியா,NOT_PERISHING
நோய்,SICKNESS
உழந்து,SUFFERING
ஆனா,UNCEASING
என்,MY
தோழி,FRIEND
நின்,YOUR
மலை,MOUNTAIN
முளிவுற,SPROUTING
வருந்திய,SUFFERED
முளை,SPROUT
முதிர,RIPENED
சிறு,SMALL
தினை,MILLET
தளி,RAIN
பெற,OBTAINING
தகைபெற்றாங்கு,OBTAINED_BEAUTY_LIKE
நின்,YOUR
அளி,MERCY
பெற,OBTAINING
நந்தும்,PROSPERS
இவள்,SHE
ஆய்,BEAUTIFUL
நுதல்,FOREHEAD
கவினே,BEAUTY
கொடியவும்,CRUEL
கோட்டவும்,CROOKED
நீர்,WATER
இன்றி,WITHOUT
நிறம்,COLOR
பெற,OBTAIN
பொடி,DUST
அழல்,FIRE
புறந்தந்த,PROTECTED
பூவாப்,FLOWER
பூம்,FLOWER
பொலன்,GOLD
கோதை,GARLAND
தொடி,BRACELET
செறி,TIGHT
யாப்பு,COMPOSITION
அமை,BEAUTIFUL
அரி,LION
முன்கை,FOREARM
அணைத்,BED
தோளாய்,SHOULDER
அடி,FOOT
உறை,RESIDE
அருளாமை,MERCILESSNESS
ஒத்ததோ,IS_IT_FITTING
நினக்கு,FOR_YOU
என்ன,SAYING
நரந்தம்,FRAGRANT_GRASS
நாறு,EMITTING
இரும்,DARK
கூந்தல்,HAIR
எஞ்சாது,WITHOUT_REMAINING
நனி,MUCH
பற்றி,GRASPING
பொலம்,GOLD
புனை,ADORNED
மகரவாய்,MAKARA_MOUTH
நுங்கிய,SUCKED
சிகழிகை,HAIR_BUN
நலம்பெற,OBTAINING_BEAUTY
சுற்றிய,SURROUNDED
குரல்,VOICE
அமை,BEAUTIFUL
ஒரு,ONE
காழ்,STRING
விரல்,FINGER
முறை,ORDER
சுற்றி,TWISTING
மோக்கலும்,KISSING
மோந்தனன்,SMELLED
நறாஅ,HONEY
அவிழ்ந்தன்ன,BLOOMED_LIKE
என்,MY
மெல்,SOFT
விரல்,FINGER
போது,FLOWER
கொண்டு,TAKING
செறாஅ,NOT_ANGRY
செங்கண்,RED_EYE
புதைய,HIDING
வைத்து,KEEPING
பறாஅ,FLYING
குருகின்,HERON
உயிர்த்தலும்,BREATHING
உயிர்த்தனன்,BREATHED
தொய்யில்,PAINTING
இள,SOFT
முலை,BREAST
இனிய,SWEET
தைவந்து,STROKING
தொய்யல்,PAINTING
அம்,BEAUTIFUL
தடம்,LARGE
கையின்,HAND
வீழ்,LOVING
பிடி,FEMALE_ELEPHANT
அளிக்கும்,PROTECTS
மையல்,CONFUSION
யானையின்,ELEPHANT
மருட்டலும்,FLATTERING
மருட்டினன்,FLATTERED
அதனால்,THEREFORE
அல்லல்,DISTRESS
களைந்தனன்,REMOVED
தோழி,FRIEND
நம்,OUR
நகர்,HOUSE
அரும்,DIFFICULT
கடி,GUARD
நீவாமை,NOT_STROKING
கூறின்,IF_SAY
நன்று,GOOD
என,SAY
நின்னொடு,WITH_YOU
சூழ்வல்,I_WILL_CONSIDER
தோழி,FRIEND
நயம்,GOODNESS
புரிந்து,LOVING
இன்னது,SUCH
செய்தாள்,DID_SHE
இவள்,SHE
என,SAY
மன்னா,NOT_PERMANENT
உலகத்து,WORLD
மன்னுவது,PERMANENT
புரைமே,RESEMBLES
மின்,LIGHTNING
ஒளிர்,SHINE
அவிர்,GLITTER
அறல்,SAND
இடை,PLACE
போழும்,PIERCES
பெயலே,RAIN
போல்,LIKE
பொன்,GOLD
அகை,SPLIT
தகை,BEAUTY
வகிர்,SPLIT
வகை,METHOD
நெறி,WAY
வயங்கிட்டு,SHINING
போழ்,PIERCE
இடை,PLACE
இட்ட,PLACED
கமழ்,FRAGRANT
நறும்,FRAGRANT
பூங்கோதை,FLOWER_GARLAND
இன்,SWEET
நகை,SMILE
இலங்கு,SHINE
எயிற்று,TOOTH
தேமொழி,HONEY_WORD
துவர்ச்,RED
செவ்வாய்,RED_MOUTH
நல்,GOOD
நுதால்,FOREHEAD
நினக்கு,FOR_YOU
ஒன்று,ONE
கூறுவாம்,WE_WILL_SAY
கேள்,LISTEN
இனி,NOW
நில்,STOP
என,SAY
நிறுத்தான்,STOPPED
நிறுத்தே,STOPPING
வந்து,COME
நுதலும்,FOREHEAD
முகனும்,FACE
தோளும்,SHOULDER
கண்ணும்,EYE
இயலும்,NATURE
சொல்லும்,WORD
நோக்குபு,LOOKING
நினைஇ,THINKING
ஐ,FIVE
தேய்ந்தன்று,WANED
பிறையும்,CRESCENT
அன்று,NOT
மை,DARK
தீர்ந்தன்று,REMOVED
மதியும்,MOON
அன்று,NOT
வேய்,BAMBOO
அமன்றன்று,THICK
மலையும்,MOUNTAIN
அன்று,NOT
பூ,FLOWER
அமன்றன்று,THICK
சுனையும்,POND
அன்று,NOT
மெல்ல,SOFTLY
இயலும்,MOVES
மயிலும்,PEACOCK
அன்று,NOT
சொல்லத்,SPEAKING
தளரும்,FALTERS
கிளியும்,PARROT
அன்று,NOT
என,SAY
ஆங்கு,THUS
அனையன,SUCH
பல,MANY
பாராட்டி,PRAISING
பையென,SLOWLY
வலைவர்,HUNTERS
போல,LIKE
சோர்,LEAN
பதன்,PLACE
ஒற்றி,SPYING
புலையர்,OUTCASTES
போல,LIKE
புன்கண்,SORROW
நோக்கி,LOOKING
தொழலும்,WORSHIPING
தொழுதான்,WORSHIPED
தொடலும்,TOUCHING
தொட்டான்,TOUCHED
காழ்,STRENGTH
வரை,LIMIT
நில்லாக,NOT_STANDING
கடும்,FIERCE
களிறு,MALE_ELEPHANT
அன்னோன்,SUCH_ONE
தொழூஉம்,WORSHIPS
தொடூஉம்,TOUCHES
அவன்,HE
தன்மை,NATURE
ஏழைத்,POOR
தன்மையோ,NATURE
இல்லை,NOT
தோழி,FRIEND
ஊர்க்,VILLAGE
கால்,PLACE
நிவந்த,RAISED
பொதும்பருள்,THICKET
நீர்க்,WATER
கால்,PLACE
கொழு,FERTILE
நிழல்,SHADE
ஞாழல்,NJAZHAL_TREE
முதிர,RIPENED
இணர்,CLUSTER
கொண்டு,TAKING
கழும,FULLY
முடித்துக்,TIED
கண்,EYE
கூடு,JOINED
கூழை,HAIR_BUN
சுவல்,SHOULDER
மிசை,UPON
தாதொட,POLLEN
தாழ,HANGING
அகல்,BROAD
மதி,MOON
தீம்,SWEET
கதிர,RAY
விட்டது,EMITTED
போல,LIKE
முகன்,FACE
அமர்ந்து,SEATED
ஈங்கே,HERE
வருவாள்,COMING_SHE
இவள்,SHE
யார்,WHO
கொல்,PERHAPS
ஆங்கே,THERE
ஓர்,A
வல்லவன்,SKILLED_ONE
தைஇய,MADE
பாவை,DOLL
கொல்,PERHAPS
நல்லார்,GOOD_ONES
உறுப்பு,LIMBS
எலாம்,ALL
கொண்டு,TAKING
இயற்றியாள்,MADE_SHE
கொல்,PERHAPS
வெறுப்பினால்,DISLIKE
வேண்டு,DESIRED
உருவம்,FORM
கொண்டது,TOOK
ஓர்,A
கூற்றம்,DEATH
கொல்,PERHAPS
ஆண்டார்,THERE_PEOPLE
கடிது,QUICKLY
இவளை,HER
காவார்,PROTECT
விடுதல்,LEAVING
கொடி,CREEPER
இயல்,NATURE
பல்,MANY
கலைச்,ART
சில்,FEW
பூங்கலிங்கத்தள்,FLOWER_GARMENTED
ஈங்கு,HERE
இது,THIS
ஓர்,A
நல்கூர்ந்தார்,POOR_PEOPLE
செல்வ,WEALTHY
மகள்,DAUGHTER
இவளை,HER
சொல்லாடி,SPEAKING
காண்பேன்,I_WILL_SEE
தகைத்து,FITTING
நல்லாய்,GOOD_WOMAN
கேள்,LISTEN
ஆய்,BEAUTIFUL
தூவி,FEATHER
அனம்,GOOSE
என,SAY
அணி,BEAUTIFUL
மயில்,PEACOCK
பெடை,FEMALE
என,SAY
தூது,MESSENGER
உண்,EATING
அம்,BEAUTIFUL
புறவு,DOVE
என,SAY
துதைந்த,CLINGING
நின்,YOUR
எழில்,BEAUTY
நலம்,BEAUTY
மாதர்,WOMEN
கொள்,HAVING
மான்,DEER
நோக்கின்,LOOK
மட,SOFT
நல்லாய்,GOOD_WOMAN
நின்,YOUR
கண்டார்ப்,THOSE_WHO_SEE
பேதுறூஉம்,CONFUSES
என்பதை,THAT
அறிதியோ,DO_YOU_KNOW
அறியாயோ,DONT_YOU_KNOW
நுணங்கு,SLENDER
அமைத்,BEAUTIFUL
திரள்,LUMP
என,SAY
நுண்,FINE
இழை,JEWEL
அணை,BED
என,SAY
முழங்கு,ROARING
நீர்ப்,WATER
புணை,RAFT
என,SAY
அமைந்த,COMPOSED
நின்,YOUR
தட,SOFT
மென்தோள்,SOFT_SHOULDER
வணங்கு,BOWED
இறை,LORD
வால்,WHITE
எயிற்று,TOOTH
அம்,BEAUTIFUL
நல்லாய்,GOOD_WOMAN
நின்,YOUR
கண்டார்க்கு,FOR_THOSE_WHO_SEE
அணங்கு,GODDESS
ஆகும்,BECOMES
என்பதை,THAT
அறிதியோ,DO_YOU_KNOW
அறியாயோ,DONT_YOU_KNOW
முதிர,RIPENED
கோங்கின்,KONGAM_TREE
முகை,BUD
என,SAY
முகம்,FACE
செய்த,MADE
குரும்பை,TENDER_BREAST
என,SAY
பெயல்,RAIN
துளி,DROP
முகிழ்,BUD
என,SAY
பெருத்த,FILLED
நின்,YOUR
இள,SOFT
முலை,BREAST
மயிர்,HAIR
வார்ந்த,FLOWING
வரி,LINE
முன்கை,FOREARM
மட,SOFT
நல்லாய்,GOOD_WOMAN
நின்,YOUR
கண்டார்,THOSE_WHO_SEE
உயிர,LIFE
வாங்கும்,TAKES
என்பதை,THAT
உணர்தியோ,DO_YOU_KNOW
உணராயோ,DONT_YOU_KNOW
என,SAY
ஆங்கு,THUS
பேதுற்றாய்ப்,BEING_CONFUSED
போல,LIKE
பிறர்,OTHERS
எவ்வம்,DISTRESS
நீ,YOU
அறியாய்,NOT_KNOWING
யாது,WHAT
ஒன்றும்,ANYTHING
வாய்,MOUTH
வாளாது,WITHOUT_BEING_ABLE
இறந்தீவாய்,PASS
கேள்,LISTEN
இனி,NOW
நீயும்,YOU
தவறு,FAULT
இலை,NOT
நின்னை,YOU
புறங்கடை,BACK_PLACE
போதர,GO
விட்ட,LEFT
நுமரும்,YOUR_PEOPLE
தவறு,FAULT
இலர்,NOT
நிறை,FULLNESS
அழி,DESTROYED
கொல்,KILLING
யானை,ELEPHANT
நீர்க்கு,WATER
விட்டாங்கு,LEFT_LIKE
பறை,DRUM
அறைந்து,BEATING
அல்லது,EXCEPT
செல்லற்க,NOT_GO
என்னா,SAYING
வேய்,BAMBOO
என,SAY
திரண்ட,ASSEMBLED
தோள்,SHOULDER
வெறி,FRAGRANCE
கமழ,EMITTING
வணர்,CURLY
ஐம்பால்,FIVE_HAIR
மா,GREAT
வென்ற,VICTORIOUS
மட,SOFT
நோக்கின்,LOOK
மயில்,PEACOCK
இயல்,NATURE
தளர்பு,FALTERING
ஒல்கி,LEANING
ஆய்,BEAUTIFUL
சிலம்பு,ANKLET
அரி,LION
ஆர்ப்ப,SOUNDING
அவிர்,SHINE
ஒளி,LIGHT
இழை,JEWEL
இமைப்ப,BLINKING
கொடி,CREEPER
என,SAY
மின்,LIGHTNING
என,SAY
அணங்கு,GODDESS
என,SAY
யாது,WHAT
ஒன்றும்,ANYTHING
தெரிகல்லா,NOT_KNOWING
இடையின்,WAIST
கண்,EYE
கண்,EYE
கவர்பு,ATTRACTING
ஒருங்கு,TOGETHER
ஓட,RUN
வளமை,PROSPERITY
சால்,ABOUNDING
உயர்,HIGH
சிறப்பின்,GLORY
நுந்தை,YOUR_FATHER
தொல்,ANCIENT
வியல்,BROAD
நகர்,HOUSE
இளமையான்,YOUTH
எறி,THROWING
பந்தொட,BALL
இகத்தந்தாய்,LEFT_CAME
கேள்,LISTEN
இனி,NOW
பூம்,FLOWER
தண்,COOL
தார்ப்,GARLAND
புலர்,DAWN
சாந்தின்,SANDALWOOD
தென்னவன்,PANDYAN_KING
உயர்,HIGH
கூடல்,MADURAI
தேம்,HONEY
பாய,FLOWING
அவிழ்,BLOOM
நீலத்த,BLUE_LILY
அலர்,FLOWER
வென்ற,VICTORIOUS
அமர்,WAR
உண்கண்,BEAUTIFUL_EYE
ஏந்து,RAISED
கோட்டு,TUSK
எழில்,BEAUTY
யானை,ELEPHANT
ஒன்னாதார்க்கு,ENEMIES
அவன்,HIS
வேலின்,SPEAR
சேந்து,GOING
நீ,YOU
இனையையால்,SUCH_YOU
ஒத்ததோ,IS_IT_FITTING
சின்,SMALL
மொழி,WORD
பொழி,POURING
பெயல்,RAIN
வண்மையான்,GENEROSITY
அசோகம்,ASOKA_TREE
தண்,COOL
காவினுள்,GROVE
கழி,EXCESS
கவின்,BEAUTY
இள,SOFT
மாவின்,MANGO_TREE
தளிர்,TENDER_LEAF
அன்னாய்,LIKE
அதன்,ITS
தலைப்,HEAD
பணை,DRUM
அமை,BEAUTIFUL
பாய்,SPRINGING
மான்,DEER
தேர்,CHARIOT
அவன்,HE
செற்றார்,ENEMIES
நிறம்,COLOR
பாய்ந்த,SPRANG
கணையினும்,ARROW
நோய்,SICKNESS
செய்தல்,DOING
கடப்பு,DUTY
அன்றோ,IS_IT_NOT
கனம்,HEAVY
குழாய்,EARRING
வகை,METHOD
அமை,BEAUTIFUL
தண்,COOL
தாரான்,GARLANDED_ONE
கோடு,TUSK
உயர்,HIGH
பொருப்பின்,MOUNTAIN
மேல்,UPON
தகை,BEAUTY
இணர்,CLUSTER
இள,SOFT
வேங்கை,FLAME_TREE
மலர்,FLOWER
அன்ன,LIKE
சுணங்கினாய்,FRECKLED_ONE
மத,IN_HEAT
வலி,STRENGTH
மிகு,GREAT
கடாஅத்து,TEMPLE
அவன்,HIS
யானை,ELEPHANT
மருப்பினும்,TUSK
கதவவால்,WILL_CLOSE
தக்கதோ,IS_IT_FITTING
காழ்,STRENGTH
கொண்ட,HAVING
இள,SOFT
முலை,BREAST
என,SAY
ஆங்கு,THUS
இனையன,SUCH_THINGS
கூற,SAYING
இறைஞ்சுபு,BOWING
நிலம்,GROUND
நோக்கி,LOOKING
நினையுபு,THINKING
நெடிது,LONG
ஒன்று,ONE
நினைப்பாள்,THINKING_SHE
போல்,LIKE
மற்று,FURTHER
ஆங்கே,THERE
துணை,COMPANION
அமை,BEAUTIFUL
தோழியர்க்கு,TO_FRIENDS
அமர்த்த,SEATED
கண்ணள்,EYED
மனை,HOUSE
ஆங்குப்,THERE
பெயர்ந்தாள்,RETURNED
என்,MY
அறிவு,KNOWLEDGE
அகப்படுத்தே,TRAPPED
வார்,LONG
உறு,TOUCHING
வணர்,CURLY
ஐம்பால்,FIVE_HAIR
வணங்கு,BOWED
இறை,LORD
நெடு,LONG
மென்தோள்,SOFT_SHOULDER
பேர்,GREAT
எழில்,BEAUTY
மலர்,FLOWER
உண்கண்,BEAUTIFUL_EYE
பிணை,FEMALE_DEER
எழில்,BEAUTY
மான்,DEER
நோக்கின்,LOOK
கார்,RAIN
எதிர்,OPPOSITE
தளிர்,TENDER_LEAF
மேனிக்,BODY
கவின்,BEAUTY
பெறு,OBTAINING
சுடர்,BRIGHT
நுதல்,FOREHEAD
கூர்,SHARP
எயிற்று,TOOTH
முகை,BUD
வெண்பல்,WHITE_TEETH
கொடி,CREEPER
புரையும்,RESEMBLES
நுசுப்பினாய்,WAIST
நேர்,STRAIGHT
சிலம்பு,ANKLET
அரி,LION
ஆர்ப்ப,SOUNDING
நிரை,LINE
தொடிக்,BRACELET
கை,HAND
வீசினை,SWINGING
ஆர்,DEAR
உயிர,LIFE
வௌவிக்கொண்டு,SEIZING
அறிந்தீயாது,NOT_KNOWING
இறப்பாய்,PASS
கேள்,LISTEN
உளனா,IS_THERE
என்,MY
உயிரை,LIFE
உண்டு,EATING
உயவு,SUFFERING
நோய்,SICKNESS
கைம்மிக,INCREASING
இளமையான்,YOUTH
உணராதாய்,NOT_KNOWING
நின்,YOUR
தவறு,FAULT
இல்லானும்,EVEN_IF_NOT
களைநர்,REMOVERS
இல்,WITHOUT
நோய்,SICKNESS
செய்யும்,DOES
கவின்,BEAUTY
அறிந்து,KNOWING
அணிந்து,ADORNING
தம்,THEIR
வளமையான்,PROSPERITY
போத்தந்த,BROUGHT
நுமர்,YOUR_PEOPLE
தவறு,FAULT
இல்,NOT
என்பாய்,YOU_SAY
நடை,GAIT
மெலிந்து,BECOMING_WEAK
அயர்வு,TIREDNESS
உறீஇ,CAUSING
நாளும்,DAILY
என்,MY
நலியும்,TROUBLES
நோய்,SICKNESS
மடமையான்,FOOLISHNESS
உணராதாய்,NOT_KNOWING
நின்,YOUR
தவறு,FAULT
இல்லானும்,EVEN_IF_NOT
இடை,PLACE
நில்லாது,NOT_STANDING
எய்க்கும்,SHOOTS
நின்,YOUR
உரு,FORM
அறிந்து,KNOWING
அணிந்து,ADORNING
தம்,THEIR
உடைமையால்,POSSESSION
போத்தந்த,BROUGHT
நுமர்,YOUR_PEOPLE
தவறு,FAULT
இல்,NOT
என்பாய்,YOU_SAY
அல்லல்,DISTRESS
கூர்ந்து,INCREASING
அழிவுற,PERISHING
அணங்கு,GODDESS
ஆகி,BECOMING
அடரும்,OVERPOWERS
நோய்,SICKNESS
சொல்லினும்,EVEN_IF_SAID
அறியாதாய்,NOT_KNOWING
நின்,YOUR
தவறு,FAULT
இல்லானும்,EVEN_IF_NOT
ஒல்லையே,QUICKLY
உயிர,LIFE
வௌவும்,SEIZES
உரு,FORM
அறிந்து,KNOWING
அணிந்து,ADORNING
தம்,THEIR
செல்வத்தால்,WEALTH
போத்தந்த,BROUGHT
நுமர்,YOUR_PEOPLE
தவறு,FAULT
இல்,NOT
என்பாய்,YOU_SAY
என,SAY
ஆங்கு,THUS
ஒறுப்பின்,IF_PUNISH
யான்,I
ஒறுப்பது,PUNISHING
நுமரை,YOUR_PEOPLE
யான்,I
மற்று,FURTHER
இந்,THIS
நோய்,SICKNESS
பொறுக்கலாம்,BEARABLE
வரைத்து,LIMIT
அன்றி,NOT
பெரிது,GREAT
ஆயின்,IF
பொலம்,GOLD
குழாய்,EARRING
மறுத்து,OPPOSING
இவ்,THIS
ஊர்,VILLAGE
மன்றத்து,SQUARE
மடல்,PALM_LEAF
ஏறி,CLIMBING
நிறுக்குவென்,I_WILL_STOP
போல்வல்,I_WILL_BE_LIKE
யான்,I
நீ,YOU
படு,SUFFER
பழியே,BLAME
தளை,FETTER
நெகிழ்,LOOSE
பிணி,TIE
நிவந்த,RAISED
பாசு,GREEN
அடைத்,LEAF
தாமரை,LOTUS
முளை,SPROUT
நிமிர்ந்தவை,RAISED
போலும்,LIKE
முத்து,PEARL
கோல்,STAFF
அவிர்,SHINE
தொடி,BRACELET
அடுக்கம்,SLOPES
நாறு,EMITTING
அலர்,FLOWER
காந்த�்,KANTHAL_FLOWER
நுண்,FINE
ஏர்,BEAUTY
தண்,COOL
ஏர்,BEAUTY
உருவின்,FORM
துடுப்பு,OAR
என,SAY
புரையும்,RESEMBLES
நின்,YOUR
திரண்ட,ASSEMBLED
நேர்,STRAIGHT
அரி,LION
முன்கை,FOREARM
சுடர்,BRIGHT
விரி,SPREAD
வினை,DEED
வாய்ந்த,FITTED
தூதையும்,MESSENGER
பாவையும்,DOLL
விளையாட,PLAYING
அரிப்,LION
பெய்த,PLACED
அழகு,BEAUTY
அமை,BEAUTIFUL
புனை,ADORN
வினை,WORK
ஆய்,BEAUTIFUL
சிலம்பு,ANKLET
எழுந்து,RISING
ஆர்ப்ப,SOUNDING
அம்,BEAUTIFUL
சில,FEW
இயலும்,MOVES
நின்,YOUR
பின்னு,BACK
விட்டு,LEAVING
இருளிய,DARKENED
ஐம்பால்,FIVE_HAIR
கண்டு,SEEING
என்,MY
பால,SIDE
என்னை,ME
விட்டு,LEAVING
இகத்தர,GO
இறந்தீவாய்,PASS
கேள்,LISTEN
இனி,NOW
மருளி,CONFUSED
யான்,I
மருளுஉற,BEING_CONFUSED
இவன்,THIS_MAN
உற்றது,HAPPENED
எவன்,WHAT
என்னும்,SAYS
அருள்,MERCY
இலை,NOT
இவட்கு,FOR_HER
என,SAY
அயலார்,STRANGERS
நின்,YOUR
பழிக்கும்கா,BLAME
வை,SHARP
எயிற்றவர்,TOOTHED_ONES
நாப்பண்,AMONG
வகை,METHOD
அணிப்,BEAUTY
பொலிந்து,SHINING
நீ,YOU
தையில்,WOMAN
நீர்,WATER
ஆடிய,BATHED
தவம்,PENANCE
தலைப்படுவாயோ,WILL_YOU_OBTAIN
உருள்,ROLLING
இழாய்,JEWEL
ஒளி,LIGHT
வாட,FADE
இவன்,THIS_MAN
உள்,INSIDE
நோய்,SICKNESS
யாது,WHAT
என்னும்,SAYS
அருள்,MERCY
இலை,NOT
இவட்கு,FOR_HER
என,SAY
அயலார்,STRANGERS
பழிக்கும்கால்,BLAME
பொய்தல,FALSE
மகளையாய்,GIRL
பிறர்,OTHERS
மனைப்,HOUSE
பாடி,SINGING
நீ,YOU
எய்திய,OBTAINED
பலர்க்கு,TO_MANY
ஈத்த,GIVEN
பயம்,FRUIT
பயக்கிற்பதோ,WILL_IT_GIVE
ஆய்,BEAUTIFUL
தொடி,BRACELET
ஐது,GENTLY
உயிர்த்து,BREATHING
இவன்,THIS_MAN
உள்,INSIDE
நோய்,SICKNESS
யாது,WHAT
என்னும்,SAYS
நோய்,SICKNESS
இலை,NOT
இவட்கு,FOR_HER
என,SAY
நொதுமலர்,STRANGERS
பழிக்கும்கால்,BLAME
சிறு,SMALL
முத்தனை,PEARL
பேணி,LOVING
சிறு,SMALL
சோறு,RICE
மடுத்து,COOKING
நீ,YOU
நறு,FRAGRANT
நுதலவரொட,FOREHEAD_WOMEN
நக்கது,LAUGHED
நன்கு,WELL
இயைவதோ,IS_IT_FITTING
என,SAY
ஆங்கு,THUS
அனையவை,SUCH_THINGS
உளையவும்,BEING
யான்,I
நினக்கு,FOR_YOU
உரைத்ததை,SAID
இனைய,SUCH
நீ,YOU
செய்தது,DID
உதவாய்,NOT_GIVE
ஆயின்,IF
சே,BEAUTIFUL
இழாய்,JEWEL
செய்ததன்,OF_DONE
பயம்,FRUIT
பற்று,ATTACHMENT
விடாது,NOT_LEAVE
நயம்,GOODNESS
பற்று,ATTACHMENT
விடின்,IF_LEAVE
இல்லை,NOT
நசைஇயோர்,LOVERS
திறத்தே,IN_REGARD
சுணங்கு,FRECKLES
அணி,BEAUTIFUL
வன,FOREST
முலைச்,BREAST
சுடர்,BRIGHT
கொண்ட,HAVING
நறு,FRAGRANT
நுதல்,FOREHEAD
மணம்,FRAGRANCE
கமழ,EMITTING
நறும்,FRAGRANT
கோதை,GARLAND
மாரி,RAIN
வீழ்,FALLING
இரும்,DARK
கூந்தல்,HAIR
நுணங்கு,SLENDER
எழில்,BEAUTY
ஒள்,BRIGHT
தித்தி,SWEETNESS
நுழை,ENTERING
நொசி,PAIN
மட,SOFT
மருங்குல்,WAIST
வணங்கு,BOWED
இறை,LORD
வரி,LINE
முன்கை,FOREARM
வரி,LINE
ஆர்ந்த,FULL
அல்குலாய்,WAIST
கண்,EYE
ஆர்ந்த,FULL
நலத்தாரை,BEAUTIFUL_ONES
கதுமென,SUDDENLY
கண்டவர்க்கு,FOR_THOSE_WHO_SEE
உள்,INSIDE
நின்ற,STANDING
நோய்,SICKNESS
மிக,INCREASE
உயிர,LIFE
எஞ்ச,DECREASE
துயர்,SORROW
செய்தல்,DOING
பெண்,WOMAN
அன்று,NOT
புனை,ADORN
இழாய்,JEWEL
என,SAY
கூறி,SAYING
தொழூஉம்,WORSHIPS
தொழுதே,WORSHIPED
கண்ணும்,EYE
நீர்,WATER
ஆக,BEING
நடுங்கினன்,TREMBLED
இன்,SWEET
நகாய்,SMILE
என்,WHAT
செய்தான்,DID
கொல்லோ,PERHAPS
இது,THIS
ஒத்தன்,SUCH_ONE
தன்,HIS
கண்,EYE
பொரு,FIGHTING
களிறு,ELEPHANT
அன்ன,LIKE
தகை,NATURE
சாம்பி,FADING
உள்,INSIDE
உள்,INSIDE
உருகுவான்,MELTING
போலும்,LIKE
உடைந்து,BROKEN
தெருவின்,STREET
கண்,IN
காரணம்,REASON
இன்றி,WITHOUT
கலங்குவார்க்,CONFUSED_ONES
கண்டு,SEEING
நீ,YOU
வாரணவாசிப்,ELEPHANT_GATE
பதம்,PLACE
பெயர்த்தல்,CHANGE
ஏதில,STRANGE
நீ,YOU
நின்,YOUR
மேல்,UPON
கொள்வது,TAKING
எவன்,WHAT
அலர்,FLOWER
முலை,BREAST
ஆய்,BEAUTIFUL
இழை,JEWEL
நல்லாய்,GOOD_WOMAN
கதுமென,SUDDENLY
பேர்,GREAT
அமர்,WAR
உண்கண்,BEAUTIFUL_EYE
நின்,YOUR
தோழி,FRIEND
உறீஇய,CAUSED
ஆர்,DEAR
அஞர்,FEAR
எவ்வம்,DISTRESS
உயிர,LIFE
வாங்கும்,TAKES
மற்று,FURTHER
இந்,THIS
நோய்,SICKNESS
தீரும்,WILL_REMOVE
மருந்து,MEDICINE
அருளாய்,GIVE
ஒண்,BRIGHT
தொடீ,BRACELET
நின்,YOUR
முகம்,FACE
காணும்,SEES
மருந்தினேன்,MEDICINE
என்னுமால்,SAYS
நின்,YOUR
முகம்,FACE
தான்,ITSELF
பெறின்,IF_OBTAIN
அல்லது,EXCEPT
கொன்னே,SUDDENLY
மருந்து,MEDICINE
பிறிது,OTHER
யாதும்,ANY
இல்லேல்,IF_NOT
திருந்து,STRAIGHT
இழாய்,JEWEL
என்,WHAT
செய்வாம்,WILL_DO
கொல்,PERHAPS
இனி,NOW
நாம்,WE
பொன்,GOLD
செய்வாம்,WILL_DO
ஆறு,WAY
விலங்கித்,OBSTRUCTING
தெருவின்,STREET
கண்,IN
நின்று,STANDING
ஒருவன்,ONE_MAN
கூறும்,SAYS
சொல்,WORD
வாய்,MOUTH
என,SAY
கொண்டு,TAKING
அதன்,ITS
பண்பு,NATURE
உணராம்,NOT_KNOWING
தேறல்,ACCEPTING
எளிது,EASY
என்பாம்,WE_WILL_SAY
நாம்,WE
ஒருவன்,ONE_MAN
சாம்,DIE
ஆறு,WAY
எளிது,EASY
என்பாம்,WE_WILL_SAY
மற்று,FURTHER
சிறிது,LITTLE
ஆங்கே,THERE
மாணா,NOT_GOOD
ஊர்,VILLAGE
அம்பல்,GOSSIP
அலரின்,GOSSIP
அலர்க,BLOSSOM
என,SAY
நாணும்,SHAME
நிறையும்,DIGNITY
நயப்பு,DESIRE
இல்,WITHOUT
பிறப்பு,BIRTH
இலி,WITHOUT
பூண்,ORNAMENT
ஆகம்,CHEST
நோக்கி,LOOKING
இமையான்,NOT_BLINKING
நயந்து,LOVING
நம்,OUR
கேண்மை,FRIENDSHIP
விருப்புற்றவனை,DESIRED_ONE
எதிர்,OPPOSITE
நின்று,STANDING
நாண்,SHAME
அட,SUPPRESSING
பெயர்த்தல்,TURNING_BACK
நயவரவு,DESIRE
இன்றே,WITHOUT
எல்லா,FRIEND
இது,THIS
ஒத்தன்,SUCH_ONE
என்,WHAT
பெறான்,NOT_OBTAINING
கேட்டைக்,HEAR
காண்,SEE
செல்வம்,WEALTH
கடைகொள,OBTAINING
சாஅய்,FADING
சான்றவர்,WORTHY_ONES
அல்லல்,DISTRESS
களை,REMOVE
தக்க,FITTING
கேளிர்,FRIENDS
உழைச்,AT
சென்று,GOING
சொல்லுதல்,SPEAKING
உற்று,HAVING
உரைகல்லாதவர்,NOT_SPEAKING
போல,LIKE
பல்,MANY
ஊழ்,TIME
பெயர்ந்து,CHANGING
என்னை,ME
நோக்கும்,LOOKS
மற்று,FURTHER
யான்,I
நோக்கின்,IF_LOOK
மெல்ல,SOFTLY
இறைஞ்சும்,BOWS
தலை,HEAD
எல்லா,FRIEND
நீ,YOU
முன்னத்தான்,MIND
ஒன்று,ONE
குறித்தாய்,AIMED
போல்,LIKE
காட்டினை,SHOWED
நின்னின்,FROM_YOU
விடாஅ,NOT_LEAVING
நிழல்,SHADE
போல்,LIKE
திரிதருவாய்,WANDER
என்,WHAT
நீ,YOU
பெறாதது,NOT_OBTAINED
ஈது,THIS
என்,WHAT
சொல்லின்,IF_SAY
மறாது,NOT_REFUSING
ஈவாள்,GIVER
மன்னோ,INDEED
இவள்,SHE
செறாஅது,NOT_HATING
ஈதல்,GIVING
இரந்தார்க்கு,FOR_BEGGARS
ஒன்று,ONE
ஆற்றாது,UNABLE
வாழ்தலின்,LIVING
சாதலும்,DYING
கூடுமாம்,POSSIBLE
மற்று,FURTHER
இவள்,SHE
தந்தை,FATHER
காதலின்,LOVE
யார்க்கும்,TO_ALL
கொடுக்கும்,GIVES
விழுப்,GOOD
பொருள்,WEALTH
யாது,WHAT
நீ,YOU
வேண்டியது,DESIRED
பேதாயfOOL
பொருள்,WEALTH
வேண்டும்,WANTS
புன்கண்மை,POVERTY
ஈண்டு,HERE
இல்லை,NOT
யாழ,YOUR
மருளி,CONFUSED
மட,SOFT
நோக்கின்,LOOK
நின்,YOUR
தோழி,FRIEND
என்னை,ME
அருளீயல்,GIVE_MERCY
வேண்டுவல்,I_WANT
யான்,I
அன்னையோ,ALAS
மண்டு,BATTLE
அமர்,WAR
அட்ட,KILLED
களிறு,ELEPHANT
அன்னான்,SUCH_ONE
தன்னை,HIM
ஒரு,ONE
பெண்டிர்,WOMEN
அருள,BE_MERCIFUL
கிடந்தது,LAY
எவன்,WHAT
கொலோ,PERHAPS
ஒண்,BRIGHT
தொடீ,BRACELET
நாண்,SHAME
இலன்,NOT
மன்ற,INDEED
இவன்,THIS_MAN
ஆயின்,IF
ஏஎ,HEY
பல்லார்,MANY_PEOPLE
நக்கு,LAUGHING
எள்ளப்படு,SCORNED
மடல்மா,PALM_LEAF_HORSE
ஏறி,CLIMBING
மல்லல்,PROSPEROUS
ஊர்,VILLAGE
ஆங்கண்,THERE
படுமே,WILL_FALL
நறு,FRAGRANT
நுதல்,FOREHEAD
நல்காள்,NOT_FAVORING
கண்மாறி,EYE_CHANGING
விடின்,IF_LEAVE
என,SAY
செல்வான்,GOING
நாம்,WE
எள்ளி,SCORNING
நகினும்,EVEN_IF_LAUGH
வரூஉம்,COMES
இடை,PLACE
இடை,PLACE
கள்வர்,THIEVES
போல்,LIKE
நோக்கினும்,EVEN_IF_LOOK
நோக்கும்,LOOKS
குறித்தது,AIMED
கொள்ளாது,NOT_TAKING
போகாக்,NOT_GOING
குணன்,QUALITY
உடையன்,POSSESSES
எந்தை,MY_FATHER
தன்,HIS
உள்ளம்,HEART
குறைபடா,NOT_FAULTY
ஆறு,WAY
ஏஎ,HEY
இது,THIS
ஒத்தன்,SUCH_ONE
நாண்,SHAME
இலன்,NOT
தன்னொடு,WITH_HIM
மேவேம்,WE_WILL_JOIN
என்பாரையும்,THOSE_WHO_SAY
மேவினன்,JOINED
கைப்பற்றும்,GRASPS
மேவினும்,EVEN_IF_JOIN
மேவாக்கடையும்,EVEN_IF_NOT_JOIN
அது,THAT
எல்லாம்,ALL
நீ,YOU
அறிதி,KNOW
யான்,I
அது,THAT
அறிகல்லேன்,NOT_KNOW
பூ,FLOWER
அமன்ற,THICK
மெல்,SOFT
இணர்,CLUSTER
செல்லாக்,NOT_GOING
கொடி,CREEPER
அன்னாய்,LIKE
நின்னை,YOU
யான்,I
புல்,GRASS
இனிது,SWEET
ஆகலின்,BECAUSE
புல்லினென்,I_EMBRACED
எல்லா,FRIEND
தமக்கு,FOR_THEMSELVES
இனிது,SWEET
என்று,SAY
வலிதின்,FORCEFULLY
பிறர்க்கு,FOR_OTHERS
இன்னா,UNPLEASANT
செய்வது,DOING
நன்று,GOOD
ஆமோ,IS_IT
மற்று,FURTHER
சுடர்,BRIGHT
தொடீ,BRACELET
போற்றாய்,NOT_CARE
களை,REMOVE
நின்,YOUR
முதுக்குறைமை,IMMATURITY
போற்ற,PROTECT
கேள்,LISTEN
வேட்டார்க்கு,FOR_LOVERS
இனிது,SWEET
ஆயின்,IF
அல்லது,EXCEPT
நீர்க்கு,FOR_WATER
இனிது,SWEET
என்று,SAY
உண்பவோ,WILL_THEY_DRINK
நீர்,WATER
உண்பவர்,DRINKERS
செய்வது,DOING
அறிகல்லேன்,NOT_KNOW
யாது,WHAT
செய்வேன்,WILL_I_DO
கொலோ,PERHAPS
ஐ,FIVE
வாய்,MOUTH
அரவின்,SNAKE
இடை,MIDDLE
ப்பட்டு,CAUGHT
நை,SUFFER
வாரா,NOT_COME
மை,DARK
இல்,WITHOUT
மதியின்,MOON
விளங்கும்,SHINES
முகத்தாரை,FACED_ONES
வௌவி,SEIZING
கொளலும்,TAKING
அறன்,RIGHTEOUSNESS
என,SAY
கண்டன்று,SEEN
அறனும்,RIGHTEOUSNESS
அது,THAT
கண்டற்று,SEEN
ஆயின்,IF
திறன்,WAY
இன்றி,WITHOUT
கூறும்,SAYS
சொல்,WORD
கேளான்,NOT_HEARING
நலிதரும்,TROUBLES
பண்டு,BEFORE
நாம்,WE
வேறு,DIFFERENT
அல்லம்,NOT
என்பது,THAT
ஒன்று,ONE
உண்டால்,IF_THERE_IS
அவனொடு,WITH_HIM
மாறு,OPPOSITE
உண்டோ,IS_THERE
நெஞ்சே,HEART
நமக்கு,FOR_US
நோக்கும்கால்,WHEN_LOOKING
நோக்கித்,LOOKING
தொழூஉம்,WORSHIPS
பிறர்,OTHERS
காண்பார்,THOSE_WHO_SEE
தூக்கு,WEIGHING
இலி,WITHOUT
தூற்றும்,GOSSIPS
பழி,BLAME
என,SAY
கை,HAND
கவித்துப்,COVERING
போக்கும்கால்,WHEN_GOING
போக்கு,GOING
நினைந்திருக்கும்,THINKS
மற்று,FURTHER
நாம்,WE
காக்கும்,PROTECT
இடம்,PLACE
அன்று,NOT
இனி,NOW
எல்லா,FRIEND
எவன்,WHAT
செய்வாம்,WILL_DO
பூங்குழாய்,FLOWER_HAIRED_ONE
செல்லல்,GRIEF
அவன்,HE
உழைக்,AT
கூஉய்க்,CALLING
கூஉய்,CALLING
விரும்பி,DESIRING
யான்,I
விட்டேனும்,EVEN_IF_LEFT
போல்வல்,WILL_BE_LIKE
என்,MY
தோள்,SHOULDER
மேல்,UPON
கரும்பு,SUGARCANE
எழுது,WRITING
தொய்யிற்கு,PAINTING
செல்வல்,I_WILL_GO
ஈங்கு,HERE
ஆக,BE
இருந்தாயோ,DID_YOU_SIT
என்று,SAY
ஆங்கு,THERE
இற,DIE
அவன்,HE
நின்,YOUR
திருந்து,STRAIGHT
அடி,FOOT
மேல்,UPON
வீழ்ந்து,FALLING
இரக்கும்,BEGS
நோய்,SICKNESS
தீர்க்கும்,REMOVES
மருந்து,MEDICINE
நீ,YOU
ஆகுதலான்,BECAUSE
இன்னும்,FURTHER
கடம்,OATH
பூண்டு,TAKING
ஒரு,ONE
கால்,TIME
நீ,YOU
வந்தை,COME
உடம்பட்டாள்,AGREED_SHE
என்னாமை,WITHOUT_SAYING
என்,MY
மெய்,BODY
தொடு,TOUCH
இதோ,THIS
அடங்க,COMPLETELY
கேள்,LISTEN
நின்னொடு,WITH_YOU
சூழும்கால்,WHEN_CONSIDERING
நீயும்,YOU
நிலம்,GROUND
கிளையா,NOT_RISING
என்னொடு,WITH_ME
நிற்றல்,STANDING
எளிது,EASY
அன்றோ,IS_IT_NOT
மற்று,FURTHER
அவன்,HE
தன்னொடு,WITH_HIM
நின்று,STANDING
விடு,LEAVE
அணி,BEAUTY
முகம்,FACE
மதி,MOON
ஏய்ப்ப,RESEMBLING
அம்,BEAUTIFUL
மதியை,MOON
நனி,MUCH
ஏய்க்கும்,RESEMBLES
மணி,BELL
முகம்,FACE
மா,GREAT
மழை,RAIN
நின்,YOUR
பின்,BACK
ஒப்ப,LIKE
பின்னின்,BACK
கண்,IN
விரி,SPREAD
நுண்,FINE
நூல்,THREAD
சுற்றிய,SURROUNDED
ஈர்,MOIST
இதழ்,PETAL
அலரி,FLOWER
அரவுக்,SNAKE
கண்,EYE
அணி,BEAUTY
உறழ்,RESEMBLE
ஆரல்,FISH
மீன்,FISH
தகை,NATURE
ஒப்ப,LIKE
அரும்,DIFFICULT
படர்,SUFFERING
கண்டாரை,THOSE_WHO_SEE
செய்து,DOING
ஆங்கு,THERE
இயலும்,MOVES
விரிந்து,SPREAD
ஒலி,SOUND
கூந்தலாய்,HAIR
கண்டை,SEE
எமக்கு,FOR_US
பெரும்,GREAT
பொன்,GOLD
படுகுவை,YOU_WILL_GET
பண்டு,BEFORE
ஏஎ,HEY
எல்லா,FRIEND
மொழிவது,SAYING
கண்டை,SEE
இது,THIS
ஒத்தன்,SUCH_ONE
தொய்யில்,PAINTING
எழுதி,WRITING
இறுத்த,STAYED
பெரும்,GREAT
பொன்,GOLD
படுகம்,WE_WILL_GET
உழுவது,PLOWING
உடையமோ,DO_WE_HAVE
யாம்,WE
உழுதாய்,YOU_PLOWED
சுரும்பு,BEE
இமிர்,HUMMING
பூங்கோதை,FLOWER_GARLAND
அம்,BEAUTIFUL
நல்லாய்,GOOD_WOMAN
யான்,I
நின்,YOUR
திருந்து,STRAIGHT
இழை,JEWEL
மென்தோள்,SOFT_SHOULDER
இழைத்த,WRITTEN
மற்று,FURTHER
இதோ,THIS
கரும்பு,SUGARCANE
எல்லாம்,ALL
நின்,YOUR
உழவு,PLOWING
அன்றோ,IS_IT_NOT
ஒருங்கே,TOGETHER
துகள்,DUST
அறு,REMOVED
வாள்,SWORD
முகம்,FACE
ஒப்ப,LIKE
மலர்ந்த,BLOOMED
குவளையும்,WATER_LILY
நின்,YOUR
உழவு,PLOWING
அன்றோ,IS_IT_NOT
இகலி,ANGRY
முகை,BUD
மாறு,OPPOSITE
கொள்ளும்,TAKES
எயிற்றாய்,TEETH
இவை,THESE
அல்ல,NOT
என்,MY
உழுவாய்,PLOWING
நீ,YOU
மற்று,FURTHER
இனி,NOW
எல்லா,FRIEND
நல்,GOOD
தோள்,SHOULDER
இழைத்த,WRITTEN
கரும்புக்கு,FOR_SUGARCANE
நீ,YOU
கூறு,SAY
முற்று,FULL
எழில்,BEAUTY
நீல,BLUE_LILY
மலர்,FLOWER
என,SAY
உற்ற,TOUCHED
இரும்பு,IRON
ஈர்,MOIST
வடி,SHARP
அன்ன,LIKE
உண்கட்கும்,EYES
எல்லாம்,ALL
பெரும்,GREAT
பொன்,GOLD
உண்டு,THERE_IS
என்பாய்,YOU_SAY
இனி,NOW
நல்லாய்,GOOD_WOMAN
இகுளை,FRIEND
கேள்,LISTEN
ஈங்கே,HERE
தலைப்படுவன்,WILL_OBTAIN
உண்டான்,HE_WHO_ATE
தலைப்பெயின்,IF_HE_GETS
வேந்து,KING
கொண்டன்ன,TOOK_LIKE
பல,MANY
ஆங்கு,THERE
ஆக,BE
அத்திறம்,THAT_WAY
அல்லாக்கால்,IF_NOT
வேங்கை,FLAME_TREE
வீ,FLOWER
முற்று,FULL
எழில்,BEAUTY
கொண்ட,HAVING
சுணங்கு,FRECKLES
அணி,BEAUTY
பூண்,ORNAMENT
ஆகம்,CHEST
பொய்த்து,FALSELY
ஒருகால்,ONCE
எம்மை,US
முயங்கினை,EMBRACED
சென்றீமோ,GO
முத்து,PEARL
ஏர்,BEAUTY
முறுவலாய்,SMILE
நீ,YOU
படும்,OBTAIN
பொன்,GOLD
எல்லாம்,ALL
உத்தி,TOP
எறிந்துவிடற்கு,TO_THROW_AWAY
திருந்து,STRAIGHT
இழாய்,JEWEL
கேளாய்,LISTEN
நம்,OUR
ஊர்க்கு,TO_VILLAGE
எல்லாம்,ALL
சாலும்,SUFFICES
பெரு,GREAT
நகை,LAUGHTER
அல்கல்,NIGHT
நிகழ்ந்தது,HAPPENED
ஒரு,ONE
நிலையே,STATE
மன்பதை,WORLD
எல்லாம்,ALL
மடிந்த,SLEPT
இரும்,DARK
கங்குல்,NIGHT
அம்,BEAUTIFUL
துகில்,CLOTH
போர்வை,COVER
அணிபெற,OBTAINING_BEAUTY
தைஇ,MAKING
நம்,OUR
இன்,SWEET
சாயல்,GENTLE
மார்பன்,CHEST
குறி,SIGN
நின்றேன்,STOOD
யான்,I
ஆக,BEING
தீர,COMPLETELY
தறைந்த,BEATEN
தலையும்,HEAD
தன்,HIS
கம்பலும்,BLANKET
காரக்,BLACK
குறைந்து,DECREASING
கறைப்பட்ட,STAINED
வந்து,COMING
நம்,OUR
சேரியின்,STREET
போகா,NOT_GOING
முட,OLD
முதிர,AGED
பார்ப்பானை,BRAHMIN
தோழி,FRIEND
நீ,YOU
போற்றுதி,PROTECT
என்றி,SAY
அவன்,HE
ஆங்கே,THERE
பாராக்,NOT_SEEING
குறழாப்,NOT_SHORTENING
பணியாப்,NOT_HUMBLING
பொழுது,TIME
அன்றி,NOT
யார்,WHO
இவண்,HERE
நின்றீர்,STAND
என,SAY
கூறிப்,SAYING
பையென,SLOWLY
வை,PLACE
காண்,SEE
முது,OLD
பகட்டின்,BULL
பக்கத்தின்,SIDE
போகாது,NOT_GOING
தையால்,GIRL
தம்பலம்,ALMS
தின்றியோ,DID_YOU_EAT
என்று,SAY
தன்,HIS
பக்கு,SIDE
அழித்து,DESTROYING
கொண்டீ,TAKE
என,SAY
தரலும்,GIVING
யாது,WHAT
ஒன்றும்,ANYTHING
வாய்வாளேன்,NOT_SPEAKING
நிற்ப,STANDING
கடிது,QUICKLY
அகன்று,GONE
கைமாறிக்,CHANGING_HANDS
கைப்படுக்கப்பட்டாய்,CAUGHT
சிறுமி,LITTLE_GIRL
நீ,YOU
மற்று,FURTHER
யான்,I
ஏனை,OTHER
பிசாசு,GHOST
அருள்,MERCY
என்னை,ME
நலிதரின்,IF_TROUBLES
இவ்,THIS
ஊர்ப்,VILLAGE
பலி,OFFERING
நீ,YOU
பெறாஅமல்,WITHOUT_GETTING
கொள்வேன்,I_WILL_TAKE
என,SAY
பலவும்,MANY
தாங்காது,NOT_BEARING
வாய்,MOUTH
பாடி,SINGING
நிற்ப,STANDING
முது,OLD
பார்ப்பான்,BRAHMIN
அஞ்சினன்,FEARED
ஆதல்,BEING
அறிந்து,KNOWING
யான்,I
எஞ்சாது,WITHOUT_LACKING
ஒரு,ONE
கை,HAND
மணல்,SAND
கொண்டு,TAKING
மேல்,ABOVE
தூவ,SCATTER
கண்டே,SEEING
கடிது,QUICKLY
அரற்றி,CRYING
பூசல்,NOISE
தொடங்கினன்,BEGAN
ஆங்கே,THERE
ஒடுங்கா,NOT_SHRINKING
வயத்தின்,STRENGTH
கொடும்,CRUEL
கேழ்க்,NATURE
கடுங்கண்,CRUEL_EYE
இரும்,DARK
புலி,TIGER
கொண்மார்,TO_CATCH
நிறுத்த,PLACED
வலையுள்,NET
ஓர்,A
ஏதில்,STRANGE
குறு,SMALL
நரி,JACKAL
பட்டற்றால்,CAUGHT_LIKE
காதலன்,LOVER
காட்சி,SIGHT
அழுங்க,SUFFERING
நம்,OUR
ஊர்க்கு,TO_VILLAGE
எலாஅம்,ALL
ஆகுலம்,CONFUSION
ஆகி,BECOMING
விளைந்ததை,HAPPENED
என்றும்,ALWAYS
தன்,HIS
வாழ்க்கை,LIFE
அது,THAT
ஆக,AS
கொண்ட,TAKING
முது,OLD
பார்ப்பான்,BRAHMIN
வீழ்க்கைப்,FALL
பெரும்,GREAT
கரும்கூத்து,DARK_DANCE
வீங்கு,SWOLLEN
நீர்,WATER
அவிழ்,BLOOM
நீலம்,BLUE_LILY
பகர்பவர்,SELLERS
வயல்,FIELD
கொண்ட,TAKING
ஞாங்கர்,SIDE
மலர்,FLOWER
சூழ்தந்து,SURROUNDING
ஊர்,VILLAGE
புகுந்த,ENTERED
வரி,LINE
வண்டு,BEE
ஓங்கு,HIGH
உயர்,TALL
எழில்,BEAUTY
யானைக்,ELEPHANT
கனை,LOUD
கடாம்,TEMPLE
கமழ்,FRAGRANT
நாற்றம்,SMELL
ஆங்கு,THERE
அவை,THOSE
விருந்து,FEAST
ஆற்ற,PERFORM
பகல்,DAY
அல்கிக்,REMAINING
கங்குலான்,NIGHT
வீங்கு,SWOLLEN
இறை,LORD
வடுக்,SCAR
கொள,TAKING
வீழுநர்ப்,LOVERS
புணர்ந்தவர்,UNITED_ONES
தேம்,HONEY
கமழ,FRAGRANT
கதுப்பின்,HAIR
உள்,INSIDE
அரும்பு,BUD
அவிழ்,BLOOM
நறு,FRAGRANT
முல்லை,JASMINE
பாய்ந்து,SPRINGING
ஊதி,BLOWING
படர்,SUFFERING
தீர்ந்து,REMOVED
பண்டு,BEFORE
தாம்,THEY
மரீஇய,ACCLIMATIZED
பூம்,FLOWER
பொய்கை,POND
மறந்து,FORGETTING
உள்ளாப்,NOT_THINKING
புனல்,WATER
அணி,BEAUTY
நல்,GOOD
ஊர,VILLAGE
அணை,BED
மென்தோள்,SOFT_SHOULDER
யாம்,WE
வாட,FADE
அமர்,LOVE
துணை,COMPANION
புணர்ந்து,UNITING
நீ,YOU
மண,BRIDAL
மனையாய்,HOUSE
என,SAY
வந்த,COME
மல்லலின்,FATIGUE
மாண்பு,EXCELLENCE
அன்றோ,IS_IT_NOT
பொதுக்,GENERAL
கொண்ட,TAKING
கவ்வையுள்,GOSSIP
பூ,FLOWER
அணிப்,BEAUTY
பொலிந்த,SHINING
நின்,YOUR
வதுவை,MARRIAGE
அம்,BEAUTIFUL
கமழ்,FRAGRANT
நாற்றம்,SMELL
வைகறை,DAWN
பெற்றதை,OBTAINED
கனலும்,BURNS
நோய்த்,SICKNESS
தலையும்,HEAD
நீ,YOU
கனம்,HEAVY
குழை,EARRING
அவரொட,THEM
புனல்,WATER
உளாய்,INSIDE
என,SAY
வந்த,COME
பூசலின்,NOISE
பெரிது,GREAT
அன்றோ,IS_IT_NOT
தார்,GARLAND
கொண்டாள்,TOOK_SHE
தலைக்,HEAD
கோதை,GARLAND
தடுமாறி,FALTERING
பூண்ட,WEARING
நின்,YOUR
ஈர்,MOIST
அணி,BEAUTY
சிதையாது,WITHOUT_DESTROYING
எம்,OUR
இல்,HOUSE
வந்து,COMING
நின்றதை,STOOD
தணந்ததன்,SEPARATION
தலையும்,HEAD
நீ,YOU
தளர்,FALTERING
இயல்,NATURE
அவரொட,THEM
துணங்கையாய்,DANCE
என,SAY
வந்த,COME
கவ்வையின்,GOSSIP
கடப்பு,DUTY
அன்றோ,IS_IT_NOT
ஒளி,LIGHT
பூத்த,FLOWERED
நுதலாரொட,FOREHEAD_WOMEN
ஓர்,ONE
அணிப்,BEAUTY
பொலிந்த,SHINING
நின்,YOUR
களி,INTOXICATION
தட்ப,SUPPRESSING
வந்த,COME
இக்,THIS
கவின்,BEAUTY
காண,TO_SEE
இயைந்ததை,HAPPENED
என,SAY
ஆங்கு,THUS
அளி,LOVE
பெற்றேம்,WE_OBTAINED
எம்மை,US
நீ,YOU
அருளினை,MERCY
விளியாது,NOT_DYING
வேட்டோர்,LOVERS
திறத்து,IN_REGARD
விரும்பிய,DESIRED
நின்,YOUR
பாகனும்,CHARIOTEER
நீட்டித்தாய்,DELAYED
என்று,SAY
கடாஅம்,TEMPLE
கடும்,FAST
திண்தேர்,STRONG_CHARIOT
பூட்டு,YOKE
விடாஅ,NOT_LEAVING
நிறுத்து,STOPPED
கார்,RAIN
முற்றி,COMPLETED
இணர்,CLUSTER
ஊழ்த்த,OPENING
கமழ்,FRAGRANT
தோட்ட,GROVE
மலர்,FLOWER
வேய்ந்து,COVERING
சீர்,FAME
முற்றிப்,COMPLETING
புலவர்,POETS
வாய்ச்,MOUTH
சிறப்பு,HONOR
எய்தி,OBTAINING
இரு,TWO
நிலம்,EARTH
தார்,GARLAND
முற்றியது,COMPLETED
போல,LIKE
தகை,BEAUTY
பூத்த,FLOWERED
வையை,VAIYAI_RIVER
தன்,ITS
நீர்,WATER
முற்றி,SURROUNDING
மதில்,WALL
பொரூஉம்,FIGHTS
பகை,ENEMY
அல்லால்,EXCEPT
நேராதார்,NOT_EQUAL
போர்,WAR
முற்று,COMPLETE
ஒன்று,ONE
அறியாத,NOT_KNOWING
புரிசை,WALL
சூழ்,SURROUNDING
புனல்,WATER
ஊரன்,VILLAGE_KING
நலம்,BEAUTY
தகை,NATURE
எழில்,BEAUTY
உண்கண்,BEAUTIFUL_EYE
நல்லார்,GOOD_WOMEN
தம்,THEIR
கோதையால்,GARLAND
அலைத்த,TROUBLED
புண்,WOUND
வடுக்,SCAR
காட்டி,SHOWING
அன்பு,AFFECTION
இன்றி,WITHOUT
வரின்,IF_COME
எல்லா,FRIEND
புலப்பேன்,I_WILL_BE_ANGRY
யான்,I
என்பேன்மன்,I_WILL_SAY
அந்நிலையே,THAT_STATE
அவன்,HE
காணின்,IF_SEES
கலப்பேன்,I_WILL_MIX
என்னும்,SAYS
இக்,THIS
கையறு,HELPLESS
நெஞ்சே,HEART
கோடு,TUSK
எழில்,BEAUTY
அகல்,BROAD
அல்குல்,WAIST
கொடி,CREEPER
அன்னார்,LIKE_WOMEN
முலை,BREAST
மூழ்க,IMMERSE
பாடு,SONG
அழி,DESTROYED
சாந்தினன்,SANDALWOOD
பண்பு,NATURE
இன்றி,WITHOUT
வரின்,IF_COME
எல்லா,FRIEND
ஊடுவேன்,I_WILL_SULK
என்பேன்மன்,I_WILL_SAY
அந்நிலையே,THAT_STATE
அவன்,HE
காணின்,IF_SEES
கூடுவேன்,I_WILL_UNITE
என்னும்,SAYS
இக்,THIS
கொள்கை,PRINCIPLE
இல்,WITHOUT
நெஞ்சே,HEART
இனிப்,NOW
புணர்ந்த,UNITED
எழில்,BEAUTY
நல்லார்,GOOD_WOMEN
இலங்கு,SHINE
எயிறு,TOOTH
உறாஅலின்,NOT_TOUCHING
நனிச்,MUCH
சிவந்த,REDDENED
வடுக்,SCAR
காட்டி,SHOWING
நாண்,SHAME
இன்றி,WITHOUT
வரின்,IF_COME
எல்லா,FRIEND
துனிப்பேன்,I_WILL_BE_ANGRY
யான்,I
என்பேன்மன்,I_WILL_SAY
அந்நிலையே,THAT_STATE
அவன்,HE
காணின்,IF_SEES
தனித்தே,ALONE
தாழும்,FALLS
இத்,THIS
தனி,ALONE
இல்,WITHOUT
நெஞ்சே,HEART
என,SAY
ஆங்கு,THUS
பிறை,CRESCENT
புரை,LIKE
ஏர்,BEAUTY
நுதால்,FOREHEAD
தாம்,THEY
எண்ணியவை,THOUGHT_THINGS
எல்லாம்,ALL
துறைபோதல்,REACHING_SHORE
ஒல்லுமோ,IS_IT_POSSIBLE
தூ,PURE
ஆகாது,NOT_BECOMING
ஆங்கே,THERE
அறைபோகு,SPEAKING
நெஞ்சு,HEART
உடையார்க்கு,FOR_THOSE_WHO_HAVE
பொது,COMMON
மொழி,WORD
பிறர்க்கு,FOR_OTHERS
இன்றி,WITHOUT
முழுது,WHOLE
ஆளும்,RULING
செல்வர்க்கு,FOR_RICH
மதி,WISE
மொழி,WORD
இடல்,GIVING
மாலை,GARLAND
வினைவர்,DOERS
போல்,LIKE
வல்லவர்,SKILLED_ONES
செது,CORRUPT
மொழி,WORD
சீத்த,REJECTED
செவி,EAR
செறு,FIELD
ஆக,AS
முது,OLD
மொழி,WORD
நீராப்,WATER
புலன்,SENSE
நா,TONGUE
உழவர்,FARMERS
புது,NEW
மொழி,WORD
கூட்டுண்ணும்,JOINS
புரிசை,WALL
சூழ்,SURROUNDING
புனல்,WATER
ஊர,VILLAGE
ஊரன்மன்,VILLAGE_KING
உரன்,STRENGTH
அல்லன்,NOT
நமக்கு,FOR_US
என்ன,SAYING
உடன்,IMMEDIATELY
வாளாது,NOT_BEING_ABLE
ஓர்,ONE
ஊர்,VILLAGE
தொக்கு,GATHERED
இருந்த,SAT
நின்,YOUR
பெண்டிருள்,WOMEN
நேர்,EQUAL
ஆகி,BECOMING
களையா,NOT_REMOVING
நின்,YOUR
குறி,SIGN
வந்து,COMING
எம்,OUR
கதவம்,DOOR
சேர்ந்து,JOINING
அசைத்த,KNOCKED
கை,HAND
வளையின்,BRACELET
வாய்விடல்,OPENING
மாலை,EVENING
மகளிரை,WOMEN
நோவேமோ,SHALL_WE_BLAME
கேள்,RELATIVE
அலன்,NOT
நமக்கு,FOR_US
அவன்,HE
குறுகன்மின்,DONT_APPROACH
என,SAY
மற்று,FURTHER
எம்,OUR
தோளொடு,SHOULDER
பகைபட்டு,BEING_ENEMY
நினை,THINKING
வாட,FADE
நெஞ்சத்தேம்,HEART
ஊடியார்,ANGRY_ONES
நலம்,BEAUTY
தேம்ப,FADE
ஒடியெறிந்து,BREAKING
அவர்,THEY
வயின்,AT
மால்,CONFUSION
தீர்க்கும்,REMOVES
அவன்,HE
மார்பு,CHEST
என்று,SAY
எழுந்த,ROSE
சொல்,WORD
நோவேமோ,SHALL_WE_BLAME
முகை,BUD
வாய்த்த,OBTAINED
முலை,BREAST
பாய,SPRING
குழைந்த,FADED
நின்,YOUR
தார்,GARLAND
எள்ள,SCORN
வகை,METHOD
வரிச்,LINE
செப்பினுள்,CHEST
வைகிய,REMAINED
கோதையேம்,GARLAND
சேரியால்,STREET
சென்று,GOING
நீ,YOU
சேர்ந்த,JOINED
இல்,HOUSE
வினாயினன்,ASKED
தேரொட,CHARIOT
திரிதரும்,WANDERS
பாகனை,CHARIOTEER
பழிப்பேமோ,SHALL_WE_BLAME
ஒலி,SOUND
கொண்ட,HAVING
சும்மையான்,EMPTINESS
மண,BRIDAL
மனை,HOUSE
குறித்து,AIMING
எம்,OUR
இல்,HOUSE
பொலிக,FLOURISH
என,SAY
புகுந்த,ENTERED
நின்,YOUR
புலையனை,OUTCASTE
கண்ட,SEEN
யாம்,WE
என,SAY
ஆங்கு,THUS
நனவினான்,WAKING
வேறு,DIFFERENT
ஆகும்,BECOMES
வேளா,SACRIFICE
முயக்கம்,EMBRACE
மனை,HOUSE
வரின்,IF_COME
பெற்று,OBTAINING
உவந்து,REJOICING
மற்று,FURTHER
எம்,OUR
தோள்,SHOULDER
வாட,FADE
இனையர்,SUCH
என,SAY
உணர்ந்தார்,KNEW
என்று,SAY
ஏக்கற்று,LOSING_HOPE
ஆங்கு,THERE
கனவினான்,DREAM
எய்திய,OBTAINED
செல்வத்து,WEALTH
அனையதே,LIKE_THAT
ஐய,FRIEND
எமக்கு,FOR_US
நின்,YOUR
மார்பு,CHEST
போது,FLOWER
அவிழ்,BLOOM
பனிப்,DEW
பொய்கைப்,POND
புதுவது,NEW
தளைவிட்ட,LOOSENED
தாது,POLLEN
சூழ்,SURROUNDING
தாமரைத்,LOTUS
தனி,ALONE
மலர்,FLOWER
புறம்,BACK
சேர்பு,JOINING
காதல்,LOVE
கொள்,HAVING
வதுவை,MARRIAGE
நாள்,DAY
கலிங்கத்துள்,GARMENT
ஒடுங்கிய,HIDDEN
மாதர்,WOMEN
கொள்,HAVING
மான்,DEER
நோக்கின்,LOOK
மடந்தை,MAIDEN
தன்,HER
துணை,COMPANION
ஆக,AS
ஓது,RECITE
உடை,HAVING
அந்தணன்,BRAHMIN
எரி,FIRE
வலம்,RIGHT
செய்வான்,DOER
போல்,LIKE
ஆய்,BEAUTIFUL
தூவி,FEATHER
அன்னம்,SWAN
தன்,ITS
அணி,BEAUTY
நடைப்,GAIT
பெடையொட,FEMALE
மேதக,GREAT
திரிதரூஉம்,WANDERS
மிகு,GREAT
புனல்,WATER
நல்,GOOD
ஊர,VILLAGE
தெள்,CLEAR
அரிச்,SOUND
சிலம்பு,ANKLET
ஆர்ப்ப,SOUNDING
தெருவின்,STREET
கண்,IN
தாக்கி,CONFRONTING
நின்,YOUR
உள்ளம்,HEART
கொண்டு,TAKING
ஒழித்தாளை,LEFT_HER
குறை,FAULT
கூறிக்,SAYING
கொள,TAKE
நின்றாய்,STOOD
துணிந்தது,DECIDED
பிறிது,OTHER
ஆக,BEING
துணிவு,DECISION
இலள்,NOT
இவள்,SHE
என,SAY
பணிந்தாய்,HUMBLED
போல்,LIKE
வந்து,COMING
ஈண்டுப,HERE
பயன்,USE
இல,WITHOUT
மொழிவாயோ,SPEAK
பட்டுழி,PLACE
அறியாது,NOT_KNOWING
பாகனை,CHARIOTEER
தேரொடும்,CHARIOT
விட்டு,LEAVING
அவள்,HER
வரல்,COMING
நோக்கி,LOOKING
விருந்து,GUEST
ஏற்றுக்கொள,ACCEPT
நின்றாய்,STOOD
நெஞ்சத்த,HEART
பிற,OTHER
ஆக,BEING
நிறை,FULLNESS
இலள்,NOT
இவள்,SHE
என,SAY
வஞ்சத்தான்,DECEIT
வந்து,COMING
ஈங்கு,HERE
வலி,STRENGTH
அலைத்து,TROUBLING
ஈவாயோ,GIVE
இணர்,CLUSTER
ததை,THICK
தண்,COOL
காவின்,GROVE
இயன்ற,MADE
நின்,YOUR
குறி,SIGN
வந்தாள்,COME_SHE
புணர்வினில்,UNION
புகன்று,SPEAKING
ஆங்கே,THERE
புனல்,WATER
ஆட,BATHE
பண்ணியாய்,MADE
தருக்கிய,PROUD
பிற,OTHER
ஆக,BEING
தன்,HER
இலள்,NOT
இவள்,SHE
என,SAY
செருக்கினால்,PRIDE
வந்து,COMING
ஈங்குச்,HERE
சொல்,WORD
உகுத்து,SCATTERING
ஈவாயோ,GIVE
என,SAY
ஆங்கு,THUS
தருக்கேம்,WE_ARE_PROUD
பெரும,GREAT_ONE
நின்,YOUR
நல்கல்,FAVOR
விருப்புற்று,DESIRING
தாழ்ந்தாய்,HUMBLED
போல்,LIKE
வந்து,COMING
தகவு,FITNESS
இல,WITHOUT
செய்யாது,NOT_DOING
சூழ்ந்தவை,PLANNED_THINGS
செய்து,DOING
மற்று,FURTHER
எம்மையும்,US
உள்ளுவாய்,THINK
வீழ்ந்தார்,LOVERS
விருப்பு,DESIRE
அற்றக்,WHEN_LOST
கால்,TIME
மணி,BELL
நிற,COLOR
மலர்ப்,FLOWER
பொய்கை,POND
மகிழ்ந்து,REJOICING
ஆடும்,DANCES
அன்னம்,SWAN
தன்,ITS
அணி,BEAUTY
மிகு,GREAT
சேவலை,MALE
அகல்,BROAD
அடை,LEAF
மறைத்தென,HIDDEN_LIKE
கதுமென,SUDDENLY
காணாது,NOT_SEEING
கலங்கி,CONFUSED
அம்,BEAUTIFUL
மட,SOFT
பெடை,FEMALE
மதி,MOON
நிழல்,SHADE
நீர்,WATER
உள்,INSIDE
கண்டு,SEEING
அது,THAT
என,SAY
உவந்து,REJOICING
ஓடித்,RUNNING
துன்ன,APPROACHING
தன்,ITS
எதிர்,OPPOSITE
வரூஉம்,COMING
துணை,COMPANION
கண்டு,SEEING
மிக,GREATLY
நாணி,ASHAMED
பல்,MANY
மலர்,FLOWER
இடை,MIDDLE
புகூஉம்,ENTERS
பழனம்,FIELD
சேர்,JOINED
ஊ,VILLAGE
கேள்,LISTEN
நலம்,BEAUTY
நீப்பத்,LEAVING
துறந்து,LEAVING
எம்மை,US
நல்காய்,NOT_FAVORING
நீ,YOU
விடுதலின்,LEAVING
பல,MANY
நாளும்,DAYS
படாத,NOT_SLEPT
கண்,EYE
பாயல்,SLEEP
கொண்டு,TAKING
இயைபவால்,HAPPENS
துணை,COMPANION
மலர்க்,FLOWER
கோதையார்,GARLANDED_WOMEN
வைகலும்,DAILY
பாராட்ட,PRAISING
மண,BRIDAL
மனைத்,HOUSE
ததும்பும்,OVERFLOWS
நின்,YOUR
மண,BRIDAL
முழ,DRUM
வந்து,COMING
எடுப்புமே,RAISES
அகல,WIDELY
நீ,YOU
துறத்தலின்,LEAVING
அழுது,CRYING
ஓவா,UNCEASING
உண்கண்,BEAUTIFUL_EYE
எம்,OUR
புதல்வனை,SON
மெய்,BODY
தீண்ட,TOUCH
பொருந்துதல்,JOINING
இயைபவால்,HAPPENS
நினக்கு,FOR_YOU
ஒத்த,FITTING
நல்லாரை,GOOD_WOMEN
நெடு,LONG
நகர்த்,CITY
தந்து,GIVING
நின்,YOUR
தமர்,RELATIVES
பாடும்,SING
துணங்கையுள்,DANCE
அரவம்,SOUND
வந்து,COMING
எடுப்புமே,RAISES
வாராய்,NOT_COMING
நீ,YOU
துறத்தலின்,LEAVING
வருந்திய,SUFFERED
எமக்கு,FOR_US
ஆங்கே,THERE
நீர்,WATER
இதழ்,PETAL
புலராக்,NOT_DRYING
கண்,EYE
இமை,EYELID
கூம்ப,FOLD
இயைபவால்,HAPPENS
நேர்,STRAIGHT
இழை,JEWEL
நல்லாரை,GOOD_WOMEN
நெடு,LONG
நகர்த்,CITY
தந்து,GIVING
நின்,YOUR
தேர்,CHARIOT
பூண்ட,YOKED
நெடு,LONG
நல்,GOOD
மான்,DEER
தெள்,CLEAR
மணி,BELL
வந்து,COMING
எடுப்புமே,RAISES
என,SAY
ஆங்கு,THUS
மெல்லியான்,GENTLE_ONE
செவி,EAR
முதல்,BEGINNING
மேல்வந்தான்,ABOVE_COME
காலை,LEG
போல்,LIKE
எல்லாம்,ALL
துயிலோ,SLEEP
எடுப்புக,RAISE
நின்,YOUR
பெண்டிர்,WOMEN
இல்லின்,HOUSE
எழீஇய,RAISED
யாழ்,LUTE
தழீஇ,EMBRACING
கல்லா,NOT_LEARNED
வாய்ப்,MOUTH
பாணன்,MUSICIAN
புகுதராக்,NOT_ENTERING
கால்,TIME
விரி,SPREAD
கதிர,RAY
மண்டிலம்,DISC
வியல்,BROAD
விசும்பு,SKY
ஊர்தர,RIDE
புரி,TWIST
தலை,HEAD
தளை,FETTER
அவிழ்ந்த,LOOSENED
பூ,FLOWER
அங்கண்,BEAUTIFUL_PLACE
புணர்ந்து,UNITING
ஆடி,DANCING
வரி,LINE
வண்டு,BEE
வாய்,MOUTH
சூழும்,SURROUNDS
வளம்,PROSPERITY
கெழு,ABOUNDING
பொய்கையுள்,POND
துனி,ANGER
சிறந்து,EXCELLING
இழிதரும்,FLOWS
கண்ணின்,EYE
நீர்,WATER
அறல்,SAND
வார,COME
இனிது,SWEET
அமர்,LOVE
காதலன்,LOVER
இறைஞ்சி,BOWING
தன்,HIS
அடி,FOOT
சேர்பு,JOINING
நனி,MUCH
விரைந்து,QUICKLY
அளித்தலின்,GIVING
நகுபவள்,LAUGHING_SHE
முகம்,FACE
போல,LIKE
பனி,DEW
ஒரு,ONE
திறம்,SIDE
வார,COME
பாசடைத்,GREEN_LEAF
தாமரைத்,LOTUS
தனி,ALONE
மலர்,FLOWER
தளை,FETTER
விடூஉம்,LOOSENS
தண்,COOL
துறை,FORD
நல்,GOOD
ஊர,VILLAGE
ஒரு,ONE
நீ,YOU
பிறர்,OTHERS
இல்லை,NOT
அவன்,HE
பெண்டிர்,WOMEN
என,SAY
உரைத்துத்,SPEAKING
தேரொடும்,CHARIOT
தேற்றிய,CONVINCED
பாகன்,CHARIOTEER
வந்தீயான்கொல்,COMES
ஓர்,ONE
இல்,HOUSE
தான்,HE
கொணர்ந்து,BRINGING
உய்த்தார்,SENT
புலவியுள்,ANGRY
பொறித்த,IMPRESSED
புண்,WOUND
பாரித்துப்,SPREADING
புணர்ந்த,UNITED
நின்,YOUR
பரத்தைமை,PROMISCUITY
காணிய,TO_SEE
மடுத்து,IMMERSING
அவன்,HE
புகு,ENTER
வழி,WAY
மறையேன்,I_WILL_HIDE
என்று,SAY
யாழொடும்,LUTE
எடுத்துச்,RAISING
சூள்,VOW
பல,MANY
உற்ற,TOOK
பாணன்,MUSICIAN
வந்தீயான்கொல்,COMES
அடுத்து,APPROACHING
தன்,HIS
பொய்,LIE
உண்டார்ப்,THOSE_WHO_BELIEVED
புணர்ந்த,UNITED
நின்,YOUR
எருத்தின்,NECK
கண்,IN
எடுத்துக்,RAISING
கொள்வது,TAKING
போலும்,LIKE
தொடி,BRACELET
வடு,SCAR
காணிய,TO_SEE
தணந்தனை,LEFT
என,SAY
கேட்டு,HEARING
தவறு,FAULT
ஓராது,NOT_CONSIDERING
எமக்கு,FOR_US
நின்,YOUR
குணங்களை,QUALITIES
பாராட்டும்,PRAISES
தோழன்,FRIEND
வந்தீயான்கொல்,COMES
கணம்,GROUP
குழை,EARRING
நல்லவர்,GOOD_WOMEN
கதுப்பு,HAIR
அறல்,SAND
அணைத்,BED
துஞ்சி,SLEEPING
அணங்கு,GODDESS
போல்,LIKE
கமழும்,EMITS
நின்,YOUR
அலர்,FLOWER
மார்பு,CHEST
காணிய,TO_SEE
என்று,SAY
நின்,YOUR
தீரா,UNCEASING
முயக்கம்,EMBRACE
பெறுநர்ப்,OBTAINERS
புலப்பவர்,ANGRY_ONES
யார்,WHO
நீ,YOU
வரு,COME
நாள்,DAY
போல்,LIKE
அமைகுவாம்,WE_WILL_BE
யாம்,WE
புக்கீமோ,ENTER
மாரிக்கு,RAIN
அவாவுற்று,DESIRING
பீள்,FRUIT
வாடும்,FADES
நெல்லிற்கு,PADDY
ஆங்கு,THERE
ஆராத்,NOT_FULL
துவலை,SPRINKLE
அளித்தது,GAVE
போலும்,LIKE
நீ,YOU
ஓர்,ONE
யாட்டு,PLACE
ஒரு,ONE
கால்,TIME
வரவு,COMING
இணைபட,JOINING
நிவந்த,RAISED
நீல,BLUE_LILY
மென்,SOFT
சேக்கையுள்,BED
துணை,COMPANION
புணர்,JOINED
அன்னத்தின்,SWAN
தூவி,FEATHER
மெல்,SOFT
அணை,BED
அசைஇ,RESTING
சேடு,HEIGHT
இயல்,NATURE
வள்ளத்து,POT
பெய்த,PLACED
பால்,MILK
சில,FEW
காட்டி,SHOWING
ஊடும்,SULKS
மெல்,SOFT
சிறு,SMALL
கிளி,PARROT
உணர்ப்பவள்,MAKING_AWARE_SHE
முகம்,FACE
போல,LIKE
புது,NEW
நீர,WATER
புதல்,BUSH
ஒற்ற,TOUCH
புணர்,JOINED
திரை,WAVE
பிதிர்,SPRAY
மல்க,FILL
மதி,MOON
நோக்கி,LOOKING
அலர்,FLOWER
வீத்த,SCATTERED
ஆம்பல்,WHITE_LILY
வால்,WHITE
மலர்,FLOWER
நண்ணி,APPROACHING
கடி,FRAGRANT
கயத்,POND
தாமரைக்,LOTUS
கமழ்,FRAGRANT
முகை,BUD
கரை,SHORE
மாவின்,MANGO_TREE
வடி,SHARP
தீண்ட,TOUCH
வாய்,MOUTH
விடூஉம்,OPENS
வயல்,FIELD
அணி,BEAUTY
நல்,GOOD
ஊர,VILLAGE
கண்ணி,GARLAND
நீ,YOU
கடி,FRAGRANT
கொண்டார்க்,THOSE_WHO_TAKE
கனைதொறும்,EVERY_TIME
யாம்,WE
அழ,CRY
பண்ணினால்,MUSIC
களிப்பிக்கும்,MADE_HAPPY
பாணன்,MUSICIAN
காட்டு,SHOW
என்றானோ,SAID
பேணான்,NOT_CARING
என்று,SAY
உடன்றவர்,ANGRY_ONES
உகிர்,NAIL
செய்த,MADE
வடுவினான்,SCAR
மேல்,ABOVE
நாள்,DAY
நின்,YOUR
தோள்,SHOULDER
சேர்ந்தார்,JOINED_ONES
நகை,SMILE
சேர்ந்த,JOINED
இதழினை,PETAL
நாடி,SEEKING
நின்,YOUR
தூது,MESSENGER
ஆடி,PLAYING
துறைச்,FORD
செல்லாள்,NOT_GOING
ஊரவர்,VILLAGERS
ஆடை,GARMENT
கொண்டு,TAKING
ஒலிக்கும்,SOUNDS
நின்,YOUR
புலைத்தி,OUTCASTE_WOMAN
காட்டு,SHOW
என்றாளோ,SAID_SHE
கூடியார்,UNITED_ONES
புனல்,WATER
ஆட,BATHE
புணை,RAFT
ஆய,BEING
மார்பினில்,CHEST
ஊடியார்,ANGRY_ONES
எறிதர,THROWING
ஒளி,LIGHT
விட்ட,EMITTED
அரக்கினை,LAC
வெறிது,EMPTY
நின்,YOUR
புகழ்களை,FAME
வேண்டார்,NOT_WANTING
இல்,HOUSE
எடுத்து,RAISING
ஏத்தும்,PRAISES
அறிவு,WISDOM
உடை,HAVING
அந்தணன்,BRAHMIN
அவளை,HER
காட்டு,SHOW
என்றானோ,SAID
களி,INTOXICATION
பட்டார்,TOUCHED_ONES
கமழ்,FRAGRANT
கோதை,GARLAND
கயம்பட்ட,IMPAIRED
உருவின்,FORM
மேல்,UPON
குறி,SIGN
பெற்றார்,OBTAINED_ONES
குரல்,VOICE
கூந்தல்,HAIR
கோடு,TUSK
உளர்ந்த,SCRATCHED
துகளினை,DUST
என,SAY
ஆங்கு,THUS
செறிவுற்றேம்,WE_ARE_CLOSE
எம்மை,US
நீ,YOU
செறிய,CLOSELY
அறிவுற்று,KNOWING
அழிந்து,PERISHING
உகு,FALLING
நெஞ்சத்தேம்,HEART
அல்லல்,DISTRESS
உழப்ப,SUFFERING
கழிந்தவை,PAST_THINGS
உள்ளாது,NOT_THINKING
கண்ட,SEEN
இடத்தே,PLACE
அழிந்து,PERISHING
நின்,YOUR
பேணிக்,LOVING
கொளலின்,TAKING
இழிந்ததோ,FALLEN
இந்,THIS
நோய்,SICKNESS
உழத்தல்,SUFFERING
எமக்கு,FOR_US
அகல்,BROAD
துறை,FORD
அணிபெற,OBTAINING_BEAUTY
புதலொட,BUSH
தாழ்ந்த,HANGING
பகன்றைப்,TRUMPET_FLOWER
பூ,FLOWER
உற,TOUCHING
நீண்ட,LONG
பாசடைத்,GREEN_LEAF
தாமரை,LOTUS
கண்,EYE
பொர,FIGHTING
ஒளி,LIGHT
விட்ட,EMITTED
வெள்ளிய,WHITE
வள்ளத்தால்,POT
தண்,COOL
கமழ்,FRAGRANT
நறும்,FRAGRANT
தேறல்,CLARIFIED_LIQUOR
உண்பவள்,DRINKING_SHE
முகம்,FACE
போல,LIKE
வண்,BOUNTIFUL
பிணி,TIE
தளை,FETTER
விடூஉம்,LOOSENS
வயல்,FIELD
அணி,BEAUTY
நல்,GOOD
ஊர,VILLAGE
நோதக்காய்,PAINFUL_ONE
என,SAY
நின்னை,YOU
நொந்தீவார்,SUFFERERS
இல்,NO
வழித்,WAY
தீது,EVIL
இலேன்,NOT
யான்,I
என,SAY
தேற்றிய,CONVINCING
வருதிமன்,COME
ஞெகிழ்,LOOSE
தொடி,BRACELET
இளையவர்,YOUNG_ONES
இடை,PLACE
முலைத்,BREAST
தாது,POLLEN
சோர்ந்து,FALLING
இதழ்,PETAL
வனப்பு,BEAUTY
இழந்த,LOST
நின்,YOUR
கண்ணி,GARLAND
வந்து,COMING
உரையாக்கால்,IF_SPEAKS
கனற்றி,HEATING
நீ,YOU
செய்வது,DOING
கடிந்தீவார்,REMOVERS
இல்வழி,IF_NO
மனத்தில்,HEART
தீது,EVIL
இலன்,NOT
என,SAY
மயக்கிய,CONFUSING
வருதிமன்,COME
அலமரல்,CONFUSED
உண்கண்ணார்,BEAUTIFUL_EYED_ONES
ஆய்,BEAUTIFUL
கோதை,GARLAND
குழைத்த,MIXED
நின்,YOUR
மலர்,FLOWER
மார்பின்,CHEST
மறுப்பட்ட,OPPOSED
சாந்தம்,SANDALWOOD
வந்து,COMING
உரையாக்கால்,IF_SPEAKS
என்னை,ME
நீ,YOU
செய்யினும்,EVEN_IF_DO
உரைத்தீவார்,SPEAKERS
இல்வழி,IF_NO
முன்,FRONT
அடிப்,FOOT
பணிந்து,HUMBLING
எம்மை,US
உணர்த்திய,INFORMED
வருதிமன்,COME
நிரை,LINE
தொடி,BRACELET
நல்லவர்,GOOD_WOMEN
துணங்கையுள்,DANCE
தலைக்,HEAD
கொள்ள,TAKING
கரை,SHORE
இடைக்,PLACE
கிழிந்த,TORN
நின்,YOUR
காழகம்,UPPER_GARMENT
வந்து,COMING
உரையாக்கால்,IF_SPEAKS
என,SAY
ஆங்கு,THUS
மண்டு,BATTLE
நீர்,WATER
ஆரா,FULL
மலி,FILLED
கடல்,SEA
போலும்,LIKE
நின்,YOUR
தண்டாப்,UNCEASING
பரத்தை,PROMISCUITY
தலைக்,HEAD
கொள்ள,TAKING
நாளும்,DAILY
புலத்,FIELD
தகைப்,NATURE
பெண்டிரை,WOMEN
தேற்ற,CONVINCE
மற்று,FURTHER
யாம்,WE
எனின்,IF
தோலாமோ,WILL_WE_LOSE
நின்,YOUR
பொய்,LIE
மருண்டு,BEING_CONFUSED
பொய்கைப்,POND
பூ,FLOWER
புதிது,NEWLY
உண்ட,EATEN
வரி,LINE
வண்டு,BEE
கழி,EXCESS
பூத்த,FLOWERED
நெய்தல்,WATER_LILY
தாது,POLLEN
அமர்ந்து,JOINING
ஆடி,DANCING
பாசடைச்,GREEN_LEAF
சேப்பினுள்,CHEST
செய்து,MADE
இயற்றியது,CONSTRUCTED
போல,LIKE
வயல்,FIELD
பூத்த,FLOWERED
தாமரை,LOTUS
மை,DARK
தபு,REMOVED
கிளர்,RISING
கொட்டை,SEED
மாண்,BEAUTIFUL
பதி,PLACE
படர்தரூஉம்,SPREADS
கொய்குழை,PICKED_EARRING
அகை,SPLIT
காஞ்சித்,KANCI_TREE
துறை,FORD
அணி,BEAUTY
நல்,GOOD
ஊர,VILLAGE
அன்பு,AFFECTION
இலன்,NOT
அறன்,RIGHTEOUSNESS
இலன்,NOT
எனப்படான்,WILL_BE_SAID
என,SAY
ஏத்தி,PRAISING
நின்,YOUR
புகழ்,FAME
பல,MANY
பாடும்,SINGS
பாணனும்,MUSICIAN
ஏமுற்றான்,REJOICED
நஞ்சு,POISON
உயிர,LIFE
செகுத்தலும்,KILLING
அறிந்து,KNOWING
உண்டாங்கு,DRANK_LIKE
அளி,MERCY
இன்மை,LACK
கண்டு,SEEING
நின்,YOUR
மொழி,WORD
தேறும்,ACCEPTS
பெண்டிரும்,WOMEN
ஏமுற்றார்,REJOICED
முன்பகல்,FORENOON
தலைக்கூடி,MEETING
நன்பகல்,NOON
அவள்,SHE
நீத்துப்,LEAVING
பின்பகல்,AFTERNOON
பிறர்த்,OTHERS
தேரும்,SEEKS
நெஞ்சமும்,HEART
ஏமுற்றாய்,REJOICED_YOU
என,SAY
ஆங்கு,THUS
கிண்கிணி,BELL
மணித்,BELL
தாரொட,GARLAND
ஒலித்து,SOUNDING
ஆர்ப்ப,SOUNDING
ஒண்,BRIGHT
தொடிப்,BRACELET
பேர்,GREAT
அமர்க்,BATTLE
கண்ணார்க்கும்,EYED_ONES
படு,FALL
வலை,NET
இது,THIS
என,SAY
ஊரவர்,VILLAGERS
உடன்,TOGETHER
நக,LAUGH
திரிதரும்,WANDERS
தேர்,CHARIOT
ஏமுற்றன்று,REJOICED
நின்னினும்,THAN_YOU
பெரிதே,GREATLY
நீர்,WATER
ஆர்,FULL
செறுவில்,FIELD
நெய்தலொட,WATER_LILY
நீடிய,LONG
நேர்,STRAIGHT
இதழ்,PETAL
ஆம்பல்,WHITE_LILY
நிரை,LINE
இதழ்,PETAL
கொண்மார்,TO_TAKE
சீர்,FAME
ஆர்,FULL
சே,BEAUTIFUL
இழை,JEWEL
ஒலிப்ப,SOUNDING
ஓடும்,RUNS
ஓரை,GAME
மகளிர்,WOMEN
ஓதை,SOUND
வெரீஇ,FEARING
எழுந்து,RISING
ஆரல்,FISH
ஆர்கை,EATING
அம்,BEAUTIFUL
சிறை,WING
தொழுதி,FLOCK
உயர்ந்த,HIGH
பொங்கர்,HILL
உயர்,HIGH
மரம்,TREE
ஏறி,CLIMBING
அமர்க்கண்,BATTLEFIELD
மகளிர்,WOMEN
அலப்பிய,TROUBLED
அந்,THAT
நோய்,SICKNESS
தமர்க்கு,TO_RELATIVES
உரைப்பன,SPEAKING
போல்,LIKE
பல்,MANY
குரல்,VOICE
பயிற்றும்,TEACHES
உயர்ந்த,HIGH
போரின்,WAR
ஒலி,SOUND
நல்,GOOD
ஊரன்,VILLAGE_KING
புதுவோர்,NEW_PEOPLE
புணர்தல்,UNITING
வெய்யன்,FIERCE_ONE
ஆயின்,IF
வதுவை,MARRIAGE
நாளால்,DAY
வைகலும்,DAILY
அது,THAT
யான்,I
நோவேன்,I_WILL_SUFFER
தோழி,FRIEND
நோவாய்,SUFFER
நீ,YOU
என,SAY
என்,MY
பார்த்து,LOOKING
உறுவோய்,FEELING_ONE
கேள்,LISTEN
இனித்,NOW
தெற்றென,CLEARLY
எல்லினை,GOOD
வருதி,COME
எவன்,WHAT
குறித்தனை,INTENDED
என,SAY
சொல்லாதிருப்பேன்,IF_I_DONT_SPEAK
ஆயின்,IF
ஒல்லென,QUICKLY
விரி,SPREAD
உளைக்,MANE
கலி,NOISY
மான்,DEER
தேரொட,CHARIOT
வந்த,COME
விருந்து,GUEST
எதிர்கோடலின்,WELCOMING
மறப்பல்,I_WILL_FORGET
என்றும்,ALWAYS
வாடிய,FADED
பூவொட,FLOWER
வாரல்,DONT_COME
எம்மனை,OUR_HOUSE
என,SAY
ஊடி,SULKING
இருப்பேன்,IF_I_STAY
ஆயின்,IF
நீடாது,WITHOUT_DELAY
அச்சு,FEAR
ஆறு,WAY
ஆக,AS
உணரிய,KNOW
வருபவன்,COMER
பொய்ச்சூள்,FALSE_VOW
அஞ்சிப்,FEARING
புலவேன்,I_WILL_NOT_BE_ANGRY
ஆகுவல்,I_WILL_BECOME
பகல்,DAY
ஆண்டு,THERE
அல்கினை,STAYED
பரத்த,PROMISCUOUS_WOMAN
என்று,SAY
யான்,I
இகலியிருப்பேன்,IF_I_AM_ANGRY
ஆயின்,IF
தான்,HE
தன்,HIS
முதல்வன்,FIRST_ONE
பெரும்,GREAT
பெயர்,NAME
முறை,ORDER
உளிப்,ACCORDING
பெற்ற,OBTAINED
புதல்வன்,SON
புல்லி,EMBRACING
பொய்,FALSE
துயில்,SLEEP
துஞ்சும்,SLEEPS
ஆங்க,THERE
விருந்து,GUEST
எதிர்கொள்ளவும்,WELCOMING
பொய்ச்சூள்,FALSE_VOW
அஞ்சவும்,FEARING
அரும்,DIFFICULT
பெறல்,OBTAINING
புதல்வனை,SON
முயங்க,EMBRACE
காணவும்,SEEING
ஆங்கு,THERE
அவிந்து,SUBSIDING
ஒழியும்,CEASES
என்,MY
புலவி,ANGER
தாங்காது,NOT_BEARING
அவ்,THAT
அவ்,THAT
இடத்தான்,PLACE
அவை,THOSE
அவை,THOSE
காண,SEEING
பூங்கண்,FLOWER_EYE
மகளிர்,WOMEN
புனை,ADORN
நலம்,BEAUTY
சிதைக்கும்,DESTROYS
மாய,DECEPTIVE
மகிழ்நன்,HUSBAND
பரத்தைமை,PROMISCUITY
நோவென்,I_SUFFER
தோழி,FRIEND
கடன்,DUTY
நமக்கு,FOR_US
எனவே,SO
புனை,ADORN
இழை,JEWEL
நோக்கியும்,LOOKING
புனல்,WATER
ஆட,BATHE
புறம்,BACK
சூழ்ந்தும்,PLANNING
அணி,BEAUTY
வரி,LINE
தைஇயும்,MAKING
நம்,OUR
இல்,HOUSE
வந்து,COMING
வணங்கியும்,BOWING
நினையுபு,THINKING
வருந்தும்,SUFFERS
இந்,THIS
நெடுந்தகை,GREAT_ONE
திறத்து,IN_REGARD
இவ்,THIS
ஊர்,VILLAGE
இனையள்,SUCH_SHE
என்று,SAY
எடுத்து,RAISING
ஓதற்கு,TO_SAY
அனையையோ,ARE_YOU_THAT
நீ,YOU
என,SAY
வினவுதி,ASK
ஆயின்,IF
விளங்கு,SHINE
இழாய்,JEWEL
கேள்,LISTEN
இனி,NOW
செவ்,RED
விரல்,FINGER
சிவப்பு,REDNESS
ஊர,SPREAD
சேண்,DISTANT
சென்றாய்,WENT_YOU
என்று,SAY
அவன்,HE
பௌவ,SEA
நீர்ச்,WATER
சாய்க்,SAND
கொழுதி,SCRATCHING
பாவை,DOLL
தந்தனைத்தற்கே,GAVE
கௌவை,GOSSIP
நோய்,SICKNESS
உற்றவர்,THOSE_WHO_HAVE
காணாது,NOT_SEEING
கடுத்த,INTENDED
சொல்,WORD
ஒவ்வா,NOT_FITTING
என்று,SAY
உணராய்,NOT_KNOWING
நீ,YOU
ஒரு,ONE
நிலையே,STATE
உரைத்ததை,SAID
ஒடுங்கி,HUMBLING
யாம்,WE
புகல்,ENTER
ஒல்லேம்,WE_CANNOT
பெயர்தர,RETURN
அவன்,HE
கண்டு,SEEING
நெடும்,LONG
கய,POND
மலர்,FLOWER
வாங்கி,TAKING
நெறித்துத்,TWISTING
தந்தனைத்தற்கோ,GAVE
விடுந்தவர்,LEFT_ONES
விரகு,WAY
இன்றி,WITHOUT
எடுத்த,RAISED
சொல்,WORD
பொய்,LIE
ஆக,BEING
கடிந்ததும்,REMOVED
இலையாய்,NOT
நீ,YOU
கழறிய,REQUESTED
வந்ததை,COME
வரி,LINE
தேற்றாய்,NOT_CONVINCING
நீ,YOU
என,SAY
வணங்கு,BOWED
இறை,LORD
அவன்,HE
பற்றித்,GRASPING
தெரி,SELECTED
வேய்த்,BAMBOO
தோள்,SHOULDER
கரும்பு,SUGARCANE
எழுதித்,WRITING
தொய்யில்,PAINTING
செய்தனைத்தற்கோ,DID
புரிபு,LOVING
நம்,OUR
ஆயத்தார்,GROUP
பொய்,LIE
ஆக,AS
எடுத்த,RAISED
சொல்,WORD
உரிது,FITTING
என,SAY
உணராய்,NOT_KNOWING
நீ,YOU
உலமந்தாய்,BECAME_CONFUSED
போன்றதை,LIKE
என,SAY
ஆங்கு,THUS
அரிது,DIFFICULT
இனி,NOW
ஆய்,BEAUTIFUL
இழாய்,JEWEL
அது,THAT
தேற்றல்,CONVINCING
புரிபு,LOVING
ஒருங்கு,TOGETHER
அன்று,THAT_DAY
நம்,OUR
வதுவையுள்,MARRIAGE
நமர்,OUR_PEOPLE
செய்வது,DOING
இன்று,TODAY
ஈங்கே,HERE
தான்,HE
நயந்து,LOVING
இருந்தது,STAYED
இவ்,THIS
ஊர்,VILLAGE
ஆயின்,IF
எவன்,WHAT
கொலோ,PERHAPS
நாம்,WE
செயற்பாலது,TO_BE_DONE
இனி,NOW
இணை,PAIR
இரண்டு,TWO
இயைந்து,JOINED
ஒத்த,RESEMBLING
முகை,BUD
நாப்பண்,IN_BETWEEN
பிறிது,OTHER
யாதும்,ANYTHING
துணை,COMPANION
இன்றி,WITHOUT
தளை,FETTER
விட்ட,RELEASED
தாமரை,LOTUS
தனி,ALONE
மலர்,FLOWER
திரு,LAKSHMI
முகம்,FACE
இறைஞ்சினள்,BOWED_SHE
வீழ்பவற்கு,FOR_LOVER
இனைபவள்,GRIEVING_SHE
அரி,LION
மதர்,CONFUSION
மழைக்,RAIN
கண்,EYE
நீர்,WATER
அலர்,FLOWER
முலை,BREAST
மேல்,UPON
தெறிப்ப,SPLASHING
போல்,LIKE
தகை,BEAUTY
மலர்ப்,FLOWER
பழனத்த,FIELD
புள்,BIRD
ஒற்ற,TOUCHING
ஒசிந்து,BENDING
ஒல்கி,LEANING
மிக,GREATLY
நனி,MUCH
சேர்ந்த,JOINED
அம்,BEAUTIFUL
முகை,BUD
மிசை,UPON
அம்,BEAUTIFUL
மலர்,FLOWER
அக,INNER
இதழ்த்,PETAL
தண்,COOL
பனி,DEW
உறைத்தரும்,SCATTERS
ஊர,VILLAGE
கேள்,LISTEN
தண்,COOL
தளிர்த்,TENDER_LEAF
தகை,BEAUTY
பூத்த,FLOWERED
தாது,POLLEN
எழில்,BEAUTY
நலம்,BEAUTY
செல,GO
கொண்டு,TAKING
நீ,YOU
மாறிய,CHANGED
கவின்,BEAUTY
பெறல்,OBTAINING
வேண்டேன்மன்,I_DONT_WANT
உண்டாதல்,BEING
சாலா,NOT_ENOUGH
என்,MY
உயிர,LIFE
சாதல்,DEATH
உணர்ந்து,KNOWING
நின்,YOUR
பெண்டு,WIFE
என,SAY
பிறர்,OTHERS
கூறும்,SAY
பழி,BLAME
மாற,CHANGE
பெறுகற்பின்,IF_I_OBTAIN
பொன்,GOLD
என,LIKE
பசந்த,TURNED_PALE
கண்,EYE
போது,FLOWER
எழில்,BEAUTY
நலம்,BEAUTY
செல,GO
தொல்,ANCIENT
நலம்,BEAUTY
இழந்த,LOST
கண்,EYE
துயில்,SLEEP
பெறல்,OBTAINING
வேண்டேன்மன்,I_DONT_WANT
நின்,YOUR
அணங்கு,GODDESS
உற்றவர்,THOSE_AFFECTED
நீ,YOU
செய்யும்,DO
கொடுமைகள்,CRUELTIES
என்,MY
உழை,AT
வந்து,COMING
நொந்து,SUFFERING
உரையாமை,NOT_SPEAKING
பெறுகற்பின்,IF_I_OBTAIN
மாசு,SPOT
அற,WITHOUT
மண்ணுற்ற,EARTHEN
மணி,BELL
ஏசும்,BLAMES
இருங்,DARK
கூந்தல்,HAIR
வீ,FLOWER
சேர்ந்து,JOINING
வண்டு,BEE
ஆர்க்கும்,HUMS
கவின்,BEAUTY
பெறல்,OBTAINING
வேண்டேன்மன்,I_DONT_WANT
நோய்,SICKNESS
சேர்ந்த,JOINED
திறம்,WAY
பண்ணி,MAKING
நின்,YOUR
பாணன்,MUSICIAN
எம்மனை,OUR_HOUSE
நீ,YOU
சேர்ந்த,JOINED
இல்,HOUSE
வினாய,ASKED
வாராமை,NOT_COMING
பெறுகற்பின்,IF_I_OBTAIN
ஆங்க,THERE
கடைஇய,PROCEEDED
நின்,YOUR
மார்பு,CHEST
தோயலம்,WE_WILL_TOUCH
என்னும்,SAYS
இடையும்,WAIST
நிறையும்,DIGNITY
எளிதோ,IS_IT_EASY
நின்,YOUR
காணின்,IF_SEES
கடவுபு,PASSING
கை,HAND
தங்கா,NOT_STOPPING
நெஞ்சு,HEART
என்னும்,CALLED
தம்மோட,WITH_THEMSELVES
உடன்,TOGETHER
வாழ்,LIVING
பகை,ENEMY
உடையார்க்கு,FOR_THOSE_WHO_HAVE
பல்,MANY
மலர்ப்,FLOWER
பழனத்த,FIELD
பாசடைத்,GREEN_LEAF
தாமரை,LOTUS
இன்,SWEET
மலர்,FLOWER
இமிர்பு,HUMMING
ஊதும்,BLOWS
துணை,COMPANION
புணர்,JOINED
இரும்,DARK
தும்பி,BEE
உண்துறை,DRINKING_PLACE
உடைந்த,BROKEN
பூப்,FLOWER
புனல்,WATER
சாய்ப்ப,SPREADING
புலந்து,BEING_ANGRY
ஊடி,SULKING
பண்பு,NATURE
உடை,HAVING
நல்,GOOD
நாட்டுப்,COUNTRY
பகை,ENEMY
தலை,HEAD
வந்தென,COME
அது,THAT
கைவிட்டு,LEAVING
அகன்று,GONE
ஒரீஇ,LEAVING
காக்கிற்பான்,PROTECTOR
குடை,UMBRELLA
நீழல்,SHADE
பதி,PLACE
படர்ந்து,SPREADING
இறைகொள்ளும்,TAKES_SHELTER
குடி,FAMILY
போல,LIKE
பிறிதும்,OTHER
ஒரு,ONE
பொய்கை,POND
தேர்ந்து,CHOOSING
அலமரும்,SUFFERS
பொழுதினான்,TIME
மொய்,CROWD
தப,REMOVED
இறை,LORD
பகை,ENEMY
தணிப்ப,COOLING
அக்,THAT
குடி,FAMILY
பதிப்,PLACE
பெயர்ந்தாங்கு,RETURNED_LIKE
நிறை,FULL
புனல்,WATER
நீங்க,LEAVE
வந்து,COMING
அத்தும்பி,THAT_BEE
அம்,BEAUTIFUL
மலர்ப்,FLOWER
பறை,DRUM
தவிர்பு,STOPPING
அசைவிடூஉம்,REST
பாய்,SPRINGING
புனல்,WATER
நல்,GOOD
ஊர,VILLAGE
நீக்கும்கால்,WHEN_REMOVING
நிறம்,COLOR
சாய்ந்து,FADING
புணரும்கால்,WHEN_UNITING
புகழ்,FAME
பூத்து,FLOWERING
நாம்,WE
கொண்ட,HAVING
குறிப்பு,INTENTION
இவள்,SHE
நலம்,BEAUTY
என்னும்,SAYS
தகையோ,NATURE
தான்,INDEED
எரி,FIRE
இதழ்,PETAL
சோர்ந்து,FALLING
உக,FALL
ஏதிலார்ப்,STRANGERS
புணர்ந்தமை,UNITING
கரி,WITNESS
கூறும்,SAYS
கண்ணியை,GARLANDED_ONE
ஈங்கு,HERE
எம்,OUR
இல்,HOUSE
வருவதை,COMING
சுடர்,FLAME
நோக்கி,LOOKING
மலர்ந்து,BLOOMING
ஆங்கே,THERE
படின்,IF_FALLS
கூம்பும்,FOLDS
மலர்,FLOWER
போல்,LIKE
என்,MY
தொடர்,CONNECTION
நீப்பின்,IF_LEAVES
தொகும்,COLLECTS
இவள்,SHE
நலம்,BEAUTY
என்னும்,SAYS
தகையோ,NATURE
தான்,INDEED
அலர்,GOSSIP
நாணி,ASHAMED
கரந்த,HIDDEN
நோய்,SICKNESS
கைம்மிக,INCREASING
பிறர்,OTHERS
கூந்தல்,HAIR
மலர்,FLOWER
நாறும்,SMELLS
மார்பினை,CHEST
ஈங்கு,HERE
எம்,OUR
இல்,HOUSE
வருவதை,COMING
பெயின்,IF_RAINS
நந்தி,PROSPERS
வறப்பின்,IF_DRIES
சாம்,DIES
புலத்திற்கு,FIELD
பெயல்,RAIN
போல்,LIKE
யான்,I
செலின்,IF_GO
நந்தி,PROSPERS
செறின்,IF_STAYS
சாம்பும்,FADES
இவள்,SHE
என்னும்,SAYS
தகையோ,NATURE
தான்,INDEED
முடி,HAIR
உற்ற,TOUCHED
கோதை,GARLAND
போல்,LIKE
யாம்,WE
வாட,FADE
ஏதிலார்,STRANGERS
தொடி,BRACELET
உற்ற,TOUCHED
வடுக்,SCAR
காட்டி,SHOWING
ஈங்கு,HERE
எம்,OUR
இல்,HOUSE
வருவதை,COMING
ஆங்க,THERE
ஐய,FRIEND
அமைந்தன்று,IT_IS_FITTING
அனைத்து,THAT_MUCH
ஆக,BEING
புக்கீமோ,WE_ENTER
வெய்யாரும்,FIERCE_ONES
வீழ்வாரும்,LOVERS
வேறு,DIFFERENT
ஆக,BEING
கையின்,HAND
முகை,BUD
மலர்ந்தன்ன,BLOOMED_LIKE
முயக்கில்,EMBRACE
தகை,BEAUTY
இன்றே,WITHOUT
தண்,COOL
பனி,DEW
வைகல்,DAY
எமக்கு,FOR_US
புள்,BIRD
இமிழ்,SOUNDING
அகல்,BROAD
வயல்,FIELD
ஒலி,SOUND
செந்நெல்,RED_PADDY
இடை,PLACE
பூத்த,FLOWERED
முள்,THORN
அரைத்,STEM
தாமரை,LOTUS
முழு,WHOLE
முதல்,BASE
சாய்த்து,LEANING
அதன்,ITS
வள்,BEAUTIFUL
இதழ்,PETAL
உற,TOUCHING
நீடி,LONG
வயங்கிய,SHINING
ஒரு,ONE
கதிர,RAY
அவை,THOSE
புகழ்,FAME
அரங்கின்,STAGE
மேல்,UPON
ஆடுவாள்,DANCING_SHE
அணி,BEAUTY
நுதல்,FOREHEAD
வகை,METHOD
பெற,OBTAINING
செரீஇய,PLACED
வயந்தகம்,SPRING_FESTIVAL
போல்,LIKE
தோன்றும்,APPEARS
தகைபெறு,OBTAINING_BEAUTY
கழனி,FIELD
அம்,BEAUTIFUL
தண்,COOL
துறை,FORD
ஊர,VILLAGE
கேள்,LISTEN
அணியொட,BEAUTY
வந்து,COMING
ஈங்கு,HERE
எம்,OUR
புதல்வனை,SON
கொள்ளாதி,DONT_TAKE
மணி,BELL
புரை,LIKE
செவ்வாய்,RED_MOUTH
நின்,YOUR
மார்பு,CHEST
அகலம்,BROADNESS
நனைப்பதால்,WETS
தோய்ந்தாரை,THOSE_WHO_TOUCHED
அறிகுவேன்,I_WILL_KNOW
யான்,I
என,SAY
கமழும்,EMITS
நின்,YOUR
சாந்தினால்,SANDALWOOD
குறி,SIGN
கொண்டாள்,TOOK_SHE
சாய்குவள்,WILL_LEAN
அல்லளோ,WONT_SHE
புல்லல்,EMBRACE
எம்,OUR
புதல்வனை,SON
புகல்,ENTER
அகல்,BROAD
நின்,YOUR
மார்பில்,CHEST
பல்,MANY
காழ்,STRING
முத்து,PEARL
அணி,BEAUTY
ஆரம்,NECKLACE
பற்றினன்,GRASPED
பரிவானால்,LOVINGLY
மாண்,BEAUTIFUL
இழை,JEWEL
மட,SOFT
நல்லார்,GOOD_WOMEN
முயக்கத்தை,EMBRACE
நின்,YOUR
மார்பில்,CHEST
பூணினால்,ORNAMENT
குறி,SIGN
கொண்டாள்,TOOK_SHE
புலக்குவள்,WILL_BE_ANGRY
அல்லளோ,WONT_SHE
கண்டே,SEE
எம்,OUR
புதல்வனை,SON
கொள்ளாதி,DONT_TAKE
நின்,YOUR
சென்னி,HEAD
வண்டு,BEE
இமிர்,HUMMING
வகை,METHOD
இணர்,CLUSTER
வாங்கினன்,TOOK
பரிவானால்,LOVINGLY
நண்ணியார்க்,THOSE_WHO_APPROACH
காட்டுவது,SHOWS
இது,THIS
என,SAY
கமழும்,EMITS
நின்,YOUR
கண்ணியால்,GARLAND
குறி,SIGN
கொண்டாள்,TOOK_SHE
காய்குவள்,WILL_BE_ANGRY
அல்லளோ,WONT_SHE
என,SAY
ஆங்கு,THUS
பூங்கண்,FLOWER_EYE
புதல்வனை,SON
பொய்,LIE
பல,MANY
பாராட்டி,PRAISING
நீங்காய்,NOT_LEAVING
இகவாய்,NOT_GOING
நெடும்,LONG
கடை,END
நில்லாதி,DONT_STAY
ஆங்கே,THERE
அவர்,THEY
வயின்,AT
சென்றீ,GO
அணி,BEAUTY
சிதைப்பான்,DESTROYER
ஈங்கு,HERE
எம்,OUR
புதல்வனை,SON
தந்து,GIVING
நயம்,GOODNESS
தலை,HEAD
மாறுவார்,CHANGERS
மாறுக,CHANGE
மாறாக,UNCHANGING
கயம்,POND
தலை,HEAD
மின்னும்,FLASHES
கதிர,RAY
விடு,EMIT
முக்,PEARL
காழ்ப்,STRING
பயந்த,GAVE_BIRTH
எம்,OUR
கண்,EYE
ஆர,FULLY
யாம்,WE
காண,SEE
நல்கித்,FAVORING
திகழ்,SHINE
ஒளி,LIGHT
முத்து,PEARL
அங்கு,THERE
அரும்பு,BUD
ஆக,AS
தைஇ,MAKING
பவழம்,CORAL
புனைந்த,ADORNED
பருதி,SUN
சுமப்ப,CARRYING
கவழம்,CONFUSION
அறியா,NOT_KNOWING
நின்,YOUR
கை,HAND
புனை,ADORNED
வேழம்,ELEPHANT
புரி,TWIST
புனை,ADORNED
பூங்கயிற்றின்,FLOWER_ROPE
பைபய,SLOWLY
வாங்கி,PULLING
அரி,LION
புனை,ADORNED
புட்டிலின்,BOX
ஆங்கண்,THERE
ஈர்த்து,PULLING
ஈங்கே,HERE
வருக,COME
எம்,OUR
பாக,CHARIOTEER
மகன்,SON
கிளர்,RISING
மணி,BELL
ஆர்ப்ப,SOUNDING
ஆர்ப்ப,SOUNDING
சாஅய்,FADING
சாஅய்,FADING
செல்லும்,GOES
தளர்,FALTERING
நடை,GAIT
காண்டல்,SEEING
இனிது,SWEET
மற்று,FURTHER
இன்னாதே,UNPLEASANT
உளம்,HEART
என்னா,SAYING
நுந்தை,YOUR_FATHER
மாட்டு,AT
எவ்வம்,DISTRESS
உழப்பார்,SUFFERERS
வளை,BRACELET
நெகிழ்பு,LOOSENING
யாம்,WE
காணும்,SEE
கால்,TIME
ஐய,FRIEND
காமரு,LOVELY
நோக்கினை,LOOK
அத்தத்தா,FATHER
என்னும்,SAYS
நின்,YOUR
தேமொழி,HONEY_WORD
கேட்டல்,HEARING
இனிது,SWEET
மற்று,FURTHER
இன்னாதே,UNPLEASANT
உய்வு,SALVATION
இன்றி,WITHOUT
நுந்தை,YOUR_FATHER
நலன்,BEAUTY
உண,EATING
சாஅய்,FADING
சாஅய்மார்,FADING
எவ்வ,DISTRESS
நோய்,SICKNESS
யாம்,WE
காணும்,SEE
கால்,TIME
ஐய,FRIEND
திங்கள்,MOON
குழவி,CHILD
வருக,COME
என,SAY
யான்,I
நின்னை,YOU
அம்புலி,MOON
காட்டல்,SHOWING
இனிது,SWEET
மற்று,FURTHER
இன்னாதே,UNPLEASANT
நல்காது,NOT_FAVORING
நுந்தை,YOUR_FATHER
புறம்,BACK
மாறப்பட்டவர்,CHANGED_ONES
அல்குல்,WAIST
வரி,LINE
யாம்,WE
காணும்,SEE
கால்,TIME
ஐய,FRIEND
எம்,OUR
காதில்,EAR
கனம்,HEAVY
குழை,EARRING
வாங்கி,PULLING
பெயர்தொறும்,EVERY_TIME
போது,FLOWER
இல்,WITHOUT
வறும்,EMPTY
கூந்தல்,HAIR
கொள்வதை,TAKING
நின்னை,YOU
யாம்,WE
ஏதிலார்,STRANGERS
கண்,EYE
சாய,LEAN
நுந்தை,YOUR_FATHER
வியல்,BROAD
மார்பில்,CHEST
தாது,POLLEN
தேர்,SEEKING
வண்டின்,BEE
கிளை,GROUP
பாட,SINGING
தைஇய,MADE
கோதை,GARLAND
பரிபு,SPREADING
ஆட,DANCE
காண்கும்,WE_WILL_SEE
மை,DARK
அற,WITHOUT
விளங்கிய,SHINING
மணி,BELL
மருள்,LIKE
அவ்,THAT
வாய்,MOUTH
தன்,ITS
மெய்,TRUTH
பெறா,NOT_OBTAINING
மழலையின்,BABBLING
விளங்கு,SHINE
பூண்,ORNAMENT
நனைத்தர,WETTING
பொலம்,GOLD
பிறையுள்,CRESCENT
தாழ்ந்த,HANGING
புனை,ADORNED
வினை,WORK
உருள்,ROUND
கலன்,VESSEL
நலம்பெறு,OBTAINING_BEAUTY
கமழ்,FRAGRANT
சென்னி,HEAD
நகையொட,SMILE
துயல்வர,SWINGING
உரு,FORM
எஞ்சாது,WITHOUT_DIMINISHING
இடை,WAIST
காட்டும்,SHOWS
உடை,GARMENT
கழல்,ANKLET
அம்,BEAUTIFUL
துகில்,CLOTH
அரி,LION
பொலி,SHINE
கிண்கிணி,BELL
ஆர்ப்பு,SOUND
ஓவா,UNCEASING
அடி,FOOT
தட்ப,SUPPRESSING
பாலோடு,MILK
அலர்ந்த,BLOOMED
முலை,BREAST
மறந்து,FORGETTING
முற்றத்து,COURTYARD
கால்,WIND
வல்,STRONG
தேர்,CHARIOT
கையின்,HAND
இயக்க,DRIVING
நடை,GAIT
பயிற்றா,TEACHING
ஆல்,BANYAN
அமர்,RESIDING
செல்வன்,GOD
அணி,BEAUTY
சால்,ABOUNDING
பெரு,GREAT
விறல்,VALOR
போல,LIKE
வரும்,COMES
என்,MY
உயிர,LIFE
பெரும,GREAT_ONE
விருந்தொட,GUEST
கைதூவா,NOT_GIVING
எம்மையும்,US
உள்ளாய்,THINK
பெருந்,GREAT
தெருவில்,STREET
கொண்டாடி,CELEBRATING
ஞாயர்,RELATIVES
பயிற்ற,TEACHING
திருந்துபு,BEING_STRAIGHT
நீ,YOU
கற்ற,LEARNED
சொற்கள்,WORDS
யாம்,WE
கேட்ப,HEARING
மருந்து,MEDICINE
ஓவா,UNCEASING
நெஞ்சிற்கு,HEART
அமிழ்தம்,AMBROSIA
அயின்றற்றாப்,EATEN_LIKE
பெருந்தகாய்,GREAT_ONE
கூறு,SAY
சில,FEW
எல்,BRIGHT
இழாய்,JEWEL
சேய்,DISTANT
நின்று,STANDING
நாம்,WE
கொணர்ந்த,BROUGHT
பாணன்,MUSICIAN
சிதைந்து,BEING_DESTROYED
ஆங்கே,THERE
வாய்,MOUTH
ஓடி,RUNNING
ஏனாதிப்பாடியம்,ENADI_PPADIYAM
என்றற்றா,SAID_LIKE
நோய்,SICKNESS
நாம்,WE
தணிக்கும்,COOLS
மருந்து,MEDICINE
என,SAY
பாராட்ட,PRAISING
ஓவாது,UNCEASING
அடுத்து,APPROACHING
அடுத்து,APPROACHING
அத்தத்தா,FATHER
என்பான்,SAYING_HE
மாண,EXCELLENTLY
வேய்,BAMBOO
மென்தோள்,SOFT_SHOULDER
வேய்த்,COVER
திறம்,SIDE
சேர்த்தலும்,JOINING
மற்று,FURTHER
இவன்,THIS
வாய்,MOUTH
உள்ளின்,IF_THINKS
போகான்,WONT_GO
அரோ,PERHAPS
உள்ளி,THINKING
உழையே,NEAR
ஒருங்கு,TOGETHER
படை,WEAPON
விட,LEAVE
கள்ளர்,THIEVES
படர்தந்தது,SPREAD_CAME
போல,LIKE
தாம்,THEY
எம்மை,US
எள்ளுமார்,SCORNERS
வந்தாரே,CAME
ஈங்கு,HERE
ஏதப்பாடு,OBSTACLE
எண்ணி,THINKING
புரிசை,WALL
வியல்,BROAD
உள்ளோர்,INSIDE_PEOPLE
கள்வரை,THIEVES
காணாது,NOT_SEEING
கண்டேம்,WE_SAW
என்பார்,SAYERS
போல,LIKE
சேய்,DISTANT
நின்று,STANDING
செய்யாத,NOT_DONE
சொல்லி,SAYING
சினவல்,ANGER
நின்,YOUR
ஆணை,COMMAND
கடக்கிற்பார்,TRANSGRESSORS
யார்,WHO
அதிர்வு,FEAR
இல்,WITHOUT
படிறு,FALSEHOOD
எருக்கி,SPREADING
வந்து,COMING
என்,MY
மகன்,SON
மேல்,UPON
முதிர,RIPENED
பூண்,ORNAMENT
முலை,BREAST
பொருத,FIGHTING
ஏதிலாள்,STRANGER_WOMAN
முச்சி,HEAD
உதிர்,FALLING
துகள்,DUST
உக்க,FALLEN
நின்,YOUR
ஆடை,GARMENT
ஒலிப்ப,SOUNDING
எதிர்,OPPOSITE
வளி,WIND
நின்றாய்,STOOD_YOU
நீ,YOU
செல்,GO
இனி,NOW
எல்லா,FRIEND
யாம்,WE
தீது,EVIL
இலேம்,NOT
என்று,SAY
தெளிப்பவும்,CLARIFYING
கைந்,HAND
நீவி,REMOVING
யாது,WHAT
ஒன்றும்,ANYTHING
எம்,OUR
கண்,EYE
மறுத்தரவு,REFUSAL
இல்,NO
ஆயின்,IF
மேதக்க,SUPERIOR
எந்தை,MY_FATHER
பெயரனை,GRANDSON
யாம்,WE
கொள்வேம்,WE_WILL_TAKE
தாவா,UNCEASING
விருப்பொட,DESIRE
கன்று,CALF
யாத்த,TIED
உழிச்,PLACE
செல்லும்,GOES
ஆ,COW
போல்,LIKE
படர்,SUFFERING
தக,SUITABLE
நாம்,WE
ஞாலம்,EARTH
வறம்,DROUGHT
தீர,REMOVE
பெய்ய,RAIN
குணக்கு,EAST
ஏர்பு,BEING_BEAUTIFUL
காலத்தில்,SEASON
தோன்றிய,APPEARED
கொண்மூ,CLOUD
போல்,LIKE
எம்,OUR
முலை,BREAST
பாலொடு,MILK
வீங்க,SWELL
தவ,PENANCE
நெடிது,LONG
ஆயினை,BECAME
புத்தேளிர்,GODS
கோட்டம்,TEMPLE
வலம்,RIGHT
செய்து,DOING
இவனொட,THIS_ONE
புக்க,ENTERED
வழி,WAY
எல்லாம்,ALL
கூறு,SAY
கூறுவேன்,I_WILL_SAY
மேயாயே,NOT_GRAZING
போல,LIKE
வினவி,ASKING
வழிமுறைக்,GENERATION
காயாமை,NOT_ANGERING
வேண்டுவல்,I_WANT
யான்,I
காயேம்,WE_WILL_NOT_BE_ANGRY
மடக்,SOFT
குறு,SMALL
மாக்களோட,CHILDREN
ஓரை,GAME
அயரும்,CELEBRATES
அடக்கம்,HUMILITY
இல்,WITHOUT
போழ்தின்,TIME
கண்,IN
தந்தை,FATHER
காமுற்ற,DESIRED
தொடக்கத்து,CONNECTION
தாய்,MOTHER
உழை,AT
புக்காற்கு,FOR_ONE_WHO_ENTERED
அவளும்,SHE
மருப்புப்,TUSK
பூண்,ORNAMENT
கையுறை,GIFT
ஆக,AS
அணிந்து,ADORNING
பெருமான்,GREAT_ONE
நகை,SMILE
முகம்,FACE
காட்டு,SHOW
என்பாள்,SAYING_SHE
கண்ணீர்,TEARS
சொரி,FLOWING
முத்தம்,PEARL
காழ்,STRING
சோர்வ,FALLING
போன்றன,RESEMBLED
மற்றும்,FURTHER
வழிமுறைத்,GENERATION
தாய்,MOTHER
உழைப்,AT
புக்காற்கு,FOR_ONE_WHO_ENTERED
அவளும்,SHE
மயங்கு,CONFUSED
நோய்,SICKNESS
தாங்கi,BEARING
மகன்,SON
எதிர்,OPPOSITE
வந்து,COMING
முயங்கினள்,EMBRACED
முத்தினள்,KISSED
நோக்கி,LOOKING
நினைந்தே,THINKING
நினக்கு,FOR_YOU
யாம்,WE
யாரேம்,WHO_ARE_WE
ஆகுதும்,WE_BECOME
என்று,SAY
வனப்பு,BEAUTY
உற,TOUCHING
கொள்வன,THINGS_TO_TAKE
நாடி,SEEKING
அணிந்தனள்,ADORNED_SHE
ஆங்கே,THERE
அரி,LION
மதர்,CONFUSION
உண்கண்,BEAUTIFUL_EYE
பசப்ப,PALLOR
நோய்,SICKNESS
செய்யும்,DOES
பெருமான்,GREAT_ONE
பரத்தைமை,PROMISCUITY
ஒவ்வாத,NOT_FITTING
என்றாள்,SHE_SAID
அவட்கு,FOR_HER
இனிது,SWEET
ஆகி,BEING
விடுத்தனன்,LEFT_HE
போகித்,GOING
தலைக்,HEAD
கொண்டு,TAKING
நம்மொட,WITH_US
காயும்,BE_ANGRY
மற்று,FURTHER
ஈது,THIS
ஓர்,A
புலத்,FIELD
தகை,NATURE
புத்தேள்,GOD
இல்,HOUSE
புக்கான்,ENTERED_HE
அலைக்கு,FOR_TROUBLE
ஒரு,ONE
கோல்,SCEPTER
தா,GIVE
நினக்கு,FOR_YOU
அவள்,SHE
யார்,WHO
ஆகும்,WILL_BE
எல்லா,FRIEND
வருந்தி,SUFFERING
யாம்,WE
நோய்,SICKNESS
கூர,INCREASE
நுந்தையை,YOUR_FATHER
என்றும்,ALWAYS
பருந்து,EAGLE
எறிந்தற்று,THREW_LIKE
ஆக,BEING
கொள்ளும்,TAKES
கொண்டாங்கே,HAVING_TAKEN
தொடியும்,BRACELET
உகிரும்,NAIL
படை,WEAPON
ஆக,AS
நுந்தை,YOUR_FATHER
கடி,FRAGRANT
உடை,HAVING
மார்பின்,CHEST
சிறு,SMALL
கண்ணும்,EYE
உட்காள்,NOT_FEAR
வடுவும்,SCAR
குறித்தாங்கே,AS_INTENDED
செய்யும்,DOES
விடு,LEAVE
இனி,NOW
அன்ன,SUCH
பிறவும்,OTHERS
பெருமான்,GREAT_ONE
அவள்,SHE
வயின்,AT
துன்னுதல்,APPROACHING
ஓம்பித்,AVOIDING
திறவது,OPEN
இல்,WITHOUT
முன்னி,THINKING
நீ,YOU
ஐயம்,DOUBT
இல்லாதவர்,THOSE_WITHOUT_DOUBT
இல்,HOUSE
ஒழிய,EXCEPT
எம்,WE
போல,LIKE
கையாறு,HELPLESSNESS
உடையவர்,THOSE_WHO_HAVE
இல்,HOUSE
அல்லால்,EXCEPT
செல்லல்,GO
அமைந்தது,IT_IS_FITTING
இனி,NOW
நின்,YOUR
தொழில்,WORK
பெரு,GREAT
திரு,LAKSHMI
நிலைஇய,STEADFAST
வீங்கு,SWOLLEN
சோற்று,RICE
அகல்,BROAD
மனைப்,HOUSE
பொருந்து,JOIN
நோன்,STRONG
கதவு,DOOR
ஒற்றி,LEANING
புலம்பி,LAMENTING
யாம்,WE
உலமர,BEING_CONFUSED
இளையவர்,YOUNG_ONES
தழூஆடும்,DANCING
எக்கர்,SAND_DUNE
வாய்,MOUTH
வியன்,BROAD
தெருவின்,STREET
விளையாட்டி,PLAYING
கொண்டு,TAKING
வரற்கு,TO_BRING
என,SAY
சென்றாய்,WENT_YOU
உளைவு,ANNOYANCE
இலை,NOT
ஊட்டலென்,I_WILL_FEED
தீம்,SWEET
பால்,MILK
பெருகும்,FLOWS
அளவு,AMOUNT
எல்லாம்,ALL
நீட்டித்த,DELAYED
காரணம்,REASON
என்,WHAT
கேட்டீ,LISTEN
பெரு,GREAT
மடல்,PALM_LEAF
பெண்ணை,PALM_TREE
பிணர்த்,SKIN
தோட்டு,GROVE
பைங்,GREEN
குரும்பை,TENDER_FRUIT
குட,UMBRELLA
வாய்க்,MOUTH
கொடிப்,CREEPER
பின்னல்,BRAID
வாங்கி,PULLING
தளரும்,FALTERS
பெரு,GREAT
மணித்,BELL
திண்,STRONG
தேர்க்,CHARIOT
குறுமக்கள்,CHILDREN
நாப்பண்,AMONG
அகல்,BROAD
நகர்,HOUSE
மீள்தருவான்,RETURNER
ஆக,BEING
புரி,TWIST
ஞெகிழ்பு,LOOSENING
நீல,BLUE_LILY
நிரைப்,LINE
போது,FLOWER
உறு,TOUCHING
காற்கு,LEG
உலைவன,SWAYING
போல்,LIKE
சாலகத்து,WINDOW
ஒல்கிய,LEANING
கண்ணர்,EYED_ONES
உயர்,HIGH
சீர்த்தி,FAME
ஆல்,BANYAN
அமர்,RESIDING
செல்வன்,GOD
அணி,BEAUTY
சால்,ABOUNDING
மகன்,SON
விழா,FESTIVAL
கால்கோள்,BEGINNING
என்று,SAY
ஊக்கி,ENCOURAGING
கதுமென,SUDDENLY
நோக்கித்,LOOKING
திருந்து,STRAIGHT
அடி,FOOT
நூபுரம்,ANKLET
ஆர்ப்ப,SOUNDING
இயலி,WALKING
விருப்பினால்,DESIRE
கண்ணும்,EYE
நுதலும்,FOREHEAD
கவுளும்,CHEEK
கவவியார்க்கு,FOR_EMBRACERS
ஒண்மை,BRIGHTNESS
எதிரிய,OPPOSITE
அம்,BEAUTIFUL
கையும்,HAND
தண்,COOL
என,SAY
செய்வன,DOINGS
சிறப்பின்,GLORY
சிறப்பு,HONOR
செய்து,DOING
இவ்,THIS
இரா,NIGHT
எம்மொட,WITH_US
சேர்ந்து,JOINING
சென்றீவாயால்,YOU_WILL_GO
செம்மால்,GOOD_MAN
நலம்,BEAUTY
புதிது,NEWLY
உண்டு,HAVING_EATEN
உள்ளா,THINKING
நாண்,SHAME
இலி,WITHOUT
செய்த,DONE
புலம்பு,SOLITUDE
எலாம்,ALL
தீர்க்குவேம்மன்,WE_WILL_REMOVE
என்று,SAY
இரங்குபு,SUFFERING
வேற்று,STRANGE
ஆனாத்,UNCEASING
தாயர்,MOTHERS
எதிர்கொள்ள,WELCOMING
மாற்றாத,NOT_OPPOSING
கள்வனால்,THIEF
தங்கியது,STAYED
அல்லால்,EXCEPT
கதியாதி,DO_NOT_MOVE
ஒள்,BRIGHT
இழாய்,JEWEL
யான்,I
தீது,EVIL
இலேன்,NOT
எள்ளலான்,NOT_SCORNING
அம்,BEAUTIFUL
மென்,SOFT
பணை,DRUM
தோள்,SHOULDER
நுமர்,YOUR_PEOPLE
வேய்ந்த,COVERED
கண்ணியோட,GARLAND
எம்,OUR
இல்,HOUSE
வருதியோ,COME_YOU
எல்லா,FRIEND
நீ,YOU
தன்,HIS
மெய்க்,BODY
கண்,EYE
அம்,BEAUTIFUL
தீம்,SWEET
சொல்,WORD
நல்லார்,GOOD_WOMEN
அணிந்த,ADORNED
கலம்,JEWEL
காட்டி,SHOWING
முந்தை,FRONT
இருந்து,SITTING
மகன்,SON
செய்த,DONE
நோய்த்,SICKNESS
தலை,HEAD
வெந்த,BURNT
புண்,WOUND
வேல்,SPEAR
எறிந்தற்றால்,THREW_LIKE
வடுவொட,SCAR
தந்தையும்,FATHER
வந்து,COMING
நிலை,STAND
உறு,STRONG
வளி,WIND
தூக்கும்,LIFTS
உயர்,HIGH
சினை,BRANCH
மாவின்,MANGO_TREE
நறு,FRAGRANT
வடி,SHARP
ஆர்,FULL
இற்றவை,BROKEN
போல்,LIKE
அழிய,PERISH
கரந்து,HIDING
யான்,I
அரக்கவும்,SCREAMING
கை,HAND
நில்லா,NOT_STANDING
வீங்கி,SWELLING
சுரந்த,FLOWED
என்,MY
மெல்,SOFT
முலைப்,BREAST
பால்,MILK
பழுது,WASTE
ஆக,BEING
நீ,YOU
நல்,GOOD
வாயில்,GATE
போத்தந்த,BROUGHT
பொழுதினான்,TIME
எல்லா,FRIEND
கடவுள்,GOD
கடி,GUARDED
நகர்,HOUSE
தோறும்,EVERY
இவனை,HIM
வலம்,RIGHT
கொளீஇ,TAKING
வா,COME
என,SAY
சென்றாய்,WENT_YOU
விலங்கினை,OBSTRUCTED
ஈரம்,AFFECTION
இலாத,NOT_HAVING
இவன்,THIS
தந்தை,FATHER
பெண்டிருள்,WOMEN
யார்,WHO
இல்,HOUSE
தவிர்ந்தனை,STOPPED
கூறு,SAY
நீருள்,WATER
அடை,LEAF
மறை,HIDDEN
ஆய்,BEAUTIFUL
இதழ்,PETAL
போது,FLOWER
போல்,LIKE
கொண்ட,HAVING
குடை,UMBRELLA
நிழல்,SHADE
தோன்றும்,APPEARS
நின்,YOUR
செம்மலை,CHIEF
காணூஉ,SEEING
இவன்,THIS
மன்ற,INDEED
யான்,I
நோவ,SUFFERING
உள்ளம்,HEART
கொண்டு,TAKING
உள்ளா,NOT_THINKING
மகன்,SON
அல்லான்,NOT
பெற்ற,OBTAINED
மகன்,SON
என்று,SAY
அகல்,BROAD
நகர்,HOUSE
வாயில்,GATE
வரை,LIMIT
இறந்து,CROSSING
போத்தந்து,LEAVING
தாயர்,MOTHERS
தெருவில்,STREET
தவிர்ப்ப,STOPPING
தவிர்ந்தனன்,STOPPED
மற்று,FURTHER
அவர்,THEY
தம்,THEIR
தம்,THEIR
கலங்களுள்,JEWELS
கையுறை,GIFT
என்று,SAY
இவற்கு,FOR_HIM
ஒத்தவை,FITTING
ஆராய்ந்து,CONSIDERING
அணிந்தார்,ADORNED
பிறன்,ANOTHER'S
பெண்டிர்,WOMEN
ஈத்தவை,GIVEN_THINGS
கொள்வான்,TAKER
ஆம்,IS
இது,THIS
ஒத்தன்,SUCH_ONE
சீத்தை,WICKED_ONE
செறு,FIELD
தக்கான்,FITTING_ONE
மன்ற,INDEED
பெரிது,GREATLY
சிறு,SMALL
பட்டி,GIRL
ஏதிலார்,STRANGERS
கை,HAND
எம்மை,US
எள்ளுபு,SCORNING
நீ,YOU
தொட்ட,TOUCHED
மோதிரம்,RING
யாவோ,WHAT
யாம்,WE
காண்கு,SEE
அவற்றுள்,AMONG_THOSE
நறாஇதழ்,HONEY_PETAL
கண்டன்ன,SEEN_LIKE
செவ்,RED
விரற்கு,FINGER
ஏற்ப,SUITING
சுறா,SHARK
ஏறு,RISE
எழுதிய,DREW
மோதிரம்,RING
தொட்டாள்,TOUCHED_SHE
குறி,SIGN
அறிந்தேன்,I_KNEW
காமன்,KAMA
கொடி,FLAG
எழுதி,WRITING
என்றும்,ALWAYS
செறியாப்,NOT_ANGRY
பரத்தை,PROMISCUOUS_WOMAN
இவன்,THIS
தந்தை,FATHER
மார்பில்,CHEST
பொறி,SPOT
ஒற்றிக்,LEANING
கொண்டு,TAKING
ஆள்வல்,I_WILL_RULE
என்பது,THAT
தன்னை,ITSELF
அறீஇய,INFORMED
செய்த,DONE
வினை,DEED
அன்னையோ,ALAS
இது,THIS
ஒன்று,ONE
முந்தைய,EARLIER
கண்டும்,SEEING
எழுகல்லாத,NOT_RISING
என்,MY
முன்னர்,BEFORE
வெந்த,BURNT
புண்,WOUND
வேல்,SPEAR
எறிந்தற்றா,THREW_LIKE
இது,THIS
ஒன்று,ONE
தந்தை,FATHER
இறைத்,LORD
தொடி,BRACELET
மற்று,FURTHER
இவன்,THIS
தன்,HIS
கைக்,HAND
கண்,IN
தந்தார்,GAVE
யார்,WHO
எல்லாஅ,FRIEND
இது,THIS
இது,THIS
ஒன்று,ONE
என்,MY
ஒத்துக்,LIKE
காண்க,SEE
பிறரும்,OTHERS
இவற்கு,FOR_HIM
என்னும்,SAYS
தன்,HER
நலம்,BEAUTY
பாடுவி,SING
தந்தாளா,GAVE_SHE
நின்னை,YOU
இது,THIS
தொடுக,TOUCH
என்றவர்,THOSE_WHO_SAID
யார்,WHO
அஞ்சாதி,DONT_FEAR
நீயும்,YOU
தவறு,FAULT
இலை,NOT
நின்,YOUR
கை,HAND
இது,THIS
தந்த,GAVE
பூ,FLOWER
எழில்,BEAUTY
உண்கண்,BEAUTIFUL_EYE
அவளும்,SHE
தவறு,FAULT
இலள்,NOT
வேனில்,SPRING
புனல்,WATER
அன்ன,LIKE
நுந்தையை,YOUR_FATHER
நோவார்,BLAMERS
யார்,WHO
மேல்,ABOVE
நின்றும்,STANDING
எள்ளி,SCORNING
இது,THIS
இவன்,THIS
கைத்,HAND
தந்தாள்,GAVE_SHE
தான்,SHE
யாரோ,WHO
என்று,SAY
வினவிய,ASKED
நோய்ப்பாலேன்,SICKENED_ONE
யானே,I
தவறு,FAULT
உடையேன்,I_HAVE
காலவை,LEG_ORNAMENTS
சுடு,BURNT
பொன்,GOLD
வளைஇய,CURVED
ஈர்,MOIST
அமை,BEAUTIFUL
சுற்றொட,CIRCLE
பொடி,DUST
அழல்,FIRE
புறம்,BACK
தந்த,PRODUCED
செய்வுறு,WELL_MADE
கிண்கிணி,BELL
உடுத்தவை,WORN_THINGS
கைவினைப்,ART
பொலிந்த,SHINING
காசு,COIN
அமை,COMPOSED
பொலம்,GOLD
காழ்,STEM
மேல்,UPON
மை,DARK
இல்,WITHOUT
செந்,RED
துகிர்க்,CORAL
கோவை,NECKLACE
அவற்றின்,THEIR
மேல்,UPON
தைஇய,MADE
பூந்,FLOWER
துகில்,CLOTH
ஐது,GENTLY
கழல்,ANKLET
ஒரு,ONE
திரை,WAVE
கையதை,HAND
அலவன்,CRAB
கண்,EYE
பெற,OBTAINING
அடங்க,SUBSIDE
சுற்றிய,SURROUNDED
பல,MANY
உறு,HAVING
கண்ணுள்,EYE
சில,FEW
கோல்,STAFF
அவிர்,SHINE
தொடி,BRACELET
பூண்டவை,WORN_THINGS
எறியா,NOT_THROWING
வாளும்,SWORD
எற்றா,NOT_STRIKING
மழுவும்,AXE
செறிய,TIGHTLY
கட்டி,TYING
ஈர்,MOIST
இடை,WAIST
தாழ்ந்த,HANGING
பெய்,RAIN
புல,FIELD
மூதாய்,OLD_MOTHER
புகர்,SPOT
நிறத்,COLOR
துகிரின்,CORAL
மை,DARK
அற,WITHOUT
விளங்கிய,SHINING
ஆன்,COW
ஏற்று,BULL
அவிர்,SHINE
பூண்,ORNAMENT
சூடின,HEAD_ORNAMENTS
இரும்,DARK
கடல்,SEA
முத்தமும்,PEARL
பல்,MANY
மணி,BELL
பிறவும்,OTHERS
ஆங்கு,THERE
ஒருங்கு,TOGETHER
உடன்,TOGETHER
கோத்த,STRUNG
உருள்,ROUND
அமை,COMPOSED
மூக்,THREE
காழ்,STEM
மேல்,UPON
சுரும்பு,BEE
ஆர்,FULL
கண்ணிக்கு,GARLAND
சூழ்,SURROUNDING
நூல்,THREAD
ஆக,AS
அரும்பு,BUD
அவிழ்,BLOOM
நீலத்த,BLUE_LILY
ஆய்,BEAUTIFUL
இதழ்,PETAL
நாண,SHAME
சுரும்பு,BEE
ஆற்றுப்படுத்த,DIRECTED
மணி,BELL
மருள்,LIKE
மாலை,GARLAND
ஆங்க,THERE
அவ்வும்,THAT
பிறவும்,OTHERS
அணிக்கு,BEAUTY
அணி,BEAUTY
ஆக,AS
நின்,YOUR
செல்வு,WEALTH
உறு,HAVING
திண்,STRONG
தேர்,CHARIOT
கொடும்,CROOKED
சினை,BRANCH
கைப்,HAND
பற்றி,GRASPING
பைபய,SLOWLY
தூங்கும்,SWAYS
நின்,YOUR
மெல்,SOFT
விரல்,FINGER
சீறடி,SMALL_FOOT
நோதலும்,PAIN
உண்டு,THERE_IS
ஈங்கு,HERE
என்,MY
கை,HAND
வந்தீ,COME
செம்மால்,GOOD_MAN
நின்,YOUR
பால்,SIDE
உண்ணிய,DRINK
பொய்,LIE
போர்த்து,COVERING
பாண்,SONG
தலை,HEAD
இட்ட,PLACED
பல,MANY
வல்,STRONG
புலையனை,OUTCASTE
தூண்டிலா,FISHING_ROD
விட்டு,LEAVING
துடக்கித்,ENTANGLING
தான்,HE
வேண்டியார்,DESIRED_ONES
நெஞ்சம்,HEART
பிணித்தல்,TIED
தொழிலாத்,WORK
திரிதரும்,WANDERS
நுந்தை,YOUR_FATHER
பால்,SIDE
உண்டி,FOOD
சில,FEW
நுந்தை,YOUR_FATHER
வாய்,MOUTH
மாய,DECEPTIVE
சூள்,VOW
தேறி,ACCEPTING
மயங்கு,CONFUSED
நோய்,SICKNESS
கைமிக,INCREASE
பூ,FLOWER
எழில்,BEAUTY
உண்கண்,BEAUTIFUL_EYE
பனி,TEARS
பரப்ப,SPREAD
கண்,EYE
படா,NOT_SLEEPING
ஞாயர்,RELATIVES
பால்,SIDE
உண்டி,FOOD
சில,FEW
அன்னையோ,ALAS
யாம்,WE
எம்,OUR
மகனை,SON
பாராட்ட,CHERISHING
கதுமென,SUDDENLY
தாம்,THEY
வந்தார்,CAME
தம்,THEIR
பால்,SIDE
அவரொட,THEM
தம்மை,THEMSELVES
வருக,COME
என்றார்,THEY_SAID
யார்,WHO
கொல்லோ,PERHAPS
ஈங்கு,HERE
என்,MY
பாலல்,NOT_SIDE
பாராட்டு,AFFECTION
உவந்தோய்,REJOICED_ONE
குடி,FAMILY
உண்டீத்தை,ATE
என்,MY
பாராட்டை,AFFECTION
பாலோ,SIDE
சில,FEW
செரு,BATTLE
குறித்தாரை,INTENDED_ONES
உவகைக்,JOY
கூத்தாட்டும்,DANCE
வரிசைப்,ORDER
பெரு,GREAT
பாட்டொட,SONG
எல்லாம்,ALL
பருகீத்தை,DRANK
தண்டுவென்,I_WILL_PUNISH
ஞாயர்,RELATIVES
மாட்டைப்,AT
பால்,SIDE
மை,DARK
படு,STUCK
சென்னி,HEAD
மழ,YOUNG
களிற்று,ELEPHANT
ஓடை,FLOW
போல்,LIKE
கை,HAND
புனை,ADORNED
முக்,PEARL
காழ்,STEM
கயம்,POND
தலை,HEAD
தாழ,HANGING
பொலம்,GOLD
செய்,MADE
மழுவொட,AXE
வாள்,SWORD
அணி,BEAUTY
கொண்ட,HAVING
நலம்,BEAUTY
கிளர்,RISING
ஒள்,BRIGHT
பூண்,ORNAMENT
நனைத்தரும்,WETS
அவ்,THAT
வாய்,MOUTH
கலந்து,MIXING
கண்,EYE
நோக்கு,LOOK
ஆர,FULL
காண்பு,SEEING
இன்,SWEET
துகிர்,CORAL
மேல்,UPON
கடி,GUARDED
அரணம்,FORT
பாயா,SPRINGING
நின்,YOUR
கை,HAND
புனை,ADORNED
வேழம்,ELEPHANT
தொடியோர்,BRACELET_WEARERS
மணலின்,SAND
உழக்கி,STIRRING
அடி,FOOT
ஆர்ந்த,FULL
தேரை,FROG
வாய்க்,MOUTH
கிண்கிணி,BELL
ஆர்ப்ப,SOUNDING
இயலும்,WALKS
என்,MY
போர்,WAR
யானை,ELEPHANT
வந்தீக,COME
ஈங்கு,HERE
செம்மால்,GOOD_MAN
வனப்பு,BEAUTY
எலாம்,ALL
நுந்தையை,YOUR_FATHER
ஒப்பினும்,EVEN_IF_LIKE
நுந்தை,YOUR_FATHER
நிலைப்,STATE
பாலுள்,SIDE
ஒத்த,LIKE
குறி,SIGN
என்,MY
வாய்க்,MOUTH
கேட்டு,HEARING
ஒத்தி,AGREE
கன்றிய,ANGRY
தெவ்வர்க்,ENEMIES
கடந்து,CROSSING
களம்,FIELD
கொள்ளும்,TAKES
வென்றி,VICTORY
மாட்டு,AT
ஒத்தி,AGREE
பெரும,GREAT_ONE
மற்று,FURTHER
ஒவ்வாதி,NOT_AGREE
ஒன்றினேம்,WE_UNITED
யாம்,WE
என்று,SAY
உணர்ந்தாரை,THOSE_WHO_KNEW
நுந்தை,YOUR_FATHER
போல்,LIKE
மென்தோள்,SOFT_SHOULDER
நெகிழ,LOOSEN
விடல்,LEAVE
பால்,MILK
கொளல்,TAKING
இன்றி,WITHOUT
பகல்,DAY
போல்,LIKE
முறைக்கு,JUSTICE
ஒல்கா,NOT_LEANING
கோல்,SCEPTER
செம்மை,JUSTICE
ஒத்தி,AGREE
பெரும,GREAT_ONE
மற்று,FURTHER
ஒவ்வாதி,NOT_AGREE
கால்,WIND
பொரு,FIGHTING
பூவின்,FLOWER
கவின்,BEAUTY
வாட,FADE
நுந்தை,YOUR_FATHER
போல்,LIKE
சால்பு,GOODNESS
ஆய்ந்தார்,CONSIDERED_ONES
சாய,LEAN
விடல்,LEAVE
வீதல்,DYING
அறியா,NOT_KNOWING
விழுப்,GOOD
பொருள்,WEALTH
நச்சியார்க்கு,FOR_DESIRERS
ஈதல்,GIVING
மாட்டு,AT
ஒத்தி,AGREE
பெரும,GREAT_ONE
மற்று,FURTHER
ஒவ்வாதி,NOT_AGREE
மாதர்,WOMEN
மெல்,SOFT
நோக்கின்,LOOK
மகளிரை,WOMEN
நுந்தை,YOUR_FATHER
போல்,LIKE
நோய்,SICKNESS
கூர,INCREASE
நோக்காய்,NOT_LOOK
விடல்,LEAVE
ஆங்க,THERE
திறன்,WAY
அல்ல,NOT
யாம்,WE
கழற,SPEAK
யாரை,WHOM
நகும்,LAUGHS
இம்,THIS
மகன்,SON
அல்லான்,NOT
பெற்ற,OBTAINED
மகன்,SON
மறை,SECRETLY
நின்று,STANDING
தாம்,THEY
மன்ற,INDEED
வந்தீத்தனர்,CAME
ஆய்,BEAUTIFUL
இழாய்,JEWEL
தாவாத,NOT_DEVIATING
எனக்கு,FOR_ME
தவறு,FAULT
உண்டோ,IS_THERE
காவாது,NOT_PROTECTING
ஈங்கு,HERE
ஈத்தை,GIVE
இவனை,HIM
யாம்,WE
கோடற்கு,TO_TAKE
சீத்தை,WICKED_ONE
யாம்,WE
கன்றி,BEING_ANGRY
அதனை,THAT
கடியவும்,REMOVE
கை,HAND
நீவிக்,REMOVING
குன்ற,HILL
இறுவரை,STEEP_SLOPE
கோண்மா,GOAT
இவர்ந்தாங்கு,MOUNTED_LIKE
தந்தை,FATHER
வியல்,BROAD
மார்பில்,CHEST
பாய்ந்தான்,SPRANG
அறன்,RIGHTEOUSNESS
இல்லா,WITHOUT
அன்பு,AFFECTION
இலி,WITHOUT
பெற்ற,OBTAINED
மகன்,SON
ஒரூஉ,GO_AWAY
நீ,YOU
எம்,OUR
கூந்தல்,HAIR
கொள்ளல்,TAKE
யாம்,WE
நின்னை,YOU
வெரூஉதும்,WE_FEAR
காணும்,SEE
கடை,END
தெரி,SELECTED
இழாய்,JEWEL
செய்,DO
தவறு,FAULT
இல்,WITHOUT
வழி,WAY
யாங்கு,HOW
சினவுவாய்,ANGRY
மெய்,TRUTH
பிரிந்தன்ன,SEPARATED_LIKE
வர்,THEY
மாட்டு,AT
ஏடா,FOOL
நினக்கு,FOR_YOU
தவறு,FAULT
உண்டோ,IS_THERE
நீ,YOU
வீடு,HOME
பெற்றாய்,OBTAINED_YOU
இமைப்பின்,BLINK
இதழ்,EYELID
மறைபு,HIDING
ஆங்கே,THERE
கெடுதி,PERISH
நிலைப்,STATE
பால்,SIDE
அறியினும்,EVEN_IF_KNOW
நின்,YOUR
நொந்து,SUFFERING
நின்னை,YOU
புலப்பார்,ANGRY_ONES
உடையர்,HAVE
தவறு,FAULT
அணைத்,BED
தோளாய்,SHOULDER
தீயாரை,EVIL_ONES
போல,LIKE
திறன்,WAY
இன்று,WITHOUT
உடற்றுதி,TROUBLE
காயும்,ANGRY
தவறு,FAULT
இலேன்,NOT
யான்,I
மான்,DEER
நோக்கி,LOOK
நீ,YOU
அழ,CRY
நீத்தவன்,LEFT_ONE
ஆனாது,NOT_BECOMING
நாண்,SHAME
இலன்,NOT
ஆயின்,IF
நலிதந்து,CAUSING_SUFFERING
அவன்,HE
வயின்,AT
ஊடுதல்,SULKING
என்னோ,WHAT
இனி,NOW
இனி,NOW
யாதும்,ANYTHING
மீக்கூற்றம்,SUPERIORITY
யாம்,WE
இலம்,NOT
என்னும்,SAYS
தகையது,NATURE
காண்டைப்பாய்,SEE
நெஞ்சே,HEART
பனி,TEARS
ஆனாப்,UNCEASING
பாடு,SONG
இல்,WITHOUT
கண்,EYE
பாயல்,SLEEP
கொள,TAKE
ஒரூஉ,GO_AWAY
கொடி,CREEPER
இயல்,NATURE
நல்லார்,GOOD_WOMEN
குரல்,VOICE
நாற்றத்து,SMELL
உற்ற,TOUCHED
முடி,HAIR
உதிர்,FALLING
பூந்,FLOWER
தாது,POLLEN
மொய்ம்பின,STRENGTH
ஆக,BEING
தொடிய,BRACELET
எமக்கு,FOR_US
நீ,YOU
யாரை,WHO
பெரியார்க்கு,FOR_GREAT_ONES
அடியரோ,SLAVES
ஆற்றாதவர்,THOSE_UNABLE
கடியர்,CRUEL_ONES
தமக்கு,FOR_THEMSELVES
யார்,WHO
சொல்லத்,SPEAKING
தக்கார்,FITTING_ONES
மாற்று,OPPOSITE
வினை,DEED
கெட்டு,BEING_DESTROYED
வாய்,MOUTH
அல்லா,NOT
வெண்மை,WHITENESS
உரையாது,NOT_SPEAKING
கூறு,SAY
நின்,YOUR
மாயம்,DECEPTION
மருள்வார்,CONFUSED_ONES
அகத்து,INSIDE
ஆய்,BEAUTIFUL
இழாய்,JEWEL
நின்,YOUR
கண்,EYE
பெறின்,IF_OBTAIN
அல்லால்,EXCEPT
இன்,SWEET
உயிர,LIFE
வாழ்கல்லா,CANNOT_LIVE
என்,MY
கண்,EYE
எவனோ,WHAT
தவறு,FAULT
இது,THIS
ஒத்தன்,SUCH_ONE
புள்ளிக்,BIRD
களவன்,THIEF
புனல்,WATER
சேர்,JOINED
பொதுக்கம்,GROUP
போல்,LIKE
வள்,BEAUTIFUL
உகிர்,NAIL
போழ்ந்தனவும்,PIERCED
வாள்,SWORD
எயிறு,TOOTH
உற்றனவும்,TOUCHED
ஒள்,BRIGHT
இதழ்,PETAL
சோர்ந்த,FALLEN
நின்,YOUR
கண்ணியும்,GARLAND
நல்லார்,GOOD_WOMEN
சிரறுபு,SCATTERING
சீற,ANGER
சிவந்த,REDDENED
நின்,YOUR
மார்பும்,CHEST
தவறு,FAULT
ஆதல்,BEING
சாலாவோ,IS_IT_NOT_ENOUGH
கூறு,SAY
அது,THAT
தக்கது,FITTING
வேற்றுமை,DIFFERENCE
என்,MY
கண்ணோ,EYE
ஓராதி,NOT_CONSIDER
தீது,EVIL
இன்மை,LACK
தேற்ற,CONVINCE
கண்டீயாய்,SEE
தெளிக்கு,CLARIFY
இனி,NOW
தேற்றேம்,WE_WILL_NOT_BELIEVE
யாம்,WE
தேர்,CHARIOT
மயங்கி,CONFUSED
வந்த,COME
தெரி,SELECTED
கோதை,GARLAND
அம்,BEAUTIFUL
நல்லார்,GOOD_WOMEN
தார்,GARLAND
மயங்கி,CONFUSED
வந்த,COME
தவறு,FAULT
அஞ்சி,FEARING
போர்,WAR
மயங்கி,CONFUSED
நீ,YOU
உறும்,FEEL
பொய்ச்சூள்,FALSE_VOW
அணங்கு,GODDESS
ஆகின்,IF
மற்று,FURTHER
இனி,NOW
யார்,WHO
மேல்,UPON
விளியுமோ,WILL_DIE
கூறு,SAY
யார்,WHO
இவன்,THIS_MAN
எம்,OUR
கூந்தல்,HAIR
கொள்வான்,TAKER
இதுவும்,THIS
ஓர்,A
ஊராண்மைக்கு,MANLINESS
ஒத்த,FITTING
படிறு,FALSEHOOD
உடைத்து,POSSESSES
எம்,OUR
மனை,HOUSE
வாரல்,DONT_COME
நீ,YOU
வந்தாங்கே,AS_YOU_CAME
மாறு,GO_BACK
என்,WHAT
இவை,THESE
ஓர்,A
உயிர்ப்,LIFE
புள்ளின்,BIRD
இரு,TWO
தலையுள்,HEADS
ஒன்று,ONE
போர்,WAR
எதிர்ந்தற்றாப்,CONFRONTED_LIKE
புலவல்,ANGRY
நீ,YOU
கூறின்,IF_SAY
என்,MY
ஆர்,DEAR
உயிர,LIFE
நிற்கும்,STANDS
ஆறு,WAY
யாது,WHAT
ஏஎ,HEY
தெளிந்தேம்,WE_UNDERSTOOD
யாம்,WE
காயாதி,DONT_BE_ANGRY
எல்லாம்,ALL
வல்,STRONG
எல்லா,FRIEND
பெருங்,GREAT
காட்டுக்,FOREST
கொற்றிக்கு,KOTRAI_DEVI
பேய்,DEMON
நொடித்தாங்கு,SWORE_LIKE
வருந்தல்,DONT_SUFFER
நின்,YOUR
வஞ்சம்,DECEPTION
உரைத்து,SPOKEN
மருந்து,MEDICINE
இன்று,WITHOUT
மன்னவன்,KING
சீறின்,IF_ANGRY
தவறு,FAULT
உண்டோ,IS_THERE
நீ,YOU
நயந்த,LOVED
இன்,SWEET
நகை,SMILE
தீதோ,EVIL
இலேன்,NOT
மாண,EXCELLENTLY
மறந்து,FORGETTING
உள்ளா,NOT_THINKING
நாண்,SHAME
இலிக்கு,FOR_SHAMELESS
இப்,THIS
போர்,WAR
புறம்,BACK
சாய்ந்து,LEANING
காண்டைப்பாய்,SEE
நெஞ்சே,HEART
உறழ்ந்து,OPPOSING
இவனை,HIM
பொய்ப்ப,FALSELY
விடேஎம்,WE_WONT_LEAVE
என,SAY
நெருங்கின்,IF_PRESS
தப்பினேன்,I_ESCAPED
என்று,SAY
அடி,FOOT
சேர்தலும்,JOINING
உண்டு,POSSIBLE
கண்டேன்,I_SAW
நின்,YOUR
மாயம்,DECEPTION
களவு,THEFT
ஆதல்,BEING
பொய்ந்,FALSE
நகா,LAUGHING
மண்டாத,NOT_RUSHING
சொல்லித்,SAYING
தொடாஅல்,DONT_TOUCH
தொடீஇய,TOUCHED
நின்,YOUR
பெண்டிர்,WOMEN
உளர்,THERE_ARE
மன்னோ,INDEED
ஈங்கு,HERE
ஒண்,BRIGHT
தொடி,BRACELET
நீ,YOU
கண்டது,SAW
எவனோ,WHAT
தவறு,FAULT
கண்டது,SAW
நோயும்,SICKNESS
வடுவும்,SCAR
கரந்து,HIDING
மகிழ்,JOY
செருக்கி,PROUD
பாடு,SONG
பெயல்,RAIN
நின்ற,STANDING
பானாள்,MIDNIGHT
இரவில்,NIGHT
தொடி,BRACELET
பொலி,SHINE
தோளும்,SHOULDER
முலையும்,BREAST
கதுப்பும்,HAIR
வடிவு,FORM
ஆர்,FULL
குழையும்,EARRING
இழையும்,JEWEL
பொறையா,NOT_BEARING
ஒடிவது,BREAKING
போலும்,LIKE
நுசுப்போட,WAIST
அடி,FOOT
தளரா,NOT_FALTERING
ஆராக்,UNCEASING
கவவின்,EMBRACE
ஒருத்தி,ONE_WOMAN
வந்து,COMING
அல்கல்,NIGHT
தன்,HER
சீர்,FAME
ஆர்,FULL
ஞெகிழம்,BRACELET
சிலம்ப,SOUNDING
சிவந்து,REDDENING
நின்,YOUR
போர்,WAR
ஆர்,FULL
கதவம்,DOOR
மிதித்தது,STEPPED_ON
அமையுமோ,IS_IT_ENOUGH
ஆய்,BEAUTIFUL
இழை,JEWEL
ஆர்க்கும்,SOUNDS
ஒலி,SOUND
கேளா,HEARING
அவ்,THAT
எதிர்,OPPOSITE
தாழாது,WITHOUT_DELAY
எழுந்து,RISING
நீ,YOU
சென்றது,WENT
அமையுமோ,IS_IT_ENOUGH
மாறாள்,ENEMY_WOMAN
சினைஇ,ANGRY
அவள்,SHE
ஆங்கே,THERE
நின்,YOUR
மார்பில்,CHEST
நாறு,EMITTING
இணப்,CLUSTER
பைந்,GREEN
தார்,GARLAND
பரிந்தது,LOVED
அமையுமோ,IS_IT_ENOUGH
தேறு,UNDERSTAND
நீ,YOU
தீயேன்,EVIL_I
அலேன்,NOT
என்று,SAY
மற்று,FURTHER
அவள்,SHE
சீறு,ANGER
அடி,FOOT
தோயா,TOUCHING
இறுத்தது,STAYED
அமையுமோ,IS_IT_ENOUGH
கூறு,SAY
இனிக்,NOW
காயேமா,WE_WILL_NOT_BE_ANGRY
யாம்,WE
தேறின்,IF_UNDERSTAND
பிறவும்,OTHER
தவறு,FAULT
இலேன்,NOT
யான்,I
அல்கல்,NIGHT
கனவு,DREAM
கொல்,PERHAPS
நீ,YOU
கண்டது,SAW
கனை,LOUD
பெயல்,RAIN
தண்,COOL
துளி,DROP
வீசும்,SCATTERS
பொழுதில்,TIME
குறி,SIGN
வந்தாள்,COME_SHE
கண்ட,SAW
கனவு,DREAM
என,SAY
காணாது,NOT_SEEING
மாறு,OPPOSITE
உற்ற,HAPPENED
பண்டைய,OLD
அல்ல,NOT
நின்,YOUR
பொய்ச்சூள்,FALSE_VOW
நினக்கு,FOR_YOU
எல்லா,FRIEND
நின்றாய்,STOOD_YOU
நின்,YOUR
புக்கில்,ENTRY
பல,MANY
மென்,SOFT
தோளாய்,SHOULDER
நல்கு,FAVOR
நின்,YOUR
நல்,GOOD
எழில்,BEAUTY
உண்கு,WE_WILL_EAT
ஏடா,FOOL
குறை,FAULT
உற்ற,HAVING
நீ,YOU
எம்,US
உரையல்,DONT_SPEAK
நின்,YOUR
தீமை,EVIL
பொறை,BURDEN
ஆற்றேம்,WE_CANNOT_BEAR
என்றல்,SAYING
பெறுதுமோ,WILL_WE_OBTAIN
யாழ,YOUR
நிறை,FULLNESS
ஆற்றா,UNABLE
நெஞ்சு,HEART
உடையேம்,WE_HAVE
அரி,BEAUTIFUL
நீர்,WATER
அவிழ்,BLOOM
நீலம்,BLUE_LILY
அல்லி,WATER_LILY
அனிச்சம்,ANICHAM_FLOWER
புரி,TWIST
நெகிழ்,LOOSE
முல்லை,JASMINE
நறவோட,HONEY
அமைந்த,COMPOSED
தெரி,SELECTED
மலர்க்,FLOWER
கண்ணியும்,GARLAND
தாரும்,GARLAND
நயந்தார்,LOVERS
பொரு,FIGHT
முரண்,STRENGTH
சீற,ANGER
சிதைந்து,DESTROYED
நெருநையின்,YESTERDAY
இன்று,TODAY
நன்று,GOOD
என்னை,ME
அணி,BEAUTY
அணை,BED
மென்,SOFT
தோளாய்,SHOULDER
செய்யாத,NOT_DONE
சொல்லி,SAYING
சினவுவது,ANGERING
ஈங்கு,HERE
எவன்,WHAT
ஐயத்தால்,DOUBT
என்னை,ME
கதியாதி,DONT_MOVE
தீது,EVIL
இன்மை,LACK
தெய்வத்தான்,GOD
கண்டீ,SEE
தெளிக்கு,CLARIFY
மற்று,FURTHER
அது,THAT
அறிவல்,I_KNOW
யான்,I
நின்,YOUR
சூள்,VOW
அனைத்து,THAT_MUCH
ஆக,BEING
நல்லார்,GOOD_WOMEN
செறி,TIGHT
தொடி,BRACELET
உற்ற,TOUCHED
வடுவும்,SCAR
குறி,SIGN
பொய்த்தார்,FALSIFIED_ONES
கூர்,SHARP
உகிர்,NAIL
சாடிய,STRUCK
மார்பும்,CHEST
குழைந்த,FADED
நின்,YOUR
தாரும்,GARLAND
ததர்,TATTERED
பட்ட,STUCK
சாந்தமும்,SANDALWOOD
சேரி,STREET
அரி,LION
மதர்,CONFUSION
உண்கண்ணார்,BEAUTIFUL_EYED_ONES
ஆராக்,UNCEASING
கவவின்,EMBRACE
பரிசு,WAY
அழிந்து,DESTROYED
யாழ,YOUR
நின்,YOUR
மேனி,BODY
கண்டு,SEEING
யானும்,I
செரு,WAR
ஒழிந்தேன்,STOPPED
சென்றீ,GO
இனி,NOW
தெரி,SELECTED
இழாய்,JEWEL
தேற்றாய்,NOT_BELIEVING
சிவந்தனை,REDDENED_YOU
காண்பாய்,YOU_WILL_SEE
நீ,YOU
தீது,EVIL
இன்மை,LACK
ஆற்றின்,WAY
நிறுப்பல்,I_WILL_STOP
பணிந்து,HUMBLY
அன்னதேல்,IF_SO
ஆற்றல்,ABILITY
காண்,SEE
வேறுபட்டாங்கே,DIFFERENTLY
கலுழ்தி,YOU_WILL_WEEP
அகப்படின்,IF_CAUGHT
மாறுபட்டாங்கே,OPPOSITELY
மயங்குதி,YOU_WILL_BE_CONFUSED
யாது,WHAT
ஒன்றும்,ANYTHING
கூறி,SAYING
உணர்த்தலும்,INFORMING
வேண்டாது,NOT_NEEDED
மற்று,FURTHER
நீ,YOU
மாணா,NOT_GOOD
செயினும்,EVEN_IF_DO
மறுத்து,REFUSING
ஆங்கே,THERE
நின்,YOUR
வயின்,AT
காணின்,IF_SEE
நெகிழும்,LOOSENS
என்,MY
நெஞ்சு,HEART
ஆயின்,IF
என்,WHAT
உற்றாய்,HAPPENED_YOU
பேணாய்,NOT_CARING
நீ,YOU
பெட்ப,DESIRE
செயல்,DO
புன,SMALL
வளர்,GROWING
பூங்,FLOWER
கொடி,CREEPER
அன்னாய்,LIKE
கழிய,EXCESS
கனவு,DREAM
எனப்பட்டது,WAS_SAID_AS
ஓர்,A
காரிகை,BEAUTY
நீர்த்தே,NATURE
முயங்கிய,EMBRACED
நல்லார்,GOOD_WOMEN
முலை,BREAST
இடை,MIDDLE
மூழ்கி,IMMERSING
மயங்கி,CONFUSED
மற்று,FURTHER
ஆண்டு,THERE
ஆண்டு,THERE
சேறலும்,GOING
செல்லாது,NOT_GOING
உயங்கி,SUFFERING
இருந்தார்க்கு,FOR_THOSE_WHO_SAT
உயர்ந்த,HIGH
பொருளும்,WEALTH
அரிதின்,RARELY
அறம்,RIGHTEOUSNESS
செய்யா,NOT_DOING
ஆன்றோர்,WORTHY_ONES
உலகும்,WORLD
உரிதின்,PROPERLY
ஒருதலை,ONE_SIDED
எய்தலும்,OBTAINING
வீழ்வார்ப்,LOVERS
பிரிதலும்,SEPARATING
ஆங்கே,THERE
புணர்தலும்,UNITING
தம்மில்,AMONG_THEMSELVES
தருதல்,BRINGING
தகையாதால்,NOT_FITTING
மற்று,FURTHER
நனவினால்,IN_WAKING
போலும்,LIKE
நறு,FRAGRANT
நுதால்,FOREHEAD
அல்கல்,NIGHT
கனவினால்,IN_DREAM
சென்றேன்,I_WENT
கலி,NOISE
கெழு,ABOUNDING
கூடல்,MADURAI
வரை,MOUNTAIN
உறழ்,RESEMBLE
நீள்,LONG
மதில்,WALL
வாய்,MOUTH
சூழ்ந்த,SURROUNDED
வையை,VAIYAI_RIVER
கரை,SHORE
அணி,BEAUTY
காவின்,GROVE
அகத்து,INSIDE
உரை,SPEAK
இனி,NOW
தண்டாத்,UNCEASING
தீம்,SWEET
சாயல்,GENTLE
நெடுந்தகாய்,GREAT_ONE
அவ்,THAT
வழிக்,WAY
கண்டது,SAW
எவன்,WHAT
மற்று,FURTHER
நீ,YOU
கண்டது,SAW
உடன்,TOGETHER
அமர்,LOVE
ஆயமொட,GROUP
அவ்,THAT
விசும்பு,SKY
ஆயும்,EXAMINES
மட,SOFT
நடை,GAIT
மா,ANIMAL
இனம்,GROUP
அந்தி,EVENING
அமையத்து,TIME
இடன்,PLACE
விட்டு,LEAVING
இயங்கா,NOT_MOVING
இமையத்து,MOUNTAIN
ஒரு,ONE
பால்,SIDE
இறைகொண்டு,TAKING_SHELTER
இருந்தன்ன,SAT_LIKE
நல்லாரை,GOOD_WOMEN
கண்டேன்,I_SAW
துறை,FORD
கொண்டு,TAKING
உயர்,HIGH
மணல்,SAND
மேல்,UPON
ஒன்றி,UNITING
நிறைவதை,FILLING
ஓர்த்தது,CONSIDERED
இசைக்கும்,SOUNDS
பறை,DRUM
போல்,LIKE
நின்,YOUR
நெஞ்சத்து,HEART
வேட்டதே,DESIRED
கண்டாய்,SAW_YOU
கனா,DREAM
கேட்டை,HEARD
விரையல்,DONT_GO
நீ,YOU
மற்று,FURTHER
வெகுள்வாய்,ANGRY
உரை,SAY
ஆண்டு,THERE
இது,THIS
ஆகும்,IS
இன்,SWEET
நகை,SMILE
நல்லாய்,GOOD_WOMAN
பொது,COMMON
ஆக,BEING
தாம்,THEY
கொடி,CREEPER
அன்ன,LIKE
தகையார்,NATURE
எழுந்தது,ROSE
ஓர்,A
பூங்,FLOWER
கொடி,CREEPER
வாங்கி,PULLING
இணர்,CLUSTER
கொய்ய,PICKING
ஆங்கே,THERE
சினை,BRANCH
அலர்,FLOWER
வேம்பின்,NEEM_TREE
பொருப்பன்,MOUNTAIN_KING
பொருத,WHO_FOUGHT
முனை,WAR
அரண்,FORT
போல,LIKE
உடைந்தன்று,BROKE
அக்,THAT
காவில்,GROVE
துனை,FAST
வரி,LINE
வண்டின்,BEE
இனம்,GROUP
மற்று,FURTHER
ஆங்கே,THERE
நேர்,STRAIGHT
இணர்,CLUSTER
மூசிய,SWARMED
வண்டு,BEE
எல்லாம்,ALL
அவ்,THAT
வழிக்,WAY
காரிகை,BEAUTY
நல்லார்,GOOD_WOMEN
நலம்,BEAUTY
கவர்ந்து,ATTRACTING
உண்ப,THEY_EAT
போல்,LIKE
ஓராங்கு,TOGETHER
மூச,SWARMING
அவருள்,AMONG_THEM
ஒருத்தி,ONE_WOMAN
செயல்,ACTION
அமை,BEAUTIFUL
கோதை,GARLAND
நகை,SMILE
ஒருத்தி,ONE_WOMAN
இயல்,NATURE
ஆர்,FULL
செருவில்,BATTLE
தொடியொட,BRACELET
தட்ப,SUPPRESSING
ஒருத்தி,ONE_WOMAN
தெரி,SELECTED
முத்தம்,PEARL
சேர்ந்த,JOINED
திலகம்,FOREMARK
ஒருத்தி,ONE_WOMAN
அரி,LION
மாண்,BEAUTIFUL
அவிர்,SHINE
குழை,EARRING
ஆய்,BEAUTIFUL
காது,EAR
வாங்க,ATTRACT
ஒருத்தி,ONE_WOMAN
வரி,LINE
ஆர்,FULL
அகல்,BROAD
அல்குல்,WAIST
காழகம்,UPPER_GARMENT
ஒருத்தி,ONE_WOMAN
அரி,LION
ஆர்,FULL
ஞெகிழத்து,BRACELET
அணி,BEAUTY
சுறாத்,SHARK
தட்ப,SUPPRESSING
ஒருத்தி,ONE_WOMAN
புலவியால்,ANGER
புல்லாது,NOT_EMBRACING
இருந்தாள்,SAT_SHE
அலவுற்று,CONFUSED
வண்டு,BEE
இனம்,GROUP
ஆர்ப்ப,SOUNDING
இடை,PLACE
விட்டு,LEAVING
காதலன்,LOVER
தண்,COOL
தார்,GARLAND
அகலம்,CHEST
புகும்,ENTERS
ஒருத்தி,ONE_WOMAN
அடி,FOOT
தாழ்,LOW
கலிங்கம்,GARMENT
தழீஇ,EMBRACING
ஒரு,ONE
கை,HAND
முடி,HAIR
தாழ்,LOW
இரும்,DARK
கூந்தல்,HAIR
பற்றி,GRASPING
பூ,FLOWER
வேய்ந்த,COVERED
கடி,FRAGRANT
கயம்,POND
பாயும்,SPRINGS
அலந்து,SUFFERING
ஒருத்தி,ONE_WOMAN
கணம்,GROUP
கொண்டு,TAKING
அவை,THEY
மூச,SWARM
கை,HAND
ஆற்றாள்,UNABLE
பூண்ட,WORN
மணம்,FRAGRANCE
கமழ்,EMITTING
கோதை,GARLAND
பரிபு,SPREADING
கொண்டு,TAKING
ஓச்சி,SWINGING
வணங்கு,BOWED
காழ்,STEM
வங்கம்,BOAT
புகும்,ENTERS
ஒருத்தி,ONE_WOMAN
இறந்த,PAST
களியான்,INTOXICATION
இதழ்,PETAL
மறைந்த,HIDDEN
கண்ணள்,EYED_SHE
பறந்தவை,FLYING_THINGS
மூச,SWARM
கடிவாள்,DRIVES
கடியும்,DRIVES
இடம்,PLACE
தேற்றாள்,NOT_KNOWING
சோர்ந்தனள்,FELL_SHE
கை,HAND
ஆங்க,THERE
கடி,FRAGRANT
காவில்,GROVE
கால்,WIND
ஒற்ற,TOUCHING
ஒல்கி,LEANING
ஒசியா,NOT_BREAKING
கொடி,CREEPER
கொடி,CREEPER
தம்மில்,AMONG_THEMSELVES
பிணங்கியவை,ENTANGLED
போல்,LIKE
தெரி,SELECTED
இழை,JEWEL
ஆர்ப்ப,SOUNDING
மயங்கி,CONFUSED
இரிவுற்றார்,SEPARATED
வண்டிற்கு,BEES
வண்டலவர்,BEES
கண்டேன்,I_SAW
யான்,I
நின்னை,YOU
நின்,YOUR
பெண்டிர்,WOMEN
புலந்தனவும்,ANGER
நீ,YOU
அவர்,THEY
முன்,FRONT
அடி,FOOT
ஒல்கி,LEANING
உணர்த்தினவும்,INFORMED
பல்,MANY
மாண்,BEAUTY
கனவின்,DREAM
தலையிட்டு,HEAD
உரையல்,DONT_SPEAK
சினைஇ,ANGER
யான்,I
செய்வது,DOING
இல்,NOT
என்பதோ,IS_IT
கூறு,SAY
பொய்,LIE
கூறேன்,I_WONT_SAY
அன்ன,SUCH
வகையால்,WAY
யான்,I
கண்ட,SAW
கனவு,DREAM
தான்,IT
நல்,GOOD
வாயாக்,MOUTH
காண்டை,SEE
நறு,FRAGRANT
நுதால்,FOREHEAD
பல்,MANY
மாணும்,BEAUTY
கூடி,JOINING
புணர்ந்தீர்,UNITED_ONES
பிரியன்மின்,DONT_SEPARATE
நீடிப்,PROLONGED
பிரிந்தீர்,SEPARATED_ONES
புணர்,UNITE
தம்மின்,YOURSELVES
என்பன,SAYING
போல,LIKE
அரும்பு,BUD
அவிழ்,BLOOM
பூஞ்,FLOWER
சினை,BRANCH
தோறும்,EVERY
இரும்,DARK
குயில்,CUCKOO
ஆனாது,UNCEASING
அகவும்,SINGS
பொழுதினான்,TIME
மேவர,APPROACHING
நான்,OUR
மாடக்,STORIED
கூடல்,MADURAI
மகளிரும்,WOMEN
மைந்தரும்,YOUNG_MEN
தேன்,HONEY
இமிர்,HUMMING
காவில்,GROVE
புணர்ந்து,UNITING
இருந்து,SITTING
ஆடுமார்,DANCING
ஆனா,UNCEASING
விருப்போட,DESIRE
அணி,BEAUTY
அயர்ப,CELEBRATE
காமற்கு,FOR_KAMA
வேனில்,SPRING
விருந்து,FEAST
எதிர்கொண்டு,WELCOMING
வண்டு,BEE
ஊது,BLOWING
சாந்தம்,SANDALWOOD
வடுக்,SCAR
கொள,TAKING
நீவிய,SMEARED
தண்டாத்,UNCEASING
தீம்,SWEET
சாயல்,GENTLE
பரத்தை,PROMISCUOUS_MAN
வியல்,BROAD
மார்ப,CHEST
பண்டு,BEFORE
இன்னை,SUCH_YOU
அல்லைமன்,NOT
ஈங்கு,HERE
எல்லி,EVENING
வந்தீயக்,COME
கண்டது,SAW
எவன்,WHAT
மற்று,FURTHER
உரை,SAY
நன்றும்,GOOD
தடைஇய,PREVENTED
மென்,SOFT
தோளாய்,SHOULDER
கேட்டீவாய்,IF_YOU_LISTEN
ஆயின்,IF
உடன்,TOGETHER
உறை,LIVE
வாழ்க்கைக்கு,FOR_LIFE
உதவி,HELP
உறையும்,RESIDES
கடவுளர்,GODS
கண்,AT
தங்கினேன்,I_STAYED
சோலை,GROVE
மலர்,FLOWER
வேய்ந்த,COVERED
மான்,DEER
பிணை,FEMALE_DEER
அன்னார்,LIKE_WOMEN
பலர்,MANY
நீ,YOU
கடவுண்மை,DIVINITY
கொண்டு,TAKING
ஒழுகுவார்,BEHAVE
அவருள்,AMONG_THEM
எக்,WHICH
கடவுள்,GOD
மற்று,FURTHER
அக்,THAT
கடவுளை,GOD
செப்பீமன்,WE_WILL_TELL
முத்து,PEARL
ஏர்,BEAUTY
முறுவலாய்,SMILE
நாம்,WE
மணம்,MARRIAGE
புக்கக்கால்,WHEN_ENTERED
இப்,THIS
போழ்து,TIME
போழ்து,TIME
என்று,SAY
அது,THAT
வாய்ப்ப,FITTING
கூறிய,SAID
அக்,THAT
கடவுள்,GOD
மற்று,FURTHER
அக்,THAT
கடவுள்,GOD
அது,THAT
ஒக்கும்,RESEMBLES
நாவுள்,TONGUE
அழுந்து,SINK
தலை,HEAD
சாய்த்து,LEANING
நீ,YOU
கூறும்,SAY
மாயமோ,DECEPTION
கைப்படுக்கப்பட்டாய்,CAUGHT
நீ,YOU
கண்டாரை,THOSE_WHO_SEE
வாய்,MOUTH
ஆக,AS
யாம்,WE
கூற,SAY
வேட்டீவாய்,YOU_DESIRE
கேள்,LISTEN
இனி,NOW
பெறல்,OBTAINING
நசை,DESIRE
வேட்கையின்,DESIRE
நின்,YOUR
குறி,SIGN
வாய்ப்ப,FITTING
பறி,PIECE
முறை,ORDER
நேர்ந்த,AGREED
நகார்,LAUGHING_ONES
ஆக,BEING
கண்டார்க்கு,FOR_THOSE_WHO_SEE
இறு,DIE
முறை,ORDER
செய்யும்,DOES
உருவொட,FORM
நும்,YOUR
இல்,HOUSE
செறி,TIGHT
முறை,ORDER
வந்த,COME
கடவுளை,GOD
கண்டாயோ,DID_YOU_SEE
நறும்,FRAGRANT
தண்,COOL
தகரமும்,TAGARA_FLOWER
நானமும்,NANAM_FLOWER
நாறும்,SMELLS
நெறிந்த,STRAIGHT
குரல்,VOICE
கூந்தல்,HAIR
நாள்,DAY
அணிக்கு,BEAUTY
ஒப்ப,LIKE
நோக்கின்,LOOK
பிணி,SICKNESS
கொள்ளும்,TAKES
கண்ணொட,EYE
மேல்,ABOVE
நாள்,DAY
நீ,YOU
பூப்,FLOWER
பலி,OFFERING
விட்ட,LEFT
கடவுளை,GOD
கண்டாயோ,DID_YOU_SEE
ஈர்,MOIST
அணிக்கு,BEAUTY
ஏற்ற,FITTING
ஒடியாப்,NOT_BREAKING
படிவத்து,VOW
சூர்,DEMON
கொன்ற,KILLED
செவ்வேலான்,RED_SPEARED_GOD
பாடிப்,SINGING
பல,MANY
நாளும்,DAYS
ஆராக்,UNCEASING
கனை,LOUD
காமம்,LOVE
குன்றத்து,HILL
நின்னொட,WITH_YOU
மாரி,RAIN
இறுத்த,STAYED
கடவுளை,GOD
கண்டாயோ,DID_YOU_SEE
கண்ட,SAW
கடவுளர்,GODS
தம்,THEIR
உள்ளும்,INSIDE
நின்னை,YOU
வெறி,FRAGRANCE
கொள்,HAVING
வியல்,BROAD
மார்பு,CHEST
வேறு,DIFFERENT
ஆக,BEING
செய்து,MAKING
குறி,SIGN
கொள,TAKE
செய்தார்,MADE
யார்,WHO
செப்பு,TELL
மற்று,FURTHER
யாரும்,ANYONE
சிறு,SMALL
வரைத்,MOUNTAIN
தங்கின்,IF_STAY
வெகுள்வர்,WILL_BE_ANGRY
செறு,FIELD
தக்காய்,FITTING_ONE
தேறினேன்,I_UNDERSTOOD
சென்றீ,GO
நீ,YOU
செல்லா,NOT_GOING
விடுவாயேல்,IF_YOU_LEAVE
நல்,GOOD
தார்,GARLAND
அகலத்துக்கு,FOR_CHEST
ஓர்,A
சார,NEAR
மேவிய,JOINED
நெட்டு,LONG
இரும்,DARK
கூந்தல்,HAIR
கடவுளர்,GODS
எல்லார்க்கும்,FOR_ALL
முட்டுப்பாடு,OBSTACLE
ஆகலும்,BEING
உண்டு,POSSIBLE
என்,WHAT
நோற்றனை,PENANCE_DID_YOU
கொல்லோ,PERHAPS
நீர்,WATER
உள்,INSIDE
நிழல்,SHADE
போல்,LIKE
நுடங்கிய,SWAYING
மென்,SOFT
சாயல்,GENTLE
ஈங்கு,HERE
உருச்,FORM
சுருங்கி,SHRINKING
இயலுவாய்,MOVING
நின்னோட,WITH_YOU
உசாவுவேன்,I_WILL_ASK
நின்றீத்தை,STOOD_YOU
அன்னையோ,ALAS
காண்,SEE
தகை,BEAUTY
இல்லாக்,WITHOUT
குறள்,SHORT
நாழிப்,TIME
போழ்தினான்,TIME
ஆண்டலைக்கு,FOR_THE_BIRD
ஈன்ற,GAVE_BIRTH
பறழ்,YOUNG_ONE
மகனே,SON
நீ,YOU
எம்மை,US
வேண்டுவல்,I_WANT
என்று,SAY
விலக்கினை,PREVENTED
நின்,YOUR
போல்வார்,LIKE_YOU
தீண்ட,TOUCH
பெறுபவோ,WILL_THEY_GET
மற்று,FURTHER
மாண்ட,EXCELLENT
எறித்த,THRUST
படை,WEAPON
போல்,LIKE
முடங்கி,CURLING
மடங்கி,TURNING
நெறித்துவிட்டன்ன,TWISTED_LIKE
நிறை,FULLNESS
ஏரால்,BEAUTY
என்னை,ME
பொறுக்கல்லா,UNBEARABLE
நோய்,SICKNESS
செய்தாய்,DID_YOU
பொறீஇ,BEARING
நிறுக்கல்லேன்,I_CANNOT_STOP
நீ,YOU
நல்கின்,IF_YOU_FAVOR
உண்டு,THERE_IS
என்,MY
உயிர,LIFE
குறிப்புக்,SIGN
காண்,SEE
வல்லுப்பலகை,WOODEN_PLANK
எடுத்து,RAISING
நிறுத்தன்ன,STOOD_LIKE
கல்லாக்,UNLEARNED
குறள,SHORT_MAN
கடும்,FAST
பகல்,DAY
வந்து,COMING
எம்மை,US
இல்லத்து,HOUSE
வா,COME
என,SAY
மெய்,BODY
கொளீஇ,TAKING
எல்லா,FRIEND
நின்,YOUR
பெண்டிர்,WOMEN
உளர்,THERE_ARE
மன்னோ,INDEED
கூறு,SAY
நல்லாய்,GOOD_WOMAN
கேள்,LISTEN
உக்கத்து,TOP
மேலும்,ABOVE
நடு,MIDDLE
உயர்ந்து,RISING
வாள்,SWORD
வாய,MOUTH
கொக்கு,CRANE
உரித்தன்ன,PEELED_LIKE
கொடு,CROOKED
மடாய்,BASKET
நின்னை,YOU
யான்,I
புக்கு,ENTERING
அகலம்,CHEST
புல்லின்,IF_EMBRACE
நெஞ்சு,HEART
ஊன்றும்,PRESSURE
புறம்,BACK
புல்லின்,IF_EMBRACE
அக்குளுத்து,ARMPIT
புல்லலும்,EMBRACING
ஆற்றேன்,I_CANNOT
அருளீமோ,GIVE_MERCY
பக்கத்து,SIDE
புல்ல,TO_EMBRACE
சிறிது,LITTLE
போ,GO
சீத்தை,WICKED_ONE
மக்கள்,CHILDREN
முரியே,CRY
நீ,YOU
மாறு,GO_BACK
இனித்,NOW
தொக்க,GATHERED
மரக்,TREE
கோட்டம்,TEMPLE
சேர்ந்து,JOINING
எழுந்த,ROSE
பூங்,FLOWER
கொடி,CREEPER
போல,LIKE
நிரப்பம்,FULLNESS
இல்,WITHOUT
யாக்கை,BODY
தழீஇயினர்,EMBRACERS
எம்மை,US
புரப்பேம்,WE_WILL_PROTECT
என்பாரும்,THOSE_WHO_SAY
பலரால்,MANY
பரத்தை,PROMISCUOUS_MAN
என்,MY
பக்கத்து,SIDE
புல்லீயாய்,EMBRACE
என்னுமால்,SAYS
தொக்க,GATHERED
உழுந்தினும்,BLACK_GRAM
துவ்வாக்,NOT_ENJOYING
குறு,SMALL
வட்டா,ROUND
நின்னின்,THAN_YOU
இழிந்ததோ,FALLEN
கூனின்,HUNCHBACK
பிறப்பு,BIRTH
கழிந்து,LEAVING
ஆங்கே,THERE
யாம்,WE
வீழ்தும்,WE_WILL_LOVE
என்று,SAY
தன்,HIS
பின்,BEHIND
செலவும்,GOING
உற்றீயாக்,NOT_GIVING
கூனி,HUNCHBACK_WOMAN
குழையும்,FADES
குழைவு,FADING
காண்,SEE
யாமை,TORTOISE
எடுத்து,TAKING
நிறுத்தற்றால்,STOOD_LIKE
தோள்,SHOULDER
இரண்டும்,TWO
வீசி,SWINGING
யாம்,WE
வேண்டேம்,WE_DONT_WANT
என்று,SAY
விலக்கவும்,EVEN_IF_PREVENT
எம்,US
வீழும்,LOVES
காமர்,LOVE
நடக்கும்,WALKS
நடை,GAIT
காண்,SEE
கவர்,ATTRACTIVE
கணை,ARROW
சாமனார்,GOD_OF_DEATH
தம்,THEIR
முன்,FRONT
செலவு,GOING
காண்,SEE
ஓஒ,OH
காண்,SEE
நம்முள்,AMONG_US
நகுதல்,LAUGHTER
தொடீஇயர்,BRACELET
நம்முள்,AMONG_US
நாம்,WE
உசாவுவம்,WILL_ASK
கோன்,KING
அடி,FOOT
தொட்டேன்,I_TOUCHED
ஆங்கு,THERE
ஆக,BE
சாயல்,GENTLE
இன்,SWEET
மார்ப,CHEST
அடங்கினேன்,I_SUBMITTED
ஏஎ,HEY
பேயும்,DEMON
பேயும்,DEMON
துள்ளல்,LEAPING
உறும்,HAPPENS
என,SAY
கோயில்,PALACE
உள்,INSIDE
கண்டார்,THOSE_WHO_SAW
நகாமை,NOT_LAUGHING
வேண்டுவல்,I_WANT
தண்டாத்,UNCEASING
தகடு,PLATE
உருவ,FORM
வேறு,DIFFERENT
ஆக,BEING
காவின்,GROVE
கீழ்ப்,UNDER
போதர்,GO
அகடு,CHEST
ஆர,FULL
புல்லி,EMBRACING
முயங்குவேம்,WE_WILL_EMBRACE
துகள்,DUST
தபு,REMOVED
காட்சி,SIGHT
அவையத்தார்,ASSEMBLY
ஓலை,PALM_LEAF
முகடு,TOP
காப்பு,PROTECTION
யாத்துவிட்டாங்கு,TIED_LIKE
நில்,STOP
ஆங்கு,THERE
நில்,STOP
ஆங்கு,THERE
இவர்தரல்,APPROACHING
எல்லா,FRIEND
நீ,YOU
நாறு,EMITTING
இரும்,DARK
கூந்தலார்,HAIRED_WOMEN
இல்,HOUSE
செல்வாய்,GOING
இவ்,THIS
வழி,WAY
ஆறு,WAY
மயங்கினை,CONFUSED
போறி,LIKE
நீ,YOU
வந்தாங்கே,AS_YOU_CAME
மாறு,GO_BACK
இனி,NOW
நின்,YOUR
ஆங்கே,THERE
நின்,YOUR
சே,RED
அடி,FOOT
சிவப்ப,REDDEN
செறிந்து,TIGHT
ஒளிர்,SHINE
வெண்,WHITE
பல்லாய்,TEETH
யாம்,WE
வேறு,DIFFERENT
இயைந்த,JOINED
குறும்பூழ்,KURUMBUZH_BIRD
போர்,WAR
கண்டேம்,WE_SAW
அனைத்தல்லது,OTHER_THAN_THAT
யாதும்,ANYTHING
அறிந்ததோ,KNOWN
இல்லை,NOT
நீ,YOU
வேறு,DIFFERENT
ஓர்ப்பது,CONSIDER
குறும்பூழ்ப்,KURUMBUZH_BIRD
போர்,WAR
கண்டமை,SEEING
கேட்டேன்,I_HEARD
நீ,YOU
என்றும்,ALWAYS
புதுவன,NEW
ஈகை,GENEROSITY
வளம்,PROSPERITY
பாடிக்,SINGING
காலின்,LEG
பிரியாக்,NOT_SEPARATING
கவி,POEM
கை,HAND
புலையன்,OUTCASTE
தன்,HIS
யாழின்,LUTE
இகுத்த,PLACED
செவி,EAR
சாய்த்து,LEANING
இனி,NOW
இனிப்,NOW
பட்டன,TOUCHED
ஈகைப்,GENEROSITY
போர்,WAR
கண்டாயும்,SAW
போறி,LIKE
மெய்,TRUTH
எண்ணின்,IF_CONSIDER
தபுத்த,REJECTED
புலர்வு,DRYNESS
இல,POSSESS
புண்,WOUND
ஊரவர்,VILLAGERS
கவ்வை,GOSSIP
உளைந்து,ANNOYED
ஈயாய்,NOT_GIVING
அல்கல்,NIGHT
நின்,YOUR
தாரின்,GARLAND
வாய்க்,MOUTH
கொண்டு,TAKING
முயங்கிப்,EMBRACING
பிடி,GRASP
மாண்டு,EXCELLENT
போர்,WAR
வாய்ப்ப,FITTING
காணினும்,EVEN_IF_SEE
போகாது,NOT_GOING
கொண்டு,TAKING
ஆடும்,DANCES
பார்வைப்,LOOK
போர்,WAR
கண்டாயும்,SAW
போறி,LIKE
நின்,YOUR
தோள்,SHOULDER
மேலாம்,ABOVE
ஈரம்,AFFECTION
ஆய்,GOOD
விட்டன,LEFT
புண்,WOUND
கொடிற்றுப்,FIST
புண்,WOUND
செய்யாது,NOT_DOING
மெய்,BODY
முழுதும்,WHOLE
கையின்,HAND
துடைத்து,WIPING
நீ,YOU
வேண்டினும்,IF_YOU_WANT
வெல்லாது,NOT_VICTORIOUS
கொண்டு,TAKING
ஆடும்,DANCES
ஒட்டிய,JOINED
போர்,WAR
கண்டாயும்,SAW
போறி,LIKE
முகம்,FACE
தானே,ITSELF
கொட்டிக்,GIVING
கொடுக்கும்,GIVES
குறிப்பு,SIGN
ஆயின்,IF
ஆய்,BEAUTIFUL
இழாய்,JEWEL
அன்னவை,SUCH_THINGS
யான்,I
ஆங்கு,THERE
அறியாமை,IGNORANCE
போற்றிய,PROTECTED
நின்,YOUR
மெய்,BODY
தொடுகு,I_TOUCH
அன்னையோ,ALAS
மெய்யை,TRUTH
பொய்,LIE
என்று,SAY
மயங்கிய,CONFUSED
கை,HAND
ஒன்று,ONE
அறிகல்லாய்,NOT_KNOWING
போறி,LIKE
காண்,SEE
நீ,YOU
கையொட,HAND
கண்டாய்,SAW_YOU
பிழைத்தேன்,I_MISTOOK
அருள்,MERCY
இனி,NOW
அருளுகம்,WE_WILL_HAVE_MERCY
யாம்,WE
யாரேம்,WHO_ARE_WE
எல்லா,FRIEND
தெருள,UNDERSTAND
அளித்து,GIVING
நீ,YOU
பண்ணிய,MADE
பூழ்,BIRD
எல்லாம்,ALL
இன்னும்,FURTHER
விளித்து,CALLING
நின்,YOUR
பாணனோட,MUSICIAN
ஆடி,DANCING
அளித்தி,GIVE
விடலை,YOUNG_MAN
நீ,YOU
நீத்தலின்,LEAVING
நோய்,SICKNESS
பெரிது,GREATLY
ஏய்க்கும்,RESEMBLES
நடலைப்பட்ட,BECOME_WANDERER
எல்லாம்,ALL
நின்,YOUR
பூழ்,BIRD
ஏந்து,RAISED
எழில்,BEAUTY
மார்ப,CHEST
எதிர்,OPPOSITE
அல்ல,NOT
நின்,YOUR
வாய்,MOUTH
சொல்,WORD
பாய்ந்து,SPRINGING
ஆய்ந்த,CONSIDERED
தானை,ARMY
பரிந்து,LOVINGLY
ஆனா,UNCEASING
மைந்தினை,STRENGTH
சாந்து,SANDALWOOD
அழி,DESTROYED
வேரை,ROOT
சுவல்,SHOULDER
தாழ்ந்த,HANGING
கண்ணியை,GARLANDED_ONE
யாங்கு,HOW
சென்று,GOING
ஈங்கு,HERE
வந்தீத்தந்தாய்,CAME_YOU
கேள்,LISTEN
இனி,NOW
ஏந்தி,RAISING
எதிர்,OPPOSITE
இதழ்,PETAL
நீலம்,BLUE_LILY
பிணைந்தன்ன,JOINED_LIKE
கண்ணாய்,EYED_ONE
குதிரை,HORSE
வழங்கி,MOVING
வருவல்,I_WILL_COME
அறிந்தேன்,I_KNEW
குதிரை,HORSE
தான்,ITSELF
பால்,MILK
பிரியா,NOT_SEPARATING
ஐங்கூந்தல்,FIVE_HAIR
பல்,MANY
மயிர்,HAIR
கொய்,PULLED
சுவல்,SHOULDER
மேல்,ABOVE
விரித்து,SPREADING
யாத்த,TIED
சிகழிகை,HAIR_BUN
செவ்,RED
உளை,MANE
நீல,BLUE
மணிக்,BELL
கடிகை,FLAG
வல்லிகை,CREEPER
யாப்பின்,COMPOSITION
கீழ்,UNDER
ஞால்,SWINGING
இயல்,NATURE
மெல்,SOFT
காதின்,EAR
புல்லிகை,TOUCHING
சாமரை,CHOWRI
மத்திகைக்,WHIP
கண்ணுறை,EYE_COVER
ஆக,AS
கவின்,BEAUTY
பெற்ற,OBTAINED
உத்தி,TOP
ஒரு,ONE
காழ்,STEM
நூல்,THREAD
உத்தரியத்,UPPER_GARMENT
திண்,STRONG
பிடி,GRASP
நேர்,STRAIGHT
மணி,BELL
நேர்,STRAIGHT
முக்,PEARL
காழ்ப்,STEM
பல்,MANY
பல,MANY
கண்டிகை,PIECES
தார்,GARLAND
மணி,BELL
பூண்ட,WORN
தமனிய,GOLD
மேகலை,WAIST_BELT
நூபுரப்,ANKLET
புட்டில்,BOX
அடியொட,FOOT
அமைத்து,COMPOSING
யாத்த,TIED
வார்,LONG
பொலம்,GOLD
கிண்கிணி,BELL
ஆர்ப்ப,SOUNDING
இயற்றி,MAKING
நீ,YOU
காதலித்து,LOVING
ஊர்ந்த,RIDDEN
நின்,YOUR
காமக்,LOVE
குதிரையை,HORSE
ஆய்,BEAUTIFUL
சுதை,PLASTER
மாடத்து,TERRACE
அணி,BEAUTY
நிலா,MOONLIGHT
முற்றத்துள்,COURTYARD
ஆதி,PLACE
கொளீஇய,TAKING
அசையினை,MOVE
ஆகுவை,YOU_WILL_BE
வாதுவன்,CHARIOTEER
வாழிய,MAY_YOU_LIVE
நீ,YOU
சேகா,FRIEND
கதிர,RAY
விரி,SPREAD
வைகலில்,DAY
கை,HAND
வாரூஉக்,FLOWING
கொண்ட,TAKING
மதுரைப்,MADURAI
பெரு,GREAT
முற்றம்,COURTYARD
போல,LIKE
நின்,YOUR
மெய்க்,BODY
கண்,EYE
குதிரையோ,HORSE
வீறியது,PRANCED
கூர்,SHARP
உகிர்,NAIL
மாண்ட,EXCELLENT
குளம்பின்,HOOF
அது,THAT
நன்றே,GOOD
கோரமே,FEARSOME
வாழி,MAY_YOU_LIVE
குதிரை,HORSE
வெதிர்,BAMBOO
உழக்கு,STIR
நாழியால்,MEASURE
சேதிகை,WOUND
குத்த,STAB
குதிரை,HORSE
உடல்,BODY
அணி,BEAUTY
போல்,LIKE
நின்,YOUR
மெய்க்,BODY
கண்,EYE
குதிரையோ,HORSE
கவ்வியது,BIT
சீத்தை,WICKED_ONE
பயம்,FEAR
இன்றி,WITHOUT
ஈங்குக்,HERE
கடித்தது,BIT
நன்றே,GOOD
வியமமே,WONDER
வாழி,MAY_YOU_LIVE
குதிரை,HORSE
மிக,VERY
நன்று,GOOD
இனி,NOW
அறிந்தேன்,I_KNEW
இன்று,TODAY
நீ,YOU
ஊர்ந்த,RIDDEN
குதிரை,HORSE
பெரு,GREAT
மணம்,MARRIAGE
பண்ணி,DOING
அறத்தினில்,RIGHTEOUSNESS
கொண்ட,TAKEN
பருமக்,LARGE
குதிரையோ,HORSE
அன்று,NOT
பெரும,GREAT_ONE
நின்,YOUR
ஏதில்,STRANGE
பெரும்,GREAT
பாணன்,MUSICIAN
தூது,MESSAGE
ஆட,PLAYING
ஆங்கே,THERE
ஓர்,A
வாதத்தான்,FIGHT
வந்த,COME
வளிக்,WIND
குதிரை,HORSE
ஆதி,PLACE
உரு,FORM
அழிக்கும்,DESTROYS
அக்,THAT
குதிரை,HORSE
ஊரல்,DONT_RIDE
நீ,YOU
ஊரின்,IF_RIDE
பரத்தை,PROMISCUOUS_WOMEN
பரியாக,WILL_CARE
வாதுவனாய்,CHARIOTEER
என்றும்,ALWAYS
மற்று,FURTHER
அச்சார்த்,FEAR
திரி,WANDER
குதிரை,HORSE
ஏறிய,RIDING
செல்,GO
அன்னை,MOTHER
கடுஞ்,FIERCE
சொல்,WORD
அறியாதாய்,NOT_KNOWING_ONE
போல,LIKE
நீ,YOU
என்னைப்,ME
புலப்பது,ANGER
ஒறுக்குவென்,I_WILL_PUNISH
மன்,INDEED
யான்,I
சிறுகாலை,MORNING
இற்கடை,HOUSE
வந்து,COMING
குறி,SIGN
செய்த,DONE
அவ்,THAT
வழி,WAY
என்றும்,ALWAYS
யான்,I
காணேன்,I_DONT_SEE
திரிதர,WANDERING
எவ்,WHICH
வழிப்,WAY
பட்டாய்,HAPPENED_YOU
சமன்,EQUALITY
ஆக,BEING
இவ்,THIS
எள்ளல்,SCORN
முத்து,PEARL
ஏர்,BEAUTY
முறுவலாய்,SMILE
நம்,OUR
வலைப்,NET
பட்டது,CAUGHT
ஓர்,A
புத்தி,WISDOM
யானை,ELEPHANT
வந்தது,CAME
காண்பான்,TO_SEE
யான்,I
தங்கினேன்,I_STAYED
ஒக்கும்,RESEMBLES
அவ்,THAT
யானை,ELEPHANT
வனப்பு,BEAUTY
உடைத்து,POSSESSES
ஆகலும்,BEING
கேட்டேன்,I_HEARD
அவ்,THAT
யானை,ELEPHANT
தான்,ITSELF
சுண்ண,FRAGRANT_POWDER
நீறு,ASH
ஆடி,BATHING
நறு,FRAGRANT
நறா,HONEY
நீர்,WATER
உண்டு,DRINKING
ஒள்,BRIGHT
நுதல்,FOREHEAD
யாத்த,TIED
திலக,FOREMARK
அவிர்,SHINE
ஓடை,FLOW
தொய்யில்,PAINTING
பொறித்த,IMPRESSED
வன,FOREST
முலை,BREAST
வான்,GREAT
கோட்டுத்,TUSK
தொய்யகம்,PAINTING
தோட்டிக்,GOAD
குழை,EARRING
தாழ்,HANGING
வடி,SHARP
மணி,BELL
உத்தி,TOP
பொறித்த,IMPRESSED
புனை,ADORNED
பூண்,ORNAMENT
பருமத்து,LARGE
முத்து,PEARL
ஏய்க்கும்,RESEMBLES
வெண்,WHITE
பல்,TOOTH
நகை,SMILE
திறந்து,OPENING
நல்,GOOD
நகர்,HOUSE
வாயில்,GATE
கதவ,DOOR
வெளில்,OPEN_SPACE
சார்ந்து,JOINING
தன்,ITS
நலம்,BEAUTY
காட்டி,SHOWING
தகையினால்,BEAUTY
கால்,LEG
தட்டி,STUMBLING
வீழ்க்கும்,MAKES_FALL
தொடர்,CONNECTION
தொடர்,CONNECTION
ஆக,BEING
வலந்து,TURNING
படர்,SUFFERING
செய்யும்,DOES
மென்,SOFT
தோள்,SHOULDER
தடக்,LARGE
கையின்,TRUNK
வாங்கித்,PULLING
தன்,ITS
கண்டார்,THOSE_WHO_SEE
நலம்,BEAUTY
கவளம்,MOUTHFUL
கொள்ளும்,TAKES
நகை,SMILE
முக,FACE
வேழத்தை,ELEPHANT
இன்று,TODAY
கண்டாய்,SAW_YOU
போல்,LIKE
எவன்,WHY
எம்மை,US
பொய்ப்பது,DECEIVE
நீ,YOU
எல்லா,FRIEND
கெழீஇ,JOINING
தொடி,BRACELET
செறித்த,TIGHT
தோள்,SHOULDER
இணை,PAIR
தத்திக்,LEAPING
தழீஇ,EMBRACING
கொண்டு,TAKING
ஊர்ந்தாயும்,RIDDEN_YOU
நீ,YOU
குழீஇ,GATHERING
அவாவினால்,DESIRE
தேம்புவார்,SUFFERERS
இல்,HOUSE
கடை,SHOP
ஆறா,NOT_WAY
உவா,JOY
அணி,BEAUTY
ஊர்ந்தாயும்,RIDDEN_YOU
நீ,YOU
மிகாஅது,WITHOUT_EXCESS
சீர்ப்பட,PROPERLY
உண்ட,EATEN
சிறு,SMALL
களி,INTOXICATION
ஏர்,BEAUTY
உண்கண்,BEAUTIFUL_EYE
நீர்க்கு,WATER
விட்டு,LEAVING
ஊர்ந்தாயும்,RIDDEN_YOU
நீ,YOU
சார்ச்,SLOPE
சார்,SIDE
நெறி,WAY
தாழ்,LOW
இரும்,DARK
கூந்தல்,HAIR
நின்,YOUR
பெண்டிர்,WOMEN
எல்லாம்,ALL
விடாஅது,WITHOUT_LEAVING
நீ,YOU
எம்,OUR
இல்,HOUSE
வந்தாய்,CAME_YOU
அவ்,THAT
யானை,ELEPHANT
கடாஅம்,TEMPLE
படும்,FALLS
இடத்து,PLACE
ஓம்பு,PROTECT
யாரை,WHOM
நீ,YOU
எம்,OUR
இல்,HOUSE
புகுதர்வாய்,ENTER
ஓரும்,CONSIDER
புதுவ,NEW
மலர்,FLOWER
தேரும்,SEEKS
வண்டே,BEE
போல்,LIKE
யாழ,YOUR
வதுவை,MARRIAGE
விழவு,FESTIVAL
அணி,BEAUTY
வைகலும்,DAILY
காட்டினையாய்,SHOWING
மாட்டு,PLACE
மாட்டு,PLACE
ஓடி,RUNNING
மகளிர்,WOMEN
தர,GIVE
தர,GIVE
பூட்டு,YOKE
மான்,DEER
திண்,STRONG
தேர்,CHARIOT
புடைத்த,SIDE
மறுகு,STREET
எல்லாம்,ALL
பாட்டு,SONG
ஆதல்,BEING
சான்ற,EXCELLENT
நின்,YOUR
மாய,DECEPTIVE
பரத்தைமை,PROMISCUITY
காட்டிய,SHOWED
வந்தமை,COMING
கைப்படுத்தேன்,I_CAUGHT
பண்டு,BEFORE
எலாம்,ALL
கேட்டும்,HEARING
அறிவேன்மன்,I_KNOW
யான்,I
தெரி,SELECTED
கோதை,GARLAND
அம்,BEAUTIFUL
நல்லாய்,GOOD_WOMAN
தேறீயல்,DONT_BELIEVE
வேண்டும்,NEED
பொரு,FIGHT
கரை,SHORE
வாய்,MOUTH
சூழ்ந்த,SURROUNDED
பூ,FLOWER
மலி,FILLED
வையை,VAIYAI_RIVER
வரு,COMING
புனல்,WATER
ஆட,BATHE
தவிர்ந்தேன்,I_STOPPED
பெரிது,GREATLY
என்னை,ME
செய்யா,NOT_DOING
மொழிவது,SPEAKING
எவன்,WHAT
ஓஒ,OH
புனல்,WATER
ஆடினாய்,BATHED_YOU
எனவும்,SAYING
கேட்டேன்,I_HEARD
புனல்,WATER
ஆங்கே,THERE
நீள்,LONG
நீர்,WATER
நெறி,WAY
கதுப்பு,HAIR
வாரும்,COMES
அறல்,SAND
ஆக,BEING
மாண்,BEAUTIFUL
எழில்,BEAUTY
உண்கண்,BEAUTIFUL_EYE
பிறழும்,FLASHES
கயல்,CARP
ஆக,BEING
கார்,RAIN
மலர்,FLOWER
வேய்ந்த,COVERED
கமழ்,FRAGRANT
பூம்,FLOWER
பரப்பு,EXPANSE
ஆக,BEING
நாணுச்,SHAME
சிறை,WING
அழித்து,DESTROYING
நன்பகல்,NOON
வந்த,COME
அவ்,THAT
யாணர்,NEW
புதுப்,NEW
புனல்,WATER
ஆடினாய்,BATHED_YOU
முன்,FRONT
மாலை,EVENING
பாணன்,MUSICIAN
புணை,RAFT
ஆக,AS
புக்கு,ENTERING
ஆனாது,UNCEASING
அளித்து,GIVING
அமர்,LOVE
காதலோட,LOVE
அப்,THAT
புனல்,WATER
ஆடி,BATHING
வெளிப்படு,OUT
கவ்வையை,GOSSIP
யான்,I
அறிதல்,KNOWING
அஞ்சிக்,FEARING
குளித்து,IMMERSING
ஒழுகினாய்,BEHAVED_YOU
எனவும்,SAYING
கேட்டேன்,I_HEARD
குளித்தாங்கே,AS_IMMERSED
போர்த்த,COVERED
சினத்தான்,ANGER
புருவ,Eyebrow
திரை,WAVE
இடா,PLACING
ஆர்க்கும்,SOUNDS
ஞெகிழத்தான்,BRACELET
நன்,GOOD
நீர்,WATER
நடை,GAIT
தட்ப,SUPPRESSING
சீர்த்,FAME
தக,PROPERLY
வந்த,COME
புதுப்,NEW
புனல்,WATER
நின்னை,YOU
கொண்டு,TAKING
ஈர்த்து,DRAGGING
உய்ப்ப,DRIVE
கண்டார்,THOSE_WHO_SAW
உளர்,THERE_ARE
ஈர்த்தது,DRAGGED
உரை,WORD
சால்,ABOUNDING
சிறப்பின்,GLORY
நின்,YOUR
நீர்,WATER
உள்ளம்,HEART
வாங்க,ATTRACT
புரை,FAULT
தீர்,REMOVED
புதுப்,NEW
புனல்,WATER
வெள்ளத்தின்,FLOOD
இன்னும்,FURTHER
கரை,SHORE
கண்டதூ,SEEN
உம்,ALSO
இலை,NOT
நிரை,LINE
தொடீஇ,BRACELET
பொய்யா,NOT_FALSE
வாள்,SWORD
தானை,ARMY
புனை,ADORNED
கழல்,ANKLET
கால்,LEG
தென்னவன்,PANDYAN_KING
வையைப்,VAIYAI_RIVER
புதுப்,NEW
புனல்,WATER
ஆட,BATHE
தவிர்ந்ததை,STOPPED
தெய்வத்தின்,GOD
தேற்றித்,CONVINCING
தெளிப்பேன்,I_WILL_CLARIFY
பெரிது,GREATLY
என்னை,ME
செய்யா,NOT_DOING
மொழிவது,SPEAKING
எவன்,WHAT
மெய்யதை,TRUTH
மல்கு,FILLED
மலர்,FLOWER
வேய்ந்த,COVERED
மாய,DECEPTIVE
புதுப்,NEW
புனல்,WATER
பல்,MANY
காலும்,TIMES
ஆடிய,BATHED
செல்வுழி,GOING
ஒல்கி,LEANING
களைஞரும்,REMOVERS
இல்,WITHOUT
வழிக்,WAY
கால்,LEG
ஆழ்ந்து,SINKING
தேரோட,CHARIOT
இள,SOFT
மணலுள்,SAND
படல்,FALL
ஓம்பு,PROTECT
முளை,SPROUT
நேர்,LIKE
முறுவலார்க்கு,FOR_SMILING_ONES
ஓர்,A
நகை,SMILE
செய்து,DOING
நறவினை,HONEY
வரைந்தார்க்கும்,FOR_THOSE_WHO_DREW
வரையார்க்கும்,FOR_THOSE_WHO_DIDNT_DRAW
அவை,THEY
எடுத்து,TAKING
அற,RIGHTEOUSNESS
வினை,DEED
இன்புறூஉம்,ENJOYS
அந்தணர்,BRAHMINS
இருவரும்,BOTH
திறம்,SIDE
வேறு,DIFFERENT
செய்தியின்,ACTION
நூல்,SCRIPTURE
நெறி,WAY
பிழையாது,WITHOUT_DEVIATING
குழவியை,CHILD
பார்த்து,LOOKING
உறூஉம்,FEELS
தாய்,MOTHER
போல்,LIKE
உலகத்து,WORLD
மழை,RAIN
சுரந்து,FLOWING
அளித்து,GIVING
ஓம்பும்,PROTECTS
நல்,GOOD
ஊழி,AGE
யாவர்க்கும்,FOR_ALL
பிழையாது,WITHOUT_DEVIATING
வருதல்,COMING
நின்,YOUR
செம்மையின்,JUSTICE
தர,GIVE
வாய்ந்த,FITTED
இழை,JEWEL
அணி,BEAUTY
கொடித்,FLAG
திண்,STRONG
தேர்,CHARIOT
இன,GROUP
மணி,BELL
யானையாய,ELEPHANT
அறன்,RIGHTEOUSNESS
நிழல்,SHADE
என,SAY
கொண்டாய்,TOOK_YOU
ஆய்,GOOD
குடை,UMBRELLA
அக்,THAT
குடை,UMBRELLA
புற,OUTER
நிழல்,SHADE
கீழ்ப்,UNDER
பட்டாளோ,FELL_SHE
இவள்,SHE
இவள்,SHE
காண்டிகா,SEE
பிறை,CRESCENT
நுதல்,FOREHEAD
பசப்பு,PALLOR
ஊர,SPREAD
பெரு,GREAT
விதுப்பு,ANXIETY
உற்றாளை,FELL_SHE
பொய்யாமை,TRUTHFULNESS
நுவலும்,SPEAKS
நின்,YOUR
செங்கோல்,JUST_SCEPTER
அச்,THAT
செங்கோலின்,SCEPTER
செய்,DO
தொழில்,WORK
கீழ்ப்,UNDER
பட்டாளோ,FELL_SHE
இவள்,SHE
இவள்,SHE
காண்டிகா,SEE
காம,LOVE
நோய்,SICKNESS
கடைக்,END
கூட்ட,JOIN
வாழும்,LIVE
நாள்,DAY
முனிந்தாளை,DESPISED_SHE
ஏமம்,PROTECTION
என்று,SAY
இரங்கும்,LAMENTS
நின்,YOUR
எறி,BEATING
முரசம்,DRUM
அம்,THAT
முரசின்,DRUM
ஏமத்து,PROTECTION
இகந்தாளோ,CROSSED_SHE
இவள்,SHE
இவள்,SHE
காண்டிகா,SEE
வேய்,BAMBOO
நலம்,BEAUTY
இழந்த,LOST
தோள்,SHOULDER
கவின்,BEAUTY
வாட,FADE
இழப்பாளை,LOSING_SHE
ஆங்க,THERE
நெடிது,LONG
சேண்,DISTANT
இகந்தவை,CROSSED_THINGS
காணினும்,EVEN_IF_SEE
தான்,HER
உற்ற,FELT
வடுக்,SCAR
காட்ட,SHOW
கண்,EYE
காணாதற்று,NOT_SEEING
ஆக,BEING
என்,MY
தோழி,FRIEND
தொடி,BRACELET
கொட்ப,LOOSEN
நீத்த,LEFT
கொடுமையை,CRUELTY
கடிது,QUICKLY
என,SAY
உணராமை,NOT_KNOWING
கடிந்ததோ,REJECTED
நினக்கே,FOR_YOU
ஈண்டு,HERE
நீர்,WATER
மிசை,UPON
தோன்றி,APPEARING
இருள்,DARKNESS
சீக்கும்,OVERTAKES
சுடரே,FLAME
போல்,LIKE
வேண்டாதார்,THOSE_WHO_DONT_WANT
நெஞ்சு,HEART
உட்க,FEAR
வெரு,ANGER
வந்த,FEROCIOUS
கொடுமையும்,CRUELTY
நீண்டு,LONG
தோன்று,APPEARING
உயர்,HIGH
குடை,UMBRELLA
நிழல்,SHADE
என,SAY
சேர்ந்தார்க்கு,FOR_THOSE_WHO_JOIN
காண்தகு,FITTING_TO_SEE
மதி,MOON
என்ன,LIKE
கதிர,RAY
விடு,EMIT
தண்மையும்,COOLNESS
மாண்ட,EXCELLENT
நின்,YOUR
ஒழுக்கத்தால்,BEHAVIOR
மறு,FAULT
இன்றி,WITHOUT
வியன்,BROAD
ஞாலத்து,EARTH
யாண்டோரும்,EVERYWHERE
தொழுது,WORSHIPING
ஏத்தும்,PRAISES
இரங்கு,RESOUNDING
இசை,FAME
முரசினாய,DRUM
ஐயம்,DOUBT
தீர்ந்து,REMOVED
யார்,WHOM
கண்ணும்,EYE
அரும்,DIFFICULT
தவ,PENANCE
முதல்வன்,FIRST_GOD
போல்,LIKE
பொய்,LIE
கூறாய்,NOT_SAYING
என,SAY
நின்னை,YOU
புகழ்வது,PRAISING
கெடாதோ,WONT_IT_DIE
தான்,INDEED
நல்கி,FAVORING
நீ,YOU
தெளித்த,CLARIFIED
சொல்,WORD
நசை,DESIRE
என,SAY
தேறியாள்,ACCEPTED_SHE
பல்,MANY
இதழ்,PETAL
மலர்,FLOWER
உண்கண்,BEAUTIFUL_EYE
பனி,TEARS
மல்க,FILL
காணும்,SEES
கால்,TIME
சுரந்த,FLOWED
வான்,SKY
பொழிந்தற்றாச்,RAINED_LIKE
சூழ,AROUND
நின்று,STANDING
யாவர்க்கும்,FOR_ALL
இரந்தது,BEGGED
நசை,DESIRE
வாட்டாய்,NOT_SPOILING
என்பது,THAT
கெடாதோ,WONT_IT_DIE
தான்,INDEED
கலங்கு,CONFUSION
அஞர்,FEAR
உற்ற,HAVING
நின்,YOUR
கமழ்,FRAGRANT
மார்பு,CHEST
நசைஇய,DESIRED
இலங்கு,SHINE
கோல்,STAFF
அவிர்,SHINE
தொடி,BRACELET
இறை,LORD
ஊர,SPREAD
காணும்,SEES
கால்,TIME
உறை,LIVE
வரை,MOUNTAIN
நிறுத்த,STOPPED
கோல்,SCEPTER
உயிர,LIFE
திறம்,SIDE
பெயர்ப்பான்,CHANGER
போல்,LIKE
முறை,JUSTICE
செய்தி,DO
என,SAY
நின்னை,YOU
மொழிவது,SAYING
கெடாதோ,WONT_IT_DIE
தான்,INDEED
அழி,PERISH
படர்,SUFFERING
வருத்த,CAUSING_SUFFERING
நின்,YOUR
அளி,LOVE
வேண்டி,WANTING
கலங்கிய,CONFUSED
பழி,BLAME
தபு,REMOVED
வாள்,SWORD
முகம்,FACE
பசப்பு,PALLOR
ஊர,SPREAD
காணும்,SEES
கால்,TIME
ஆங்க,THERE
தொல்,ANCIENT
நலம்,BEAUTY
இழந்தோள்,LOST_SHE
நீ,YOU
துணை,COMPANION
என,SAY
புணர்ந்தவள்,UNITED_SHE
இன்,SWEET
உறல்,CHEST
வியன்,BROAD
மார்ப,CHEST
இனையையால்,SUCH_YOU
கொடிது,CRUEL
என,SAY
நின்னை,YOU
யான்,I
கழறுதல்,SPEAKING
வேண்டுமோ,IS_IT_NEEDED
என்னோர்கள்,OUR_PEOPLE
இடும்பையும்,DISTRESS
களைந்தீவாய்,REMOVE
நினக்கே,FOR_YOU
தளி,RAIN
பெறு,OBTAINING
தண்,COOL
புலத்துத்,FIELD
தலை,HEAD
பெயற்கு,RAIN
அரும்பு,BUD
ஈன்று,GIVING_BIRTH
முளி,DRY
முதல்,BASE
பொதுளிய,SPROUTED
முள்,THORN
புற,OUTER
பிடவமும்,PIDAVAM_FLOWER
களி,INTOXICATION
பட்டான்,TOUCHED_MAN
நிலையே,STATE
போல்,LIKE
தடவுபு,STROKING
துடுப்பு,OAR
ஈன்று,GIVING_BIRTH
ஞெலிபு,SPLIT
உடன்,TOGETHER
நிரைத்த,ARRANGED
ஞெகிழ்,LOOSE
இதழ்,PETAL
கோடலும்,KODAL_FLOWER
மணி,BELL
புரை,LIKE
உருவின,FORM
காயாவும்,KAYA_FLOWER
பிறவும்,OTHERS
அணி,BEAUTY
கொள,TAKING
மலைந்த,WEARING
கண்ணியர்,GARLANDED_ONES
தொகுபு,GATHERING
உடன்,TOGETHER
மாறு,OPPOSITE
எதிர்கொண்ட,CONFRONTING
தம்,THEIR
மைந்துடன்,STRENGTH
நிறுமார்,TO_MAKE_STAND
சீறு,ANGER
அரு,DIFFICULT
முன்பினோன்,STRENGTH_ONE
கணிச்சி,AXE
போல்,LIKE
கோடு,TUSK
சீஇ,STRAIGHTENING
ஏறு,BULL
தொழூஉப்,WORSHIPING
புகுத்தனர்,INSERTED
இயைபு,JOINING
உடன்,TOGETHER
ஒருங்க,TOGETHER
அவ்,THAT
வழி,WAY
முழக்கு,SOUND
என,LIKE
இடி,THUNDER
என,LIKE
முன்,FRONT
சமத்து,BATTLEFIELD
ஆர்ப்ப,SOUNDING
வழக்கு,MATTER
மாறு,OPPOSITE
கொண்டு,TAKING
வருபு,COMING
வருபு,COMING
ஈண்டி,GATHERING
நறையொட,FRAGRANCE
துகள்,DUST
எழ,RISING
நல்லவர்,GOOD_WOMEN
அணி,BEAUTY
நிற்ப,STANDING
துறையும்,FORD
ஆலமும்,BANYAN_TREE
தொல்,ANCIENT
வலி,STRENGTH
மராஅமும்,MARAVAM_TREE
முறை,ORDER
உளி,CHISEL
பராஅய்ப்,SPREADING
பாய்ந்தனர்,SPRANG
தொழூஉ,WORSHIPING
மேல்,ABOVE
பாட்டு,SONG
உலண்டின்,COLOR
நிறன்,COLOR
ஒக்கும்,RESEMBLES
புன்,SMALL
குருக்,VOICE
கண்,EYE
நோக்கு,LOOK
அஞ்சான்,NOT_FEARING
பாய்ந்த,SPRANG
பொதுவனை,COWHERD
சாக்,DEATH
குத்திக்,STABBING
கோட்டு,TUSK
இடை,MIDDLE
கொண்டு,TAKING
குலைப்பதன்,SHOOK
தோற்றம்,SIGHT
காண்,SEE
அம்,BEAUTIFUL
சீர்,FAME
அசை,GENTLE
இயல்,NATURE
கூந்தல்,HAIR
கை,HAND
நீட்டியான்,EXTENDED_HE
நெஞ்சம்,HEART
பிளந்து,SPLIT
இட்டு,PLACING
நேரார்,ENEMIES
நடுவண்,AMONG
தன்,HIS
வஞ்சினம்,VOW
வாய்த்தானும்,OBTAINED_HE
போன்ம்,LIKE
சுடர்,FLAME
விரிந்தன்ன,SPREAD_LIKE
சுரி,CURL
நெற்றிக்,FOREHEAD
காரி,BLACK_BULL
விடர்,CAVE
இயம்,DRUM
கண்ணிப்,GARLANDED
பொதுவனை,COWHERD
சாடிக்,STRIKING
குடர்,INTESTINE
சொரிய,POURING
குத்திக்,STABBING
குலைப்பதன்,SHOOK
தோற்றம்,SIGHT
காண்,SEE
படர்,SUFFERING
அணி,BEAUTY
அந்திப்,EVENING
பசும்,GREEN
கண்,EYE
கடவுள்,GOD
இடரிய,DIFFICULT
ஏற்று,BULL
எருமை,BUFFALO
நெஞ்சு,HEART
இடந்து,PIERCING
இட்டு,PLACING
குடர்,INTESTINE
கூளிக்கு,FOR_GOBLIN
ஆர்த்துவான்,SHOUTED_HE
போன்ம்,LIKE
செவி,EAR
மறை,SECRET
நேர்,STRAIGHT
மின்னும்,FLASHES
நுண்,FINE
பொறி,SPOT
வெள்ளை,WHITE_BULL
கதன்,STRENGTH
அஞ்சான்,NOT_FEARING
பாய்ந்த,SPRANG
பொதுவனை,COWHERD
சாடி,STRIKING
நுதி,POINT
நுனைக்,TIP
கோட்டால்,TUSK
குலைப்பதன்,SHOOK
தோற்றம்,SIGHT
காண்,SEE
ஆர்,FULL
இருள்,DARKNESS
என்னான்,WITHOUT_SAYING
அரும்,DIFFICULT
கங்குல்,NIGHT
வந்து,COMING
தன்,HIS
தாளின்,FOOT
கடந்து,CROSSING
அட்டு,KILLING
தந்தையை,FATHER
கொன்றானை,WHO_KILLED
தோளின்,SHOULDER
திருகுவான்,TWISTER
போன்ம்,LIKE
என,SAY
ஆங்கு,THUS
அணி,BEAUTY
மாலை,GARLAND
கேள்வன்,HEARER
தரூஉமார்,GIVES
ஆயர்,COWHERDS
மணி,BELL
மாலை,GARLAND
ஊதும்,BLOWS
குழல்,FLUTE
கடாஅக்,TEMPLE
களிற்றினும்,ELEPHANT
கண்,EYE
அஞ்சா,NOT_FEARING
ஏற்றை,MALE_BULL
விடாஅது,WITHOUT_LEAVING
நீ,YOU
கொள்குவை,TAKE
ஆயின்,IF
படாஅகை,NOT_FALLING
ஈன்றன,GAVE_BIRTH
ஆய,COWHERD
மகள்,DAUGHTER
தோள்,SHOULDER
பகலிட,DAYTIME
கண்ணியன்,GARLANDED_ONE
பைதல்,SORROW
குழலன்,FLUTE_PLAYER
சுவல்,SHOULDER
மிசை,UPON
கோல்,STAFF
அசைத்த,SWINGING
கையன்,HANDED_ONE
அயலது,NEARBY
கொல்,KILLING
ஏறு,BULL
சாட,STRIKE
இருந்தார்க்கு,FOR_THOSE_WHO_SAT
எம்,OUR
பல்,MANY
இரும்,DARK
கூந்தல்,HAIR
அணை,BED
கொடுப்பேம்,WE_WILL_GIVE
யாம்,WE
கோளாளர்,TAKERS
என்,OUR
ஒப்பார்,EQUAL
இல்,NOT
என,SAY
நம்,OUR
ஆன்,COW
உள்,AMONG
தாளாண்மை,ABILITY
கூறும்,SAYS
பொதுவன்,COWHERD
நமக்கு,FOR_US
ஒரு,ONE
நாள்,DAY
கேளாளன்,RELATIVE
ஆகாமை,NOT_BECOMING
இல்லை,NOT
அவன்,HE
கண்டு,SEEING
வேளாண்மை,KINDSERVICE
செய்தன,DID
கண்,EYE
ஆங்க,THERE
ஏறும்,BULLS
வருந்தின,SUFFERED
ஆயரும்,COWHERDS
புண்,WOUND
கூர்ந்தார்,INCREASED
நாறு,EMITTING
இரும்,DARK
கூந்தல்,HAIR
பொதுமகளிர்,COMMON_WOMEN
எல்லாரும்,ALL
முல்லை,JASMINE
அம்,BEAUTIFUL
தண்,COOL
பொழில்,GROVE
புக்கார்,ENTERED
பொதுவரொட,COWHERDS
எல்லாம்,ALL
புணர்,UNITE
குறி,SIGN
கொண்டு,TAKING
கண்,EYE
அகல்,BROAD
இரு,TWO
விசும்பில்,SKY
கதழ்,SWIFT
பெயல்,RAIN
கலந்து,MIXING
ஏற்ற,RECEIVING
தண்,COOL
நறு,FRAGRANT
பிடவமும்,PIDAVAM_FLOWER
தவழ்,CRAWLING
கொடித்,CREEPER
தளவமும்,TALAVA_FLOWER
வண்ண,COLORED
வண்,BOUNTIFUL
தோன்றியும்,THONRI_FLOWER
வயங்கு,SHINE
இணர்க்,CLUSTER
கொன்றையும்,KONRAI_FLOWER
அன்னவை,SUCH
பிறவும்,OTHERS
பல்,MANY
மலர்,FLOWER
துதைய,TOUCH
தழையும்,TENDER_LEAF
கோதையும்,GARLAND
இழையும்,JEWEL
என்று,SAY
இவை,THESE
தைஇயினர்,MADE
மகிழ்ந்து,REJOICING
திளைஇ,ENJOYING
விளையாடும்,PLAY
மட,SOFT
மொழி,WORD
ஆயத்தவருள்,AMONG_THE_GROUP
இவள்,SHE
யார்,WHO
உடம்போட,BODY
என்,MY
உயிர,LIFE
புக்கவள்,ENTERED_SHE
இன்று,TODAY
ஓஒ,OH
இவள்,SHE
பொரு,FIGHT
புகல்,ENTER
நல்,GOOD
ஏறு,BULL
கொள்பவர்,TAKERS
அல்லால்,EXCEPT
திரு,LAKSHMI
மா,GREAT
மெய்,BODY
தீண்டலர்,NOT_TOUCH
என்று,SAY
கருமமா,IMPORTANTLY
எல்லாரும்,ALL
கேட்ப,HEAR
அறைந்து,PROCLAIMING
எப்பொழுதும்,ALWAYS
சொல்லால்,WORD
தரப்பட்டவள்,GIVEN_SHE
சொல்லுக,SPEAK
பாணியேம்,MUSIC
என்றார்,THEY_SAID
அறைக,PROCLAIM
என்றார்,THEY_SAID
பாரித்தார்,SPREAD
மாண்,BEAUTIFUL
இழை,JEWEL
ஆறு,WAY
ஆக,AS
சாறு,ANNOUNCEMENT
சாற்றுள்,ANNOUNCEMENT
பெடை,FEMALE
அன்னார்,LIKE_WOMEN
கண்,EYE
பூத்து,FLOWERING
நோக்கும்,LOOKS
வாய்,MOUTH
எல்லாம்,ALL
மிடை,CROWD
பெறின்,IF_OBTAIN
நேராத்,NOT_EQUAL
தகைத்து,NATURE
தகை,BEAUTY
வகை,METHOD
மிசை,UPON
மிசை,UPON
பாயியர்,DANCERS
ஆர்த்து,SHOUTING
உடன்,TOGETHER
எதிர்,OPPOSITE
எதிர்,OPPOSITE
சென்றார்,WENT
பலர்,MANY
கொலை,MURDER
மலி,FILLED
சிலை,BOW
செறி,TIGHT
செயிர்,ANGER
அயர்,CONFUSION
சினம்,ANGER
சிறந்து,EXCELLING
உருத்து,ANGRY
எழுந்து,RISING
ஓடின்று,RAN
மேல்,FORWARD
எழுந்தது,ROSE
துகள்,DUST
ஏற்றனர்,RECEIVED
மார்பு,CHEST
கவிழ்ந்தன,BOWED
மருப்பு,TUSK
கலங்கினர்,CONFUSED
பலர்,MANY
அவருள்,AMONG_THEM
மலர்,FLOWER
மலி,FILLED
புகல்,ENTER
எழ,RISE
அலர்,FLOWER
மலி,FILLED
மணி,BELL
புரை,LIKE
நிமிர்,RAISED
தோள்,SHOULDER
பிணைஇ,JOINING
எருத்தோட,NECK
இமில்,SHOULDER
இடை,MIDDLE
தோன்றினன்,APPEARED_HE
தோன்றி,APPEARING
வருத்தினான்,CAUSED_SUFFERING
மன்ற,INDEED
அவ்,THAT
ஏறு,BULL
ஏறு,BULL
எவ்வம்,DISTRESS
காணா,NOT_SEEING
எழுந்தார்,ROSE
எவன்,WHY
கொலோ,PERHAPS
ஏறு,BULL
உடை,HAVING
நல்லார்,GOOD_WOMEN
பகை,ENEMY
மடவரே,FOOLISH
நல்,GOOD
ஆயர்,COWHERDS
மக்கள்,CHILDREN
நெருநை,YESTERDAY
அடல்,KILLING
ஏற்று,BULL
எருத்து,NECK
இறுத்தார்க்,STOPPED_ONES
கண்டும்,SEEING
மற்று,FURTHER
இன்றும்,TODAY
உடல்,BODY
ஏறு,BULL
கோள்,TAKING
சாற்றுவார்,ANNOUNCE
ஆங்கு,THERE
இனித்,NOW
தண்ணுமை,DRUM
பாணி,MUSIC
தளராது,WITHOUT_FALTERING
எழூஉக,RISE
பண்,MUSIC
அமை,COMPOSED
இன்,SWEET
சீர்,FAME
குரவையுள்,DANCE
தெள்,CLEAR
கண்ணித்,GARLANDED
திண்,STRONG
தோள்,SHOULDER
திறல்,STRENGTH
ஒளி,LIGHT
மாய,DECEPTIVE
போர்,WAR
மா,GREAT
மேனி,BODY
அம்,BEAUTIFUL
துவர்,REDDISH
ஆடை,GARMENT
பொதுவனோட,COWHERD
ஆய்ந்த,CHOSEN
முறுவலாள்,SMILING_WOMAN
மென்,SOFT
தோள்,SHOULDER
பாராட்டி,PRAISING
சிறுகுடி,SMALL_VILLAGE
மன்றம்,COMMONS
பரந்தது,SPREAD
உரை,SPEECH
மெல்,SOFT
இணர்க்,CLUSTER
கொன்றையும்,KONRAI_FLOWER
மென்,SOFT
மலர்க்,FLOWER
காயாவும்,KAYA_FLOWER
புல்,GRASS
இலை,LEAF
வெட்சியும்,VETCHI_FLOWER
பிடவும்,PIDAVAM_FLOWER
தளவும்,TALAVA_FLOWER
குல்லையும்,KULLAI_FLOWER
குருந்தும்,KURUNTHA_FLOWER
கோடலும்,KODAL_FLOWER
பாங்கரும்,SIDE
கல்லவும்,STONY
கடத்தவும்,FOREST
கமழ்,FRAGRANT
கண்ணி,GARLAND
மலைந்தனர்,WEARED
பல,MANY
ஆன்,COW
பொதுவர்,COWHERDS
கதழ்,SWIFT
விடை,BULL
கோள்,TAKING
காண்மார்,TO_SEE
முல்லை,JASMINE
முகையும்,BUD
முருந்தும்,MURUNTHA_FLOWER
நிரைத்தன்ன,ARRANGED_LIKE
பல்லர்,TEETH
பெரு,GREAT
மழைக்,RAIN
கண்ணர்,EYED
மடம்,SOFTNESS
சேர்ந்த,JOINED
சொல்லர்,SPEECH
சுடரும்,SHINE
கனம்,HEAVY
குழைக்,EARRING
காதினர்,EARED
நல்லவர்,GOOD_WOMEN
கொண்டார்,TOOK
மிடை,CROWD
அவர்,THEY
மிடை,CROWD
கொள,TAKING
மணி,BELL
வரை,MOUNTAIN
மருங்கின்,SIDE
அருவி,WATERFALL
போல,LIKE
அணி,BEAUTY
வரம்பு,BOUNDARY
அறுத்த,CUT
வெண்,WHITE
கால்,LEG
காரியும்,BLACK_BULL
மீன்,FISH
பூத்து,FLOWERING
அவிர்,SHINE
வரும்,COMES
அந்தி,EVENING
வான்,SKY
விசும்பு,SKY
போல்,LIKE
வான்,SKY
பொறி,SPOT
பரந்த,SPREAD
புள்ளி,SPOT
வெள்ளையும்,WHITE_BULL
கொலைவன்,MURDERER
சூடிய,WORN
குழவித்,CHILD
திங்கள்,MOON
போல்,LIKE
வளையுபு,CURVING
மலிந்த,FILLED
கோடு,TUSK
அணி,BEAUTY
சேயும்,RED_BULL
பொரு,FIGHT
முரண்,STRENGTH
முன்பின்,BEHIND
புகல்,ENTER
ஏறு,BULL
பல,MANY
பெய்து,PLACING
அரிமாவும்,LION
பரிமாவும்,HORSE
களிறும்,ELEPHANT
கராமும்,MONKEY
பெரு,GREAT
மலை,MOUNTAIN
விடர்,CAVE
அகத்து,INSIDE
ஒருங்கு,TOGETHER
உடன்,TOGETHER
குழீஇ,GATHERING
படு,FALL
மழை,RAIN
ஆடும்,DANCES
வரை,MOUNTAIN
அகம்,INSIDE
போலும்,LIKE
கொடி,FLAG
நறை,FRAGRANCE
சூழ்ந்த,SURROUNDED
தொழூஉ,ENCLOSURE
தொழுவினுள்,ENCLOSURE
புரிபு,ENTERING
புரிபு,ENTERING
புக்க,ENTERED
பொதுவரை,COWHERDS
தெரிபு,SELECTING
தெரிபு,SELECTING
குத்தின,STABBED
ஏறு,BULLS
ஏற்றின்,OF_BULL
அரி,LION
பரிபு,SPREADING
அறுப்பன,CUTTING
சுற்றி,SURROUNDING
எரி,FIRE
திகழ்,SHINE
கணிச்சியோன்,AXE_GOD
சூடிய,WORN
பிறைக்,CRESCENT
கண்,EYE
உருவ,FORM
மாலை,GARLAND
போல,LIKE
குருதிக்,BLOOD
கோட்டொட,TUSK
குடர்,INTESTINE
வலந்தன,TWISTED
கோட்டொட,TUSK
சுற்றி,SURROUNDING
குடர்,INTESTINE
வலந்த,TWISTED
ஏற்றின்,BULL
முன்,FRONT
ஆடி,DANCING
நின்று,STANDING
அக்,THAT
குடர்,INTESTINE
வாங்குவான்,TAKER
பீடு,GLORY
காண்,SEE
செந்,RED
நூல்,THREAD
கழி,STICK
ஒருவன்,ONE_MAN
கைப்பற்ற,GRASPING
அந்,THAT
நூலை,THREAD
முந்,THREE
நூலாக்,THREAD
கொள்வானும்,TAKER
போன்ம்,LIKE
இகுளை,FRIEND
இது,THIS
ஒன்று,ONE
கண்டை,SEE
இது,THIS
ஒத்தன்,SUCH_ONE
கோட்டு,TUSK
இனத்து,GROUP
ஆயர்,COWHERDS
மகன்,SON
அன்றே,IS_HE
மீட்டு,AGAIN
ஒரான்,NOT_TURNING_BACK
போர்,WAR
புகல்,ENTER
ஏற்றுப்,BULL
பிணர்,STRONG
எருத்தில்,NECK
தத்துபு,LEAPING
தார்,GARLAND
போல்,LIKE
தழீஇயவன்,EMBRACED_HE
இகுளை,FRIEND
இது,THIS
ஒன்று,ONE
கண்டை,SEE
இது,THIS
ஒத்தன்,SUCH_ONE
கோ,COW
இனத்து,GROUP
ஆயர்,COWHERDS
மகன்,SON
அன்றே,IS_HE
ஓவான்,WITHOUT_CEASING
மறை,HIDDEN
ஏற்றின்,BULL
மேல்,UPON
இருந்து,SITTING
ஆடித்,DANCING
துறை,FORD
அம்பி,BOAT
ஊர்வான்,RIDER
போல்,LIKE
தோன்றும்,APPEARS
அவன்,HE
தொழீஇ,ENCLOSURE
காற்று,WIND
போல,LIKE
வந்த,COME
கதழ்,SWIFT
விடைக்,BULL
காரியை,BLACK_BULL
ஊற்று,SPRING
களத்தே,FIELD
அடங்க,SUBSIDE
கொண்டு,TAKING
அட்டு,KILLING
அதன்,ITS
மேல்,UPON
தோன்றி,APPEARING
நின்ற,STOOD
பொதுவன்,COWHERD
தகை,NATURE
கண்டை,SEE
ஏற்று,BULL
எருமை,BUFFALO
நெஞ்சம்,HEART
வடிம்பின்,POINT
இடந்து,PIERCING
இட்டு,PLACING
சீற்றமொட,ANGER
ஆர்,DEAR
உயிர,LIFE
கொண்ட,TOOK
ஞான்று,WHEN
இன்னன்,SUCH
கொல்,PERHAPS
கூற்று,DEATH
என,SAY
உட்கிற்று,FEARED
என்,MY
நெஞ்சு,HEART
இகுளை,FRIEND
இது,THIS
ஒன்று,ONE
கண்டை,SEE
இது,THIS
ஒத்தன்,SUCH_ONE
புல்,GRASS
இனத்து,GROUP
ஆயர்,COWHERDS
மகன்,SON
அன்றே,IS_HE
புள்ளி,SPOT
வெறுத்த,ABUNDANT
வய,STRONG
வெள்,WHITE
ஏற்று,BULL
அம்புடை,SIDE
திங்கள்,MOON
மறுப்,SCAR
போல்,LIKE
பொருந்தியவன்,JOINED_HE
ஓவா,UNCEASING
வேகமோட,SPEED
உருத்து,ANGRY
தன்,HIS
மேல்,UPON
சென்ற,WENT
சேஎச்,RED
செவி,EAR
முதல்,BEGINNING
கொண்டு,TAKING
பெயர்த்து,AGAIN
ஒற்றும்,LEANS
காயாம்,KAYA_FLOWER
பூங்,FLOWER
கண்ணிப்,GARLANDED
பொதுவன்,COWHERD
தகை,NATURE
கண்டை,SEE
மேவார்,ENEMIES
விடுத்தந்த,SENT
கூந்தல்,HAIR
குதிரையை,HORSE
வாய்,MOUTH
பகுத்து,OPENING
இட்டு,PLACING
புடைத்த,STRUCK
ஞான்று,WHEN
இன்னன்,SUCH
கொல்,PERHAPS
மாயோன்,VISHNU
என்று,SAY
உட்கிற்று,FEARED
என்,MY
நெஞ்சு,HEART
ஆங்க,THERE
இரும்,DARK
புலித்,TIGER
தொழுதியும்,GROUP
பெரும்,GREAT
களிற்று,ELEPHANT
இனமும்,GROUP
மாறு,OPPOSITE
மாறு,OPPOSITE
உழக்கியாங்கு,SUFFERED_LIKE
உழக்கி,SUFFERING
பொதுவரும்,COWHERDS
ஏறு,BULLS
கொண்டு,TAKING
ஒருங்கு,TOGETHER
தொழூஉ,ENCLOSURE
விட்டனர்,LEFT
விட்டாங்கே,AS_LEFT
மயில்,PEACOCK
எருத்து,NECK
உறழ்,RESEMBLE
அணி,BEAUTY
மணி,BELL
நிலத்து,GROUND
பிறழ,SHINE
பயில்,ABUNDANT
இதழ்,PETAL
மலர்,FLOWER
உண்கண்,BEAUTIFUL_EYE
மாதர்,WOMEN
மகளிரும்,GIRLS
மைந்தரும்,YOUNG_MEN
மைந்து,STRENGTH
உற்ற,HAVING
தாது,POLLEN
எரு,DUST
மன்றத்து,COMMONS
அயர்வர்,CELEBRATE
தழூஉ,DANCE
கொல்,KILLING
ஏற்றுக்,BULL
கோடு,TUSK
அஞ்சுவானை,FEARER
மறுமையும்,NEXT_WORLD
புல்லாளே,WONT_EMBRACE
ஆய,COWHERD
மகள்,DAUGHTER
அஞ்சார்,NOT_FEARING
கொலை,MURDER
ஏறு,BULL
கொள்பவர்,TAKERS
அல்லதை,EXCEPT
நெஞ்சு,HEART
இலார்,WITHOUT
தோய்தற்கு,TO_TOUCH
அரிய,DIFFICULT
உயிர,LIFE
துறந்து,LEAVING
நைவாரா,NOT_SUFFERING
ஆய,COWHERD
மகள்,DAUGHTER
தோள்,SHOULDER
வளியா,WIND
அறியா,NOT_KNOWING
உயிர,LIFE
காவல்,PROTECTION
கொண்டு,TAKING
நளிவாய்,CROOKED
மருப்பு,TUSK
அஞ்சும்,FEARS
நெஞ்சினார்,HEARTED_ONES
தோய்தற்கு,TO_TOUCH
எளியவோ,ARE_THEY_EASY
ஆய,COWHERD
மகள்,DAUGHTER
தோள்,SHOULDER
விலை,PRICE
வேண்டார்,NOT_WANTING
எம்,OUR
இனத்து,GROUP
ஆயர்,COWHERDS
மகளிர்,GIRLS
கொலை,MURDER
ஏற்றுக்,BULL
கோட்டு,TUSK
இடை,MIDDLE
தாம்,THEY
வீழ்வார்,LOVERS
மார்பின்,CHEST
முலை,BREAST
இடை,MIDDLE
போல,LIKE
புகின்,IF_ENTER
ஆங்க,THERE
குரவை,KURAVAI_DANCE
தழீஇ,EMBRACING
யாம்,WE
மரபுளி,TRADITION
பாடி,SINGING
தேயா,UNCEASING
விழுப்,GOOD
புகழ்த்,FAME
தெய்வம்,GOD
பரவுதும்,PRAISE
மாசு,SPOT
இல்,WITHOUT
வான்,SKY
முந்நீர்ப்,SEA
பரந்த,SPREAD
தொல்,ANCIENT
நிலம்,EARTH
ஆளும்,RULING
கிழமையொட,OWNERSHIP
புணர்ந்த,JOINED
எம்,OUR
கோ,KING
வாழியர்,MAY_HE_LIVE
இம்,THIS
மலர்,FLOWER
தலை,HEAD
உலகே,WORLD
மலி,FILLED
திரை,WAVE
ஊர்ந்து,RIDING
தன்,HIS
மண்,LAND
கடல்,SEA
வௌவலின்,SEIZING
மெலிவு,WEAKNESS
இன்றி,WITHOUT
மேல்,FORWARD
சென்று,GOING
மேவார்,ENEMIES
நாடு,COUNTRY
இடம்பட,WIDE
புலியொட,TIGER
வில்,BOW
நீக்கி,REMOVING
புகழ்,FAME
பொறித்த,IMPRESSED
கிளர்,RISING
கெண்டை,KENDAI_FISH
வலியினான்,STRENGTH
வணக்கிய,SUBDUED
வாடாச்,UNFADING
சீர்,FAME
தென்னவன்,PANDYAN_KING
தொல்,ANCIENT
இசை,FAME
நட்ட,PLANTED
குடியொட,FAMILY
தோன்றிய,APPEARED
நல்,GOOD
இனத்து,GROUP
ஆயர்,COWHERDS
ஒருங்கு,TOGETHER
தொக்கு,GATHERING
எல்லாரும்,ALL
வான்,SKY
உற,TOUCHING
ஓங்கிய,RAISED
வயங்கு,SHINE
ஒளிர்,GLITTER
பனைக்,PALM
கொடிப்,FLAG
பால்,MILK
நிற,COLOR
வண்ணன்,VISHNU
போல்,LIKE
பழி,BLAME
தீர்ந்த,REMOVED
வெள்ளையும்,WHITE_BULL
பொரு,FIGHT
முரண்,STRENGTH
மேம்பட்ட,EXCELLED
பொலம்,GOLD
புனை,ADORNED
புகழ்,FAME
நேமித்,DISCUS
திரு,LAKSHMI
மறு,SCAR
மார்பன்,CHEST
போல்,LIKE
திறல்,STRENGTH
சான்ற,HAVING
காரியும்,BLACK_BULL
மிக்கு,EXCELLING
ஒளிர்,SHINE
தாழ்,HANGING
சடை,MATTED_HAIR
மேவரும்,APPROACHING
பிறை,CRESCENT
நுதல்,FOREHEAD
முக்கண்ணான்,THREE_EYED_GOD
உருவே,FORM
போல்,LIKE
முரண்,STRENGTH
மிகு,GREAT
குராலும்,WHITE_BULL
மா,GREAT
கடல்,SEA
கலக்குற,CONFUSE
மா,GREAT
கொன்ற,KILLED
மடங்காப்,UNYIELDING
போர்,WAR
வேல்,SPEAR
வல்லான்,SKILLED_ONE
நிறனே,COLOR
போல்,LIKE
வெரு,FEAR
வந்த,FEROCIOUS
சேயும்,RED_BULL
ஆங்கு,THERE
அப்,THOSE
பொரு,FIGHT
வரும்,COMING
பண்பின,QUALITY
அவ்வையும்,THEM
பிறவும்,OTHERS
உருவப்,FORMS
பல்,MANY
கொண்மூக்,CLOUDS
குழீஇயவை,GATHERED
போல,LIKE
புரிபு,ENTERING
புரிபு,ENTERING
புகுத்தனர்,INSERTED
தொழூஉ,ENCLOSURE
அவ்,THAT
வழி,WAY
முள்,THORN
எயிற்று,TOOTH
ஏஎர்,BEAUTY
இவளை,HER
பெறும்,OBTAINS
இது,THIS
ஓர்,A
வெள்,WHITE
ஏற்று,BULL
எருத்து,NECK
அடங்குவான்,SUBMITS
ஒள்,BRIGHT
இழை,JEWEL
வாருறு,FLOWING
கூந்தல்,HAIR
துயில்,SLEEP
பெறும்,OBTAINS
வை,SHARP
மருப்பின்,TUSK
காரி,BLACK_BULL
கதன்,STRENGTH
அந்,THAT
சான்,PLACE
கொள்பவன்,TAKER
ஈர்,MOIST
அரி,LION
வெரூஉப்,FEARING
பிணை,FEMALE_DEER
மான்,DEER
நோக்கின்,LOOK
நல்லாள்,GOOD_WOMAN
பெறூஉம்,OBTAINS
இக்,THIS
குரூஉக்,SPOTTED
கண்,EYE
கொலை,MURDER
ஏறு,BULL
கொள்வான்,TAKER
வரிக்,LINE
குழை,EARRING
வேய்,BAMBOO
உறழ்,RESEMBLE
மென்,SOFT
தோள்,SHOULDER
துயில்,SLEEP
பெறும்,OBTAINS
வெந்துப்பின்,STRONG_ANGER
சேஎய்,RED_GOD
சினன்,ANGER
அஞ்சான்,NOT_FEARING
சார்பவன்,JOINING
என்று,SAY
ஆங்கு,THUS
அறைவனர்,SAY
நல்லாரை,GOOD_WOMEN
ஆயர்,COWHERDS
முறையினால்,ORDER
நாள்மீன்,STAR
வாய்,MOUTH
சூழ்ந்த,SURROUNDED
மதி,MOON
போல்,LIKE
மிடை,CROWD
மிசை,UPON
பேணி,LOVING
நிறுத்தார்,PLACED
அணி,BEAUTY
அவ்,THAT
வழி,WAY
பறை,DRUM
எழுந்து,RISING
இசைப்ப,SOUNDING
பல்லவர்,MANY
ஆர்ப்ப,SHOUTING
குறையா,NOT_DECREASING
மைந்தர்,YOUNG_MEN
கோள்,TAKING
எதிர்,OPPOSITE
எடுத்த,RAISED
நறை,FRAGRANCE
வலம்,RIGHT
செய,DO
விடா,NOT_LEAVING
இறுத்தன,STAYED
ஏறு,BULLS
அவ்,THAT
ஏற்றின்,OF_BULLS
மேல்,ABOVE
நிலை,POSITION
மிகல்,PRIDE
இகலின்,ANGER
மிடை,CROWD
கழிபு,EXCESS
இழிபு,FALLING
மேல்,FORWARD
சென்று,GOING
வேல்,SPEAR
நுதி,POINT
புரை,LIKE
விறல்,STRENGTH
திறன்,WAY
நுதி,POINT
மருப்பின்,TUSK
மாறு,OPPOSITE
அஞ்சான்,NOT_FEARING
பால்,MILK
நிற,COLOR
வெள்ளை,WHITE_BULL
எருத்தத்து,NECK
பாய்ந்தானை,SPRANG_HE
நோனாது,NOT_BEARING
குத்தும்,GORES
இளம்,YOUNG
காரித்,BLACK_BULL
தோற்றம்,SIGHT
காண்,SEE
பால்,MILK
மதி,MOON
சேர்ந்த,JOINED
அரவினை,SNAKE
கோள்,TAKING
விடுக்கும்,RELEASES
நீல்,BLUE
நிற,COLOR
வண்ணனும்,VISHNU
போன்ம்,LIKE
இரிபு,SCATTERING
எழுபு,RISING
அதிர்பு,THUNDERING
அதிர்பு,THUNDERING
இகந்து,CROSSING
உடன்,TOGETHER
பலர்,MANY
நீங்க,LEAVE
அரிபு,BREAKING
அரிபு,BREAKING
இறுபு,DYING
இறுபு,DYING
குடர்,INTESTINE
சோர,POURING
குத்தித்,STABBING
தன்,HIS
கோடு,TUSK
அழிய,DESTROY
கொண்டானை,TOOK_HIM
ஆட்டி,SHAKING
திரிபு,WANDERING
உழக்கும்,SUFFERS
வாடில்,WITHOUT_WITHERING
வெகுளி,ANGER
எழில்,BEAUTY
ஏறு,BULL
கண்டை,SEE
இது,THIS
ஒன்று,ONE
வெரு,FEAR
வரு,COMING
தூமம்,SMOKE
எடுப்ப,RISING
வெகுண்டு,ANGRY
திரிதரும்,WANDERS
கொல்,KILLING
களிறும்,ELEPHANT
போன்ம்,LIKE
தாள்,LEG
எழு,RISE
துணி,PIECE
பிணி,SICKNESS
இசை,FAME
தவிர்பு,STOPPING
இன்றி,WITHOUT
தலைச்,HEAD
சென்று,GOING
தோள்,SHOULDER
வலி,STRENGTH
துணி,PIECE
பிணி,SICKNESS
துறந்து,LEAVING
இறந்து,CROSSING
எய்தி,REACHING
மெய்,BODY
சாய்ந்து,LEANING
கோள்,TAKING
வழுக்கி,SLIPPING
தன்,HIS
முன்னர்,FRONT
வீழ்ந்தான்,FELL_HE
மேல்,UPON
செல்லாது,NOT_GOING
மீளும்,RETURNS
புகர்,SPOT
ஏற்றுத்,BULL
தோற்றம்,SIGHT
காண்,SEE
மண்டு,BATTLE
அமருள்,WAR
வாள்,SWORD
அகப்பட்டானை,CAUGHT_HE
ஒவ்வான்,NOT_EQUAL
என,SAY
பெயரும்,TURNS
மீளி,STRONG
மறவனும்,WARRIOR
போன்ம்,LIKE
ஆங்க,THERE
செறுத்து,KILLING
அறுத்து,CUTTING
உழக்கி,SUFFERING
ஏற்று,BULL
எதிர்,OPPOSITE
நிற்ப,STANDING
மறுத்து,REFUSING
மறுத்து,REFUSING
மைந்தர்,YOUNG_MEN
சார,APPROACH
தடி,STICK
குறை,PIECE
இறுபு,DYING
இறுபு,DYING
தாயின,BECAME
கிடப்ப,LYING
இடி,THUNDER
உறழ்,RESEMBLE
இசையின்,SOUND
இயம்,DRUM
எழுந்து,RISING
ஆர்ப்ப,SOUNDING
பாடு,SONG
ஏற்றுக்,RECEIVING
கொள்பவர்,TAKERS
பாய்ந்து,SPRINGING
மேல்,ABOVE
ஊர்பவர்,RIDERS
கோடு,TUSK
இடை,MIDDLE
நுழைபவர்,ENTERERS
கோள்,TAKING
சாற்றுபவரொட,ANNOUNCERS
புரிபு,ENTERING
மேல்,ABOVE
சென்ற,WENT
நூற்றுவர்,HUNDRED_PEOPLE
மடங்க,TURN
வரி,LINE
புனை,ADORNED
வல்,STRONG
வில்,BOW
ஐவர்,FIVE
அட்ட,KILLED
பொரு,FIGHT
களம்,FIELD
போலும்,LIKE
தொழூஉ,ENCLOSURE
தொழுவினுள்,ENCLOSURE
கொண்ட,TAKEN
ஏறு,BULLS
எல்லாம்,ALL
புலம்,FIELD
புக,ENTER
தண்டாச்,UNCEASING
சீர்,FAME
வாங்கு,ATTRACTIVE
எழில்,BEAUTY
நல்லாரும்,GOOD_WOMEN
மைந்தரும்,YOUNG_MEN
மல்லல்,PROSPEROUS
ஊர்,VILLAGE
ஆங்கண்,THERE
அயர்வர்,CELEBRATE
தழூஉ,DANCE
பாடுகம்,LET_US_SING
வம்மின்,COME
பொதுவன்,COWHERD
கொலை,MURDER
ஏற்றுக்,BULL
கோடு,TUSK
குறி,SIGN
செய்த,MADE
மார்பு,CHEST
நெற்றிச்,FOREHEAD
சிவலை,REDDISH_ONE
நிறை,FULLNESS
அழித்தான்,DESTROYED_HE
நீள்,LONG
மார்பில்,CHEST
செற்றார்,ENEMIES
கண்,EYE
சாய,LEAN
யான்,I
சாராது,WITHOUT_JOINING
அமைகல்லேன்,I_CANNOT_BE
பெற்றத்தார்,COWHERDS
கவ்வை,GOSSIP
எடுப்ப,RAISE
அது,THAT
பெரிது,GREATLY
உற்றீயாள்,NOT_GIVING
ஆயர்,COWHERD
மகள்,DAUGHTER
தொழீஈ,ENCLOSURE
ஒருக்கு,ALONE
நாம்,WE
ஆடும்,DANCE
குரவையுள்,KURAVAI_DANCE
நம்மை,US
அருக்கினான்,SUN
போல்,LIKE
நோக்கி,LOOKING
அல்லல்,DISTRESS
நோய்,SICKNESS
செய்தல்,DOING
குரூஉக்,SPOTTED
கண்,EYE
கொலை,MURDER
ஏறு,BULL
கொண்டேன்,I_TOOK
யான்,I
என்னும்,SAYS
தருக்கு,PRIDE
அன்றோ,IS_IT_NOT
ஆயர்,COWHERD
மகன்,SON
நேர்,STRAIGHT
இழாய்,JEWEL
கோள்,TAKING
அரிது,DIFFICULT
ஆக,BEING
நிறுத்த,PLACED
கொலை,MURDER
ஏற்றுக்,BULL
காரி,BLACK_BULL
கதன்,STRENGTH
அஞ்சான்,NOT_FEARING
பாய்ந்த,SPRANG
பொதுவற்கே,COWHERD
ஆர்வுற்று,DESIRING
எமர்,OUR_PEOPLE
கொடை,GIFT
நேர்ந்தார்,AGREED
அலர்,GOSSIP
எடுத்த,RAISED
ஊராரை,VILLAGERS
உச்சி,HEAD
மிதித்து,STEPPING
ஆங்க,THERE
தொல்,ANCIENT
கதிர,RAY
திகிரியான்,DISCUS_GOD
பரவுதும்,PRAISE
ஒல்கா,NOT_LEANING
உரும்,THUNDER
உறழ்,RESEMBLE
முரசின்,DRUM
தென்னவற்கு,PANDYAN_KING
ஒரு,ONE
மொழி,WORD
கொள்க,MAY_IT_TAKE
இவ்,THIS
உலகு,WORLD
உடன்,TOGETHER
எனவே,THUS
அரைசு,KING
பட,BEING_PLACED
கடந்து,CROSSING
அட்டு,KILLING
ஆற்றின்,WAY
தந்த,BROUGHT
முரைசு,DRUM
கெழு,ABOUNDING
முது,OLD
குடி,FAMILY
முரண்,STRENGTH
மிகு,GREAT
செல்வற்கு,FOR_THE_RICH
சீர்,FAME
மிகு,GREAT
சிறப்பினோன்,GLORIOUS_ONE
தொல்,ANCIENT
குடிக்கு,FAMILY
உரித்து,PROPER
என,SAY
பார்,EARTH
வளர்,GROWING
முத்தமொட,PEARL
படு,FALLING
கடல்,SEA
பயந்த,PRODUCED
ஆர்,DEAR
கலி,NOISE
உவகையர்,JOYFUL_ONES
ஒருங்கு,TOGETHER
உடன்,TOGETHER
கூடித்,GATHERING
தீது,EVIL
இன்று,WITHOUT
பொலிக,FLOURISH
என,SAY
தெய்வக்,GOD
கடி,GUARD
அயர்மார்,TO_CELEBRATE
வீவு,DESTRUCTION
இல்,WITHOUT
குடிப்,FAMILY
பின்,BEHIND
இரும்,GREAT
குடி,FAMILY
ஆயரும்,COWHERDS
தா,FAULT
இல்,WITHOUT
உள்ளமொட,HEART
துவன்றி,ABUNDANT
ஆய்பு,SELECTING
உடன்,TOGETHER
வள்,BEAUTIFUL
உருள்,ROUND
நேமியான்,DISCUS_GOD
வாய்,MOUTH
வைத்த,PLACED
வளை,BRACELET
போல்,LIKE
தெள்ளிதின்,CLEARLY
விளங்கும்,SHINES
சுரி,CURL
நெற்றக்,FOREHEAD
காரியும்,BLACK_BULL
ஒரு,ONE
குழையவன்,EARRING_WEARER
மார்பில்,CHEST
ஒள்,BRIGHT
தார்,GARLAND
போல்,LIKE
ஒளி,LIGHT
மிக,GREAT
பொரு,FIGHT
அற,WITHOUT
பொருந்திய,JOINED
செம்,RED
மறு,SCAR
வெள்ளையும்,WHITE_BULL
பெரும்,GREAT
பெயர்,NAME
கணிச்சியோன்,AXE_GOD
மணி,BELL
மிடற்று,NECK
அணி,BEAUTY
போல்,LIKE
இரும்,GREAT
பிணர்,STRONG
எருத்தின்,NECK
ஏந்து,RAISED
இமில்,SHOULDER
குராலும்,WHITE_BULL
அணங்கு,GODDESS
உடை,HAVING
வச்சிரத்தோன்,THUNDERBOLT_GOD
ஆயிரம்,THOUSAND
கண்,EYE
ஏய்க்கும்,RESEMBLES
கணம்,GROUP
கொள்,HAVING
பல்,MANY
பொறிக்,SPOTS
கடும்,SEVERE
சினப்,ANGER
புகரும்,SPOTTED_BULL
வேல்,SPEAR
வலான்,STRONG_ONE
உடைத்,GARMENT
தாழ்ந்த,HANGING
விளங்கு,SHINE
வெண்,WHITE
துகில்,CLOTH
ஏய்ப்ப,RESEMBLING
வாலிது,WHITE
கிளர்ந்த,RISEN
வெண்,WHITE
கால்,LEG
சேயுஉம்,RED_BULL
கால,SEASON
முன்பின்,BEHIND
பிறவும்,OTHERS
சால,GREATLY
மடங்கலும்,BUFFALO
கணிச்சியும்,AXE
காலனும்,DEATH_GOD
கூற்றும்,DEATH
தொடர்ந்து,FOLLOWING
செல்,GO
அமையத்து,TIME
துவன்று,ABUNDANT
உயிர,LIFE
உணீஇய,EATING
உடங்கு,TOGETHER
கொட்பன,LOOSENING
போல்,LIKE
புகுத்தனர்,INSERTED
தொழூஉ,ENCLOSURE
அவ்,THAT
வழி,WAY
கார்,RAIN
எதிர்,OPPOSITE
கலி,NOISE
ஒலி,SOUND
கடி,FRAGRANT
இடி,THUNDER
உருமின்,THUNDER
இயம்,DRUM
கறங்க,SOUND
ஊர்பு,RIDING
எழு,RISING
கிளர்பு,RISING
உளர்,THERE_ARE
புயல்,CLOUD
மங்குலின்,CLOUD
நறை,FRAGRANCE
பொங்க,RISE
நேர்,STRAIGHT
இதழ்,PETAL
நிரை,LINE
நிரை,LINE
நெறி,WAY
வெற,DIFFERENT
கோதையர்,GARLANDED_WOMEN
அணி,BEAUTY
நிற்ப,STANDING
சீர்,FAME
கெழு,ABOUNDING
சிலை,BOW
நிலை,STATE
செயிர்,ANGER
இகல்,BATTLE
மிகுதியின்,GREATNESS
சினப்,ANGER
பொதுவர்,COWHERDS
தூர்பு,DRIVING
எழு,RISE
துதை,CLINGING
புதை,COVERING
துகள்,DUST
விசும்பு,SKY
உற,TOUCHING
எய்த,REACHING
ஆர்பு,SHOUTING
உடன்,TOGETHER
பாய்ந்தார்,SPRANG
அகத்து,INSIDE
மருப்பில்,TUSK
கொண்டும்,TAKING
மார்பு,CHEST
உற,TOUCHING
தழீஇயும்,EMBRACING
எருத்து,NECK
இடை,MIDDLE
அடங்கியும்,SUBMERGING
இமில்,SHOULDER
இற,DEATH
புல்லியும்,EMBRACING
தோள்,SHOULDER
இடை,MIDDLE
புகுதந்தும்,ENTERING
துதைந்து,CLINGING
பாடு,SONG
ஏற்றும்,RECEIVING
நிரைபு,ARRANGING
மேல்,ABOVE
சென்றாரை,THOSE_WHO_WENT
நீள்,LONG
மருப்பு,TUSK
உற,TOUCHING
சாடிக்,STRIKING
கொள,TAKE
இடம்,PLACE
கொள,TAKE
விடா,NOT_LEAVING
நிறுத்தன,PLACED
ஏறு,BULLS
கொள்வாரை,TAKERS
கொள்வாரை,TAKERS
கோட்டு,TUSK
வாய்,MOUTH
சாக்,DEATH
குத்திக்,STABBING
கொள்வார்,TAKERS
பெறாஅ,NOT_OBTAINING
குரூஉச்,SPOTTED
செகில்,SKIN
காணிகா,SEE
செயிரின்,ANGER
குறை,FAULT
நாளால்,DAY
பின்,AFTER
சென்று,GOING
சாடி,STRIKING
உயிர,LIFE
உண்ணும்,EATS
கூற்றமும்,DEATH
போன்ம்,LIKE
பாடு,SONG
ஏற்றவரை,RECEIVERS
பட,FALL
குத்திச்,STABBING
செங்,RED
காரிக்,BLACK_BULL
கோடு,TUSK
எழுந்து,RISING
ஆடும்,DANCES
கண,GROUP
மணி,BELL
காணிகா,SEE
நகை,SMILE
சால்,ABOUNDING
அவிழ்,BLOOM
பதம்,PLACE
நோக்கி,LOOKING
நறவின்,HONEY
முகை,BUD
சூழும்,SURROUNDS
தும்பியும்,BEE
போன்ம்,LIKE
இடை,MIDDLE
பாய்ந்து,SPRINGING
எருத்தத்துக்,NECK
கொண்டானோட,TAKER
எய்தி,REACHING
மிடை,CROWD
பாயும்,SPRINGS
வெள்,WHITE
ஏறு,BULL
கண்டைகா,SEE
வாள்,SWORD
பொரு,FIGHT
வானத்து,SKY
அரவின்,SNAKE
வாய்,MOUTH
கோட்பட்டு,CAUGHT
போதரும்,COMES
பால்,MILK
மதியும்,MOON
போன்ம்,LIKE
ஆங்க,THERE
ஏறும்,BULLS
பொதுவரும்,COWHERDS
மாற்று,OPPOSITE
மாறா,UNCHANGING
இரு,TWO
பெரு,GREAT
வேந்தரும்,KINGS
இகலி,ANGRY
கண்ணுற்ற,EYED
பொரு,FIGHT
களம்,FIELD
போலும்,LIKE
தொழூஉ,ENCLOSURE
வெல்,VICTORY
புகழ்,FAME
உயர்நிலை,HIGH_PLACE
தொல்,ANCIENT
இயல்,NATURE
துதை,CLINGING
புதை,COVERING
துளங்கு,SWAYING
இமில்,SHOULDER
நல்,GOOD
ஏறு,BULL
கொண்ட,TOOK
பொதுவன்,COWHERD
முகன்,FACE
நோக்கி,LOOKING
பாடு,SONG
இல,WITHOUT
ஆய,COWHERD
மகள்,DAUGHTER
கண்,EYE
நறு,FRAGRANT
நுதால்,FOREHEAD
என்,WHAT
கொல்,PERHAPS
ஐங்கூந்தல்,FIVE_HAIR
உளர,MAKING_WET
சிறு,SMALL
முல்லை,JASMINE
நாறியதற்கு,SMELLED
குறு,SMALL
மறுகி,CONFUSED
ஒல்லாது,NOT_POSSIBLE
உடன்று,ANGRY
எமர்,OUR_PEOPLE
செய்தார்,DID
அவன்,HE
கொண்ட,TOOK
கொல்,KILLING
ஏறு,BULL
போலும்,LIKE
கதம்,ANGER
நெட்டு,LONG
இரும்,DARK
கூந்தலாய்,HAIR
கண்டை,SEE
இது,THIS
ஓர்,A
சொல்,WORD
கோட்டு,TUSK
இனத்து,GROUP
ஆயர்,COWHERDS
மகனொட,SON
யாம்,WE
பட்டதற்கு,HAPPENED
எம்,OUR
கண்,EYE
எமரோ,OUR_PEOPLE
பொறுப்பர்,WILL_BEAR
பொறாதார்,THOSE_WHO_WONT_BEAR
தம்,THEIR
கண்,EYE
பொடிவது,DUST
எவன்,WHAT
ஒள்,BRIGHT
நுதால்,FOREHEAD
இன்ன,SUCH
உவகை,JOY
பிறிது,OTHER
யாது,WHAT
யாய்,MOTHER
என்னை,ME
கண்,EYE
உடைக்,HAVING
கோலள்,CRUEL_SHE
அலைத்ததற்கு,TROUBLED
என்னை,ME
மலர்,FLOWER
அணி,BEAUTY
கண்ணிப்,GARLANDED
பொதுவனோட,COWHERD
எண்ணி,THINKING
அலர்,GOSSIP
செய்துவிட்டது,MADE
இவ்,THIS
ஊர்,VILLAGE
ஒன்றி,UNITING
புகர்,SPOT
இனத்து,GROUP
ஆய,COWHERD
மகற்கு,SON
ஒள்,BRIGHT
இழாய்,JEWEL
இன்று,TODAY
எவன்,WHY
என்னை,ME
எமர்,OUR_PEOPLE
கொடுப்பது,GIVE
அன்று,THAT_DAY
அவன்,HE
மிக்கு,EXCELLING
தன்,HIS
மேல்,UPON
சென்ற,WENT
செங்,RED
காரிக்,BLACK_BULL
கோட்டு,TUSK
இடை,MIDDLE
புக்கக்கால்,WHEN_ENTERED
புக்கது,ENTERED
என்,MY
நெஞ்சு,HEART
என,SAY
பாடு,SONG
இமிழ்,SOUNDING
பரப்பு,EXPANSE
அகத்து,INSIDE
அரவணை,SERPENT_COUCH
அசைஇய,RESTING
ஆடு,DANCE
கொள்,HAVING
நேமியான்,DISCUS_GOD
பரவுதும்,PRAISE
நாடு,COUNTRY
கொண்டு,TAKING
இன்,SWEET
இசை,FAME
முரசின்,DRUM
பொருப்பன்,MOUNTAIN_KING
மன்னி,BEING
அமை,CALM
வரல்,COMING
அருவி,WATERFALL
ஆர்க்கும்,SOUNDS
இமையத்து,MOUNTAIN
உம்பர்,GODS
உம்,ALSO
விளங்குக,MAY_IT_SHINE
எனவே,THUS
கழுவொட,STAKE
சுடு,BURNT
படை,WEAPON
சுருக்கிய,SHORTENED
தோல்,SKIN
கண்,EYE
இமிழ்,SOUNDING
இசை,FAME
மண்டை,SKULL
உறியொட,POT
தூக்கி,HANGING
ஒழுகிய,FLOWING
கொன்றைத்,KONRAI_FLOWER
தீம்,SWEET
குழல்,FLUTE
முரற்சியர்,SOUNDERS
வழூஉ,FALSE
சொல்,WORD
கோவலர்,COWHERDS
தம்,THEIR
தம்,THEIR
இன,GROUP
நிரை,HERD
பொழுதொட,TIME
தோன்றிய,APPEARED
கார்,RAIN
நனை,BLOSSOM
வியன்,BROAD
புலத்தார்,FIELD
அவ்,THAT
வழி,WAY
நீறு,ASH
எடுப்பவை,RAISING
நிலம்,GROUND
சாடுபவை,STRIKING
மாறு,OPPOSITE
ஏற்றுச்,BULL
சிலைப்பவை,SOUNDING
மண்டி,RUSHING
பாய்பவையாய்,SPRINGING
துளங்கு,SWAYING
இமில்,SHOULDER
நல்,GOOD
ஏற்று,BULL
இனம்,GROUP
பல,MANY
களம்,FIELD
புகும்,ENTERS
மள்ளர்,WARRIORS
வனப்பு,BEAUTY
ஒத்தன,RESEMBLED
தாக்குபு,ATTACKING
தம்,THEIR
உள்,INSIDE
பெயர்த்து,AGAIN
ஒற்றி,LEANING
எவ்,ALL
வாயும்,SIDE
வை,SHARP
வாய்,MOUTH
மருப்பினால்,TUSK
மாறாது,UNCHANGING
குத்தலின்,STABBING
மெய்,BODY
வார்,FLOWING
குருதிய,BLOOD
ஏறு,BULLS
எல்லாம்,ALL
பெய்,RAIN
காலைக்,TIME
கொண்டல்,CLOUD
நிரை,LINE
ஒத்தன,RESEMBLED
அவ்,THAT
ஏற்றை,BULLS
பிரிவு,SEPARATION
கொண்டு,TAKING
இடை,MIDDLE
போக்கி,DRIVING
இனத்தோட,HERD
புனத்து,FIELD
ஏற்றி,PLACING
இரு,TWO
திறனா,WAYS
நீக்கும்,REMOVES
பொதுவர்,COWHERDS
உரு,FORM
கெழு,ABOUNDING
மா,GREAT
நிலம்,EARTH
இயற்றுவான்,MAKER
விரி,SPREAD
திரை,WAVE
நீக்குவான்,REMOVER
வியன்,BROAD
குறிப்பு,INTENTION
ஒத்தனர்,RESEMBLED
அவரை,THEM
கழல,ANKLET
உழக்கி,STIRRING
எதிர்,OPPOSITE
சென்று,GOING
சாடி,STRIKING
அழல்,FIRE
வாய்,MOUTH
மருப்பினால்,TUSK
குத்தி,STABBING
உழலை,DRY_TREE
மரத்தை,TREE
போல்,LIKE
தொட்டன,TOUCHED
ஏறு,BULLS
தொட்ட,TOUCHED
தம்,THEIR
புண்,WOUND
வார்,FLOWING
குருதியால்,BLOOD
கை,HAND
பிசைந்து,KNEADING
மெய்,BODY
திமிரித்,FILLING
தங்கார்,NOT_STAYING
பொதுவர்,COWHERDS
கடலுள்,SEA
பரதவர்,FISHERMEN
அம்பி,BOAT
ஊர்ந்தாங்கு,RIDDEN_LIKE
ஊர்ந்தார்,RIDDEN
ஏறு,BULLS
ஏறு,BULLS
தம்,THEIR
கோலம்,BEAUTY
செய்,DOING
மருப்பினால்,TUSK
தோண்டிய,DUG
வரிக்,LINE
குடர்,INTESTINE
ஞாலம்,EARTH
கொண்டு,TAKING
எழூஉம்,RISES
பருந்தின்,VULTURE
வாய்,MOUTH
வழீஇ,LEAVING
ஆலும்,BANYAN
கடம்பும்,KADAMBA_TREE
அணிமார்,TO_ADORN
விலங்கிட்ட,OBSTRUCTED
மாலை,GARLAND
போல்,LIKE
தூங்கும்,HANGS
சினை,BRANCH
ஆங்க,THERE
தம்,THEIR
புல,FIELD
ஏறு,BULL
பரத்தர,SPREAD
உய்த்த,DRIVEN
தம்,THEIR
அன்பு,AFFECTION
உறு,HAVING
காதலர்,LOVERS
கை,HAND
பிணைந்து,JOINING
ஆய்ச்சியர்,COWHERD_WOMEN
இன்புற்று,ENJOYING
அயர்வர்,CELEBRATE
தழூஉ,DANCE
முயங்கிப்,EMBRACING
பொதிவேம்,WE_WILL_EMBRACE
முயங்கிப்,EMBRACING
பொதிவேம்,WE_WILL_EMBRACE
முலை,BREAST
வேதின்,LOVE
ஒற்றி,LEANING
முயங்கிப்,EMBRACING
பொதிவேம்,WE_WILL_EMBRACE
கொலை,MURDER
ஏறு,BULL
சாடிய,STRUCK
புண்ணை,WOUND
எம்,OUR
கேளே,RELATIVE
பல்,MANY
ஊழ்,TIME
தயிர்,CURD
கடைய,CHURN
தாஅய,SPREAD
புள்ளி,SPOT
மேல்,UPON
கொல்,KILLING
ஏறு,BULL
கொண்டான்,TAKER
குருதி,BLOOD
மயக்குற,CONFUSE
புல்லல்,EMBRACE
எம்,OUR
தோளிற்கு,SHOULDER
அணியோ,ORNAMENT
எம்,OUR
கேளே,RELATIVE
ஆங்க,THERE
போர்,WAR
ஏற்று,BULL
அரும்,DIFFICULT
தலை,HEAD
அஞ்சலும்,FEAR
ஆய்ச்சியர்,COWHERD_WOMEN
காரிகை,BEAUTY
தோள்,SHOULDER
காமுறுதலும்,DESIRE
இவ்,THESE
இரண்டும்,TWO
ஓராங்கு,TOGETHER
சேறல்,GOING
இலவோ,NOT
எம்,OUR
கேளே,RELATIVE
கொல்,KILLING
ஏறு,BULL
கொண்டான்,TAKER
இவள்,HER
கேள்வன்,HUSBAND
என்று,SAY
ஊரார்,VILLAGERS
சொல்லும்,SAY
சொல்,WORD
கேளா,HEARING
அளை,BURROW
மாறி,CHANGING
யாம்,WE
வரும்,COME
செல்வம்,WEALTH
எம்,OUR
கேள்வன்,HUSBAND
தருமோ,WILL_HE_GIVE
எம்,OUR
கேளே,RELATIVE
ஆங்க,THERE
அரும்,DIFFICULT
தலை,HEAD
ஏற்றொட,BULL
காதலர்ப்,LOVERS
பேணி,LOVING
சுரும்பு,BEE
இமிர்,HUMMING
கானம்,FOREST
நாம்,WE
பாடினம்,SANG
பரவுதும்,PRAISE
ஏற்றவர்,THOSE_WHO_RECEIVED
புலம்,FIELD
கெட,DESTROY
திறை,TRIBUTE
கொண்டு,TAKING
மாற்றாரை,ENEMIES
கடக்க,TO_CROSS
எம்,OUR
மறம்,VALOR
கெழு,ABOUNDING
கோவே,KING
எல்லா,FRIEND
இது,THIS
ஒன்று,ONE
கூறு,SAY
குறும்பு,MISCHIEF
இவர்,THESE
புல்,GRASS
இனத்தார்க்கும்,GROUP
குடம்,POT
சுட்டவர்க்கும்,FOR_THOSE_WHO_BURNT
எம்,OUR
கொல்,KILLING
ஏறு,BULL
கோடல்,TAKING
குறை,FAULT
என,SAY
கோ,COW
இனத்தார்,GROUP
பல்,MANY
ஏறு,BULLS
பெய்தார்,PLACED
தொழூஉ,ENCLOSURE
தொழுவத்து,ENCLOSURE
சில்லை,SMALL
செவி,EAR
மறைக்,HIDDEN
கொண்டவன்,TOOK_HE
சென்னிக்,HEAD
குவி,HEAPED
முல்லை,JASMINE
கோட்டம்,TEMPLE
காழ்,STEM
கோட்டின்,TUSK
எடுத்துக்கொண்டு,TAKING
ஆட்டிய,SHAKEN
ஏழை,POOR
இரும்,DARK
புகர்,SPOT
பொங்க,RISE
அப்,THAT
பூ,FLOWER
வந்து,COMING
என்,MY
கூழையுள்,HAIR_BUN
வீழ்ந்தன்று,FELL
மன்,INDEED
அதனை,THAT
கெடுத்தது,DESTROYED
பெற்றார்,OBTAINED
போல்,LIKE
கொண்டு,TAKING
யான்,I
முடித்தது,TIED
கேட்டனள்,HEARD_SHE
என்பவோ,IS_IT_SAID
யாய்,MOTHER
கேட்டால்,IF_HEARD
எவன்,WHAT
செய்ய,TO_DO
வேண்டுமோ,IS_IT_NEEDED
மற்று,FURTHER
இகா,NO
அவன்,HE
கண்ணி,GARLAND
அன்றோ,IS_IT_NOT
அது,THAT
பெய்,RAIN
போது,TIME
அறியாத்,NOT_KNOWING
தன்,HER
கூழையுள்,HAIR_BUN
ஏதிலான்,STRANGER
கை,HAND
புனை,ADORNED
கண்ணி,GARLAND
முடித்தாள்,TIED_SHE
என்று,SAY
யாய்,MOTHER
கேட்பின்,IF_HEARS
செய்வது,DOING
இல்,NOT
ஆகுமோ,WILL_IT_BE
மற்று,FURTHER
எல்லாத்,ALL
தவறும்,FAULTS
அறum,REMOVE
ஓஒ,OH
அது,THAT
அறும்,REMOVE
ஆறு,WAY
ஆயர்,COWHERDS
மகன்,SON
ஆயின்,IF
ஆய,COWHERD
மகள்,DAUGHTER
நீ,YOU
ஆயின்,IF
நின்,YOUR
வெய்யன்,FIERCE_ONE
ஆயின்,IF
அவன்,HE
வெய்யை,FIERCE_ONE
நீ,YOU
ஆயின்,IF
அன்னை,MOTHER
நோதக்கதோ,PAINFUL
இல்லை,NOT
மன்,INDEED
நின்,YOUR
நெஞ்சம்,HEART
அன்னை,MOTHER
நெஞ்சு,HEART
ஆக,BEING
பெறின்,IF_OBTAIN
அன்னையோ,ALAS
ஆயர்,COWHERDS
மகனையும்,SON
காதலை,LOVE
கைம்மிக,INCREASE
ஞாயையும்,RELATIVES
அஞ்சுதி,FEAR
ஆயின்,IF
அரிது,DIFFICULT
அரோ,INDEED
நீ,YOU
உற்ற,FELT
நோய்க்கு,SICKNESS
மருந்து,MEDICINE
மருந்து,MEDICINE
இன்று,WITHOUT
யான்,I
உற்ற,FELT
துயர்,SORROW
ஆயின்,IF
எல்லா,FRIEND
வருந்துவேன்,I_WILL_SUFFER
அல்லனோ,NOT
யான்,I
வருந்தாதி,DONT_SUFFER
மண்ணி,SOIL
மாசு,SPOT
அற்ற,REMOVED
நின்,YOUR
கூழையுள்,HAIR_BUN
ஏறு,BULL
அவன்,HE
கண்ணி,GARLAND
தந்திட்டது,GAVE
என,SAY
கேட்டுத்,HEARING
திண்ணிதாத்,FIRMLY
தெய்வ,GOD
மால்,VISHNU
காட்டிற்று,SHOWED
இவட்கு,FOR_HER
என,SAY
நின்னை,YOU
அப்,THAT
பொய்,LIE
இல்,WITHOUT
பொதுவற்கு,COWHERD
அடை,SHELTER
சூழ்ந்தார்,PLANNED
தந்தையோட,FATHER
ஐயன்மார்,ELDERS
எல்லாம்,ALL
ஒருங்கு,TOGETHER
இகல்,BATTLE
வேந்தன்,KING
சேனை,ARMY
இறுத்த,STAYED
வாய்,MOUTH
போல,LIKE
அகல்,BROAD
அல்குல்,WAIST
தோள்,SHOULDER
கண்,EYE
என,SAY
மூ,THREE
வழிப்,WAYS
பெருகி,INCREASING
நுதல்,FOREHEAD
அடி,FOOT
நுசுப்பு,WAIST
என,SAY
மூ,THREE
வழி,WAYS
சிறுகிக்,DECREASING
கவலையால்,ANXIETY
காமனும்,KAMA
படை,WEAPON
விடு,RELEASE
வனப்பினோட,BEAUTY
அகல்,BROAD
ஆங்கண்,PLACE
அளை,BURROW
மாறி,CHANGING
அலமந்து,CONFUSED
பெயரும்கால்,WHEN_RETURNING
நகை,SMILE
வல்லேன்,ABLE
யான்,I
என்று,SAY
என்,MY
உயிரோட,LIFE
படை,WEAPON
தொட்ட,TOUCHED
இகலாட்டி,ANGRY_WOMAN
நின்னை,YOU
எவன்,WHAT
பிழைத்தேன்,I_SINNED
எல்லா,FRIEND
யான்,I
அது,THAT
அவலம்,SORROW
அன்று,NOT
மன்,INDEED
ஆயர்,COWHERDS
எமர்,OUR_PEOPLE
ஆனால்,IF
ஆய்த்தியேம்,WE_ARE_COWHERD_WOMEN
யாம்,WE
மிக,GREATLY
காயாம்,KAYA_FLOWER
பூம்,FLOWER
கண்ணிக்,GARLANDED
கரும்,BLACK
துவர்,REDDISH
ஆடையை,GARMENT
மேயும்,GRAZES
நிரை,HERD
முன்னர்க்,FRONT
கோல்,STAFF
ஊன்றி,LEANING
நின்றாய்,STOOD_YOU
ஓர்,A
ஆயனை,COWHERD
அல்லை,NOT
பிறவோ,OTHERS
அமரர்,GODS
உள்,AMONG
ஞாயிற்றுப்,SUN
புத்தேள்,GOD
மகன்,SON
அதனால்,THEREFORE
வாய்வாளேன்,I_CANNOT_SPEAK
முல்லை,JASMINE
முகையும்,BUD
முருந்தும்,MURUNTHA_FLOWER
நிரைத்தன்ன,ARRANGED_LIKE
பல்லும்,TEETH
பணைத்,DRUM
தோளும்,SHOULDER
பேர்,GREAT
அமர்,WAR
உண்கண்ணும்,BEAUTIFUL_EYE
நல்லேன்,I_AM_GOOD
யான்,I
என்று,SAY
நலம்,BEAUTY
தகை,NATURE
நம்பிய,TRUSTED
சொல்லாட்டி,SPEAKER
நின்னொட,WITH_YOU
சொல்,WORD
ஆற்றுகிற்பார்,ABLE_SPEAKERS
யார்,WHO
சொல்லாதி,DONT_SAY
நின்னை,YOU
தகைத்தனென்,I_ATTRACTED
அல்லல்,DISTRESS
காண்மன்,SEE
மண்டாத,NOT_RUSHING
கூறி,SAYING
மழ,SOFT
குழக்கு,CHILD
ஆகின்றே,BECOMING
கண்ட,SAW
பொழுதே,TIME
கடவரை,GODS
போல்,LIKE
நீ,YOU
பண்டம்,GOODS
வினாய,ASKED
படிற்றால்,FALSEHOOD
தொடீஇய,BRACELET
நின்,YOUR
கொண்டது,TOOK
எவன்,WHAT
எல்லா,FRIEND
யான்,I
கொண்டது,TOOK
அளை,BURROW
மாறி,CHANGING
பெயர்,NAME
தருவாய்,GIVING
அறிதியோ,DO_YOU_KNOW
அஞ்ஞான்று,THAT_DAY
தளவ,TALAVA_FLOWER
மலர்,FLOWER
ததைந்தது,THICK
ஓர்,A
கானச்,FOREST
சிற்றாற்று,STREAM
அயல்,SIDE
இள,YOUNG
மாங்காய்,MANGO_FRUIT
போழ்ந்தன்ன,CUT_LIKE
கண்ணினா,EYE
என்,MY
நெஞ்சம்,HEART
களமாக்,FIELD
கொண்டு,TAKING
ஆண்டாய்,RULED_YOU
ஓர்,A
கள்வியை,THIEF_WOMAN
அல்லையோ,IS_IT_NOT
நின்,YOUR
நெஞ்சம்,HEART
களமாக்,FIELD
கொண்டு,TAKING
யாம்,WE
ஆளல்,RULING
எமக்கு,FOR_US
எவன்,WHAT
எளிது,EASY
ஆகும்,WILL_BE
புனத்து,FIELD
உளான்,INSIDE
என்னைக்கு,FOR_ME
புகா,ENTER
உய்த்து,DRIVING
கொடுப்பதோ,WILL_HE_GIVE
இனத்து,GROUP
உளான்,INSIDE
எந்தைக்கு,MY_FATHER
கலத்தொட,VESSEL
செல்வதோ,WILL_HE_GO
தினைக்,MILLET
காலுள்,FIELD
யாய்,MOTHER
விட்ட,LEFT
கன்று,CALF
மேய்க்கிற்பதோ,WILL_IT_GRAZE
அனைத்து,THAT_MUCH
ஆக,BEING
வெண்ணெய்த்,BUTTER
தெழி,CHURNING
கேட்கும்,HEARS
அண்மையால்,PROXIMITY
சேய்த்து,FAR
அன்றி,NOT
அண்ண,NEAR
அணித்து,CLOSE
ஊர்,VILLAGE
ஆயின்,IF
நன்பகல்,NOON
போழ்து,TIME
ஆயின்,IF
கண்,EYE
நோக்கு,LOOK
ஒழிக்கும்,REMOVES
கவின்,BEAUTY
பெறு,OBTAINING
பெண்,WOMAN
நீர்மை,NATURE
மயில்,PEACOCK
எருத்து,NECK
வண்ணத்து,COLOR
மாயோய்,DECEPTIVE_ONE
மற்று,FURTHER
இன்ன,SUCH
வெயிலொட,SUN
எவன்,WHY
விரைந்து,QUICKLY
சேறி,GO
உது,THIS
காண்,SEE
பிடி,FEMALE_ELEPHANT
துஞ்சு,SLEEPS
அன்ன,LIKE
அறை,CAVE
மேல,UPON
நுங்கின்,PALM_TREE
தடி,STEM
கண்,EYE
புரையும்,RESEMBLES
குறும்,SMALL
சுனை,POND
ஆடி,BATHING
பனிப்,DEW
பூம்,FLOWER
தளவொட,TALAVA_FLOWER
முல்லை,JASMINE
பறித்துப,PICKING
தனிக்,ALONE
காயாம்,KAYA_FLOWER
தண்,COOL
பொழில்,GROVE
எம்மொட,WITH_US
வைகி,STAYING
பனிப்,DEW
பட,TOUCH
செல்வாய்,YOU_WILL_GO
நும்,YOUR
ஊர்க்கு,VILLAGE
இனிச்,NOW
செல்வேம்,WE_WILL_GO
யாம்,WE
மா,ANIMAL
மருண்டன்ன,CONFUSED_LIKE
மழைக்,RAIN
கண்,EYE
சிற்றாய்த்தியர்,COWHERD_WOMEN
நீ,YOU
மருட்டும்,CONFUSES
சொல்க்,WORD
கண்,IN
மருள்வார்க்கு,FOR_CONFUSED_ONES
உரை,SPEAK
அவை,THEY
ஆ,COW
முனியா,NOT_AVOIDING
ஏறு,BULL
போல்,LIKE
வைகல்,DAY
பதின்மரை,TEN_PEOPLE
காமுற்று,DESIRING
செல்வாய்,YOU_WILL_GO
ஓர்,A
கண்,EYE
குத்தி,STABBING
கள்வனை,THIEF
நீ,YOU
எவன்,WHY
செய்தி,WILL_DO
பிறர்க்கு,FOR_OTHERS
யாம்,WE
எவன்,WHY
செய்தும்,DID
நினக்கு,FOR_YOU
கொலை,MURDER
உண்கண்,BEAUTIFUL_EYE
கூர்,SHARP
எயிற்று,TOOTH
கொய்,PICKED
தளிர்,TENDER_LEAF
மேனி,BODY
இனை,SUCH
வனப்பின்,BEAUTY
மாயோய்,DECEPTIVE_ONE
நின்னின்,THAN_YOU
சிறந்தார்,SUPERIOR_ONES
நில,EARTH
உலகத்து,WORLD
இன்மை,ABSENCE
தெளி,UNDERSTAND
நீ,YOU
வருதி,COME
மலையொட,MOUNTAIN
மார்பு,CHEST
அமைந்த,COMPOSED
செல்வன்,RICH_MAN
அடியை,FOOT
தலையினால்,HEAD
தொட்டு,TOUCHING
உற்றேன்,I_FELT
சூள்,VOW
ஆங்க,THERE
உணரார்,NOT_KNOWING
நேர்ப,WILL_AGREE
அது,THAT
பொய்ப்பாய்,YOU_WILL_FALSIFY
நீ,YOU
ஆயின்,IF
தேம்,HONEY
கொள்,HAVING
பொருப்பன்,MOUNTAIN_KING
சிறுகுடி,SMALL_VILLAGE
எம்,OUR
ஆயர்,COWHERDS
வேந்து,KING
ஊட்டு,FEED
அரவத்து,SOUND
நின்,YOUR
பெண்டிர்,WOMEN
காணாமை,NOT_SEEING
காஞ்சித்,KANCI_TREE
தாது,POLLEN
உக்கன்ன,FALLEN_LIKE
தாது,POLLEN
எரு,DUST
மன்றத்து,COMMONS
தூங்கும்,HANGS
குரவையுள்,DANCE
நின்,YOUR
பெண்டிர்,WOMEN
கேளாமை,NOT_HEARING
ஆம்பல்,WHITE_LILY
குழலால்,FLUTE
பயிர்,CALL
பயிர்,CALL
எம்,OUR
படப்பை,GARDEN
காஞ்சிக்,KANCI_TREE
கீழ்,UNDER
செய்தேம்,WE_DID
குறி,SIGN
கார்,RAIN
ஆர,FULL
பெய்த,RAINED
கடி,FRAGRANT
கொள்,HAVING
வியன்,BROAD
புலத்துப்,FIELD
பேராது,WITHOUT_LEAVING
சென்று,GOING
பெரும்,GREAT
பதவப்,GRASS
புல்,GRASS
மாந்தி,EATING
நீர்,WATER
ஆர்,FULL
நிழல,SHADE
குடம்,POT
சுட்டு,BURNT
இனத்து,GROUP
உள்ளும்,INSIDE
போர்,WAR
ஆரா,FULL
ஏற்றின்,BULL
பொரு,FIGHT
நாகு,FEMALE_CALF
இள,YOUNG
பாண்டில்,MALE_CALF
தேர்,CHARIOT
ஊர,RIDING
செம்மாந்தது,PROUD
போல்,LIKE
மதைஇனள்,PROUD_SHE
பேர்,GREAT
ஊரும்,VILLAGE
சிற்றூரும்,SMALL_VILLAGE
கௌவை,GOSSIP
எடுப்பவள்,RAISING_SHE
போல்,LIKE
மோரோட,BUTTERMILK
வந்தாள்,CAME_SHE
தகை,BEAUTY
கண்டை,SEE
யாரோடும்,ANYONE
சொல்லியாள்,SPOKE_SHE
அன்றே,NOT
வனப்பு,BEAUTY
பண்ணித்,MAKING
தமர்,RELATIVES
தந்து,GIVING
ஒரு,ONE
புறம்,SIDE
தைஇய,MADE
கண்ணி,GARLAND
எடுக்கல்லா,UNABLE_TO_LIFT
கோடு,TUSK
ஏந்து,RAISED
அகல்,BROAD
அல்குல்,WAIST
புண்,WOUND
இல்லார்,THOSE_WITHOUT_WOUNDS
புண்,WOUND
ஆக,AS
நோக்கும்,LOOKS
முழு,WHOLE
மெய்யும்,BODY
கண்ணளோ,IS_SHE_EYED
ஆய,COWHERD
மகள்,DAUGHTER
இவள்,SHE
தான்,SHE
திருத்தாச்,NOT_CORRECTING
சுமட்டினள்,CARRYING_ON_HEAD
ஏனைத்,OTHER
தோள்,SHOULDER
வீசி,SWINGING
வரிக்,LINE
கூழ,GRUEL
வட்டி,BOWL
தழீஇ,HOLDING
அரிக்,LION
குழை,EARRING
ஆடல்,DANCING
தகையள்,NATURE
கழுத்தினும்,NECK
வாலிது,WHITE
நுண்ணிதாத்,FINELY
தோன்றும்,APPEARS
நுசுப்பு,WAIST
இடை,WAIST
தெரியா,NOT_CLEAR
ஏஎர்,BEAUTY
இருவரும்,TWO_PEOPLE
தம்,THEIR
தம்,THEIR
உடை,HAVING
வனப்பு,BEAUTY
எல்லாம்,ALL
இவட்கு,FOR_HER
ஈத்தார்,GAVE
கொலோ,PERHAPS
படை,WEAPON
இடுவான்,PLACER
மன்,INDEED
கண்டீர்,SEE
காமன்,KAMA
மடை,CHANNEL
அடும்,BEATING
பாலொட,MILK
கோட்டம்,TEMPLE
புகின்,IF_ENTERS
இவள்,SHE
தான்,SHE
வருந்த,SUFFER
நோய்,SICKNESS
செய்து,DOING
இறப்பின்,IF_DIE
அல்லால்,EXCEPT
மருந்து,MEDICINE
அல்லள்,NOT
யார்க்கும்,FOR_ALL
அணங்கு,GODDESS
ஆதல்,BEING
சான்றாள்,HAVING_SHE
என்று,SAY
ஊர்ப்,VILLAGE
பெண்டிர்,WOMEN
மாங்காய்,MONGO_FRUIT
நறும்,FRAGRANT
காடி,VINEGAR
கூட்டுவேம்,WE_WILL_MIX
யாங்கும்,ANYWHERE
எழு,RISE
நின்,YOUR
கிளையொட,RELATIVES
போக,GO
என்று,SAY
தம்,THEIR
தம்,THEIR
கொழுநரை,HUSBANDS
போகாமல்,NOT_GOING
காத்து,PROTECTING
முழு,WHOLE
நாளும்,DAYS
வாயில்,GATE
அடைப்ப,CLOSING
வரும்,COMES
கடி,FRAGRANT
கொள்,HAVING
இரும்,DARK
காப்பில்,PROTECTION
புல்,GRASS
இனத்து,GROUP
ஆயர்,COWHERDS
குடி,FAMILY
தொறும்,EVERY
நல்லாரை,GOOD_WOMEN
வேண்டுதி,YOU_DESIRE
எல்லா,FRIEND
இடு,PLACE
தேள்,SCORPION
மருந்தோ,MEDICINE
நின்,YOUR
வேட்கை,DESIRE
தொடுதர,TOUCHING
துன்னித்,APPROACHING
தந்தாங்கே,AS_GIVEN
நகை,SMILE
குறித்து,INTENDING
எம்மை,US
திளைத்தற்கு,TO_ENJOY
எளியமாக்,EASILY
கண்டை,SAW_YOU
அளைக்கு,BURROW
எளியாள்,EASY_WOMAN
வெண்ணெய்க்கும்,BUTTER
அன்னள்,LIKE
என,SAY
கொண்டாய்,TOOK_YOU
ஒள்,BRIGHT
நுதால்,FOREHEAD
ஆங்கு,THERE
நீ,YOU
கூறின்,IF_SAY
அனைத்து,THAT_MUCH
ஆக,BEING
நீங்குக,GO_AWAY
அச்சத்தான்,FEAR
மாறி,CHANGING
அசைவினான்,BEING_TIRED
போத்தந்து,LEAVING
நிச்சம்,CERTAINLY
தடுமாறும்,FALTERS
மெல்,SOFT
இயல்,NATURE
ஆய்,COWHERD
மகள்,DAUGHTER
மத்தம்,CHURNING_ROD
பிணித்த,TIED
கயிறு,ROPE
போல்,LIKE
நின்,YOUR
நலம்,BEAUTY
சுற்றி,SURROUNDING
சுழலும்,WHIRLS
என்,MY
நெஞ்சு,HEART
விடிந்த,DAWNED
பொழுதினும்,TIME
இல்,HOUSE
வயின்,AT
போகாது,NOT_GOING
கொடும்,CROOKED
தொழுவினுள்,ENCLOSURE
பட்ட,CAUGHT
கன்றிற்கு,CALF
சூழும்,SURROUNDS
கடும்,FIERCE
சூல்,PREGNANCY
ஆ,COW
நாகு,FEMALE_CALF
போல்,LIKE
நின்,YOUR
கண்டு,SEEING
நாளும்,DAILY
நடுங்கு,TREMBLING
அஞர்,FEAR
உற்றது,FELT
என்,MY
நெஞ்சு,HEART
எவ்வம்,DISTRESS
மிகுதர,INCREASING
எம்,OUR
திறத்து,TOWARD
எஞ்ஞான்றும்,EVER
நெய்,GHEE
கடை,CHURN
பாலின்,MILK
பயன்,USE
யாதும்,ANY
இன்று,WITHOUT
ஆகிக்,BEING
கை,HAND
தோயல்,TOUCHING
மாத்திரை,ONLY
அல்லது,EXCEPT
செய்தி,DOING
அறியாது,NOT_KNOWING
அளித்து,POOR
என்,MY
உயிர,LIFE
அன்னையோ,ALAS
மன்றத்துக்,COMMONS
கண்டாங்கே,AS_SOON_AS_SEEN
சான்றார்,WORTHY_ONES
மகளிரை,WOMEN
இன்றி,WITHOUT
அமையேன்,I_WONT_BE
என்று,SAY
இன்னவும்,SUCH
சொல்லுவாய்,YOU_SAY
நின்றாய்,STOOD_YOU
நீ,YOU
சென்றீ,GO
எமர்,OUR_PEOPLE
காண்பர்,WILL_SEE
நாளையும்,TOMORROW
கன்றொட,CALF
சேறும்,WILL_GO
புலத்து,FIELD
தீம்,SWEET
பால்,MILK
கறந்த,MILKED
கலம்,VESSEL
மாற்ற,CHANGE
கன்று,CALF
எல்லாம்,ALL
தாம்பின்,ROPE
பிணித்து,TIED
மனை,HOUSE
நிறீஇ,PLACING
யாய்,MOTHER
தந்த,GAVE
பூம்,FLOWER
கரை,SHORE
நீலம்,BLUE_LILY
புடை,SIDE
தாழ,HANGING
மெய்,BODY
அசைஇ,RESTING
பாங்கரும்,SIDE
முல்லையும்,JASMINE
தாய,BECAME
பாட்டம்,SONG
கால்,TIME
தோழி,FRIEND
நம்,OUR
புல்,GRASS
இனத்து,GROUP
ஆயர்,COWHERDS
மகளிரோட,GIRLS
எல்லாம்,ALL
ஒருங்கு,TOGETHER
விளையாட,PLAYING
அவ்,THAT
வழி,WAY
வந்த,COME
குருந்தம்,KURUNTHA_FLOWER
பூம்,FLOWER
கண்ணிப்,GARLANDED
பொதுவன்,COWHERD
மற்று,FURTHER
என்னை,ME
முற்று,FULL
இழை,JEWEL
ஏஎர்,BEAUTY
மட,SOFT
நல்லாய்,GOOD_WOMAN
நீ,YOU
ஆடும்,PLAY
சிற்றில்,SMALL_HOUSE
புனைகோ,MAKE
சிறிது,LITTLE
என்றான்,HE_SAID
எல்லா,FRIEND
நீ,YOU
பெற்றேம்,WE_OBTAINED
யாம்,WE
என்று,SAY
பிறர்,OTHERS
செய்த,MADE
இல்,HOUSE
இருப்பாய்,STAY
கற்றது,LEARNED
இலை,NOT
மன்ற,INDEED
காண்,SEE
என்றேன்,I_SAID
முற்று,FULL
இழாய்,JEWEL
தாது,POLLEN
சூழ்,SURROUNDING
கூந்தல்,HAIR
தகைபெற,OBTAINING_BEAUTY
தைஇய,MADE
கோதை,GARLAND
புனைகோ,MAKE
நினக்கு,FOR_YOU
என்றான்,HE_SAID
எல்லா,FRIEND
நீ,YOU
ஏதிலார்,STRANGERS
தந்த,GIVEN
பூக்,FLOWER
கொள்வாய்,TAKE
நனி,MUCH
மிக,GREAT
பேதையை,FOOL
மன்ற,INDEED
பெரிது,GREATLY
என்றேன்,I_SAID
மாதராய்,WOMAN
ஐய,DOUBT
பிதிர்ந்த,SPREAD
சுணங்கு,FRECKLES
அணி,BEAUTY
மென்,SOFT
முலை,BREAST
மேல்,UPON
தொய்யில்,PAINTING
எழுதுகோ,SHALL_I_DRAW
மற்று,FURTHER
என்றான்,HE_SAID
யாம்,WE
பிறர்,OTHERS
செய்,MADE
புறம்,OUTSIDE
நோக்கி,LOOKING
இருத்துமோ,SHALL_WE_SIT
நீ,YOU
பெரிது,GREATLY
மையலை,CONFUSION
மாதோ,INDEED
விடுக,LEAVE
என்றேன்,I_SAID
தையலாய்,WOMAN
சொல்லிய,SAID
ஆறு,WAY
எல்லாம்,ALL
மாறு,OPPOSITE
மாறு,OPPOSITE
யான்,I
பெயர்ப்ப,CHANGING
அல்லாந்தான்,SUFFERER
போல,LIKE
பெயர்ந்தான்,CHANGED_HE
அவனை,HIM
நீ,YOU
ஆயர்,COWHERDS
மகளிர்,GIRLS
இயல்பு,NATURE
உரைத்து,SPEAKING
எந்தையும்,MY_FATHER
யாயும்,MOTHER
அறிய,KNOW
உரைத்தீயின்,IF_YOU_SPEAK
யான்,I
உற்ற,FELT
நோயும்,SICKNESS
களைகுவை,YOU_WILL_REMOVE
மன்,INDEED
யார்,WHO
இவன்,THIS_MAN
என்னை,ME
விலக்குவான்,PREVENTER
நீர்,YOU
உளர்,THERE_ARE
பூம்,FLOWER
தாமரைப்,LOTUS
போது,FLOWER
தந்த,GIVEN
விரவுத்,MIXED
தார்க்,GARLAND
கல்லாப்,NOT_LEARNED
பொதுவனை,COWHERD
நீ,YOU
மாறு,GO_BACK
நின்னொட,WITH_YOU
சொல்லல்,SPEAKING
ஓம்பு,AVOID
என்றார்,THEY_SAID
எமர்,OUR_PEOPLE
எல்லா,FRIEND
கடாஅய,SHARP
கண்ணால்,EYE
கலைஇய,CONFUSED
நோய்,SICKNESS
செய்யும்,DOES
நடாஅக்,STANDING
கரும்பு,SUGARCANE
அமன்ற,THICK
தோளாரை,SHOULDERED_ONES
காணின்,IF_SEE
விடாஅல்,DONT_LEAVE
ஓம்பு,PROTECT
என்றார்,THEY_SAID
எமர்,OUR_PEOPLE
கடாஅயார்,SHARP_ONES
நல்லாரை,GOOD_WOMEN
காணின்,IF_SEE
விலக்க,FORBID
நயந்து,LOVING
அவர்,THEY
பல்,MANY
இதழ்,PETAL
உண்கண்ணும்,BEAUTIFUL_EYE
தோளும்,SHOULDER
புகழ்,FAME
பாட,SING
நல்லது,GOOD
கற்பித்தார்,TAUGHT
மன்ற,INDEED
நுமர்,YOUR_PEOPLE
பெரிதும்,GREATLY
வல்லர்,ABLE
எமர்,OUR_PEOPLE
கண்,EYE
செயல்,ACTION
ஓஒ,OH
வழங்காப்,NOT_MOVING
பொழுது,TIME
நீ,YOU
கன்று,CALF
மேய்ப்பாய்,GRAZER
போல்,LIKE
வழங்கல்,MOVING
அறிவார்,KNOWERS
உரையாரேல்,IF_NOT_SPEAK
எம்மை,US
இகழ்ந்தாரே,SCORNED
அன்றோ,IS_IT_NOT
எமர்,OUR_PEOPLE
ஒக்கும்,RESEMBLES
அறிவல்,I_KNOW
யான்,I
எல்லா,FRIEND
விடு,LEAVE
விடேன்,I_WONT_LEAVE
யான்,I
என்,WHAT
நீ,YOU
குறித்தது,INTENDED
இரும்,DARK
கூந்தால்,HAIR
நின்னை,YOU
என்,MY
முன்,FRONT
நின்று,STANDING
சொல்லல்,SPEAKING
ஓம்பு,AVOID
என்றமை,SAID
அன்றி,EXCEPT
அவனை,HIM
நீ,YOU
புல்லல்,EMBRACING
ஓம்பு,AVOID
என்றது,SAID
உடையரோ,DO_THEY_HAVE
மெல்ல,SOFTLY
முயங்கு,EMBRACE
நின்,YOUR
முள்,THORN
எயிறு,TOOTH
உண்கும்,WE_WILL_EAT
எவன்,WHAT
கொலோ,PERHAPS
மாய,DECEPTIVE
பொதுவன்,COWHERD
உரைத்த,SAID
உரை,WORD
எல்லாம்,ALL
வாய்,MOUTH
ஆவது,BEING
ஆயின்,IF
தலைப்பட்டாம்,WE_WILL_OBTAIN
பொய்,LIE
ஆயின்,IF
சாயல்,GENTLE
இன்,SWEET
மார்பில்,CHEST
கமழ்,FRAGRANT
தார்,GARLAND
குழைத்த,MIXED
நின்,YOUR
ஆய்,BEAUTIFUL
இதழ்,PETAL
உண்கண்,BEAUTIFUL_EYE
பசப்ப,PALLOR
தட,SOFT
மென்,SOFT
தோள்,SHOULDER
சாயினும்,EVEN_IF_FADE
ஏஎர்,BEAUTY
உடைத்து,POSSESSES
நலம்,BEAUTY
மிக,GREAT
நந்திய,PROSPERED
நய,LOVE
வரு,COMING
தட,SOFT
மென்,SOFT
தோள்,SHOULDER
அலமரல்,CONFUSION
அமர்,LOVE
உண்கண்,BEAUTIFUL_EYE
அம்,BEAUTIFUL
நல்லாய்,GOOD_WOMAN
நீ,YOU
உறீஇ,CAUSING
உலமரல்,CONFUSION
உயவு,SUFFERING
நோய்க்கு,SICKNESS
உய்யும்,SURVIVE
ஆறு,WAY
உரைத்துச்,SPEAKING
செல்,GO
பேர்,GREAT
ஏமுற்றார்,JOYFUL_ONES
போல,LIKE
முன்,FRONT
நின்று,STANDING
விலக்குவாய்,PREVENT
யார்,WHO
எல்லா,FRIEND
நின்னை,YOU
அறிந்ததூ,KNOWING
உம்,ALSO
இல்,NOT
வழி,WAY
தளிர்,TENDER_LEAF
இயால்,NATURE
என்,WHAT
அறிதல்,KNOWING
வேண்டின்,IF_WANT
பகை,ENEMY
அஞ்சாப்,NOT_FEARING
புல்,GRASS
இனத்து,GROUP
ஆயர்,COWHERDS
மகனேன்,SON
மற்று,FURTHER
யான்,I
ஒக்கும்,RESEMBLES
மன்,INDEED
புல்,GRASS
இனத்து,GROUP
ஆயனை,COWHERD
நீ,YOU
ஆயின்,IF
குடம்,POT
சுட்டு,BURNT
நல்,GOOD
இனத்து,GROUP
ஆயர்,COWHERDS
எமர்,OUR_PEOPLE
எல்லா,FRIEND
நின்னொட,WITH_YOU
சொல்லின்,IF_SPEAK
ஏதமோ,OBSTACLE
இல்லை,NOT
மன்,INDEED
ஏதம்,OBSTACLE
அன்று,NOT
எல்லை,LIMIT
வருவான்,COMER
விடு,LEAVE
விடேன்,I_WONT_LEAVE
உடம்பட்டு,AGREEING
நீப்பார்,THOSE_WHO_LEAVE
கிளவி,WORD
மடம்,FOOLISHNESS
பட்டு,CAUGHT
மெல்லிய,SOFT
ஆதல்,BEING
அறியினும்,EVEN_IF_KNOW
மெல்லியால்,SOFT_WOMAN
நின்,YOUR
மொழி,WORD
கொண்டு,TAKING
யானோ,I
விடுவேன்,WILL_I_LEAVE
மற்று,FURTHER
என்,MY
மொழி,WORD
கொண்டு,TAKING
என்,MY
நெஞ்சம்,HEART
ஏவல்,COMMAND
செயின்,IF_DOES
நெஞ்சு,HEART
ஏவல்,COMMAND
செய்யாது,NOT_DOING
என,SAY
நின்றாய்க்கு,FOR_YOU_WHO_STOOD
எஞ்சிய,REMAINING
காதல்,LOVE
கொள்,HAVING
காமம்,LOVE
கலக்குற,CONFUSE
ஏதிலார்,STRANGERS
பொய்ம்,FALSE
மொழி,WORD
தேறுவது,ACCEPTING
என்,WHY
தெளிந்தேன்,I_UNDERSTOOD
தெரி,SELECTED
இழாய்,JEWEL
யான்,I
பல்,MANY
கால்,TIMES
யாம்,WE
கான்,FOREST
யாற்று,RIVER
அவிர்,SHINE
மணல்,SAND
தண்,COOL
பொழில்,GROVE
அல்கல்,NIGHT
அகல்,BROAD
அறை,CAVE
ஆயமொட,GROUP
ஆடி,PLAYING
முல்லை,JASMINE
குருந்தொட,KURUNTHA_FLOWER
முச்சி,HEAD
வேய்ந்து,COVERING
எல்லை,LIMIT
இரவு,NIGHT
உற்றது,HAPPENED
இன்னும்,FURTHER
கழிப்பி,WILL_SPEND
அரவு,SOUND
உற்ற,HAVING
உருமின்,THUNDER
அதிரும்,THUNDERS
குரல்,SOUND
போல்,LIKE
பொரு,FIGHT
முரண்,STRENGTH
நல்,GOOD
ஏறு,BULL
நாகு,FEMALE_CALF
உடன்,TOGETHER
நின்றன,STOOD
பல்,MANY
ஆன்,COW
இன,GROUP
நிரை,HERD
நாம்,WE
உடன்,TOGETHER
செலற்கே,TO_GO
வாரி,FLOWING
நெறிப்பட்டு,STRAIGHT
இரும்,DARK
புறம்,BACK
தாஅழ்ந்த,HANGING
ஓரிப்,ORI
புதல்வன்,SON
அழுதனன்,CRIED
என்பவோ,IS_IT_SAID
புதுவ,NEW
மலர்,FLOWER
தைஇ,MAKING
எமர்,OUR_PEOPLE
என்,MY
பெயரால்,NAME
வதுவை,MARRIAGE
அயர்வாரை,THOSE_WHO_CELEBRATE
கண்டு,SEEING
மதி,MOON
அறியா,NOT_KNOWING
ஏழையை,FOOL
என்று,SAY
அகல,WIDELY
நக்கு,LAUGHING
வந்தீயாய்,CAME_YOU
நீ,YOU
தோழி,FRIEND
அவன்,HIM
உழைச்,AT
சென்று,GOING
யான்,I
அறிவேன்,I_WILL_KNOW
கூறுக,SPEAK
மற்று,FURTHER
இனி,NOW
சொல்,WORD
அறியாப்,NOT_KNOWING
பேதை,FOOL
மடவை,FOOLISH_GIRL
மற்று,FURTHER
எல்லா,FRIEND
நினக்கு,FOR_YOU
ஒரூஉம்,AVOIDS
மற்று,FURTHER
என்று,WHEN
அகல்,BROAD
அகலும்,WILL_WIDEN
நீடு,LONG
இன்று,WITHOUT
நினக்கு,FOR_YOU
வருவதாக்,COMING
காண்பாய்,YOU_WILL_SEE
அனைத்து,THAT_MUCH
ஆக,BEING
சொல்லிய,SAID
சொல்லும்,WORD
வியம்,WONDER
கொள,TAKING
கூறு,SAY
தரு,THICK
மணல்,SAND
தாழ,LOW
பெய்து,PLACING
இல்,HOUSE
பூவல்,FLOWER
ஊட்டி,FEEDING
எருமைப்,BUFFALO
பெடையோட,FEMALE
எமர்,OUR_PEOPLE
ஈங்கு,HERE
அயரும்,CELEBRATE
பெரு,GREAT
மணம்,MARRIAGE
எல்லாம்,ALL
தனித்தே,ALONE
ஒழிய,LEAVE
வரி,LINE
மணல்,SAND
முன்துறைச்,FRONT_FORD
சிற்றில்,SMALL_HOUSE
புனைந்த,MADE
திரு,LAKSHMI
நுதல்,FOREHEAD
ஆயத்தார்,GROUP
தம்முள்,AMONG_THEMSELVES
புணர்ந்த,UNITED
ஒரு,ONE
மணம்,MARRIAGE
தான்,ITSELF
அறியும்,KNOWS
ஆயின்,IF
எனைத்தும்,HOW_MUCH
தெருமரல்,CONFUSION
கைவிட்டு,LEAVING
இருக்கோ,STAY
அலர்ந்த,BLOOMED
விரி,SPREAD
நீர்,WATER
உடுக்கை,GARMENT
உலகம்,WORLD
பெறினும்,EVEN_IF_OBTAIN
அரு,DIFFICULT
நெறி,WAY
ஆயர்,COWHERDS
மகளிர்க்கு,GIRLS
இரு,TWO
மணம்,MARRIAGE
கூடுதல்,JOINING
இல்,NOT
இயல்பு,NATURE
அன்றே,IS_IT_NOT
தோழி,FRIEND
நாம்,WE
காணாமை,NOT_SEEING
உண்ட,ATE
கடும்,STRONG
கள்ளை,LIQUOR
மெய்,TRUTH
கூர,SHARP
நாணாது,NOT_ASHAMED
சென்று,GOING
நடுங்க,TREMBLE
உரைத்தாங்கு,SPOKE_LIKE
கரந்ததூஉம்,HID
கையொட,HAND
கோள்,TAKING
பட்டாம்,WE_WERE_CAUGHT
கண்டாய்,SEE
நம்,OUR
புல்,GRASS
இனத்து,GROUP
ஆயர்,COWHERDS
மகன்,SON
சூடி,WEARING
வந்தது,COME
ஓர்,A
முல்லை,JASMINE
ஒரு,ONE
காழும்,STEM
கண்ணியும்,GARLAND
மெல்லியால்,SOFT_WOMAN
கூந்தலுள்,HAIR
பெய்து,PLACING
முடித்தேன்,I_TIED
மன்,INDEED
தோழி,FRIEND
யாய்,MOTHER
வெண்ணெய்,BUTTER
உரைஇ,SPEAKING
விரித்த,SPREAD
கதுப்போடே,HAIR
அன்னையும்,MOTHER
அத்தனும்,FATHER
இல்லரா,NOT_BEING
யாய்,MOTHER
நாண,SHAME
அன்னை,MOTHER
முன்,FRONT
வீழ்ந்தன்று,FELL
அப்,THAT
பூ,FLOWER
அதனை,THAT
வினவலும்,ASKING
செய்யாள்,NOT_DOING_SHE
சினவலும்,ANGER
செய்யாள்,NOT_DOING_SHE
நெருப்புக்,FIRE
கை,HAND
தொட்டவர்,THOSE_WHO_TOUCHED
போல,LIKE
விதிர்த்திட்டு,TREMBLING
நீங்கிப்புறங்கடை,LEAVING_OUTSIDE
போயினாள்,WENT_SHE
யானும்,I
என்,MY
சாந்து,SANDAL
உளர்,DRY
கூழை,HAIR_BUN
முடியா,NOT_TYING
நிலம்,GROUND
தாழ்ந்த,HANGING
பூம்,FLOWER
கரை,SHORE
நீலம்,BLUE_LILY
தழீஇ,EMBRACING
தளர்பு,FALTERING
ஒல்கி,LEANING
பாங்கரும்,SIDE
கானத்து,FOREST
ஒளித்தேன்,I_HID
அதற்கு,FOR_THAT
எல்லா,FRIEND
ஈங்கு,HERE
எவன்,WHY
அஞ்சுவது,FEAR
அஞ்சல்,DONT_FEAR
அவன்,HE
கண்ணி,GARLAND
நீ,YOU
புனைந்தாய்,ADORNED_YOU
ஆயின்,IF
நமரும்,OUR_PEOPLE
அவன்,HE
கண்,EYE
அடை,SHELTER
சூழ்ந்தார்,PLANNED
நின்னை,YOU
அகல்,BROAD
கண்,EYE
வரைப்பில்,REGION
மணல்,SAND
தாழ,LOW
பெய்து,PLACING
திரைப்பில்,WAVE
வதுவையும்,MARRIAGE
ஈங்கே,HERE
அயர்ப,CELEBRATE
அதுவே,THAT
யாம்,WE
அல்கலும்,NIGHT
சூழ்ந்த,PLANNED
வினை,DEED
பாங்கு,FITTING
அரும்,DIFFICULT
பாட்டம்,SONG
கால்,LEG
கன்றொட,CALF
செல்வேம்,WE_WILL_GO
எம்,OUR
தாம்பின்,ROPE
ஒரு,ONE
தலை,END
பற்றினை,GRASPED
ஈங்கு,HERE
எம்மை,US
முன்னை,BEFORE
நின்றாங்கே,AS_STOOD
விலக்கிய,PREVENTED
எல்லா,FRIEND
நீ,YOU
என்னையே,ME
முற்றாய்,COMPLETELY
விடு,LEAVE
விடேஎன்,I_WONT_LEAVE
தொடீஇய,BRACELET
செல்வார்த்,THOSE_WHO_GO
துமித்து,CUTTING
எதிர்,OPPOSITE
மண்டும்,RUSHES
கடு,FIERCE
வய,STRONG
நாகு,FEMALE_CALF
போல்,LIKE
நோக்கித்,LOOKING
தொழு,WORSHIP
வாயில்,GATE
நீங்கிச்,LEAVING
சினவுவாய்,ANGER
மற்று,FURTHER
நீ,YOU
நீங்கு,LEAVE
கன்று,CALF
சேர்ந்தார்கண்,FOR_THOSE_WHO_JOINED
கத,ANGER
ஈற்று,MOTHER
ஆ,COW
சென்றாங்கு,WENT_LIKE
வன்கண்ணள்,CRUEL_EYED_SHE
ஆய்,BEING
வரல்,COMING
ஓம்பு,AVOID
யாய்,MOTHER
வருக,COME
ஒன்றோ,OR
பிறர்,OTHERS
வருக,COME
மற்று,FURTHER
நின்,YOUR
கோ,KING
வரினும்,EVEN_IF_COME
இங்கே,HERE
வருக,COME
தளரேன்,I_WONT_FALTER
யான்,I
நீ,YOU
அருளி,MERCY
நல்க,GIVE
பெறின்,IF_OBTAIN
நின்னை,YOU
யான்,I
சொல்லினவும்,SAID
பேணாய்,NOT_CARE
நினைஇ,THINKING
கனை,LOUD
பெயல்,RAIN
ஏற்றின்,BULL
தலை,HEAD
சாய்த்து,LEANING
எனையதூஉம்,ME
மாறு,OPPOSITE
எதிர்,OPPOSITE
கூறி,SAYING
மயக்குப்படுகுவாய்,CONFUSE
கலத்தொட,VESSEL
யாம்,WE
செல்வுழி,GOING_PLACE
நாடி,SEEKING
புலத்தும்,FIELD
வருவையால்,YOU_WILL_COME
நாண்,SHAME
இலி,WITHOUT
நீ,YOU
மாண,EXCELLENTLY
உருக்கிய,MELTED
நல்,GOOD
பொன்,GOLD
மணி,BELL
உறீஇ,PLACING
பேணித்,LOVING
துடைத்தன்ன,WIPED_LIKE
மேனியாய्,BODY
கோங்கின்,KONGAM_TREE
முதிரா,NOT_RIPENED
இள,YOUNG
முகை,BUD
ஒப்ப,LIKE
எதிரிய,OPPOSITE
தொய்யில்,PAINTING
பொறித்த,IMPRESSED
வன,FOREST
முலையாய்,BREAST
மற்று,FURTHER
நின்,YOUR
கையது,HAND
எவன்,WHAT
மற்று,FURTHER
உரை,SPEAK
கையதை,HAND_OBJECT
சேரிக்,STREET
கிழவன்,LORD
மகளேன்,DAUGHTER
யான்,I
மற்று,FURTHER
இது,THIS
ஓர்,A
மாதர்ப்,WOMAN
புலைத்தி,OUTCASTE_WOMAN
விலை,PRICE
ஆக,AS
செய்தது,MADE
ஓர்,A
போழில்,SMALL_BOX
புனைந்த,ADORNED
வரிப்,LINE
புட்டில்,BOX
புட்டில்,BOX
உள்,INSIDE
என்,WHAT
உள,THERE_ARE
காண்தக்காய்,FITTING_TO_SEE
என்,WHAT
காட்டிக்,SHOWING
காண்,SEE
காண்,SEE
இனி,NOW
தோட்டார்,LEAVES
கதுப்பின்,HAIR
என்,MY
தோழி,FRIEND
அவரொட,THEM
காட்டுச்,FOREST
சார்,SIDE
கொய்த,PICKED
சிறு,SMALL
முல்லை,JASMINE
மற்று,FURTHER
இவை,THESE
முல்லை,JASMINE
இவை,THESE
ஆயின்,IF
முற்றிய,COMPLETED
கூழையாய்,HAIR_BUN
எல்லிற்றுப்,NIGHT
போழ்து,TIME
ஆயின்,IF
ஈதோளிக்,THIS
கண்டேனால்,I_SAW
செல்,GO
என்று,SAY
நின்னை,YOU
விடுவேன்,I_WILL_LEAVE
யான்,I
மற்று,FURTHER
எனக்கு,FOR_ME
மெல்லியது,SOFT_THING
ஓராது,NOT_CONSIDERING
அறிவு,KNOWLEDGE
வெல்,VICTORY
புகழ்,FAME
மன்னவன்,KING
விளங்கிய,SHINING
ஒழுக்கத்தால்,BEHAVIOR
நல்,GOOD
ஆற்றின்,WAY
உயிர,LIFE
காத்து,PROTECTING
நடுக்கு,FEAR
அற,WITHOUT
தான்,HE
செய்த,DONE
தொல்,ANCIENT
வினைப்,DEED
பயன்,FRUIT
துய்ப்ப,ENJOY
துறக்கம்,HEAVEN
வேட்டு,DESIRING
எழுந்தாற்போல்,ROSE_LIKE
பல்,MANY
கதிர,RAY
ஞாயிறு,SUN
பகல்,DAY
ஆற்றி,PERFORMING
மலை,MOUNTAIN
சேர,JOIN
ஆனாது,UNCEASING
கலுழ்,WEEPING
கொண்ட,TAKING
உலகத்து,WORLD
மற்று,FURTHER
அவன்,HE
ஏனையான்,OTHER
அளிப்பான்,GIVER
போல்,LIKE
இகல்,ANGER
இருள்,DARKNESS
மதி,MOON
சீப்ப,SHINE
குடை,UMBRELLA
நிழல்,SHADE
ஆண்டாற்கும்,FOR_RULER
ஆளிய,PEOPLE
வருவாற்கும்,FOR_COMER
இடை,MIDDLE
நின்ற,STOOD
காலம்,TIME
போல்,LIKE
இறுத்தந்த,STAYED_CAME
மருள்,DUSK
மாலை,EVENING
மாலை,EVENING
நீ,YOU
தூ,PURE
அற,WITHOUT
துறந்தாரை,THOSE_WHO_LEFT
நினைத்தலின்,THINKING
கயம்,POND
பூத்த,FLOWERED
போது,FLOWER
போல்,LIKE
குவிந்த,FOLDED
என்,MY
எழில்,BEAUTY
நலம்,BEAUTY
எள்ளுவாய்,SCORN
ஆய்,BEAUTIFUL
சிறை,WING
வண்டு,BEE
ஆர்ப்ப,SOUNDING
சினைப்,BRANCH
பூ,FLOWER
போல்,LIKE
தளை,FETTER
விட்ட,RELEASED
காதலர்ப்,LOVERS
புணர்ந்தவர்,UNITED_ONES
காரிகை,BEAUTY
கடிகல்லாய்,DRIVE_AWAY
மாலை,EVENING
நீ,YOU
தை,WINTER
என,LIKE
கோவலர்,COWHERDS
தனிக்,ALONE
குழல்,FLUTE
இசை,SOUND
கேட்டு,HEARING
பையென்ற,GENTLE
நெஞ்சத்தேம்,HEART
பக்கம்,SIDE
பாராட்டுவாய்,PRAISE
செவ்வழி,SOUTH_INDIAN_RAGA
யாழ்,LUTE
நரம்பு,STRING
அன்ன,LIKE
கிளவியார்,SPEECH
பாராட்டும்,PRAISE
பொய்,LIE
தீர்ந்த,REMOVED
புணர்ச்சியுள்,UNION
புது,NEW
நலம்,BEAUTY
கடிகல்லாய்,DRIVE_AWAY
மாலை,EVENING
நீ,YOU
தகை,BEAUTY
மிக்க,EXCELLENT
தாழ்,LOW
சினை,BRANCH
பதி,PLACE
சேர்ந்து,JOINING
புள்,BIRD
ஆர்ப்ப,SOUNDING
பகை,ENEMY
மிக்க,EXCELLENT
நெஞ்சத்தேம்,HEART
புன்மை,MEANNESS
பாராட்டுவாய்,PRAISE
தகை,BEAUTY
மிக்க,EXCELLENT
புணர்ச்சியார்,UNION
தாழ்,LOW
கொடி,CREEPER
நறு,FRAGRANT
முல்லை,JASMINE
முகை,BUD
முகம்,FACE
திறந்தன்ன,OPENED_LIKE
முறுவலும்,SMILE
கடிகல்லாய்,DRIVE_AWAY
என,SAY
ஆங்கு,THUS
மாலையும்,EVENING
அலரும்,GOSSIP
நோனாது,NOT_BEARING
எம்,OUR
வயின்,AT
நெஞ்சமும்,HEART
எஞ்சும்மன்,WILL_DECREASE
தில்ல,NOT
எஞ்சி,DECREASING
உள்ளாது,NOT_THINKING
அமைந்தோர்,CONTENT_ONES
உள்ளும்,THINKS
உள்,INSIDE
இல்,WITHOUT
உள்ளம்,HEART
உள்,INSIDE
உள்,INSIDE
உவந்தே,REJOICING
அகல்,BROAD
ஞாலம்,WORLD
விளக்கும்,ILLUMINATES
தன்,HIS
பல்,MANY
கதிர,RAY
வாய்,MOUTH
ஆக,AS
பகல்,DAY
நுங்கியது,ABSORBED
போல,LIKE
படு,SETTING
சுடர்,FLAME
கல்,STONE
சேர,JOIN
இகல்,ANGER
மிகு,GREAT
நேமியான்,DISCUS_GOD
நிறம்,COLOR
போல,LIKE
இருள்,DARKNESS
இவர,SPREAD
நிலவுக்,MOONLIGHT
காண்பது,SEEING
போல,LIKE
அணி,BEAUTY
மதி,MOON
ஏர்தர,ATTRACTING
கண்,EYE
பாயல்,SLEEP
பெற்ற,OBTAINED
போல்,LIKE
கணைக்,ARROW
கால,TIME
மலர்,FLOWER
கூம்ப,FOLD
தம்,THEIR
புகழ்,FAME
கேட்டார்,HEARD_ONES
போல்,LIKE
தலை,HEAD
சாய்த்து,LEANING
மரம்,TREE
துஞ்ச,SLEEP
முறுவல்,SMILE
கொள்பவை,TAKING
போல,LIKE
முகை,BUD
அவிழ்பு,BLOOMING
புதல்,BUSH
நந்த,PROSPER
சிறு,SMALL
வெதிர்,BAMBOO
குழல்,FLUTE
போல,LIKE
சுரும்பு,BEE
இமிர்ந்து,HUMMING
இம்மென,SOFT_SOUND
பறவை,BIRD
தம்,THEIR
பார்ப்பு,YOUNG
உள்ள,THINK
கறவை,MILCH_COW
தம்,THEIR
பதி,PLACE
வயின்,AT
கன்று,CALF
அமர்,LOVE
விருப்பொட,DESIRE
மன்று,COMMONS
நிறை,FILL
புகுதர,ENTER
மா,ANIMAL
வதி,STAY
சேர,JOIN
மாலை,EVENING
வாள்,SWORD
கொள,TAKING
அந்தி,EVENING
அந்தணர்,BRAHMINS
எதிர்கொள,WELCOMING
அயர்ந்து,TIRED
செந்தீச்,SACRED_FIRE
செவ்,RED
அழல்,FIRE
தொடங்க,BEGIN
வந்ததை,COME
வால்,WHITE
இழை,JEWEL
மகளிர்,WOMEN
உயிர,LIFE
பொதி,PACK
அவிழ்க்கும்,OPENS
காலை,DAWN
ஆவது,BEING
அறியார்,NOT_KNOWING
மாலை,EVENING
என்மனார்,CALLED
மயங்கியோரே,CONFUSED_ONES
அருள்,MERCY
தீர்ந்த,REMOVED
காட்சியான்,SIGHT
அறன்,RIGHTEOUSNESS
நோக்கான்,NOT_SEEING
நயம்,GOODNESS
செய்யான்,NOT_DOING
வெருவுற,FEAR
உய்த்தவன்,SENT_ONE
நெஞ்சம்,HEART
போல்,LIKE
பைபய,SLOWLY
இருள்,DARKNESS
தூர்பு,SPREADING
புலம்பு,SOLITUDE
ஊர,SPREAD
கனை,LOUD
சுடர்,FLAME
கல்,STONE
சேர,JOIN
உரவுத்,STRENGTH
தகை,NATURE
மழுங்கி,BLUNTED
தன்,ITS
இடும்பையால்,DISTRESS
ஒருவனை,A_MAN
இரப்பவன்,BEGGAR
நெஞ்சம்,HEART
போல்,LIKE
புல்லென்று,FADED
புறம்,BACK
மாறிக்,CHANGING
கரப்பவன்,HIDER
நெஞ்சம்,HEART
போல்,LIKE
மரம்,TREE
எல்லாம்,ALL
இலை,LEAF
கூம்ப,FOLD
தோற்றம்,SIGHT
சால்,ABOUNDING
செக்கருள்,EVENING_SKY
பிறை,CRESCENT
நுதி,POINT
எயிறு,TOOTH
ஆக,AS
நால்,FOUR
திசையும்,DIRECTIONS
நடுக்குறூஉம்,TREMBLES
மடங்கல்,LION
காலைக்,LEG
கூற்று,DEATH
நக்கது,LAUGHED
போலும்,LIKE
உட்குவரு,FEAR_COMING
கடு,SEVERE
மாலை,EVENING
மாலை,EVENING
நீ,YOU
உள்ளம்,HEART
கொண்டு,TAKING
அகன்றவர்,GONE_ONES
துணை,COMPANION
தாராப்,NOT_GIVING
பொழுதின்,TIME
கண்,IN
வெள்ள,WHITE
மான்,DEER
நிறம்,COLOR
நோக்கி,LOOKING
கணை,ARROW
தொடுக்கும்,STRINGS
கொடியான்,FLAG_MAN
போல்,LIKE
அல்லற்பட்ட,SUFFERING
இருந்தாரை,THOSE_WHO_SAT
அயர்ப்பிய,TO_MAKE_TIRED
வந்தாயோ,DID_YOU_COME
மாலை,EVENING
நீ,YOU
ஈரம்,AFFECTION
இல்,WITHOUT
காதலர்,LOVERS
இகந்து,CROSSING
அருளா,MERCILESS
இடன்,PLACE
நோக்கி,LOOKING
போர்,WAR
தொலைந்து,DESTROYED
இருந்தாரை,THOSE_WHO_SAT
பாடு,SONG
எள்ளி,SCORNING
நகுவார்,LAUGHERS
போல்,LIKE
ஆர்,DEAR
அஞர்,FEAR
உற்றாரை,THOSE_AFFECTED
அணங்கிய,TORMENTING
வந்தாயோ,DID_YOU_COME
மாலை,EVENING
நீ,YOU
கந்து,POST
ஆதல்,BEING
சான்றவர்,HAVING_ONES
களைதாராப்,NOT_REMOVING
பொழுதின்,TIME
கண்,IN
வெந்தது,BURNT
ஓர்,A
புண்ணின்,WOUND
கண்,IN
வேல்,SPEAR
கொண்டு,TAKING
நுழைப்பான்,INSERTER
போல்,LIKE
காய்ந்த,ANGERED
நோய்,SICKNESS
உழப்பாரை,SUFFERERS
கலக்கிய,CONFUSED
வந்தாயோ,DID_YOU_COME
என,SAY
ஆங்கு,THUS
இடன்,PLACE
இன்றி,WITHOUT
அலைத்தரும்,TROUBLES
இன்னா,UNPLEASANT
செய்,DOING
மாலை,EVENING
துனி,ANGER
கொள்,HAVING
துயர்,SORROW
தீர,REMOVE
காதலர்,LOVERS
துனை,HASTE
தர,GIVE
மெல்லியான்,GENTLE_ONE
பருவத்து,SEASON
மேல்,ABOVE
நின்ற,STOOD
கடும்,SEVERE
பகை,ENEMY
ஒல்லென,QUICKLY
நீக்கி,REMOVING
ஒருவாது,WITHOUT_DELAY
காத்து,PROTECTING
ஓம்பும்,PROTECTS
நல்,GOOD
இறை,LORD
தோன்ற,APPEAR
கெட்டாங்கு,DISAPPEARED_LIKE
இல்லாகின்றால்,DISAPPEARS
இருள்,DARKNESS
அகத்து,INSIDE
ஒளித்தே,HIDDEN
ஒள்,BRIGHT
சுடர்,FLAME
கல்,STONE
சேர,JOIN
உலகு,WORLD
ஊரும்,MOVES
தகையது,NATURE
தெள்,CLEAR
கடல்,SEA
அழுவத்து,WATERS
திரை,WAVE
நீக்கா,NOT_REMOVING
எழுதரூஉம்,RISES
தண்,COOL
கதிர,RAY
மதியத்து,MOON
அணி,BEAUTY
நிலா,MOONLIGHT
நிறைத்தர,FILLS
புள்,BIRD
இனம்,GROUP
இரை,PREY
மாந்தி,EATING
புகல்,SHELTER
சேர,JOIN
ஒலி,SOUND
ஆன்று,CEASED
வள்,BEAUTIFUL
இதழ்,PETAL
கூம்பிய,FOLDED
மணி,BELL
மருள்,LIKE
இரும்,DARK
கழி,LAGOON
பள்ளி,BED
புக்கது,ENTERED
போலும்,LIKE
பரப்பு,EXPANSE
நீர்த்,WATER
தண்,COOL
சேர்ப்ப,SEASHORE
தாங்க,BEAR
அரும்,DIFFICULT
காமத்தை,LOVE
தணந்து,LEAVING
நீ,YOU
புறம்,BACK
மாற,CHANGE
தூங்கு,SWINGING
நீர்,WATER
இமிழ்,SOUNDING
திரை,WAVE
துணை,COMPANION
ஆகி,BEING
ஒலிக்குமே,SOUNDS
உறையொட,WITH_WATER
வைகிய,STAYED
போது,FLOWER
போல்,LIKE
ஒய்யென,SUDDENLY
நிறை,FULLNESS
ஆனாது,UNCEASING
இழிதரூஉம்,FLOWS
நீர்,WATER
நீந்து,SWIMMING
கண்ணாட்கு,FOR_THE_EYED_ONE
வாராய்,NOT_COMING
நீ,YOU
புறம்,BACK
மாற,CHANGE
வருந்திய,SUFFERED
மேனியாட்கு,FOR_THE_BODIED_ONE
ஆர்,FULL
இருள்,DARKNESS
துணை,COMPANION
ஆகி,BEING
அசை,GENTLE
வளி,WIND
அலைக்குமே,TROUBLES
கமழ்,FRAGRANT
தண்,COOL
தாது,POLLEN
உதிர்ந்து,FALLING
உக,FALL
ஊழ்,OPENING
உற்ற,HAVING
கோடல்,KODAL_FLOWER
வீ,FLOWER
இதழ்,PETAL
சோரும்,FALLS
குலை,CLUSTER
போல,LIKE
இறை,LORD
நீவு,REMOVING
வளையாட்கு,FOR_THE_BRACELETED_ONE
இன்,SWEET
துணை,COMPANION
நீ,YOU
நீப்ப,LEAVING
இரவின்,NIGHT
உள்,INSIDE
துணை,COMPANION
ஆகி,BEING
தன்,ITS
துணை,COMPANION
பிரிந்து,SEPARATING
அயாஅம்,YEARNS
தனி,ALONE
குருகு,HERON
உசாவுமே,CALLS
ஒள்,BRIGHT
சுடர்,FLAME
ஞாயிற்று,SUN
விளக்கத்தான்,BRIGHTNESS
ஒளி,LIGHT
சாம்பும்,FADES
நண்பகல்,NOON
மதியம்,MOON
போல்,LIKE
நலம்,BEAUTY
சாய்ந்த,FADED
அணியாட்கு,FOR_THE_ADORNED_ONE
என,SAY
ஆங்கு,THUS
எறி,BEATING
திரை,WAVE
தந்திட,GIVING
இழிந்த,DESCENDED
மீன்,FISH
இன்,SWEET
துறை,FORD
மறி,LAMB
திரை,WAVE
வருந்தாமல்,WITHOUT_SUFFERING
கொண்டாங்கு,HAVING_TAKEN
நெறி,WAY
தாழ்ந்து,HANGING
சாயினள்,LEANED_SHE
வருந்தியாள்,SUFFERED_SHE
இடும்பை,DISTRESS
பாய்,SPRINGING
பரி,HORSE
கடு,FAST
திண்,STRONG
தேர்,CHARIOT
களையினோ,REMOVE
இடனே,PLACE
கோதை,GARLAND
ஆயமும்,GROUP
அன்னையும்,MOTHER
அறிவுற,KNOWING
போது,FLOWER
எழில்,BEAUTY
உண்கண்,BEAUTIFUL_EYE
புகழ்,FAME
நலன்,BEAUTY
இழப்ப,LOSE
காதல்,LOVE
செய்து,DOING
அருளாது,MERCILESS
துறந்தார்,LEFT_ONES
மாட்டு,TOWARD
ஏது,CAUSE
இன்றி,WITHOUT
சிறிய,SMALL
துனித்தனை,ANGRY_YOU
துன்னா,NOT_APPROACHING
செய்து,DOING
அமர்ந்தனை,JOINED_YOU
பலவு,MANY
நூறு,HUNDRED
அடுக்கினை,STACKED
இனைபு,GRIEVING
ஏங்கி,LAMENTING
அழுதனை,CRIED_YOU
அலவலை,CONFUSION
உடையை,HAVE_YOU
என்றி,YOU_SAY
தோழீ,FRIEND
கேள்,LISTEN
இனி,NOW
மாண்,BEAUTIFUL
எழில்,BEAUTY
மாதர்,WOMEN
மகளிரோட,GIRLS
அமைந்து,BEING
அவன்,HE
காணும்,SEES
பண்பு,NATURE
இலன்,NOT
ஆதல்,BEING
அறிவேன்,I_KNOW
மன்,INDEED
அறியினும்,EVEN_IF_KNOW
பேணி,LOVING
அவன்,HE
சிறிது,LITTLE
அளித்தக்,FAVORED
கால்,TIME
என்,MY
நாண்,SHAME
இல்,WITHOUT
நெஞ்சம்,HEART
நெகிழ்தலும்,LOOSENING
காண்பல்,I_WILL_SEE
இருள்,DARKNESS
உறழ்,RESEMBLE
இரும்,DARK
கூந்தல்,HAIR
மகளிரோட,WOMEN
அமைந்து,BEING
அவன்,HE
தெருளும்,UNDERSTANDS
பண்பு,NATURE
இலன்,NOT
ஆதல்,BEING
அறிவேன்,I_KNOW
மன்,INDEED
அறியினும்,EVEN_IF_KNOW
அருளி,MERCY
அவன்,HE
சிறிது,LITTLE
அளித்தக்,FAVORED
கால்,TIME
என்,MY
மருளி,CONFUSED
நெஞ்சம்,HEART
மகிழ்தலும்,REJOICES
காண்பல்,I_WILL_SEE
ஒள்,BRIGHT
இழை,JEWEL
மாதர்,WOMEN
மகளிரோட,GIRLS
அமைந்து,BEING
அவன்,HE
உள்ளும்,THINKS
பண்பு,NATURE
இலன்,NOT
ஆதல்,BEING
அறிவேன்,I_KNOW
மன்,INDEED
அறியினும்,EVEN_IF_KNOW
புல்லி,EMBRACING
அவன்,HE
சிறிது,LITTLE
அளித்தக்,FAVORED
கால்,TIME
என்,MY
அல்லல்,DISTRESS
நெஞ்சம்,HEART
அடங்கலும்,COMPLETELY
காண்பல்,I_WILL_SEE
அதனால்,THEREFORE
யாம,NIGHT
நடுநாள்,MIDNIGHT
துயில்,SLEEP
கொண்டு,TAKING
ஒளித்த,HIDDEN
காம,LOVE
நோயின்,SICKNESS
கழீஇய,REMOVED
நெஞ்சம்,HEART
தான்,ITSELF
அவர்பால்,THEM
பட்டது,CAUGHT
ஆயின்,IF
நாம்,WE
உயிர,LIFE
வாழ்தலோ,LIVING
நகை,LAUGHTER
நனி,MUCH
உடைத்தே,POSSESSES
கரும்,BLACK
கோட்டு,BRANCH
நறும்,FRAGRANT
புன்னை,PUNNAI_TREE
மலர்,FLOWER
சினை,BRANCH
மிசை,UPON
தொறும்,EVERY
சுரும்பு,BEE
ஆர்க்கும்,SOUNDS
குரலினோட,VOICE
இரும்,DARK
தும்பி,BEE
இயைபு,JOINING
ஊத,BLOW
ஒருங்கு,TOGETHER
உடன்,TOGETHER
இம்மென,SOFT_SOUND
இமிர்தலின்,HUMMING
பாடலோட,SONG
அரும்,DIFFICULT
பொருள்,WEALTH
மரபின்,TRADITION
மால்,VISHNU
யாழ்,LUTE
கேளா,HEARING
கிடந்தான்,LAY
போல்,LIKE
பெரும்,GREAT
கடல்,SEA
துயில்,SLEEP
கொள்ளும்,TAKES
வண்டு,BEE
இமிர்,HUMMING
நறு,FRAGRANT
கானல்,GROVE
காணாமை,NOT_SEEING
இருள்,DARKNESS
பரப்பிக்,SPREADING
கையற்ற,HELPLESS
கங்குலான்,NIGHT
மாணா,NOT_GOOD
நோய்,SICKNESS
செய்தான்கண்,WHO_DID
சென்றாய்,WENT_YOU
மற்று,FURTHER
அவனை,HIM
நீ,YOU
காணவும்,SEEING
பெற்றாயோ,OBTAINED_YOU
காணாயோ,DO_YOU_SEE
மட,SOFT
நெஞ்சே,HEART
கொல்,KILLING
ஏற்றுச்,BULL
சுறவு,SHARK
இனம்,GROUP
கடி,FRAGRANT
கொண்ட,HAVING
மருள்,DUSK
மாலை,EVENING
அல்லல்,DISTRESS
நோய்,SICKNESS
செய்தான்கண்,WHO_DID
சென்றாய்,WENT_YOU
மற்று,FURTHER
அவனை,HIM
நீ,YOU
புல்லவும்,EMBRACING
பெற்றாயோ,OBTAINED_YOU
புல்லாயோ,DO_YOU_EMBRACE
மட,SOFT
நெஞ்சே,HEART
வெறி,FRAGRANCE
கொண்ட,HAVING
புள்,BIRD
இனம்,GROUP
வதி,RESIDENCE
சேரும்,JOINS
பொழுதினான்,TIME
செறி,TIGHT
வளை,BRACELET
நெகிழ்த்தான்கண்,WHO_LOOSENED
சென்றாய்,WENT_YOU
மற்று,FURTHER
அவனை,HIM
நீ,YOU
அறியவும்,KNOWING
பெற்றாயோ,OBTAINED_YOU
அறியாயோ,DO_YOU_KNOW
மட,SOFT
நெஞ்சே,HEART
என,SAY
ஆங்கு,THUS
எல்லையும்,DAY
இரவும்,NIGHT
துயில்,SLEEP
துறந்து,LEAVING
பல்,MANY
ஊழ்,TIME
அரும்,DIFFICULT
படர்,SUFFERING
அவல,SORROW
நோய்,SICKNESS
செய்தான்கண்,WHO_DID
பெறல்,OBTAINING
நசைஇ,DESIRING
இரும்,DARK
கழி,LAGOON
ஓதம்,WAVE
போல்,LIKE
தடுமாறி,STAGGERING
வருந்தினை,SUFFERED_YOU
அளிய,PITIFUL
என்,MY
மடம்,FOOLISHNESS
கெழு,ABOUNDING
நெஞ்சே,HEART
ஞாலம்,EARTH
மூன்று,THREE
அடித்,FOOT
தாய,SPREAD
முதல்வற்கு,PRIME_GOD
முது,OLD
முறைப்,ORDER
பால்,MILK
அன்ன,LIKE
மேனியான்,BODY
அணிபெற,OBTAINING_BEAUTY
தைஇய,MADE
நீல,BLUE
நீர்,WATER
உடை,GARMENT
போல,LIKE
தகைபெற்ற,OBTAINED_BEAUTY
வெண்,WHITE
திரை,WAVE
வால்,WHITE
எக்கர்,SAND_DUNE
வாய்,MOUTH
சூழும்,SURROUNDS
வயங்கு,SHINE
நீர்,WATER
தண்,COOL
சேர்ப்ப,SEASHORE
ஊர்,VILLAGE
அலர்,GOSSIP
எடுத்து,RAISING
அரற்ற,CRY
உள்ளாய்,NOT_THINKING
நீ,YOU
துறத்தலின்,LEAVING
கூரும்,INCREASES
தன்,HER
எவ்வ,DISTRESS
நோய்,SICKNESS
என்னையும்,ME
மறைத்தாள்,HID_SHE
மன்,INDEED
காரிகை,BEAUTY
பெற்ற,OBTAINED
தன்,HER
கவின்,BEAUTY
வாட,FADE
கலுழ்பு,WEEPING
ஆங்கே,THERE
பீர்,FLOWER
அலர்,FLOWER
அணி,BEAUTY
கொண்ட,HAVING
பிறை,CRESCENT
நுதல்,FOREHEAD
அல்லாக்கால்,IF_NOT
இணைபு,JOINING
இவ்,THIS
ஊர்,VILLAGE
அலர்,GOSSIP
தூற்ற,GOSSIP
எய்யாய்,NOT_SHOOTING
நீ,YOU
துறத்தலின்,LEAVING
புணை,RAFT
இல்லா,WITHOUT
எவ்வ,DISTRESS
நோய்,SICKNESS
என்னையும்,ME
மறைத்தாள்,HID_SHE
மன்,INDEED
துணையாருள்,COMPANIONS
தகைபெற்ற,OBTAINED_BEAUTY
தொல்,ANCIENT
நலம்,BEAUTY
இழந்து,LOSING
இனி,NOW
அணி,BEAUTY
வனப்பு,BEAUTY
இழந்த,LOST
தன்,HER
அணை,BED
மென்,SOFT
தோள்,SHOULDER
அல்லாக்கால்,IF_NOT
இன்று,TODAY
இவ்,THIS
ஊர்,VILLAGE
அலர்,GOSSIP
தூற்ற,GOSSIP
எய்யாய்,NOT_SHOOTING
நீ,YOU
துறத்தலின்,LEAVING
நின்ற,STANDING
தன்,HER
எவ்வ,DISTRESS
நோய்,SICKNESS
என்னையும்,ME
மறைத்தாள்,HID_SHE
மன்,INDEED
வென்ற,VICTORY
வேல்,SPEAR
நுதி,POINT
ஏய்க்கும்,RESEMBLES
விறல்,VALOR
நலன்,BEAUTY
இழந்து,LOSING
இனி,NOW
நின்று,STANDING
நீர்,WATER
உக,FALL
கலுழும்,WEEPS
நெடும்,LONG
பெரும்,GREAT
கண்,EYE
அல்லாக்கால்,IF_NOT
அதனால்,THEREFORE
பிரிவு,SEPARATION
இல்லாய்,WITHOUT
போல,LIKE
நீ,YOU
தெய்வத்தின்,GOD
தெளித்தக்,CLARIFIED
கால்,TIME
அரிது,DIFFICULT
என்னாள்,NOT_SAYING
துணிந்தவள்,DECIDED_SHE
ஆய்,BEAUTIFUL
நலம்,BEAUTY
பெயர்தர,RETURN
புரி,TWIST
உளைக்,MANE
கலி,NOISY
மான்,DEER
தேர்,CHARIOT
கடவுபு,DRIVING
விரி,SPREAD
தண்,COOL
தார்,GARLAND
வியல்,BROAD
மார்ப,CHEST
விரைக,SPEED
நின்,YOUR
செலவே,JOURNEY
கண்டவர்,THOSE_WHO_SAW
இல்,NOT
என,SAY
உலகத்துள்,WORLD
உணராதார்,THOSE_WHO_DONT_KNOW
தங்காது,WITHOUT_STAYING
தகைவு,HESITATION
இன்றி,WITHOUT
தாம்,THEY
செய்யும்,DO
வினைகளுள்,DEEDS
நெஞ்சு,HEART
அறிந்த,KNOWN
கொடியவை,CRUEL_THINGS
மறைப்பினும்,EVEN_IF_HIDE
அறிபவர்,KNOWERS
நெஞ்சத்துக்,HEART
குறுகிய,APPROACHED
கரி,WITNESS
இல்லை,NOT
ஆகலின்,BECAUSE
வண்,BOUNTIFUL
பரி,HORSE
நவின்ற,SPOKEN
வய,STRONG
மான்,DEER
செல்வ,RICH_ONE
நன்கு,WELL
அதை,THAT
அறியினும்,EVEN_IF_KNOW
நயன்,GOODNESS
இல்லா,WITHOUT
நாட்டத்தால்,INTENTION
அன்பு,AFFECTION
இலை,NOT
என,SAY
வந்து,COMING
கழறுவல்,I_SPEAK
ஐయ,FRIEND
கேள்,LISTEN
மகிழ்,JOY
செய்,DOING
தே,SWEET
மொழித்,WORD
தொய்யில்,PAINTING
சூழ்,SURROUNDING
இள,YOUNG
முலை,BREAST
முகிழ்,BUD
செய,DOING
முள்கிய,PIERCING
தொடர்பு,CONNECTION
அவள்,HER
உண்கண்,BEAUTIFUL_EYE
அவிழ்,OPENING
பனி,TEARS
உறைப்பவும்,SPRINKLING
நல்காது,NOT_FAVORING
விடுவாய்,YOU_LEAVE
இமிழ்,SOUNDING
திரை,WAVE
கொண்க,SEA_KING
கொடியை,CRUEL_ONE
காண்,SEE
நீ,YOU
இலங்கு,SHINE
ஏர்,BEAUTY
எல்,BRIGHT
வளை,BRACELET
ஏர்,BEAUTY
தழை,LEAF
தைஇ,MAKING
நலம்,BEAUTY
செல,GO
நல்கிய,GIVEN
தொடர்பு,CONNECTION
அவள்,SHE
சாஅய்,FADING
புலந்து,BEING_ANGRY
அழ,CRY
புல்லாது,NOT_EMBRACING
விடுவாய்,YOU_LEAVE
இலங்கு,SHINE
நீர்ச்,WATER
சேர்ப்ப,SEASHORE
கொடியை,CRUEL_ONE
காண்,SEE
நீ,YOU
இன்,SWEET
மணிச்,BELL
சிலம்பின்,ANKLET
சில்,FEW
மொழி,WORD
ஐம்பால்,FIVE_HAIR
பின்னொட,BRAID
கெழீஇய,JOINED
தட,SOFT
அரவு,SNAKE
அல்குல்,WAIST
நுண்,FINE
வரி,LINE
வாட,FADE
வாராது,NOT_COMING
விடுவாய்,YOU_LEAVE
தண்ணம்,COOL
துறைவ,FORD_OWNER
தகாஅய்,UNFITTING_ONE
காண்,SEE
நீ,YOU
என,SAY
ஆங்கு,THUS
அனையள்,SUCH_SHE
என்று,SAY
அளிமதி,HAVE_MERCY
பெரும,GREAT_ONE
நின்,YOUR
இன்று,WITHOUT
இறை,LORD
வரை,LIMIT
நில்லா,NOT_STAYING
வளையள்,BRACELETED_SHE
இவட்கு,FOR_HER
இனிப்,NOW
பிறை,CRESCENT
ஏர்,BEAUTY
சுடர்,FLAME
நுதல்,FOREHEAD
பசலை,PALLOR
மறைய,HIDE
செல்லும்,WILL_GO
நீ,YOU
மணந்தனை,EMBRACED
விடினே,IF_YOU_LEAVE
பொன்,GOLD
மலை,MOUNTAIN
சுடர்,FLAME
சேர,JOIN
புலம்பிய,LAMENTING
இடன்,PLACE
நோக்கி,LOOKING
தன்,ITSELF
மலைந்து,STRUGGLING
உலகு,WORLD
ஏத்த,PRAISE
தகை,BEAUTY
மதி,MOON
ஏர்தர,ATTRACTING
செக்கர்,EVENING_SKY
கொள்,HAVING
பொழுதினான்,TIME
ஒலி,SOUND
நீவி,REMOVING
இன,GROUP
நாரை,CRANE
முக்கோல்,THREE_STAVES
கொள்,HAVING
அந்தணர்,BRAHMINS
முது,OLD
மொழி,WORD
நினைவார்,THINKERS
போல்,LIKE
எக்கர்,SAND_DUNE
மேல்,UPON
இறைகொள்ளும்,TAKES_SHELTER
இலங்கு,SHINE
நீர்த்,WATER
தண்,COOL
சேர்ப்ப,SEASHORE
அணிச்,BEAUTY
சிறை,WING
இன,GROUP
குருகு,HERON
ஒலிக்கும்கால்,WHEN_SOUNDS
நின்,YOUR
திண்,STRONG
தேர்,CHARIOT
மணிக்,BELL
குரல்,SOUND
என,SAY
இவள்,SHE
மதிக்கும்மன்,WILL_THINK
மதித்தாங்கே,AS_SHE_THINKS
உள்,INSIDE
ஆன்ற,CEASED
ஒலியவாய்,SOUNDING
இருப்பக்,BEING
கண்டு,SEEING
அவை,THEY
கானல்,GROVE
புள்,BIRD
என,SAY
உணர்ந்து,KNOWING
பின்,AFTER
புலம்பு,SOLITUDE
கொண்டு,TAKING
இனையுமே,GRIEVES
நீர்,WATER
நீவி,REMOVING
கஞன்ற,SUFFERED
பூக்,FLOWER
கமழும்கால்,WHEN_FRAGRANT
நின்,YOUR
மார்பின்,CHEST
தார்,GARLAND
நாற்றம்,SMELL
என,SAY
இவள்,SHE
மதிக்கும்மன்,WILL_THINK
மதித்தாங்கே,AS_SHE_THINKS
அலர்,FLOWER
பதத்து,PLACE
அசை,GENTLE
வளி,WIND
வந்து,COMING
ஒல்க,LEAN
கழிப்,LAGOON
பூத்த,FLOWERED
மலர்,FLOWER
என,SAY
உணர்ந்து,KNOWING
பின்,AFTER
மம்மர்,CONFUSION
கொண்டு,TAKING
இனையுமே,GRIEVES
நீள்,LONG
நகர்,HOUSE
நிறை,FULL
ஆற்றாள்,UNABLE
நினையுநள்,THINKING_SHE
வதிந்தக்,REMAINED
கால்,TIME
தோள்,SHOULDER
மேலாய்,ABOVE
என,SAY
நின்னை,YOU
மதிக்கும்மன்,WILL_THINK
மதித்தாங்கே,AS_SHE_THINKS
நனவு,WAKING
என,SAY
புல்லும்கால்,WHEN_EMBRACING
காணாளாய்,NOT_SEEING
கண்டது,SEEN
கனவு,DREAM
என,SAY
உணர்ந்து,KNOWING
பின்,AFTER
கையற்று,HELPLESS
கலங்குமே,CONFUSES
என,SAY
ஆங்கு,THUS
பல,MANY
நினைந்து,THINKING
இனையும்,GRIEVES
பைதல்,SUFFERING
நெஞ்சின்,HEART
அலமரல்,CONFUSION
நோயுள்,SICKNESS
உழக்கும்,SUFFERS
என்,MY
தோழி,FRIEND
மதி,MOON
மருள்,LIKE
வாள்,SWORD
முகம்,FACE
விளங்க,SHINE
புது,NEW
நலம்,BEAUTY
ஏர்தர,ATTRACTING
பூண்க,MAY_IT_ADORN
நின்,YOUR
தேரே,CHARIOT
தெரி,SELECTED
இணர்,CLUSTER
ஞாழலும்,NJAZHAL_TREE
தேம்,HONEY
கமழ்,FRAGRANT
புன்னையும்,PUNNAI_TREE
புரி,TWIST
அவிழ்,BLOOM
பூவின,FLOWER
கைதையும்,KAITHAI_FLOWER
செருந்தியும்,SURUNTI_FLOWER
வரி,LINE
ஞிமிறு,BEE
இமிர்ந்து,HUMMING
ஆர்ப்ப,SOUNDING
இரும்,DARK
தும்பி,BEE
இயைபு,JOINING
ஊத,BLOW
செரு,BATTLE
மிகு,GREAT
நேமியான்,DISCUS_GOD
தார்,GARLAND
போல,LIKE
பெரும்,GREAT
கடல்,SEA
வரி,LINE
மணல்,SAND
வாய்,MOUTH
சூழும்,SURROUNDS
வயங்கு,SHINE
நீர்த்,WATER
தண்,COOL
சேர்ப்ப,SEASHORE
கொடும்,CROOKED
கழி,LAGOON
வளைஇய,SURROUNDED
குன்று,HILL
போல்,LIKE
வால்,WHITE
எக்கர்,SAND_DUNE
நடுங்கு,TREMBLING
நோய்,SICKNESS
தீர,REMOVE
நின்,YOUR
குறி,SIGN
வாய்த்தாள்,OBTAINED_SHE
என்பதோ,IS_IT_SAID
கடும்,SEVERE
பனி,DEW
அறல்,SAND
இகு,FALL
கயல்,CARP
ஏர்,BEAUTY
கண்,EYE
பனி,TEARS
மல்க,FILL
இடும்பையோட,DISTRESS
இனைபு,GRIEVING
ஏங்க,LAMENTING
இவளை,HER
நீ,YOU
துறந்ததை,LEFT
குறி,SIGN
இன்றி,WITHOUT
பல்நாள்,MANY_DAYS
நின்,YOUR
கடும்,FAST
திண்,STRONG
தேர்,CHARIOT
வருபதம்,COMING_PLACE
கண்டு,SEEING
எறி,BEATING
திரை,WAVE
இமிழ்,SOUNDING
கானல்,GROVE
எதிர்கொண்டாள்,WELCOMED_SHE
என்பதோ,IS_IT_SAID
அறிவு,WISDOM
அஞர்,FEAR
உழந்து,SUFFERING
ஏங்கி,LAMENTING
ஆய்,BEAUTIFUL
நலம்,BEAUTY
வறிது,EMPTY
ஆக,BEING
செறி,TIGHT
வளை,BRACELET
தோள்,SHOULDER
ஊர,SPREAD
இவளை,HER
நீ,YOU
துறந்ததை,LEFT
காண்வர,APPEARING
இயன்ற,MADE
இக்,THIS
கவின்,BEAUTY
பெறு,OBTAINING
பனி,DEW
துறை,FORD
யாமத்து,NIGHT
வந்து,COMING
நின்,YOUR
குறி,SIGN
வாய்த்தாள்,OBTAINED_SHE
என்பதோ,IS_IT_SAID
வேய்,BAMBOO
நலம்,BEAUTY
இழந்த,LOST
தோள்,SHOULDER
விளங்கு,SHINE
இழை,JEWEL
பொறை,BURDEN
ஆற்றாள்,UNABLE
வாள்,SWORD
நுதல்,FOREHEAD
பசப்பு,PALLOR
ஊர,SPREAD
இவளை,HER
நீ,YOU
துறந்ததை,LEFT
அதனால்,THEREFORE
இறை,LORD
வளை,BRACELET
நெகிழ்ந்த,LOOSENED
எவ்வ,DISTRESS
நோய்,SICKNESS
இவள்,SHE
தீர,REMOVE
உரவுக்,STRONG
கதிர,RAY
தெறும்,BURNS
என,SAY
ஓங்கு,HIGH
திரை,WAVE
விரைபு,SPEEDING
தன்,ITS
கரை,SHORE
அமல்,ABUNDANT
அடும்பு,IPOMOEA
அளித்தாஅங்கு,GAVE_LIKE
உரவு,STRONG
நீர்ச்,WATER
சேர்ப்ப,SEASHORE
அருளினை,MERCY
அளிமே,FAVOR
தோள்,SHOULDER
துறந்து,LEAVING
அருளாதவர்,MERCILESS_ONES
போல்,LIKE
நின்று,STANDING
வாடை,COLD_WIND
தூக்க,RAISING
வணங்கிய,BOWED
தாழை,SCREW_PINE
ஆடு,DANCING
கோட்டு,BRANCH
இருந்த,SAT
அசை,GENTLE
நடை,GAIT
நாரை,HERON
நளி,THICK
இரும்,DARK
கங்குல்,NIGHT
நம்,OUR
துயர்,SORROW
அறியாது,NOT_KNOWING
அளி,MERCY
இன்று,WITHOUT
பிணி,SICKNESS
இன்று,WITHOUT
விளியாது,WITHOUT_DYING
நரலும்,SOUNDS
கானல்,GROVE
அம்,BEAUTIFUL
சேர்ப்பனை,SEASHORE_MAN
கண்டாய்,SAW_YOU
போல,LIKE
புதுவது,NEW
கவினினை,BEAUTY
என்றி,YOU_SAY
ஆயின்,IF
நனவின்,WAKING
வாரா,NOT_COMING
நயன்,GOODNESS
இலாளனை,WITHOUT_MAN
கனவில்,DREAM
கண்டு,SEEING
யான்,I
செய்தது,DID
கேள்,LISTEN
இனி,NOW
அலந்தாங்கு,SUFFERING_LIKE
அமையலென்,I_WONT_STOP
என்றானை,WHO_SAID
பற்றி,GRASPING
என்,MY
நலம்,BEAUTY
தாராயோ,WONT_YOU_GIVE
என,SAY
தொடுப்பேன்,I_WILL_TOUCH
போலவும்,LIKE
கலந்து,MIXING
ஆங்கே,THERE
என்,MY
கவின்,BEAUTY
பெற,OBTAINING
முயங்கிப்,EMBRACING
புலம்பல்,LAMENTATION
ஓம்பு,AVOID
என,SAY
அளிப்பான்,GIVER
போலவும்,LIKE
முலை,BREAST
இடை,MIDDLE
துயிலும்,SLEEPS
மறந்தீத்தோய்,FORGOT_ONE
என,SAY
நிலை,STATE
அழி,DESTROYED
நெஞ்சத்தேன்,HEART
அழுவேன்,I_WILL_CRY
போலவும்,LIKE
வலை,NET
உறு,CAUGHT
மயிலின்,PEACOCK
வருந்தினை,SUFFERED_YOU
பெரிது,GREATLY
என,SAY
தலையுற,HEAD
முன்,FRONT
அடிப்,FOOT
பணிவான்,BOWING
போலவும்,LIKE
கோதை,GARLAND
கோலா,NOT_ADORNING
இறைஞ்சி,BOWING
நின்ற,STOOD
ஊதை,COLD_WIND
அம்,BEAUTIFUL
சேர்ப்பனை,SEASHORE_MAN
அலைப்பேன்,I_WILL_TROUBLE
போலவும்,LIKE
யாது,WHAT
என்,MY
பிழைப்பு,FAULT
என,SAY
நடுங்கி,TREMBLING
ஆங்கே,THERE
பேதையை,FOOL
பெரிது,GREATLY
என,SAY
தெளிப்பான்,CLARIFIER
போலவும்,LIKE
ஆங்க,THERE
கனவினால்,DREAM
கண்டேன்,I_SAW
தோழி,FRIEND
காண்தகக்,FITTING_TO_SEE
கனவின்,DREAM
வந்த,COME
கானலம்,GROVE
சேர்ப்பன்,SEASHORE_MAN
நனவின்,WAKING
வருதலும்,COMING
உண்டு,POSSIBLE
என,SAY
அனை,SO_MUCH
வரை,LIMIT
நின்றது,STOOD
என்,MY
அரும்,DIFFICULT
பெறல்,OBTAINING
உயிரே,LIFE
தொல்,ANCIENT
ஊழி,AGE
தடுமாறி,FALTERING
தொகல்,COLLECTING
வேண்டும்,NEED
பருவத்தால்,SEASON
பல்வயின்,MANY_PLACES
உயிர்,LIFE
எல்லாம்,ALL
படைத்தான்கண்,CREATOR
பெயர்ப்பான்,TRANSFORMER
போல்,LIKE
எல்,BRIGHT
உறு,TOUCHING
தெறு,BURNING
கதிர,RAY
மடங்கித்,TURNING
தன்,HIS
கதிர,RAY
மாய,LOSE
நல்,GOOD
அற,RIGHTEOUSNESS
நெறி,WAY
நிறீஇ,PLACING
உலகு,WORLD
ஆண்ட,RULED
அரசன்,KING
பின்,AFTER
அல்லது,EVIL
மலைந்து,WEARING
இருந்து,SITTING
அற,RIGHTEOUSNESS
நெறி,WAY
நிறுக்கல்லா,UNABLE_TO_PLACE
மெல்லியான்,GENTLE_ONE
பருவம்,SEASON
போல்,LIKE
மயங்கு,CONFUSED
இருள்,DARKNESS
தலை,HEAD
வர,COME
எல்லைக்கு,LIMIT
வரம்பு,BOUNDARY
ஆய,BEING
இடும்பை,DISTRESS
கூர்,SHARP
மருள்,DUSK
மாலை,EVENING
பாய்,SPRINGING
திரை,WAVE
பாடு,SONG
ஓவாப்,UNCEASING
பரப்பு,EXPANSE
நீர்,WATER
பனிக்,COLD
கடல்,SEA
தூ,PURE
அற,WITHOUT
துறந்தனன்,LEFT_HE
துறைவன்,FORD_OWNER
என்று,SAY
அவன்,HE
திறம்,SIDE
நோய்,SICKNESS
தெற,BURN
உழப்பார்கண்,SUFFERERS
இமிழ்தியோ,DO_YOU_SOUND
எம்,WE
போல,LIKE
காதல்,LOVE
செய்து,DOING
அகன்றாரை,GONE_ONES
உடையையோ,DO_YOU_HAVE
நீ,YOU
மன்று,COMMONS
இரும்,DARK
பெண்ணை,PALM_TREE
மடல்,LEAF
சேர்,JOINED
அன்றில்,NIGHT_HERON
நன்று,GOOD
அறை,SPEAK
கொன்றனர்,KILLED
அவர்,THEY
என,SAY
கலங்கிய,CONFUSED
என்,MY
துயர்,SORROW
அறிந்தனி,KNEW_YOU
நரறியோ,DO_YOU_CRY
எம்,WE
போல,LIKE
இன்,SWEET
துணைப்,COMPANION
பிரிந்தாரை,SEPARATED_ONES
உடையையோ,DO_YOU_HAVE
நீ,YOU
பனி,COLD
இருள்,DARKNESS
சூழ்தர,SURROUND
பைதல்,SUFFERING
அம்,BEAUTIFUL
சிறு,SMALL
குழல்,FLUTE
இனி,NOW
வரின்,IF_COME
உயரும்,WILL_RISE
மன்,INDEED
பழி,BLAME
என,SAY
கலங்கிய,CONFUSED
தனியவர்,LONELY_ONES
இடும்பை,DISTRESS
கண்டு,SEEING
இனைதியோ,DO_YOU_GRIEVE
எம்,WE
போல,LIKE
இனிய,SWEET
செய்து,DOING
அகன்றாரை,GONE_ONES
உடையையோ,DO_YOU_HAVE
நீ,YOU
என,SAY
ஆங்கு,THUS
அழிந்து,PERISHING
அயல்,OTHERS
அறிந்த,KNOWN
எவ்வம்,DISTRESS
மேற்பட,INCREASE
பெரும்,GREAT
பேதுறுதல்,CONFUSION
களைமதி,REMOVE
பெரும,GREAT_ONE
வருந்திய,SUFFERED
செல்லல்,GRIEF
தீர்த்த,REMOVED
திறன்,WAY
அறி,KNOWS
ஒருவன்,ONE_MAN
மருந்து,MEDICINE
அறைகோடலின்,SPEAKING
கொடிதே,CRUEL
யாழ,YOUR
நின்,YOUR
அருந்தியோர்,SUFFERERS
நெஞ்சம்,HEART
அழிந்து,PERISHING
உக,FALL
விடினே,IF_LEAVE
நயனும்,GOODNESS
வாய்மையும்,TRUTH
நன்னர்,GOOD
நடுவும்,JUSTICE
இவனின்,THIS_MAN
தோன்றிய,APPEARED
இவை,THESE
என,SAY
இரங்க,LAMENT
புரை,FAULT
தவ,REMOVING
நாடி,SEEKING
பொய்,LIE
தபுத்து,REMOVED
இனிது,SWEETLY
ஆண்ட,RULED
அரைசனோட,KING
உடன்,TOGETHER
மாய்ந்த,DIED
நல்,GOOD
ஊழிச்,AGE
செல்வம்,WEALTH
போல்,LIKE
நிரை,LINE
கதிர்க்,RAY
கனலி,SUN
பாடொட,SONG
பகல்,DAY
செல,GO
கல்லாது,NOT_LEARNING
முதிர்ந்தவன்,AGED_ONE
கண்,EYE
இல்லா,WITHOUT
நெஞ்சம்,HEART
போல்,LIKE
புல்,GRASS
இருள்,DARKNESS
பரத்தரூஉம்,SPREADS
புலம்பு,SOLITUDE
கொள்,HAVING
மருள்,DUSK
மாலை,EVENING
இம்,THIS
மாலை,EVENING
ஐயர்,BRAHMINS
அவிர்,SHINE
அழல்,FIRE
எடுப்ப,RAISING
அரோ,INDEED
என்,MY
கையறு,HELPLESS
நெஞ்சம்,HEART
கனன்று,BLAZING
தீ,FIRE
மடுக்கும்,PLUNGES
இம்,THIS
மாலை,EVENING
இரும்,DARK
கழி,LAGOON
மா,GREAT
மலர்,FLOWER
கூம்ப,FOLD
அரோ,INDEED
என்,MY
அரும்,DIFFICULT
படர்,SUFFERING
நெஞ்சம்,HEART
அழிவொட,DESTRUCTION
கூம்பும்,FOLDS
இம்,THIS
மாலை,EVENING
கோவலர்,COWHERDS
தீம்,SWEET
குழல்,FLUTE
இனைய,GRIEVE
அரோ,INDEED
என்,MY
பூ,FLOWER
எழில்,BEAUTY
உண்கண்,BEAUTIFUL_EYE
புலம்பு,SOLITUDE
கொண்டு,TAKING
இனையும்,GRIEVES
என,SAY
ஆங்கு,THUS
படு,SETTING
சுடர்,FLAME
மாலையொட,EVENING
பைதல்,SUFFERING
நோய்,SICKNESS
உழப்பாளை,SUFFERING_SHE
குடி,FAMILY
புறங்காத்து,PROTECTING
ஓம்பும்,PROTECTS
செம்,RED
கோலான்,SCEPTER
வியன்,BROAD
தானை,ARMY
விடுவழி,PLACE_OF_LEAVING
விடுவழிச்,PLACE_OF_LEAVING
சென்றாங்கு,WENT_LIKE
அவர்,THEY
தொடுவழித்,PLACE_OF_TOUCHING
தொடுவழி,PLACE_OF_TOUCHING
நீங்கின்றால்,LEAVES
பசப்பே,PALLOR
பெரும்,GREAT
கடல்,SEA
தெய்வம்,GOD
நீர்,WATER
நோக்கித்,LOOKING
தெளித்து,CLARIFYING
என்,MY
திருந்து,STRAIGHT
இழை,JEWEL
மென்,SOFT
தோள்,SHOULDER
மணந்தவன்,EMBRACED_ONE
செய்த,DONE
அரும்,DIFFICULT
துயர்,SORROW
நீக்குவேன்,I_WILL_REMOVE
போல்மன்,LIKE
பொருந்துபு,JOINING
பூக்,FLOWER
கவின்,BEAUTY
கொண்ட,HAVING
புகழ்,FAME
சால்,ABOUNDING
எழில்,BEAUTY
உண்கண்,BEAUTIFUL_EYE
நோக்கும்கால்,WHEN_LOOKING
நோக்கின்,LOOK
அணங்கு,GODDESS
ஆக்கும்,MAKES
சாயலாய்,GENTLE_ONE
தாக்கி,ATTACKING
இன,GROUP
மீன்,FISH
இகல்,STRENGTH
மாற,CHANGE
வென்ற,VICTORY
சின,ANGER
மீன்,FISH
எறி,BEATING
சுறா,SHARK
வான்,GREAT
மருப்பு,TUSK
கோத்து,STRINGING
நெறி,WAY
செய்த,MADE
நெய்தல்,WATER_LILY
நெடு,LONG
நார்ப்,STEM
பிணித்து,TIED
யாத்து,TIED
கை,HAND
உளர்வின்,SWINGING
யாழ்,LUTE
இசை,SOUND
கொண்ட,HAVING
இன,GROUP
வண்டு,BEE
இமிர்ந்து,HUMMING
ஆர்ப்ப,SOUNDING
தாழாது,WITHOUT_DELAY
உறைக்கும்,FALLS
தட,SOFT
மலர்த்,FLOWER
தண்,COOL
தாழை,SCREW_PINE
வீழ்,FALLING
ஊசல்,SWING
தூங்க,SWING
பெறின்,IF_OBTAIN
மாழை,CONFUSION
மட,SOFT
மான்,DEER
பிணை,FEMALE_DEER
இயல்,NATURE
வென்றாய்,VICTORIOUS_ONE
நின்,YOUR
ஊசல்,SWING
கடைஇ,PROCEEDING
யான்,I
இகுப்ப,I_PUSH
நீடு,LONG
ஊங்காய்,PLACE
தட,SOFT
மென்,SOFT
தோள்,SHOULDER
நீத்தான்,LEFT_ONE
திறங்கள்,SIDES
பகர்ந்து,SPEAKING
நாணின,ASHAMED
கொல்,PERHAPS
தோழி,FRIEND
நாணின,ASHAMED
கொல்,PERHAPS
தோழி,FRIEND
இரவு,NIGHT
எலாம்,ALL
நல்தோழி,GOOD_FRIEND
நாணின,ASHAMED
என்பவை,THEY_SAY
வாள்,SWORD
நிலா,MOONLIGHT
ஏய்க்கும்,RESEMBLES
வயங்கு,SHINE
ஒளி,LIGHT
எக்கர்,SAND_DUNE
மேல்,UPON
ஆனாப்,UNCEASING
பரிய,SPREADING
அலவன்,CRAB
அளை,BURROW
புகூஉம்,ENTERS
கானல்,GROVE
கமழ்,FRAGRANT
ஞாழல்,NJAZHAL_TREE
வீ,FLOWER
ஏய்ப்ப,RESEMBLING
தோழி,FRIEND
என்,MY
மேனி,BODY
சிதைத்தான்,DESTROYED
துறை,FORD
மாரி,RAIN
வீழ்,FALLING
இரும்,DARK
கூந்தல்,HAIR
மதைஇய,PROUD
நோக்கு,LOOK
எழில்,BEAUTY
உண்கண்,BEAUTIFUL_EYE
தாழ்,LOW
நீர,WATER
முத்தின்,PEARL
தகை,BEAUTY
ஏய்க்கும்,RESEMBLES
முறுவலாய்,SMILE
தேயா,UNCEASING
நோய்,SICKNESS
செய்தான்,DOER
திறம்,SIDE
கிளந்து,SPEAKING
நாம்,WE
பாடும்,SING
சேய்,DISTANT
உயர்,HIGH
ஊசல்சீர்,SWING_BEAUTY
நீ,YOU
ஒன்று,ONE
பாடித்தை,SING
பார்த்து,LOOKING
உற்றன,FELT
தோழி,FRIEND
பார்த்து,LOOKING
உற்றன,FELT
தோழி,FRIEND
இரவு,NIGHT
எலாம்,ALL
நல்தோழி,GOOD_FRIEND
பார்த்து,LOOKING
உற்றன,FELT
என்பவை,THEY_SAY
தன்,HIS
துணை,COMPANION
இல்லாள்,WITHOUT_SHE
வருந்தினாள்,SUFFERED_SHE
கொல்,PERHAPS
என,SAY
இன்,SWEET
துணை,COMPANION
அன்றில்,NIGHT_HERON
இரவின்,NIGHT
அகவாவே,SINGS
அன்று,THAT_DAY
தான்,HE
ஈர்த்த,ATTRACTED
கரும்பு,SUGARCANE
அணி,BEAUTY
வாட,FADE
என்,MY
மென்தோள்,SOFT_SHOULDER
ஞெகிழ்த்தான்,LOOSENED
துறை,FORD
கரை,SHORE
கவர்,ATTRACTING
கொடும்,CROOKED
கழிக்,LAGOON
கண்கவர்,EYE_ATTRACTING
புள்,BIRD
இனம்,GROUP
திரை,WAVE
உற,TOUCHING
பொன்றிய,DIED
புலவு,FLESH
மீன்,FISH
அல்லதை,EXCEPT
இரை,PREY
உயிர,LIFE
செகுத்து,KILLING
உண்ணாத்,NOT_EATING
துறைவனை,FORD_OWNER
யாம்,WE
பாடும்,SING
அசை,GENTLE
வரல்,COMING
ஊசல்சீர்,SWING_BEAUTY
அழித்து,PRAISING
ஒன்று,ONE
பாடித்தை,SING
அருளின,MERCIFUL
கொல்,PERHAPS
தோழி,FRIEND
அருளின,MERCIFUL
கொல்,PERHAPS
தோழி,FRIEND
இரவு,NIGHT
எலாம்,ALL
தோழி,FRIEND
அருளின,MERCIFUL
என்பவை,THEY_SAY
கணம்,GROUP
கொள்,HAVING
இடு,PLACE
மணல்,SAND
காவி,GROVE
வருந்த,SUFFER
பிணங்கு,ENTANGLED
இரு,DARK
மோட்ட,HUMPED
திரை,WAVE
வந்து,COMING
அளிக்கும்,GIVES
மணம்,FRAGRANCE
கமழ்,EMITTING
ஐம்பாலார்,FIVE_HAIR_WOMEN
ஊடலை,SULK
ஆங்கே,THERE
வணங்கி,BOWING
உணர்ப்பான்,MAKES_AWARE
துறை,FORD
என,SAY
நாம்,WE
பாட,SING
மறை,SECRETLY
நின்று,STANDING
கேட்டனன்,HEARD_HE
நீடிய,LONG
வால்,WHITE
நீர்க்,WATER
கிடக்கை,LAY
வயங்கு,SHINE
நீர்ச்,WATER
சேர்ப்பனை,SEASHORE_MAN
யான்,I
என,SAY
உணர்ந்து,KNOWING
நீ,YOU
நனி,MUCH
மருள,BE_CONFUSED
தேன்,HONEY
இமிர்,HUMMING
புன்னை,PUNNAI_TREE
பொருந்தி,JOINING
தான்,HE
ஊக்கினன்,RAISED_HE
அவ்,THAT
ஊசலை,SWING
வந்தே,CAME
உரவு,STRONG
நீர்த்,WATER
திரை,WAVE
பொர,FIGHT
ஓங்கிய,RAISED
எக்கர்,SAND_DUNE
மேல்,UPON
விரவுப்,MIXED
பல்,MANY
உருவின,FORMS
வீழ்,LOVING
பெடை,FEMALE
துணை,COMPANION
ஆக,AS
இரை,PREY
தேர்ந்து,SEEKING
உண்டு,EATING
அசாவிடூஉம்,REST
புள்,BIRD
இனம்,GROUP
இறைகொள,TAKING_SHELTER
முரைசு,DRUM
மூன்று,THREE
ஆள்பவர்,RULERS
முரணியோர்,ENEMIES
முரண்,STRENGTH
தப,REMOVE
நிரை,LINE
களிறு,ELEPHANT
இடைபட,IN_BETWEEN
நெறி,WAY
யாத்த,TIED
இருக்கை,SEAT
போல்,LIKE
சிதைவு,DESTRUCTION
இன்றி,WITHOUT
சென்றுழி,GOING_PLACE
சிறப்பு,HONOR
எய்தி,OBTAINING
வினை,DEED
வாய்த்துத்,FITTING
துறைய,FORD
கலம்,SHIP
வாய்,MOUTH
சூழும்,SURROUNDS
துணி,CLEAR
கடல்,SEA
தண்,COOL
சேர்ப்ப,SEASHORE
புன்னைய,PUNNAI_TREE
நறும்,FRAGRANT
பொழில்,GROVE
புணர்ந்தனை,UNITED_YOU
இருந்தக்கால்,IF_YOU_STAY
நல்,GOOD
நுதால்,FOREHEAD
அஞ்சல்,DONT_FEAR
ஓம்பு,PROTECT
என்றதன்,THAT_WAS_SAID
பயன்,RESULT
அன்றோ,IS_IT_NOT
பாயின,SPREAD
பசலையால்,PALLOR
பகல்,DAY
கொண்ட,TAKING
சுடர்,FLAME
போன்றாள்,LIKE_SHE
மாவின,ANIMAL
தளிர்,TENDER_LEAF
போலும்,LIKE
மாண்,BEAUTIFUL
நலம்,BEAUTY
இழந்ததை,LOST
பல்,MANY
மலர்,FLOWER
நறும்,FRAGRANT
பொழில்,GROVE
பழி,BLAME
இன்றி,WITHOUT
புணர்ந்தக்கால்,IF_UNITED
சின்,SMALL
மொழி,WORD
தெளி,UNDERSTAND
என,SAY
தேற்றிய,CONVINCED
சிறப்பு,HONOR
அன்றோ,IS_IT_NOT
வாடுபு,FADING
வனப்பு,BEAUTY
ஓடி,RUNNING
வயக்கு,STRENGTH
உறா,NOT_HAVING
மணி,BELL
போன்றாள்,LIKE_SHE
நீடு,LONG
இறை,LORD
நெடு,LONG
மென்தோள்,SOFT_SHOULDER
நிரை,LINE
வளை,BRACELET
நெகிழ்ந்தந்தை,LOOSENED
அடும்பு,IPOMOEA
இவர்,RISE
அணி,BEAUTY
எக்கர்,SAND_DUNE
ஆடி,DANCING
நீ,YOU
மணந்தக்கால்,IF_EMBRACED
கொடும்,CROOKED
குழாய்,HAIR
தெளி,UNDERSTAND
என,SAY
கொண்டதன்,THAT_WAS_TAKEN
கொளை,METER
அன்றோ,IS_IT_NOT
பொறை,BURDEN
ஆற்றா,UNABLE
நுசுப்பினால்,WAIST
பூ,FLOWER
வீந்த,FALLEN
கொடி,CREEPER
போன்றாள்,LIKE_SHE
மறை,SECRET
பிறர்,OTHERS
அறியாமை,NOT_KNOWING
மாணா,NOT_GOOD
நோய்,SICKNESS
உழந்ததை,SUFFERED
என,SAY
ஆங்கு,THUS
வழிபட்ட,FOLLOWED
தெய்வம்தான்,GOD
வலி,STRENGTH
என,SAY
சார்ந்தார்கண்,FOR_THOSE_WHO_JOINED
கழியும்,REMOVES
நோய்,SICKNESS
கைம்மிக,INCREASING
அணங்கு,GODDESS
ஆகியது,BECAME
போல,LIKE
பழி,BLAME
பரந்து,SPREAD
அலர்,GOSSIP
தூற்ற,GOSSIP
என்,MY
தோழி,FRIEND
அழி,PERISH
படர்,SUFFERING
அலைப்ப,TROUBLE
அகறலோ,GOING
கொடிதே,CRUEL
மா,GREAT
மலர்,FLOWER
முண்டகம்,MUNDAGAM_TREE
தில்லையோட,TILLAI_TREE
ஒருங்கு,TOGETHER
உடன்,TOGETHER
கானல்,GROVE
அணிந்த,ADORNED
உயர்,HIGH
மணல்,SAND
எக்கர்,SAND_DUNE
மேல்,UPON
சீர்,FAME
மிகு,GREAT
சிறப்பினோன்,GLORIOUS_ONE
மர,TREE
முதல்,BASE
கை,HAND
சேர்த்த,JOINED
நீர்,WATER
மலி,FILLED
கரகம்,POT
போல்,LIKE
பழம்,FRUIT
தூங்கு,HANGING
முடத்,STUMPY
தாழை,SCREW_PINE
பூ,FLOWER
மலர்ந்தவை,BLOOMED
போல,LIKE
புள்,BIRD
அல்கும்,STAYS
துறைவ,FORD_OWNER
கேள்,LISTEN
ஆற்றுதல்,PERFORMING
என்பது,IS_CALLED
ஒன்று,ONE
அலந்தவர்க்கு,FOR_SUFFERERS
உதவுதல்,HELPING
போற்றுதல்,PROTECTING
என்பது,IS_CALLED
புணர்ந்தாரை,THOSE_UNITED
பிரியாமை,NOT_SEPARATING
பண்பு,CHARACTER
எனப்படுவது,IS_CALLED
பாடு,PROPRIETY
அறிந்து,KNOWING
ஒழுகுதல்,BEHAVING
அன்பு,AFFECTION
எனப்படுவது,IS_CALLED
தன்,HIS
கிளை,RELATIVES
செறாஅமை,NOT_HATING
அறிவு,WISDOM
எனப்படுவது,IS_CALLED
பேதையார்,FOOLS
சொல்,WORD
நோன்றல்,ENDURE
செறிவு,CLOSENESS
எனப்படுவது,IS_CALLED
கூறியது,SAID
மறாஅமை,NOT_FORGETTING
நிறை,DIGNITY
எனப்படுவது,IS_CALLED
மறை,SECRET
பிறர்,OTHERS
அறியாமை,NOT_KNOWING
முறை,JUSTICE
எனப்படுவது,IS_CALLED
கண்ணோடாது,WITHOUT_MERCY
உயிர,LIFE
வௌவல்,SEIZING
பொறை,FORBEARANCE
எனப்படுவது,IS_CALLED
போற்றாரை,THOSE_WHO_DONT_CARE
பொறுத்தல்,BEARING
ஆங்கு,THUS
அதை,THAT
அறிந்தனிர்,IF_YOU_KNOW
ஆயின்,IF
என்,MY
தோழி,FRIEND
நல்,GOOD
நுதல்,FOREHEAD
நலன்,BEAUTY
உண்டு,EATING
துறத்தல்,LEAVING
கொண்க,HUSBAND
தீம்,SWEET
பால்,MILK
உண்பவர்,DRINKERS
கொள்,HAVING
கலம்,VESSEL
வரைதல்,DRAWING
நின்தலை,YOUR_HEAD
வருந்தியாள்,SUFFERED_SHE
துயரம்,SORROW
சென்றனை,GOING
களைமோ,REMOVE
பூண்க,MAY_IT_ADORN
நின்,YOUR
தேரே,CHARIOT
மல்லரை,WRESTLERS
மறம்,VALOR
சாய்த்த,DESTROYED
மலர்,FLOWER
தண்,COOL
தார்,GARLAND
அகலத்தோன்,CHESTED_ONE
ஒல்லாதார்,ENEMIES
உடன்று,ANGRY
ஓட,RUN
உருத்து,ANGRY
உடன்,TOGETHER
எறிதலின்,STRIKING
கொல்,KILLING
யானை,ELEPHANT
அணி,BEAUTY
நுதல்,FOREHEAD
அழுத்திய,PRESSED
ஆழி,DISCUS
போல்,LIKE
கல்,STONE
சேர்பு,JOINING
ஞாயிறு,SUN
கதிர,RAY
வாங்கி,WITHDRAWING
மறைதலின்,HIDING
இரும்,DARK
கடல்,SEA
ஒலித்து,SOUNDING
ஆங்கே,THERE
இரவுக்,NIGHT
காண்பது,SEEING
போல,LIKE
பெரும்,GREAT
கடல்,SEA
ஓத,WATER
நீர்,WATER
வீங்குபு,SWELLING
கரை,SHORE
சேர,JOIN
போஒய,LEAVING
வண்டினால்,BEE
புல்லென்ற,FADED
துறையவாய்,FORD
பாயல்,SLEEP
கொள்பவை,TAKING
போல,LIKE
கய,POND
மலர்,FLOWER
வாய்,MOUTH
கூம்ப,FOLD
ஒரு,ONE
நிலையே,STATE
நடுக்குற்று,TREMBLING
இவ்,THIS
உலகு,WORLD
எலாம்,ALL
அச்சுற,FEAR
இரு,TWO
நிலம்,EARTH
பெயர்ப்பு,MOVING
அன்ன,LIKE
எவ்வம்,DISTRESS
கூர்,SHARP
மருள்,DUSK
மாலை,EVENING
தவல்,FAULT
இல்,WITHOUT
நோய்,SICKNESS
செய்தவர்க்,THOSE_WHO_DID
காணாமை,NOT_SEEING
நினைத்தலின்,THINKING
இகல்,ANGER
இடும்,PLACES
பனி,TEARS
தின,EATING
எவ்வத்துள்,DISTRESS
ஆழ்ந்து,PLUNGING
ஆங்கே,THERE
கவலை,ANXIETY
கொள்,HAVING
நெஞ்சினேன்,HEART
கலுழ்,WEEP
தர,GIVE
கடல்,SEA
நோக்கி,LOOKING
அவலம்,SORROW
மெய்க்,BODY
கொண்டது,TOOK
போலும்,LIKE
அது,THAT
எவன்,WHAT
கொலோ,PERHAPS
நடுங்கு,TREMBLING
நோய்,SICKNESS
செய்தவர்,THOSE_WHO_DID
நல்காமை,NOT_FAVORING
நினைத்தலின்,THINKING
கடும்,SEVERE
பனி,TEARS
கைம்மிக,INCREASING
கையாற்றுள்,HELPLESSNESS
ஆழ்ந்து,PLUNGING
ஆங்கே,THERE
நடுங்கு,TREMBLING
நோய்,SICKNESS
உழந்த,SUFFERED
என்,MY
நலன்,BEAUTY
அழிய,DESTROY
மணல்,SAND
நோக்கி,LOOKING
இடும்பை,DISTRESS
நோய்க்கு,SICKNESS
இகுவன,FALLING
போலும்,LIKE
அது,THAT
எவன்,WHAT
கொலோ,PERHAPS
வையினர்,CURSERS
நலன்,BEAUTY
உண்டார்,THOSE_WHO_ATE
வாராமை,NOT_COMING
நினைத்தலின்,THINKING
கையறு,HELPLESS
நெஞ்சினேன்,HEART
கலக்கத்துள்,CONFUSION
ஆழ்ந்து,PLUNGING
ஆங்கே,THERE
மையல்,CONFUSION
கொள்,HAVING
நெஞ்சொட,HEART
மயக்கத்தால்,CONFUSION
மரன்,TREE
நோக்கி,LOOKING
எவ்வத்தால்,DISTRESS
இயன்ற,MADE
போல்,LIKE
இலை,LEAF
கூம்பல்,FOLDING
எவன்,WHY
கொலோ,PERHAPS
என,SAY
ஆங்கு,THUS
கரை,SHORE
காணாப்,NOT_SEEING
பௌவத்து,SEA
கலம்,SHIP
சிதைந்து,DESTROYED
ஆழ்பவன்,DROWNER
திரை,WAVE
தர,GIVE
புணை,RAFT
பெற்றுத்,OBTAINING
தீது,EVIL
இன்றி,WITHOUT
உய்ந்தாங்கు,ESCAPED_LIKE
விரைவனர்,QUICK_ONES
காதலர்,LOVERS
புகுதர,ENTER
நிரை,LINE
தொடி,BRACELET
துயரம்,SORROW
நீங்கின்றால்,LEAVES
விரைந்தே,QUICKLY
துணை,COMPANION
புணர்ந்து,UNITING
எழுதரும்,RISING
தூ,PURE
நிற,COLOR
வலம்புரி,RIGHT_TURNING_CONCH
இணை,PAIR
திரள்,STRONG
மருப்பு,TUSK
ஆக,AS
எறி,BEATING
வளி,WIND
பாகனா,CHARIOTEER
அயில்,SHARP
திணி,STRONG
நெடும்,LONG
கதவு,DOOR
அமைத்து,MAKING
அடைத்து,CLOSING
அணி,BEAUTY
கொண்ட,HAVING
எயில்,FORT
இடு,PLACE
களிறே,ELEPHANT
போல்,LIKE
இடு,PLACE
மணல்,SAND
நெடு,LONG
கோட்டை,FORT
பயில்,ABUNDANT
திரை,WAVE
நடு,MIDDLE
நன்னாள்,GOOD_DAY
பாய்ந்து,SPRINGING
உறூஉம்,TOUCHES
துறைவ,FORD_OWNER
கேள்,LISTEN
கடி,FRAGRANT
மலர்ப்,FLOWER
புன்னைக்,PUNNAI_TREE
கீழ்,UNDER
காரிகை,BEAUTY
தோற்றாளை,WHO_APPEARED
தொடி,BRACELET
நெகிழ்த்த,LOOSENED
தோளளாத்,SHOULDERED_SHE
துறப்பாயால்,LEAVE
மற்று,FURTHER
நின்,YOUR
குடிமைக்,FAMILY
கண்,IN
பெரியது,GREAT
ஓர்,A
குற்றமாய்,FAULT
கிடவாதோ,NOT_STAY
ஆய்,BEAUTIFUL
மலர்ப்,FLOWER
புன்னைக்,PUNNAI_TREE
கீழ்,UNDER
அணி,BEAUTY
நலம்,BEAUTY
தோற்றாளை,WHO_APPEARED
நோய்,SICKNESS
மலி,FILLED
நிலையளாத்,STATE
துறப்பாயால்,LEAVE
மற்று,FURTHER
நின்,YOUR
வாய்மைக்,TRUTH
கண்,IN
பெரியது,GREAT
ஓர்,A
வஞ்சமாய்,DECEPTION
கிடவாதோ,NOT_STAY
திகழ்,SHINE
மலர்ப்,FLOWER
புன்னைக்,PUNNAI_TREE
கீழ்,UNDER
திரு,LAKSHMI
நலம்,BEAUTY
தோற்றாளை,WHO_APPEARED
இகழ்,DESPISE
மலர்க்,FLOWER
கண்ணளாத்,EYED_SHE
துறப்பாயால்,LEAVE
மற்று,FURTHER
நின்,YOUR
புகழ்மைக்,FAME
கண்,IN
பெரியது,GREAT
ஓர்,A
புகர்,SPOT
ஆகி,BEING
கிடவாதோ,NOT_STAY
என,SAY
ஆங்கு,THUS
சொல்லக்,SPEAKING
கேட்டனை,HEARD_YOU
ஆயின்,IF
வல்லே,QUICKLY
அணி,BEAUTY
கிளர்,RISING
நெடு,LONG
வரை,MOUNTAIN
அலைக்கும்,TROUBLES
நின்,YOUR
அகலத்து,CHEST
மணி,BELL
கிளர்,RISING
ஆரம்,NECKLACE
தாரொட,GARLAND
துயல்வர,SWINGING
உயங்கினள்,SUFFERED_SHE
உயிர்க்கும்,BREATHES
என்,MY
தோழிக்கு,FRIEND
இயங்கு,MOVING
ஒலி,SOUND
நெடும்,LONG
திண்,STRONG
தேர்,CHARIOT
கடவுமதி,DRIVE
விரைந்தே,QUICKLY
இவர்,THESE
திமில்,BOAT
எறி,BEATING
திரை,WAVE
ஈண்டி,GATHERING
வந்து,COMING
அலைத்தக்கால்,WHEN_TROUBLED
உவறு,FRESH
நீர்,WATER
உயர்,HIGH
எக்கர்,SAND_DUNE
அலவன்,CRAB
ஆடு,DANCING
அளை,BURROW
வரித்,LINE
தவல்,FAULT
இல்,WITHOUT
தண்,COOL
கழகத்து,ASSEMBLY
தவிராது,WITHOUT_STOPPING
வட்டிப்ப,ROUND
கவறு,DICE
உற்ற,TOUCHED
வடு,SCAR
ஏய்க்கும்,RESEMBLES
காமரு,LOVELY
பூங்,FLOWER
கடல்,SEA
சேர்ப்ப,SEASHORE
முத்து,PEARL
உறழ்,RESEMBLE
மணல்,SAND
எக்கர்,SAND_DUNE
அளித்தக்கால்,WHEN_FAVORED
முன்,BEFORE
ஆயம்,GROUP
பத்து,TEN
உருவம்,FORM
பெற்றவன்,OBTAINER
மனம்,HEART
போல,LIKE
நந்தியாள்,PROSPERED_SHE
அத்,THAT
திறத்து,WAY
நீ,YOU
நீங்க,LEAVE
அணி,BEAUTY
வாடி,FADING
அவ்,THAT
ஆயம்,GROUP
வித்தத்தால்,SEED
தோற்றான்,LOSER
போல்,LIKE
வெய்,HOT
துயர்,SORROW
உழப்பவோ,SUFFER
முடத்,STUMPY
தாழை,SCREW_PINE
முடுக்கருள்,THICKET
அளித்தக்கால்,WHEN_FAVORED
வித்து,SEED
ஆயம்,GROUP
இடை,MIDDLE
தங்க,STAY
கண்டவன்,SEER
மனம்,HEART
போல,LIKE
நந்தியாள்,PROSPERED_SHE
கொடை,GIFT
தக்காய்,FITTING_ONE
நீ,YOU
ஆயின்,IF
நெறி,WAY
அல்லாக்,NOT
கதி,PATH
ஓடி,RUNNING
உடைப்,GARMENT
பொதி,PACK
இழந்தான்,LOSER
போல்,LIKE
உறு,SUFFER
துயர்,SORROW
உழப்பவோ,SUFFER
நறு,FRAGRANT
வீ,FLOWER
தாழ்,LOW
புன்னைக்,PUNNAI_TREE
கீழ்,UNDER
நயந்து,LOVING
நீ,YOU
அளித்தக்கால்,WHEN_FAVORED
மறு,FAULT
வித்தம்,SEED
இட்டவன்,PLANTER
மனம்,HEART
போல,LIKE
நந்தியாள்,PROSPERED_SHE
அறிவித்து,KNOWING
நீ,YOU
நீங்க,LEAVE
கருதியாய்க்கு,FOR_THOSE_WHO_INTEND
அப்,THAT
பொருள்,WEALTH
சிறு,SMALL
வித்தம்,SEED
இட்டான்,PLANTER
போல்,LIKE
செறி,TIGHT
துயர்,SORROW
உழப்பவோ,SUFFER
ஆங்க,THERE
கொண்டு,TAKING
பலர்,MANY
தூற்றும்,GOSSIP
கௌவை,GOSSIP
அஞ்சாய்,NOT_FEARING
தீண்டற்கு,TO_TOUCH
அருளித்,MERCY
திறன்,WAY
அறிந்து,KNOWING
எழீஇ,RAISING
பாண்டியம்,PANDYA_KINGDOM
செய்வான்,DOER
பொருளினும்,WEALTH
ஈண்டுக,GATHER
இவள்,SHE
நலம்,BEAUTY
ஏறுக,RISE
தேரே,CHARIOT
அரிதே,DIFFICULT
தோழி,FRIEND
நாண்,SHAME
நிறுப்பாம்,TO_STOP
என்று,SAY
உணர்தல்,KNOWING
பெரிதே,GREAT
காமம்,LOVE
என்,MY
உயிர்,LIFE
தவ,LEAVE
சிறிதே,SMALL
பலவே,MANY
யாமம்,NIGHT_WATCHES
பையுளும்,SUFFERING
உடைய,HAVING
சிலவே,FEW
நம்மோட,US
உசாவும்,SPEAKS
அன்றில்,NIGHT_HERON
அழல்,FIRE
அவிர்,SHINE
வயங்கு,BRIGHT
இழை,JEWEL
ஒலிப்ப,SOUNDING
உலமந்து,CONFUSED
எழில்,BEAUTY
எஞ்சு,DECREASE
மயிலின்,PEACOCK
நடுங்கிச்,TREMBLING
சேக்கையின்,BED
அழல்,FIRE
ஆகின்று,BECOMES
அவர்,HE
நக்கதன்,LAUGH
பயனே,RESULT
மெல்லிய,SOFT
நெஞ்சு,HEART
பையுள்,SUFFERING
கூர,SHARP
தம்,THEIR
சொல்லினான்,WORD
எய்தமை,OBTAINED
அல்லது,EXCEPT
அவர்,HE
நம்மை,US
வல்லவன்,SKILLED_ONE
தைஇய,MADE
வாக்கு,SPEECH
அமை,BEAUTIFUL
கடு,FAST
விசை,SPEED
வில்லினான்,BOWMAN
எய்தலோ,SHOOTING
இலர்மன்,NOT
ஆய்,BEAUTIFUL
இழை,JEWEL
வில்லினும்,THAN_BOW
கடிது,FASTER
அவர்,HIS
சொல்லினுள்,WORD
பிறந்த,BORN
நோய்,SICKNESS
நகை,SMILE
முதல்,BEGINNING
ஆக,AS
நட்பினுள்,FRIENDSHIP
எழுந்த,ROSE
தகைமையின்,BEAUTY
நலிதல்,CAUSING_PAIN
அல்லது,EXCEPT
அவர்,HE
நம்மை,US
வகைமையின்,METHOD
எழுந்த,ROSE
தொல்,ANCIENT
முரண்,STRENGTH
முதல்,BEGINNING
ஆக,AS
பகைமையின்,ENMITY
நலிதலோ,CAUSING_PAIN
இலர்மன்,NOT
ஆய்,BEAUTIFUL
இழை,JEWEL
பகைமையின்,ENMITY
கடிது,FASTER
அவர்,HIS
தகைமையின்,BEAUTY
நலியும்,CAUSES_PAIN
நோய்,SICKNESS
நீயலேன்,NOT_YOU
என்று,SAY
என்னை,ME
அன்பினால்,AFFECTION
பிணித்துத்,TIED
தம்,THEIR
சாயலின்,GENTLENESS
சுடுதல்,BURNING
அல்லது,EXCEPT
அவர்,HE
நம்மை,US
பாய்,SPRINGING
இருள்,DARKNESS
அற,WITHOUT
நீக்கும்,REMOVES
நோய்,SICKNESS
தபு,REMOVED
நெடும்,LONG
சுடர்த்,FLAME
தீயினால்,FIRE
சுடுதலோ,BURNING
இலர்மன்,NOT
ஆய்,BEAUTIFUL
இழை,JEWEL
தீயினும்,THAN_FIRE
கடிது,FASTER
அவர்,HIS
சாயலின்,GENTLENESS
கனலும்,BURNS
நோய்,SICKNESS
ஆங்க,THERE
அன்னர்,SUCH
காதலர்,LOVERS
ஆக,BEING
அவர்,HE
நமக்கு,FOR_US
இன்,SWEET
உயிர்,LIFE
போத்தரும்,BRINGS
மருத்துவர்,DOCTORS
ஆயின்,IF
யாங்கு,HOW
ஆவது,BECOME
கொல்,PERHAPS
தோழி,FRIEND
எனையதூஉம்,ME
தாங்குதல்,BEARING
வலித்தன்று,STRONG
ஆயின்,IF
நீங்க,LEAVE
அரிது,DIFFICULT
உற்றன்று,HAPPENED
அவர்,HE
உறீஇய,CAUSED
நோயே,SICKNESS
எழில்,BEAUTY
மருப்பு,TUSK
எழில்,BEAUTY
வேழம்,ELEPHANT
இகுதரும்,FALLING
கடாத்தால்,TEMPLE
தொழில்,WORK
மாறி,CHANGING
தலை,HEAD
வைத்த,PLACED
தோட்டி,GOAD
கை,HAND
நிமிர்ந்தாங்கு,RAISED_LIKE
அறிவும்,WISDOM
நம்,OUR
அறிவு,WISDOM
ஆய்ந்த,EXAMINED
அடக்கமும்,HUMILITY
நாணொட,SHAME
வறிது,EMPTY
ஆக,BEING
பிறர்,OTHERS
என்னை,ME
நகுபவும்,LAUGH
நகுபு,LAUGHING
உடன்,TOGETHER
மின்,LIGHTNING
அவிர்,SHINE
நுடக்கமும்,SWAYING
கனவும்,DREAM
போல்,LIKE
மெய்,BODY
காட்டி,SHOWING
என்,MY
நெஞ்சம்,HEART
என்னோட,ME
நில்லாமை,NOT_STANDING
நனி,MUCH
வௌவி,SEIZING
தன்,HER
நலம்,BEAUTY
கரந்தாளை,HIDING_SHE
தலைப்படும்,OBTAIN
ஆறு,WAY
எவன்,WHAT
கொலோ,PERHAPS
மணிப்,BELL
பீலி,FEATHER
சூட்டிய,PLACED
நூலொட,THREAD
மற்றை,OTHER
அணிப்,BEAUTY
பூளை,POOLAI_FLOWER
ஆவிரை,AVIRAI_FLOWER
எருக்கொட,ERUKKU_FLOWER
பிணித்து,TIED
யாத்து,TIED
மல்லல்,PROSPEROUS
ஊர்,VILLAGE
மறுகின்,STREET
கண்,IN
இவள்,SHE
பாடும்,SINGS
இது,THIS
ஒத்தன்,SUCH_ONE
எல்லீரும்,ALL
கேட்டீமின்,LISTEN
என்று,SAY
படரும்,SUFFERS
பனை,PALM_TREE
ஈன்ற,BORN
மாவும்,ANIMAL
சுடர்,BRIGHT
இழை,JEWEL
நல்கியாள்,GIVER_SHE
நல்கியவை,GIVEN_THINGS
பொறை,BURDEN
என்,MY
வரைத்து,LIMIT
அன்றி,NOT
பூ,FLOWER
நுதல்,FOREHEAD
ஈத்த,GIVEN
நிறை,FULLNESS
அழி,DESTROYED
காம,LOVE
நோய்,SICKNESS
நீந்தி,SWIMMING
அறை,SMALL_ROOM
உற்ற,TOUCHED
உப்பு,SALT
இயல்,NATURE
பாவை,DOLL
உறை,LIVE
உற்றது,HAPPENED
போல,LIKE
உக்கு,DECAYING
விடும்,LEAVES
என்,MY
உயிர்,LIFE
பூளை,POOLAI_FLOWER
பொல,GOLD
மலர்,FLOWER
ஆவிரை,AVIRAI_FLOWER
வேய்,BAMBOO
வென்ற,VICTORIOUS
தோளாள்,SHOULDERED_SHE
எமக்கு,US
ஈத்த,GIVEN
பூ,FLOWER
உரிது,FITTING
என்,MY
வரைத்து,LIMIT
அன்றி,NOT
ஒள்,BRIGHT
இழை,JEWEL
தந்த,GIVEN
பரிசு,WAY
அழி,DESTROYED
பைதல்,SUFFERING
நோய்,SICKNESS
மூழ்கி,IMMERSING
எரி,FIRE
பரந்த,SPREAD
நெய்யுள்,GHEE
மெழுகின்,WAX
நிலையாது,NOT_STAYING
பைபய,SLOWLY
தேயும்,FADES
அளித்து,PITY
என்,MY
உயிர்,LIFE
இளையாரும்,YOUNG_ONES
ஏதிலவரும்,STRANGERS
உளைய,BEING_PAINED
யான்,I
உற்றது,HAPPENED
உசாவும்,ASKS
துணை,COMPANION
என்று,SAY
யான்,I
பாட,SING
கேட்டு,HEARING
அன்புறு,AFFECTIONATE
கிளவியாள்,WORDED_SHE
அருளி,MERCY
வந்து,COMING
அளித்தலின்,GIVING
துன்பத்தில்,SORROW
துணை,COMPANION
ஆய,BECAME
மடல்,PALM_LEAF
இனி,NOW
இவள்,SHE
பெற,OBTAIN
இன்பத்துள்,PLEASURE
இடம்படல்,SPACE
என்று,SAY
இரங்கினள்,LAMENTED_SHE
அன்புற்று,AFFECTIONATE
அடங்குஅரும்,DIFFICULT_TO_CONTROL
தோற்றத்து,NATURE
அரும்,DIFFICULT
தவம்,PENANCE
முயன்றோர்,STRIVERS
தம்,THEIR
உடம்பு,BODY
ஒழித்து,LEAVING
உயர்,HIGH
உலகு,WORLD
இனிது,SWEETLY
பெற்றாங்கே,OBTAINED_LIKE
சான்றவிர்,WORTHY_ONES
வாழியோ,MAY_YOU_LIVE
சான்றவிர்,WORTHY_ONES
என்றும்,ALWAYS
பிறர்,OTHERS
நோய்,SICKNESS
தம்,THEIR
நோய்,SICKNESS
போல்,LIKE
போற்றி,PROTECTING
அறன்,RIGHTEOUSNESS
அறிதல்,KNOWING
சான்றவர்க்கு,WORTHY_ONES
எல்லாம்,ALL
கடன்,DUTY
ஆனால்,IF
இவ்,THIS
இருந்த,SITTING
சான்றீர்,WORTHY_ONES
உமக்கு,YOU
ஒன்று,ONE
அறிவுறுப்பேன்,I_INFORM
மான்ற,CEASED
துளி,RAINDROP
இடை,PLACE
மின்னுப்,LIGHTNING
போல்,LIKE
தோன்றி,APPEARING
ஒருத்தி,ONE_WOMAN
ஒளியோட,LIGHT
உரு,FORM
என்னை,ME
காட்டி,SHOWING
அளியள்,PITIFUL_SHE
என்,MY
நெஞ்சு,HEART
ஆறு,WAY
கொண்டாள்,TOOK_SHE
அதன்,ITS
கொண்டும்,TAKING
துஞ்சேன்,I_SLEEP_NOT
அணி,BEAUTY
அலங்கு,SWAYING
ஆவிரைப்,AVIRAI_FLOWER
பூவோட,FLOWER
எருக்கின்,ERUKKU_FLOWER
பிணையல்,GARLAND
அம்,BEAUTIFUL
கண்ணி,GARLAND
மிலைந்து,WEARING
மணி,BELL
ஆர்ப்ப,SOUNDING
ஓங்கு,HIGH
இரும்,DARK
பெண்ணை,PALM_TREE
மடல்,LEAF
ஊர்ந்து,RIDING
என்,MY
எவ்வ,DISTRESS
நோய்,SICKNESS
தாங்குதல்,BEARING
தேற்றா,NOT_CAPABLE
இடும்பைக்கு,DISTRESS
உயிர்ப்பு,BREATH
ஆக,AS
வீங்கு,SWOLLEN
இழை,JEWEL
மாதர்,WOMEN
திறத்து,IN_REGARD
ஒன்று,ONE
நீங்காது,WITHOUT_LEAVING
பாடுவேன்,I_WILL_SING
பாய்,SPRINGING
மா,ANIMAL
நிறுத்து,STOPPING
யாமத்தும்,NIGHT
எல்லையும்,DAY
எவ்வ,DISTRESS
திரை,WAVE
அலைப்ப,TROUBLING
மா,ANIMAL
மேலேன்,ON_ANIMAL
என்று,SAY
மடல்,PALM_LEAF
புணையா,RAFT
நீந்துவேன்,I_WILL_SWIM
தே,HONEY
மொழி,WORD
மாதர்,WOMEN
உறாஅது,NOT_TOUCHING
உறீஇய,CAUSED
காம,LOVE
கடல்,SEA
அகப்பட்டு,CAUGHT
உய்யா,CANNOT_ESCAPE
அரு,DIFFICULT
நோய்க்கு,SICKNESS
உயவாகும்,REMEDY
மையல்,CONFUSION
உறீஇயாள்,CAUSED_SHE
ஈத்த,GIVEN
இம்,THIS
மா,ANIMAL
காணுநர்,ONLOOKERS
எள்ள,SCORN
கலங்கித்,CONFUSED
தலை,HEAD
வந்து,COMING
என்,MY
ஆண்,MALE
எழில்,BEAUTY
முற்றி,SURROUNDING
உடைத்து,BREAKING
உள்,INSIDE
அழித்தரும்,DESTROYS
மாண்,BEAUTIFUL
இழை,JEWEL
மாதராள்,WOMAN
ஏஎர்,BEAUTY
என,SAY
காமனது,KAMAS
ஆணையால்,COMMAND
வந்த,COME
படை,ARMY
காம,LOVE
கடும்,SEVERE
பகையின்,ENMITY
தோன்றினேற்கு,APPEARED_ME
ஏமம்,PROTECTION
எழில்,BEAUTY
நுதல்,FOREHEAD
ஈத்த,GIVEN
இம்,THIS
மா,ANIMAL
அகை,SPLIT
எரி,FIRE
ஆனாது,UNCEASING
என்,MY
ஆர்,DEAR
உயிர்,LIFE
எஞ்சும்,DECREASE
வகையினால்,WAY
உள்ளம்,HEART
சுடுதரும்,BURNS
மன்னோ,INDEED
முகை,BUD
ஏர்,BEAUTY
இலங்கு,SHINE
எயிற்று,TOOTH
இன்,SWEET
நகை,SMILE
மாதர்,WOMEN
தகையால்,BEAUTY
தலைக்கொண்ட,SEIZED
நெஞ்சு,HEART
அழல்,FIRE
மன்ற,INDEED
காம,LOVE
அரு,DIFFICULT
நோய்,SICKNESS
நிழல்,SHADE
மன்ற,INDEED
நேர்,STRAIGHT
இழை,JEWEL
ஈத்த,GIVEN
இம்,THIS
மா,ANIMAL
ஆங்கு,THERE
அதை,THAT
அறிந்தனிர்,KNOW
ஆயின்,IF
சான்றவிர்,WORTHY_ONES
தான்,ONESELF
தவம்,PENANCE
ஒரீஇ,LEAVING
துறக்கத்தின்,HEAVEN
வழீஇ,LEADING
ஆன்றோர்,WORTHY_ONES
உள்,INSIDE
இடப்பட்ட,PLACED
அரசனை,KING
பெயர்த்து,CHANGING
அவர்,THEY
உயர்நிலை,HIGH_PLACE
உலகு,WORLD
உறீஇயாங்கு,CAUSED_LIKE
என்,MY
துயர்,SORROW
நிலை,STATE
தீர்த்தல்,REMOVING
நும்,YOUR
தலைக்,HEAD
கடனே,DUTY
கண்டவிர்,THOSE_WHO_SEE
எல்லாம்,ALL
கதுமென,SUDDENLY
வந்து,COMING
ஆங்கே,THERE
பண்டு,BEFORE
அறியாதீர்,NOT_KNOWING
போல,LIKE
நோக்குவீர்,YOU_LOOK
கொண்டது,TAKEN
மா,ANIMAL
என்று,SAY
உணர்மின்,KNOW
மடல்,PALM_LEAF
அன்று,NOT
மற்று,FURTHER
இவை,THESE
பூ,FLOWER
அல்ல,NOT
பூளை,POOLAI_FLOWER
உழிந்ஞையோட,UZHINJAI_FLOWER
யாத்த,TIED
புன,SMALL
வரை,MOUNTAIN
இட்ட,PLACED
வயங்கு,BRIGHT
தார்ப்,GARLAND
பீலி,FEATHER
பிடி,FEMALE_ELEPHANT
அமை,BEAUTIFUL
நூலொட,THREAD
பெய்ம்,GOLD
மணி,BELL
கட்டி,TYING
அடர்,DENSE
பொன்,GOLD
அவிர்,SHINE
ஏய்க்கும்,RESEMBLES
ஆவிரம்,AVIRAM_FLOWER
கண்ணி,GARLAND
நெடியோன்,VISHNU
மகன்,SON
நயந்து,LOVING
தந்தாங்கு,GAVE_LIKE
அனைய,SUCH
வடிய,SHARP
வடிந்த,SHARPENED
வனப்பின்,BEAUTY
என்,MY
நெஞ்சம்,HEART
இடிய,THUNDER
இடை,PLACE
கொள்ளும்,TAKES
சாயல்,GENTLENESS
ஒருத்திக்கு,FOR_ONE_WOMAN
அடியுறை,FOOTSTEPS
காட்டிய,SHOWED
செல்வேன்,GOING
மடியன்மின்,DONT_BE_LAZY
அன்னேன்,SUCH_I
ஒருவனேன்,ONE_MAN
யான்,I
என்னானும்,EVEN_ME
பாடு,SONG
எனில்,IF_SAY
பாடவும்,SINGING
வல்லேன்,ABLE
சிறிது,LITTLE
ஆங்கே,THERE
ஆடு,DANCE
எனில்,IF_SAY
ஆடலும்,DANCING
ஆற்றுகேன்,I_CAN
பாடுகோ,SHALL_I_SING
என்,MY
உள்,INSIDE
இடும்பை,DISTRESS
தணிக்கும்,COOLS
மருந்து,MEDICINE
ஆக,AS
நல்,GOOD
நுதல்,FOREHEAD
ஈத்த,GIVEN
இம்,THIS
மா,ANIMAL
திங்கள்,MOON
அரவு,SNAKE
உறின்,IF_TOUCH
தீர்க்கலார்,THOSE_WHO_CANNOT_REMOVE
ஆயினும்,EVEN_IF
தம்,THEIR
காதல்,LOVE
காட்டுவர்,SHOW
சான்றவர்,WORTHY_ONES
இன்,SWEET
சாயல்,GENTLE
ஒண்,BRIGHT
தொடி,BRACELET
நோய்,SICKNESS
நோக்கில்,LOOK
பட்ட,CAUGHT
என்,MY
நெஞ்ச,HEART
நோய்,SICKNESS
கண்டும்,SEEING
கண்ணோடாது,WITHOUT_MERCY
இவ்,THIS
ஊர்,VILLAGE
தாங்காச்,UNBEARABLE
சினத்தொட,ANGER
காட்டி,SHOWING
உயிர்,LIFE
செகுக்கும்,KILLS
பாம்பும்,SNAKE
அவைப்,THOSE
படில்,IF_FALL
உய்யும்,ESCAPES
ஆம்,IT_WILL
பூம்,FLOWER
கண்,EYE
வணர்ந்து,CURVING
ஒலி,SOUNDING
ஐம்பாலாள்,FIVE_HAIR_WOMAN
செய்த,DONE
இக்,THIS
காமம்,LOVE
உணர்ந்தும்,KNOWING
உணராது,NOT_KNOWING
இவ்,THIS
ஊர்,VILLAGE
வெம்,FIERCE
சுழிப்,WHIRLPOOL
பட்ட,CAUGHT
மகற்கு,MAN
கரை,SHORE
நின்றார்,THOSE_WHO_STOOD
அஞ்சல்,DONT_FEAR
என்றாலும்,EVEN_IF_SAY
உயிர்ப்பு,BREATH
உண்டு,THERE_IS
ஆம்,IT_WILL
அம்,BEAUTIFUL
சீர்ச்,FAME
செறிந்து,TIGHT
ஏர்,BEAUTY
முறுவலாள்,SMILING_WOMAN
செய்த,DONE
இக்,THIS
காமம்,LOVE
அறிந்தும்,KNOWING
அறியாது,NOT_KNOWING
இவ்,THIS
ஊர்,VILLAGE
ஆங்க,THERE
என்,MY
கண்,EYE
இடும்பை,DISTRESS
அறீஇயினென்,I_MADE_KNOWN
நும்,YOUR
கண்,EYE
தெருளுற,UNDERSTANDING
நோக்கித்,LOOKING
தெரியும்கால்,WHEN_CLEAR
இன்ன,SUCH
மருளுறு,CONFUSED
நோயொட,SICKNESS
மம்மர்,CONFUSION
அகல,LEAVE
இருளுறு,DARKENED
கூந்தலாள்,HAIRED_WOMAN
என்னை,ME
அருளுற,MERCY
செயின்,IF_DO
நுமக்கு,YOU
அறனும்,RIGHTEOUSNESS
ஆர்,FULL
அதுவே,THAT
அரிதினின்,RARELY
தோன்றிய,APPEARED
யாக்கை,BODY
புரிபு,LOVING
தாம்,THEY
வேட்டவை,DESIRED_THINGS
செய்து,DOING
ஆங்குக்,THERE
காட்டி,SHOWING
மற்று,FURTHER
ஆங்கே,THERE
அறம்,RIGHTEOUSNESS
பொருள்,WEALTH
இன்பம்,PLEASURE
என்று,SAY
அம்,THOSE
மூன்றின்,THREE
ஒன்றன்,ONE
திறம்,SIDE
சேரார்,NOT_JOINING
செய்யும்,DO
தொழில்கள்,ACTIONS
அறைந்தன்று,PROCLAIMED
அணி,BEAUTY
நிலைப்,STATE
பெண்ணை,PALM_TREE
மடல்,LEAF
ஊர்ந்து,RIDING
ஒருத்தி,ONE_WOMAN
அணி,BEAUTY
நலம்,BEAUTY
பாடி,SINGING
வரற்கு,TO_COME
ஓர்,A
ஒருகால்,ONCE
உள்வழியள்,INNER_PLACE_SHE
ஆகி,BEING
நிறை,FULLNESS
மதி,MOON
நீருள்,WATER
நிழல்போல்,SHADOW_LIKE
கொளற்கு,TO_TAKE
அரியள்,DIFFICULT_SHE
போருள்,BATTLE
அடல்,KILLING
மா,ANIMAL
மேல்,UPON
ஆற்றுவேன்,I_CAN
என்னை,ME
மடல்,PALM_LEAF
மா,ANIMAL
மேல்,UPON
மன்றம்,COMMONS
படர்வித்தவள்,CAUSED_TO_GO_SHE
வாழி,LIVE_LONG
சான்றீர்,WORTHY_ONES
பொய்,LIE
தீர்,REMOVED
உலகம்,WORLD
எடுத்த,RAISED
கொடி,FLAG
மிசை,UPON
மை,DARK
அறு,REMOVED
மண்டிலம்,DISC
வேட்டனள்,DESIRED_SHE
வையம்,EARTH
புரவு,PROTECTION
ஊக்கும்,ENCOURAGES
உள்ளத்தேன்,HEART
என்னை,ME
இரவு,NIGHT
ஊக்கும்,ENCOURAGES
இன்னா,UNPLEASANT
இடும்பை,DISTRESS
செய்தாள்,DID_SHE
அம்ம,INDEED
சான்றீர்,WORTHY_ONES
கரந்தாங்கே,HIDDEN_LIKE
இன்னா,UNPLEASANT
நோய்,SICKNESS
செய்யும்,DOES
மற்று,FURTHER
இதோ,THIS
பரந்த,SPREAD
சுணங்கின்,FRECKLES
பணைத்,DRUM
தோளாள்,SHOULDERED_SHE
பண்பு,NATURE
இடி,THUNDER
உமிழ்,SPIT
வானத்து,SKY
இரவு,NIGHT
இருள்,DARKNESS
போழும்,PIERCES
கொடி,LIGHTNING
மின்னுக்,LIGHTNING
கொள்வேன்,I_WILL_TAKE
என்றன்னள்,SAID_LIKE_SHE
வடி,SHARP
நாவின்,TONGUE
வல்லார்,SKILLED_ONES
முன்,FRONT
சொல்,WORD
வல்லேன்,SKILLED
என்னை,ME
பிறர்,OTHERS
முன்னர்க்,BEFORE
கல்லாமை,IGNORANCE
காட்டியவள்,SHOWED_SHE
வாழி,LIVE_LONG
சான்றீர்,WORTHY_ONES
என்று,SAY
ஆங்கே,THERE
வருந்த,SUFFER
மா,ANIMAL
ஊர்ந்து,RIDING
மறுகின்,STREET
கண்,IN
பாட,SING
திருந்து,STRAIGHT
இழைக்கு,JEWEL
ஒத்த,FITTING
கிளவி,WORD
கேட்டு,HEARING
ஆங்கே,THERE
பொருந்தாதார்,ENEMIES
போர்,WAR
வல்,STRONG
வழுதிக்கு,PANDYAN_KING
அரும்,DIFFICULT
திறை,TRIBUTE
போல,LIKE
கொடுத்தார்,GAVE
தமர்,RELATIVES
புரிவு,AFFECTION
உண்ட,HAVING
புணர்ச்சிஉள்,UNION
புல்,GRASS
ஆரா,NOT_FULL
மாத்திரை,ONLY
அருகுவித்து,REMOVING
ஒருவரை,ONE_PERSON
அகற்றலின்,REMOVING
தெரிவார்,CHOOSERS
கண்,IN
செய,DO
நின்ற,STANDING
பண்ணினுள்,MUSIC
செவி,EAR
சுவை,TASTE
கொள்ளாது,NOT_TAKING
நயம்,GOODNESS
நின்ற,STANDING
பொருள்,MEANING
கெட,DESTROY
புரி,TWIST
அறு,CUT
நரம்பினும்,STRING
பயன்,USE
இன்று,WITHOUT
மன்ற,INDEED
அம்ம,INDEED
காமம்,LOVE
இவள்,SHE
மன்னும்,CERTAINLY
ஒள்,BRIGHT
நுதல்,FOREHEAD
ஆயத்தார்,GROUP
ஓராங்கு,TOGETHER
திளைப்பினும்,ENJOYING
முள்,THORN
நுனை,TIP
தோன்றாமை,NOT_APPEARING
முறுவல்,SMILE
கொண்டு,TAKING
அடக்கித்,SUPPRESSING
தன்,HER
கண்ணினும்,EYE
முகத்தினும்,FACE
நகுபவள்,LAUGHING_SHE
பெண்,WOMAN
இன்றி,WITHOUT
யாவரும்,EVERYONE
தண்,COOL
குரல்,VOICE
கேட்ப,HEAR
நிரை,LINE
வெண்பல்,WHITE_TEETH
மீ,ABOVE
உயர்,HIGH
தோன்ற,APPEAR
நகாஅ,NOT_LAUGHING
நக்காங்கே,LAUGHED_LIKE
பூ,FLOWER
உயிர்த்தன்ன,BREATHED_LIKE
புகழ்,FAME
சால்,ABOUNDING
எழில்,BEAUTY
உண்கண்,BEAUTIFUL_EYE
ஆய்,BEAUTIFUL
இதழ்,PETAL
மல்க,FILL
அழும்,CRIES
ஓஒ,OH
அழிதக,DESTROYING
பாராதே,NOT_SEEING
அல்லல்,DISTRESS
குறுகினம்,APPROACHED
காண்பாம்,WE_WILL_SEE
கனம்,HEAVY
குழை,EARRING
பண்பு,NATURE
என்று,SAY
எல்லீரும்,ALL
என்,WHAT
செய்தீர்,DID_YOU
என்னை,ME
நகுதிரோ,DO_YOU_LAUGH
நல்ல,GOOD
நகாஅலிர்,DONT_LAUGH
மன்,INDEED
கொலோ,PERHAPS
யான்,I
உற்ற,FELT
அல்லல்,DISTRESS
உறீஇயான்,CAUSED_HE
மாய,DECEPTIVE
மலர்,FLOWER
மார்பு,CHEST
புல்லிப்,EMBRACING
புணர,UNITE
பெறின்,IF_OBTAIN
எல்லா,FRIEND
நீ,YOU
உற்றது,HAPPENED
எவனோ,WHAT
மற்று,FURTHER
என்றீரேல்,IF_YOU_SAY
என்,MY
சிதை,SPOIL
செய்தான்,DID_HE
இவன்,THIS_MAN
என,SAY
உற்றது,HAPPENED
இது,THIS
என,SAY
எய்த,PROPERLY
உரைக்கும்,SPEAK
உரன்,COURAGE
அகத்து,INSIDE
உண்டாயின்,IF_THERE_IS
பைதல,SUFFERING
ஆகி,BEING
பசக்குவ,GROW_PALE
மன்னோ,INDEED
என்,MY
நெய்தல்,WATER_LILY
மலர்,FLOWER
அன்ன,LIKE
கண்,EYE
கோடு,CRESCENT
வாய்,MOUTH
கூடாப்,NOT_JOINING
பிறையை,CRESCENT
பிறிது,OTHER
ஒன்று,ONE
நாடுவேன்,I_WILL_SEEK
கண்டனென்,I_SAW
சிற்றில்உள்,SMALL_HOUSE
கண்டு,SEEING
ஆங்கே,THERE
ஆடையான்,GARMENT
மூஉய்,COVERING
அகப்படுப்பேன்,I_WILL_TRAP
சூடிய,WORN
காணான்,NOT_SEEING
திரிதரும்,WANDERS
கொல்லோ,PERHAPS
மணி,BELL
மிடற்று,NECK
மாண்,BEAUTIFUL
மலர்,FLOWER
கொன்றையவன்,KONRAI_FLOWER_GOD
தெள்ளியேம்,CLEAR_ONES
என்று,SAY
உரைத்துத்,SPEAKING
தேராது,NOT_CONSIDERING
ஒரு,ONE
நிலையே,STATE
வள்ளியை,GENEROUS_ONE
ஆக,BE
என,SAY
நெஞ்சை,HEART
வலி,STRENGTH
உறீஇ,CAUSING
உள்ளி,THINKING
வருகுவர்,WILL_COME
கொல்லோ,PERHAPS
வளைந்து,BENDING
யான்,I
எள்ளி,SCORNING
இருக்குவேன்மன்,I_WILL_STAY
கொலோ,PERHAPS
நள்இருள்,DEEP_DARK
மாந்தர்,PEOPLE
கடி,FRAGRANT
கொண்ட,HAVING
கங்குல்,NIGHT
கனவினால்,DREAM
தோன்றினன்,APPEARED_HE
ஆக,BEING
தொடுத்தேன்மன்,I_GRASPED
யான்,I
தன்னை,HIM
பையென,SOFTLY
காண்கு,SEEING
விழிப்ப,BLINK
யான்,I
பற்றிய,GRASPED
கை,HAND
உளே,INSIDE
மாய்ந்தான்,DISAPPEARED_HE
கரந்து,HIDING
கதிர,RAY
பகா,ENEMY
ஞாயிறே,SUN
கல்,STONE
சேர்தி,JOIN
ஆயின்,IF
அவரை,THEM
நினைத்து,THINKING
நிறுத்து,STOPPING
என்,MY
கை,HAND
நீட்டித்,EXTENDING
தருகுவை,GIVE
ஆயின்,IF
தவிரும்,STOPS
என்,MY
நெஞ்சத்து,HEART
உயிர்,LIFE
திரியா,NOT_CHANGING
மாட்டிய,SPREAD
தீ,FIRE
மை,DARK
இல்,WITHOUT
சுடரே,FLAME
மலை,MOUNTAIN
சேர்தி,JOIN
நீ,YOU
ஆயின்,IF
பௌவ,SEA
நீர்த்,WATER
தோன்றிப்,APPEARING
பகல்,DAY
செய்யும்,DOES
மாத்திரை,ONLY
கை,HAND
விளக்கு,LAMP
ஆக,AS
கதிர,RAY
சில,FEW
தாராய்,GIVE
என்,MY
தொய்யில்,PAINTING
சிதைத்தானை,WHO_SPOILED
தேர்கு,SEEK
சிதைத்தானை,WHO_SPOILED
செய்வது,TO_DO
எவன்,WHAT
கொலோ,PERHAPS
எம்மை,US
நயந்து,LOVING
நலம்,BEAUTY
சிதைத்தான்,SPOILED_HE
மன்றப்,COMMONS
பனை,PALM_TREE
மேல்,UPON
மலை,MOUNTAIN
மாந்,GREAT
தளிரே,TENDER_LEAF
நீ,YOU
தொன்று,ANCIENT
இவ்,THIS
உலகத்துக்,WORLD
கேட்டும்,HEARING
அறிதியோ,DO_YOU_KNOW
மென்,SOFT
தோள்,SHOULDER
ஞெகிழ்த்தான்,LOOSENED_HE
தகை,NATURE
அல்லால்,EXCEPT
யான்,I
காணேன்,I_DONT_SEE
நன்று,GOOD
தீது,EVIL
என்று,SAY
பிற,OTHER
நோய்,SICKNESS
எரி,FIRE
ஆக,AS
சுடினும்,EVEN_IF_BURNS
சுழற்றி,TURNING
என்,MY
ஆய்,BEAUTIFUL
இதழ்,PETAL
உள்ளே,INSIDE
கரப்பன்,I_WILL_HIDE
கரந்தாங்கே,HIDDEN_LIKE
நோய்,SICKNESS
உறு,SUFFERING
வெந்நீர்,HOT_WATER
தெளிப்பின்,IF_SPRINKLE
தலைக்கொண்டு,TAKING
வேவது,BURNS
அளித்து,PITY
இவ்,THIS
உலகு,WORLD
மெலிய,WEAKLY
பொறுத்தேன்,I_BORE
களைந்தீமின்,REMOVE
சான்றீர்,WORTHY_ONES
நலிதரும்,CAUSES_SUFFERING
காமமும்,LOVE
கௌவையும்,GOSSIP
என்று,SAY
இவ்,THESE
வலிதின்,STRONGLY
உயிர்,LIFE
காவாத்,NOT_PROTECTING
தூங்கி,STAYING
ஆங்கு,THERE
என்னை,ME
நலியும்,TROUBLES
விழுமம்,DISTRESS
இரண்டு,TWO
எனப்,SAY
பாடி,SINGING
இனைந்து,GRIEVING
நொந்து,SUFFERING
அழுதனள்,CRIED_SHE
நினைந்து,THINKING
நீடு,LONG
உயிர்த்தனள்,SIGHED_SHE
எல்லையும்,DAY
இரவும்,NIGHT
கழிந்தன,PASSED
என்று,SAY
எண்ணி,THINKING
எல்,BRIGHT
இரா,NIGHT
நல்கிய,FAVORED
கேள்வன்,HUSBAND
இவன்,THIS_MAN
மன்ற,INDEED
மெல்ல,SOFTLY
மணிஉள்,BELL
பரந்த,SPREAD
நீர்,WATER
போல்,LIKE
துணிவாம்,WE_WILL_DECIDE
கலம்,SHIP
சிதை,DESTROY
இல்லத்துக்,HOUSE
காழ்,STRENGTH
கொண்டு,TAKING
தேற்ற,CONVINCE
கலங்கிய,CONFUSED
நீர்,WATER
போல்,LIKE
தெளிந்து,CLARIFIED
நலம்பெற்றாள்,OBTAINED_BEAUTY_SHE
நல்,GOOD
எழில்,BEAUTY
மார்பனை,CHESTED_ONE
சார்ந்து,JOINING
அகல்,BROAD
ஆங்கண்,PLACE
இருள்,DARKNESS
நீங்க,LEAVE
அணி,BEAUTY
நிலாத்,MOONLIGHT
திகழ்ந்த,SHONE
பின்,AFTER
பகல்,DAY
ஆங்கண்,PLACE
பையென்ற,GENTLE
மதியம்,MOON
போல்,LIKE
நகல்,DAYTIME
இன்று,WITHOUT
நல்,GOOD
நுதல்,FOREHEAD
நீத்த,LEFT
திலகத்தள்,FOREMARK
மின்னி,FLASHING
மணி,BELL
பொரு,FIGHT
பசும்,GREEN
பொன்,GOLD
கொல்,PERHAPS
மா,ANIMAL
ஈன்ற,GAVE_BIRTH
தளிரின்,TENDER_LEAF
மேல்,UPON
கணிகாரம்,KANIKARAM_FLOWER
கொட்கும்,SWAYS
கொல்,PERHAPS
என்றாங்கு,SAYING_LIKE
அணி,BEAUTY
செல,GO
மேனி,BODY
மறைத்த,HID
பசலையள்,PALLOR
ஆனாது,UNCEASING
நெஞ்சம்,HEART
வெறியா,FRAGRANT
நினையா,THINKING
நிலன்,EARTH
நோக்கா,LOOKING
அஞ்சா,NOT_FEARING
அழாஅ,NOT_CRYING
அரற்றா,NOT_LAMENTING
இது,THIS
ஒத்தி,SUCH_YOU
என்,WHAT
செய்தாள்,DID_SHE
கொல்,PERHAPS
என்பீர்,YOU_SAY
கேட்டீமின்,LISTEN
பொன்,GOLD
செய்தேன்,I_DID
மறையின்,SECRET
தன்,HER
யாழ்,LUTE
கேட்ட,HEARD
மானை,DEER
அருளாது,MERCILESS
அறை,CAVE
கொன்று,KILLING
மற்று,FURTHER
அதன்,ITS
ஆர்,DEAR
உயிர்,LIFE
எஞ்ச,REMAIN
பறை,DRUM
அறைந்தாங்கு,BEAT_LIKE
ஒருவன்,ONE_MAN
நீத்தான்,LEFT_HE
அவனை,HIM
அறை,CAVE
நவ,SEVEN
நாட்டில்,COUNTRIES
நீர்,WATER
கொண்டு,TAKING
தரின்,IF_BRING
யானும்,I
நிறை,FULLNESS
உடையேன்,HAVE
ஆகுவேன்,WILL_BECOME
மன்ற,INDEED
மறையின்,SECRET
என்,MY
மென்,SOFT
தோள்,SHOULDER
நெகிழ்த்தானை,LOOSENED_ONE
மேஎய்,JOINING
அவன்,HE
ஆங்கண்,THERE
சென்று,GOING
சேண்,DISTANT
பட்டது,BECAME
என்,MY
நெஞ்சு,HEART
ஒன்றி,UNITING
முயங்கும்,EMBRACES
என்று,SAY
என்,MY
பின்,BEHIND
வருதிர்,YOU_COME
மற்று,FURTHER
ஆங்கே,THERE
உயங்கினாள்,SUFFERED_SHE
என்று,SAY
ஆங்கு,THERE
உசாதிர்,YOU_ASK
மற்று,FURTHER
அந்தோ,ALAS
மயங்கினாள்,CONFUSED_SHE
என்று,SAY
மருடிர்,YOU_WONDER
கலங்கன்மின்,DONT_BE_CONFUSED
இன்,SWEET
உயிர்,LIFE
அன்னார்க்கு,LIKE_ONES
எனைத்து,HOW_MUCH
ஒன்றும்,ANY
தீது,EVIL
இன்மை,LACK
என்,MY
உயிர்,LIFE
காட்டாதோ,WILL_IT_NOT_SHOW
மற்று,FURTHER
பழி,BLAME
தபு,REMOVED
ஞாயிறே,SUN
பாடு,PROPRIETY
அறியாதார்,NOT_KNOWING
கண்,EYE
கழிய,EXCESS
கதழ்வை,SHINE
என,SAY
கேட்டு,HEARING
நின்னை,YOU
வழிபட்டு,WORSHIPING
இரக்குவேன்,I_WILL_BEG
வந்தேன்,CAME
என்,MY
நெஞ்சம்,HEART
அழிய,DESTROY
துறந்தானை,LEFT_ONE
சீறும்கால்,WHEN_ANGRY
என்னை,ME
ஒழிய,LEAVE
விடாதீமோ,DONT_LEAVE
என்று,SAY
அழிதக,DESTROYING
மாஅம்,ANIMAL
தளிர்,TENDER_LEAF
கொண்ட,TAKING
போழ்தினான்,TIME
இவ்,THIS
ஊரார்,VILLAGERS
தாஅம்,THEMSELVES
தளிர்,TENDER_LEAF
சூடித்,WEARING
தம்,THEIR
நலம்,BEAUTY
பாடுப,SING
ஆஅம்,COW
தளிர்க்கும்,SPROUTS
இடை,PLACE
சென்றார்,WENT
மீள்தரின்,IF_RETURN
யாஅம்,WE
தளிர்க்குவேம்,WILL_SPROUT
மன்,INDEED
நெய்தல்,WATER_LILY
நெறிக்கவும்,TO_STRING
வல்லன்,ABLE
நெடு,LONG
மென்,SOFT
தோள்,SHOULDER
பெய்,RAIN
கரும்பு,SUGARCANE
ஈர்க்கவும்,TO_PULL
வல்லன்,ABLE
இள,YOUNG
முலை,BREAST
மேல்,UPON
தொய்யில்,PAINTING
எழுதவும்,TO_DRAW
வல்லன்,ABLE
தன்,HIS
கையில்,HAND
சிலை,BOW
வல்லான்,SKILLED_ONE
போலும்,LIKE
செறிவினான்,TIGHT
நல்ல,GOOD
பல,MANY
வல்லன்,ABLE
தோள்,SHOULDER
ஆள்பவன்,RULER
நினையும்,THINKS
என்,MY
உள்ளம்,HEART
போல்,LIKE
நெடும்,LONG
கழி,LAGOON
மலர்,FLOWER
கூம்ப,FOLD
இனையும்,GRIEVES
என்,MY
நெஞ்சம்,HEART
போல்,LIKE
இனம்,GROUP
காப்பார்,PROTECTORS
குழல்,FLUTE
தோன்ற,APPEAR
சாய,LEAN
என்,MY
கிளவி,WORD
போல்,LIKE
செவ்வழி,SOUTH_INDIAN_RAGA
யாழ்,LUTE
இசை,MUSIC
நிற்ப,STAND
போய,GONE
என்,MY
ஒளியே,LIGHT
போல்,LIKE
ஒரு,ONE
நிலையே,STATE
பகல்,DAY
மாய,DISAPPEAR
காலன்,DEATH_GOD
போல்,LIKE
வந்த,COME
கலக்கத்தோட,CONFUSION
என்,MY
தலை,HEAD
மாலையும்,EVENING
வந்தன்று,CAME
இனி,NOW
இருளொட,DARKNESS
யான்,I
ஈங்கு,HERE
உழப்ப,SUFFER
என்,MY
இன்றி,WITHOUT
பட்டாய்,CAUGHT_YOU
அருள்,MERCY
இலை,NOT
வாழி,LIVE_LONG
சுடர்,FLAME
ஈண்டு,GATHER
நீர்,WATER
ஞாலத்துள்,WORLD
எம்,OUR
கேள்வர்,RELATIVES
இல்,NOT
ஆயின்,IF
மாண்ட,EXCELLENT
மனம்,HEART
பெற்றார்,OBTAINED_ONES
மாசு,SPOT
இல்,WITHOUT
துறக்கத்து,HEAVEN
வேண்டிய,AS_DESIRED
வேண்டியாங்கு,AS_DESIRED
எய்துதல்,OBTAINING
வாய்,MOUTH
எனின்,IF
யாண்டும்,ANYWHERE
உடையேன்,I_HAVE
இசை,FAME
ஊர்,VILLAGE
அலர்,GOSSIP
தூற்றும்,GOSSIPS
இவ்,THIS
உய்யா,CANNOT_ESCAPE
விழுமத்து,DISTRESS
பீர்,FLOWER
அலர்,FLOWER
போல,LIKE
பெரிய,LARGE
பசந்தன,TURNED_PALE
நீர்,WATER
அலர்,FLOWER
நீலம்,BLUE_LILY
என,SAY
அவர்க்கு,THEM
அஞ்ஞான்று,THAT_DAY
பேர்,GREAT
அஞர்,FEAR
செய்த,CAUSED
என்,MY
கண்,EYE
தன்,HER
உயிர்,LIFE
போல,LIKE
தழீஇ,EMBRACING
உலகத்து,WORLD
மன்,PERMANENT
உயிர்,LIFE
காக்கும்,PROTECTS
இம்,THIS
மன்னனும்,KING
என்,MY
கொலோ,PERHAPS
இன்,SWEET
உயிர்,LIFE
அன்னானை,LIKE_ONE
காட்டி,SHOWING
எனைத்து,HOW_MUCH
ஒன்றும்,ANY
என்,MY
உயிர்,LIFE
காவாதது,NOT_PROTECTING
என,SAY
ஆங்கு,THUS
மன்னிய,ESTABLISHED
நோயொட,SICKNESS
மருள்,CONFUSION
கொண்ட,HAVING
மனத்தவள்,HEARTED_SHE
பல்,MANY
மலை,MOUNTAIN
இறந்தவன்,CROSSED_HE
பணிந்து,HUMBLY
வந்து,COMING
அடி,FOOT
சேர,JOIN
தென்னவன்,PANDYAN_KING
தெளித்த,CLARIFIED
தேஎம்,COUNTRY
போல்,LIKE
இன்,SWEET
நகை,SMILE
எய்தினள்,OBTAINED_SHE
இழந்த,LOST
தன்,HER
நலனே,BEAUTY
நல்,GOOD
நுதாஅல்,FOREHEAD
காண்டை,SEE
நினையா,NOT_THINKING
நெடிது,LONG
உயிரா,BREATHING
என்,WHAT
உற்றாள்,HAPPENED_SHE
கொல்லோ,PERHAPS
இது,THIS
ஒத்தி,SUCH_YOU
பல்,MANY
மாண்,BEAUTY
நகுதரும்,LAUGHTER
தன்,HER
நாணுக்,SHAME
கைவிட்டு,LEAVING
இகுதரும்,FALLING
கண்ணீர்,TEARS
துடையாக்,WIPING
கவிழ்ந்து,BOWING
நிலன்,GROUND
நோக்கி,LOOKING
அன்ன,SUCH
இடும்பை,DISTRESS
பல,MANY
செய்து,DOING
தன்னை,HER
வினவுவார்க்கு,FOR_THOSE_WHO_ASK
ஏதில,STRANGE
சொல்லிக்,SAYING
கனவு,DREAM
போல்,LIKE
தெருளும்,UNDERSTANDS
மருளும்,CONFUSES
மயங்கி,CONFUSED
வருபவள்,COMING_SHE
கூறுப,WORDS
கேளாமோ,SHALL_WE_NOT_HEAR
சென்று,GOING
எல்லா,FRIEND
நீ,YOU
என்,WHAT
அணங்கு,GODDESS
உற்றனை,FELT_YOU
யார்,WHO
நின்,YOUR
இது,THIS
செய்தார்,DID
நின்,YOUR
உற்ற,FELT
அல்லல்,DISTRESS
உரை,SPEAK
என,SAY
என்னை,ME
வினவுவீர்,YOU_ASK
தெற்றென,CLEARLY
கேண்மின்,LISTEN
ஒருவன்,ONE_MAN
குரல்,VOICE
கூந்தால்,HAIR
என்,MY
உற்ற,FELT
எவ்வம்,DISTRESS
நினக்கு,FOR_YOU
யான்,I
உரைப்பனைத்,SPEAKING
தங்கிற்று,REMAINED
என்,MY
இன்,SWEET
உயிர்,LIFE
என்று,SAY
மருவு,AFFECTION
ஊட்டி,FEEDING
மாறியதன்,CHANGED
கொண்டு,TAKING
எனக்கு,FOR_ME
மருவு,AFFECTION
உழிப்,PLACE
பட்டது,CAUGHT
என்,MY
நெஞ்சு,HEART
எங்கும்,EVERYWHERE
தெரிந்து,KNOWING
அது,THAT
கொள்வேன்,I_WILL_TAKE
அவன்,HE
உள்,INSIDE
வழி,WAY
பொங்கு,SURGING
இரு,GREAT
முந்நீர்,SEA
அகம்,EXPANSE
எல்லாம்,ALL
நோக்கினை,LOOKED
திங்களுள்,MOON
தோன்றி,APPEARING
இருந்த,SAT
குறு,SMALL
முயால்,HARE
எம்,OUR
கேள்,RELATIVE
இதன்,THIS
அகத்து,INSIDE
உள்வழிக்,INSIDE_PLACE
காட்டீமோ,WILL_YOU_SHOW
காட்டீயாய்,IF_NOT_SHOW
ஆயின்,IF
கத,ANGER
நாய்,DOG
கொளுவுவேன்,I_WILL_SET
வேட்டுவர்,HUNTERS
உள்,INSIDE
வழிச்,WAY
செப்புவேன்,I_WILL_TELL
ஆட்டி,SHAKING
மதியொட,MOON
பாம்பு,SNAKE
மடுப்பேன்,I_WILL_KILL
மதி,MOON
திரிந்த,CHANGED
என்,MY
அல்லல்,DISTRESS
தீராய்,NOT_REMOVING
எனின்,IF
என்று,SAY
ஆங்கே,THERE
உள்,INSIDE
நின்ற,STOOD
எவ்வம்,DISTRESS
உரைப்ப,SPEAKING
மதியொட,MOON
வெள்,WHITE
மழை,RAIN_CLOUD
ஓடிப்,RUNNING
புகுதி,ENTER
சிறிது,LITTLE
என்னை,ME
கண்ணோடினாய்,YOU_SHOWED_MERCY
போறி,LIKE
நீ,YOU
நீடு,LONG
இலைத்,LEAF
தாழை,SCREW_PINE
துவர்,REDDISH
மணல்,SAND
கானல்உள்,GROVE
ஓடுவேன்,I_WILL_RUN
ஓடி,RUNNING
ஒளிப்பேன்,I_WILL_HIDE
பொழில்,GROVE
தொறும்,EVERY
நாடுவேன்,I_WILL_SEARCH
கள்வன்,THIEF
கரந்து,HIDING
இருக்கற்பாலன்,WILL_HE_STAY
கொல்,PERHAPS
ஆய்,BEAUTIFUL
பூ,FLOWER
அடும்பின்,IPOMOEA
அலர்,FLOWER
கொண்டு,TAKING
உதுக்,THERE
காண்,SEE
எம்,OUR
கோதை,GARLAND
புனைந்த,ADORNED
வழி,WAY
உதுக்,THERE
காண்,SEE
சாஅய்,FADING
மலர்,FLOWER
காட்டி,SHOWING
சால்பு,GOODNESS
இலான்,WITHOUT
யாம்,WE
ஆடும்,PLAY
பாவை,DOLL
கொண்டு,TAKING
ஓடியுழி,RAN_WHEN
உதுக்,THERE
காண்,SEE
தொய்யில்,PAINTING
பொறித்த,IMPRESSED
வழி,WAY
உதுக்,THERE
காண்,SEE
தையால்,GIRL
தேறு,UNDERSTAND
என,SAY
தேற்றி,CONVINCING
அறன்,RIGHTEOUSNESS
இல்லான்,WITHOUT
பைய,SOFTLY
முயங்கியுழி,EMBRACED_WHEN
அளிய,PITIFUL
என்,MY
உள்ளத்து,HEART
உயவுத்,SUFFERING
தேர்,CHARIOT
ஊர்ந்து,RIDING
விளியா,UNENDING
நோய்,SICKNESS
செய்து,CAUSING
இறந்த,CROSSED
அன்பு,AFFECTION
இல்,WITHOUT
அவனை,HIM
தெளிய,UNDERSTAND
விசும்பினும்,SKY
ஞாலத்து,EARTH
அகத்தும்,INSIDE
வளியே,WIND
எதிர்போம்,OPPOSITE
பல,MANY
கதிர,RAY
ஞாயிற்று,SUN
ஒளி,LIGHT
உள்,INSIDE
வழி,WAY
எல்லாம்,ALL
சென்று,GOING
முனிபு,ANGRY
எம்மை,US
உண்மை,TRUTH
நலன்,BEAUTY
உண்டு,EATING
ஒளித்தானை,HIDDEN_ONE
காட்டீமோ,WILL_YOU_SHOW
காட்டாயேல்,IF_NOT_SHOW
மண்ணகம்,EARTH
எல்லாம்,ALL
ஒருங்கு,TOGETHER
சுடுவேன்,I_WILL_BURN
என்,MY
கண்ணீர்,TEARS
அழலால்,FIRE
தெளித்து,SPRINKLING
பேணான்,NOT_CARING
துறந்தானை,LEFT_ONE
நாடும்,SEEKS
இடம்,PLACE
விடாய்,LEAVE
ஆயின்,IF
பிறங்கு,SHINING
இரு,GREAT
முந்நீர்,SEA
வெறு,EMPTY
மணல்,SAND
ஆக,BEING
புறம்,OUTSIDE
காலின்,WIND
போக,GO
இறைப்பேன்,I_WILL_SPRINKLE
முயலின்,HARE
அறம்,RIGHTEOUSNESS
புணை,RAFT
ஆகலும்,BEING
உண்டு,POSSIBLE
துறந்தானை,LEFT_ONE
நாடித்,SEEKING
தருகிற்பாய்,IF_YOU_GIVE
ஆயின்,IF
நினக்கு,FOR_YOU
ஒன்று,ONE
பாடுவேன்,I_WILL_SING
என்,MY
நோய்,SICKNESS
உரைத்து,SPEAKING
புல்லிய,MEAN
கேளிர்,FRIENDS
புணரும்,UNITE
பொழுது,TIME
உணரேன்,I_DONT_KNOW
எல்லி,EVENING
ஆக,BEING
எல்லை,DAY
என்று,SAY
ஆங்கே,THERE
பகல்,DAY
முனிவேன்,I_HATE
எல்லிய,EVENING
காலை,DAWN
இரா,NIGHT
முனிவேன்,I_HATE
யான்,I
உற்ற,FELT
அல்லல்,DISTRESS
களைவார்,REMOVERS
இலேன்,I_DONT_HAVE
ஓஒ,OH
கடலே,SEA
தெற்றென,CLEARLY
கண்,EYE
உள்ளே,INSIDE
தோன்ற,APPEAR
இமை,EYELID
எடுத்து,RAISING
பற்றுவேன்,I_WILL_GRASP
என்று,SAY
யான்,I
விழிக்கும்கால்,WHEN_I_OPEN_EYES
மற்றும்,FURTHER
என்,MY
நெஞ்சத்துஉள்,HEART
ஓடி,RUNNING
ஒளித்து,HIDING
ஆங்கே,THERE
துஞ்சா,NOT_SLEEPING
நோய்,SICKNESS
செய்யும்,DOES
அறன்,RIGHTEOUSNESS
இல்,WITHOUT
அவன்,HE
ஓஒ,OH
கடலே,SEA
ஊர்,VILLAGE
தலைக்கொண்டு,TAKING_HEAD
கனலும்,BURNS
கடும்,SEVERE
தீ,FIRE
உள்,INSIDE
நீர்,WATER
பெய்த,POURED
காலே,TIME
சினம்,ANGER
தணியும்,COOLS
மற்று,FURTHER
இதோ,THIS
ஈரம்,AFFECTION
இல்,WITHOUT
கேள்வன்,HUSBAND
உறீஇய,CAUSED
காம,LOVE
தீ,FIRE
நீர்,WATER
உள்,INSIDE
புகினும்,EVEN_IF_ENTER
சுடും,BURNS
ஓஒ,OH
கடலே,SEA
எற்றம்,FAULT
இலாட்டி,FAULTLESS_WOMAN
என்,WHY
ஏமுற்றாள்,REJOICED_SHE
என்று,SAY
இந்,THIS
நோய்,SICKNESS
உற்று,FEELING
அறியாதாரோ,THOSE_WHO_DONT_KNOW
நகுக,LAUGH
நயந்தாங்கே,AS_DESIRED
இற்றா,BEING_BROKEN
அறியின்,IF_KNOW
முயங்கலேன்,I_WONT_EMBRACE
மற்று,FURTHER
என்னை,ME
அற்றத்து,END
இட்டு,PLACING
ஆற்று,RIVER
அறுத்தான்,CUT_OFF_HE
மார்பு,CHEST
ஆங்க,THERE
கடலொட,SEA
புலம்புவோள்,LAMENTING_SHE
கலங்கு,CONFUSION
அஞர்,FEAR
தீர,REMOVE
கெடல்,DESTRUCTION
அரும்,DIFFICULT
காதலர்,LOVERS
துனை,HASTE
தர,GIVE
பிணி,SICKNESS
நீங்கி,LEAVING
அறன்,RIGHTEOUSNESS
அறிந்து,KNOWING
ஒழுகும்,BEHAVES
அங்கணாளனை,GOOD_RULER
திறன்,WAY
இலார்,WITHOUT
எடுத்து,RAISING
தீ,EVIL
மொழி,WORD
எல்லாம்,ALL
நல்,GOOD
அவை,ASSEMBLY
உள்,INSIDE
பட,ENTER
கெட்டாங்கு,DISAPPEARED_LIKE
இல்லாகின்று,DISAPPEARS
அவள்,HER
ஆய்,BEAUTIFUL
நுதல்,FOREHEAD
பசப்பே,PALLOR
துனையுநர்,HASTENERS
விழைதக்க,DESIRABLE
சிறப்பு,HONOR
போல்,LIKE
கண்டார்க்கு,FOR_THOSE_WHO_SEE
நனவின்உள்,WAKING
உதவாது,NOT_HELPING
நள்,DEEP
இருள்,DARKNESS
வேறு,DIFFERENT
ஆகும்,BECOMES
கனவின்,DREAM
நிலையின்றால்,UNSTEADY
காமம்,LOVE
ஒருத்தி,ONE_WOMAN
உயிர்க்கும்,BREATHES
உசாஅம்,SUFFERS
உலம்வரும்,WANDERS
ஓவாள்,UNCEASING
கயல்,CARP
புரை,LIKE
உண்கண்,BEAUTIFUL_EYE
அரிப்ப,SCATTERING
அரி,LION
வார,COME
பெயல்,RAIN
சேர்,JOINED
மதி,MOON
போல,LIKE
வாள்,SWORD
முகம்,FACE
தோன்ற,APPEAR
பல,MANY
ஒலி,SOUND
கூந்தலாள்,HAIRED_SHE
பண்பு,NATURE
எல்லாம்,ALL
துய்த்துத்,ENJOYING
துறந்தானை,LEFT_ONE
உள்ளி,THINKING
அழூஉம்,CRIES
அவனை,HIM
மறந்தாள்,FORGOT_SHE
போல்,LIKE
ஆலி,HAIL
நகூஉம்,LAUGHS
மருளும்,CONFUSES
சிறந்த,EXCELLENT
தன்,HER
நாணும்,SHAME
நலனும்,BEAUTY
நினையாது,NOT_THINKING
காமம்,LOVE
முனைஇயாள்,DESIRED_SHE
அலந்தாள்,SUFFERED_SHE
என்று,SAY
எனை,ME
காண,SEE
நகான்மின்,DONT_LAUGH
கூறுவேன்,I_WILL_SAY
மாக்காள்,GREAT_PEOPLE
மிகாஅது,WITHOUT_EXCESS
மகளிர்,WOMEN
தோள்,SHOULDER
சேர்ந்த,JOINED
மாந்தர்,PEOPLE
துயர்,SORROW
கூர,SHARP
நீத்தலும்,LEAVING
நீள்,LONG
சுரம்,DESERT
போகியார்,WENT_ONES
வல்லை,QUICKLY
வந்து,COMING
அளித்தலும்,FAVORING
ஊழ்,FATE
செய்து,DOING
இரவும்,NIGHT
பகலும்,DAY
போல்,LIKE
வேறு,DIFFERENT
ஆகி,BEING
வீழ்வார்,LOVERS
கண்,EYE
தோன்றும்,APPEARS
தடுமாற்றம்,FALTERING
ஞாலத்துள்,WORLD
வாழ்வார்கட்கு,FOR_THOSE_WHO_LIVE
எல்லாம்,ALL
வரும்,COMES
தாழ்பு,DELAYING
துறந்து,LEAVING
தொடி,BRACELET
நெகிழ்த்தான்,LOOSENED_HE
போகிய,GONE
கானம்,FOREST
இறந்து,CROSSING
எரி,FIRE
நையாமல்,WITHOUT_SUFFERING
பாஅய்,SPREADING
முழங்கி,ROARING
வறந்து,DRYING
என்னை,WHAT
செய்தியோ,WILL_YOU_DO
வானம்,SKY
சிறந்த,EXCELLENT
என்,MY
கண்ணீர்க்,TEARS
கடலால்,SEA
கனை,LOUD
துளி,RAINDROP
வீசாயோ,WILL_YOU_SCATTER
கொண்மூ,CLOUD
குழீஇ,GATHERING
முகந்து,STORING
நுமக்கு,YOU
எவன்,WHAT
போலுமோ,LIKE
ஊரீர்,VILLAGERS
எமக்கும்,US
எம்,OUR
கண்,EYE
பாயல்,SLEEP
கொண்டு,TAKING
உள்ளாக்,NOT_THINKING
காதலவன்,LOVER
செய்த,DONE
பண்பு,NATURE
தர,GIVE
வந்த,COME
என்,MY
தொடர்,CONNECTION
நோய்,SICKNESS
வேது,HUNTER
கொள்வது,TAKING
போலும்,LIKE
கடும்,SEVERE
பகல்,DAY
ஞாயிறே,SUN
எல்லா,BRIGHT_ONE
கதிரும்,RAYS
பரப்பிப்,SPREADING
பகலொட,DAY
செல்லாது,NOT_GOING
நின்றீயல்,STAND_GIVE
வேண்டுவல்,I_WANT
நீ,YOU
செல்லின்,IF_GO
புல்லென்,FADED
மருள்,DUSK
மாலைப்,EVENING
போழ்து,TIME
இன்று,TODAY
வந்து,COMING
என்னை,ME
கொல்லாது,NOT_KILLING
போதல்,GOING
அரிதால்,DIFFICULT
அதனொட,WITH_THAT
யான்,I
செல்லாது,NOT_GOING
நிற்றல்,STANDING
இலேன்,I_WONT
ஒல்லை,QUICKLY
எம்,OUR
காதலர்க்,LOVERS
கொண்டு,TAKING
கடல்,SEA
ஊர்ந்து,RIDING
காலை,DAWN
நாள்,DAY
போதரின்,IF_COME
காண்குவேன்,I_WILL_SEE
மன்னோ,INDEED
பனியொட,DEW
மாலைப்,EVENING
பகை,ENEMY
தாங்கி,BEARING
யான்,I
இனியன்,SWEET_ONE
என்று,SAY
ஓம்படுப்பல்,I_WILL_PROTECT
ஞாயிறு,SUN
இனி,NOW
ஒள்,BRIGHT
வளை,BRACELET
ஓட,RUN
துறந்து,LEAVING
துயர்,SORROW
செய்த,CAUSED
கள்வன்,THIEF
பால்,TO
பட்டன்று,CAUGHT
ஒளித்து,HIDING
என்னை,ME
உள்ளி,THINKING
பெரும்,GREAT
கடல்,SEA
புல்லென,FADED
கானல்,GROVE
புலம்ப,LAMENT
இரும்,DARK
கழி,LAGOON
நெய்தல்,WATER_LILY
இதழ்,PETAL
பொதிந்து,FOLDING
தோன்ற,APPEAR
விரிந்து,SPREAD
இலங்கு,SHINE
வெண்,WHITE
நிலா,MOONLIGHT
வீசும்,SCATTERS
பொழுதினான்,TIME
யான்,I
வேண்டு,DESIRE
ஒருவன்,ONE_MAN
என்,MY
அல்லல்,DISTRESS
உறீஇயான்,CAUSED_HE
தான்,HE
வேண்டுபவரோட,DESIRED_ONES
துஞ்சும்,SLEEPS
கொல்,PERHAPS
துஞ்சாது,NOT_SLEEPING
வானும்,SKY
நிலனும்,EARTH
திசையும்,DIRECTIONS
துழாவும்,SEARCHES
என்,MY
ஆனா,UNCEASING
படர்,SUFFERING
மிக்க,INCREASED
நெஞ்சு,HEART
ஊரவர்க்கு,VILLAGERS
எல்லாம்,ALL
பெரு,GREAT
நகை,LAUGHTER
ஆகி,BEING
என்,MY
ஆர்,DEAR
உயிர்,LIFE
எஞ்சும்மன்,DECREASES
அங்கு,THERE
நீ,YOU
சென்றீ,GO
நிலவு,MOONLIGHT
உமிழ்,EMIT
வான்,SKY
திங்காள்,MOON
ஆய்,BEAUTIFUL
தொடி,BRACELET
கொட்ப,LOOSEN
அளி,LOVE
புறம்,BACK
மாறி,CHANGING
அருளான்,MERCILESS_HE
துறந்த,LEFT
அக்,THAT
காதலன்,LOVER
செய்த,DONE
கலக்குறு,CONFUSING
நோய்க்கு,SICKNESS
ஏதிலார்,STRANGERS
எல்லாரும்,ALL
தேற்றர்,NOT_CONVINCED
மருந்து,MEDICINE
வினைக்,DEED
கொண்டு,TAKING
என்,MY
காம,LOVE
நோய்,SICKNESS
நீக்கிய,REMOVED
ஊரீர்,VILLAGERS
எனைத்தானும்,HOW_MUCH
எள்ளினும்,EVEN_IF_SCORN
எள்ளலன்,NOT_SCORN
கேள்வன்,HUSBAND
நினைப்பினும்,EVEN_IF_THINK
கண்,EYE
உள்ளே,INSIDE
தோன்றும்,APPEARS
அனைத்தற்கே,FOR_ALL_THAT
ஏமராது,NOT_REJOICING
ஏமரா,NOT_REJOICING
ஆறு,WAY
கனை,LOUD
இருள்,DARK
வானம்,SKY
கடல்,SEA
முகந்து,STORING
என்,MY
மேல்,UPON
உறையொட,WATER
நின்றீயல்,STAND_GIVE
வேண்டும்,NEED
ஒருங்கே,TOGETHER
நிறை,FULLNESS
வளை,BRACELET
கொட்பித்தான்,LOOSENED_HE
செய்த,DONE
துயரால்,SORROW
இறை,LORD
இறை,LORD
பொத்திற்றுத்,COVERED
தீ,FIRE
எனப்,SAY
பாடி,SINGING
நோய்,SICKNESS
உடை,HAVING
நெஞ்சத்து,HEART
எறியா,THROWING
இனைபு,GRIEVING
ஏங்கி,LAMENTING
யாவிரும்,ALL
எம்,OUR
கேள்வன்,HUSBAND
காணீரோ,DO_YOU_SEE
என்பவட்கு,SAYING_SHE
ஆர்வுற்ற,DESIRING
பூசற்கு,NOISE
அறம்,RIGHTEOUSNESS
போல்,LIKE
எய்தந்தார்,CAME
பாயல்,SLEEP
கொண்டு,TAKING
உள்ளாதவரை,THOSE_WHO_DONT_THINK
வர,RETURN
கண்டு,SEEING
மாயவன்,VISHNU
மார்பில்,CHEST
திருப்,LAKSHMI
போல்,LIKE
அவள்,SHE
சேர,JOIN
ஞாயிற்று,SUN
முன்னர்,BEFORE
இருள்,DARKNESS
போல்,LIKE
மாய்ந்தது,DISAPPEARED
என்,MY
ஆய்,BEAUTIFUL
இழை,JEWEL
உற்ற,FELT
துயர்,SORROW
உரை,WORD
செல,GO
உயர்ந்து,RISING
ஓங்கி,RAISING
சேர்ந்தாரை,THOSE_WHO_JOINED
ஒரு,ONE
நிலையே,STATE
வரை,LIMIT
நில்லா,NOT_STAYING
விழுமம்,DISTRESS
உறீஇ,CAUSING
நடுக்கு,FEAR
உரைத்து,SPEAKING
தெறல்,DESTROYING
மாலை,EVENING
அரைசினும்,KING
அன்பு,AFFECTION
இன்றாம்,WITHOUT
காமம்,LOVE
புரை,FAULT
தீர,REMOVE
அன்ன,SUCH
மெல்,SOFT
சேக்கையுள்,BED
ஆராது,NOT_FULL
அளித்தவன்,FAVORED_ONE
துன்னி,APPROACHING
அகல,WIDELY
துறந்த,LEFT
அணியளாய்,BEAUTY
நாணும்,SHAME
நிறையும்,DIGNITY
உணர்கல்லாள்,NOT_KNOWING
தோள்,SHOULDER
ஞெகிழ்பு,LOOSENING
பேர்,GREAT
அமர்,WAR
உண்கண்,BEAUTIFUL_EYE
நிறை,FULLNESS
மல்க,FILL
அந்நீர்,THAT_WATER
தன்,HER
கூர்,SHARP
எயிறு,TOOTH
ஆடி,DANCING
குவி,HEAPED
முலை,BREAST
மேல்,UPON
வார்தர,FLOW
தேர்,CHARIOT
வழி,WAY
நின்று,STANDING
தெருமரும்,CONFUSES
ஆய்,BEAUTIFUL
இழை,JEWEL
கூறுப,WORDS
கேளாமோ,SHALL_WE_NOT_HEAR
சென்று,GOING
எல்,BRIGHT
இழாய்,JEWEL
எற்றி,WHY
வரைந்தானை,DREW_ONE
நாணும்,SHAME
மறந்தாள்,FORGOT_SHE
என்று,SAY
உற்றனிர்,YOU_FELT
போல,LIKE
வினவுதிர்,YOU_ASK
மற்று,FURTHER
இது,THIS
கேட்டீமின்,LISTEN
எல்லீரும்,ALL
வந்து,COMING
வறம்,DROUGHT
தெற,DESTROY
மாற்றிய,CHANGED
வானமும்,SKY
போலும்,LIKE
நிறைந்து,FILLING
என்னை,ME
மாய்ப்பது,DESTROYING
ஓர்,A
வெள்ளமும்,FLOOD
போலும்,LIKE
சிறந்தவன்,EXCELLENT_ONE
தூ,PURE
அற,WITHOUT
நீப்ப,LEAVING
பிறங்கி,SHINING
வந்து,COMING
என்,MY
மேல்,UPON
நிலைஇய,ESTABLISHED
நோய்,SICKNESS
நக்கு,LAUGHING
நலனும்,BEAUTY
இழந்தாள்,LOST_SHE
இவள்,SHE
என்னும்,SAY
தக்கவிர்,FITTING_ONES
போலும்,LIKE
இழந்திலேன்,I_DID_NOT_LOSE
மன்னோ,INDEED
மிக்க,EXCELLENT
என்,MY
நாணும்,SHAME
நலனும்,BEAUTY
என்,MY
உள்ளமும்,HEART
அக்கால்,THAT_TIME
அவன்,HE
உழை,AT
ஆங்கே,THERE
ஒழிந்தன,REMAINED
உக்காண்,SEE
இதோ,THIS
உடம்பு,BODY
உயிர்க்கு,LIFE
ஊற்று,SOURCE
ஆக,AS
செக்கர்,EVENING_SKY
அம்,BEAUTIFUL
புள்ளித்,SPOT
திகிரி,DISCUS
அலவனொட,CRAB
யான்,I
நக்கது,LAUGHED
பல்,MANY
மாண்,BEAUTY
நினைந்து,THINKING
கரை,SHORE
காணா,NOT_SEEING
நோயுள்,SICKNESS
அழுந்தாதவனை,NOT_SINKING_ONE
புரை,FAULT
தவ,REMOVE
கூறிக்,SAYING
கொடுமை,CRUELTY
நுவல்வீர்,YOU_SPEAK
வரைபவன்,DRAWER
என்னின்,IF_SAY
அகலான்,NOT_WIDEN
அவனை,HIM
திரை,WAVE
தரும்,GIVES
முந்நீர்,SEA
வளாஅகம்,REGION
எல்லாம்,ALL
நிரை,LINE
கதிர,RAY
ஞாயிற்றை,SUN
நாடு,COUNTRY
என்றேன்,I_SAID
யானும்,I
உரை,WORD
கேட்புஉழி,HEARING_PLACE
எல்லாம்,ALL
செல்வேன்,I_WILL_GO
புரை,FAULT
தீர்ந்தான்,REMOVED_ONE
யாண்டு,WHERE
ஒளிப்பான்,WILL_HIDE
கொலோ,PERHAPS
மற்று,FURTHER
மருள்,CONFUSION
கூர்,SHARP
பிணை,FEMALE_DEER
போல்,LIKE
மயங்க,CONFUSE
வெந்நோய்,SEVERE_SICKNESS
செய்யும்,DOES
மாலையும்,EVENING
வந்து,COMING
மயங்கி,CONFUSED
எரி,FIRE
நுதி,POINT
யாமம்,NIGHT_WATCH
தலை,HEAD
வந்தன்று,CAME
ஆயின்,IF
அதற்கு,FOR_THAT
என்,MY
நோய்,SICKNESS
பாடுவேன்,I_WILL_SING
பல்லாருள்,MANY_PEOPLE
சென்று,GOING
யான்,I
உற்ற,FELT
எவ்வம்,DISTRESS
உரைப்பின்,IF_SPEAK
பலர்த்,MANY
துயிற்றும்,MAKES_SLEEP
யாமம்,NIGHT_WATCH
நீ,YOU
துஞ்சலை,DONT_SLEEP
மன்,INDEED
எதிர்கொள்ளும்,WELCOMES
ஞாலம்,EARTH
துயில்,SLEEP
ஆராது,NOT_FULL
ஆங்கண்,THERE
முதிர்பு,RIPENING
என்,MY
மேல்,UPON
முற்றிய,SURROUNDED
வெந்நோய்,SEVERE_SICKNESS
உரைப்பின்,IF_SPEAK
கதிர்கள்,RAYS
மழுங்கி,BLUNTED
மதியும்,MOON
அதிர்வது,THUNDERS
போல்,LIKE
ஓடிச்,RUNNING
சுழல்வது,WHIRLS
மன்,INDEED
பேர்,GREAT
ஊர்,VILLAGE
மறுகில்,STREET
பெரும்,GREAT
துயில்,SLEEP
சான்றீரே,WORTHY_ONES
நீரை,WATER
செறுத்து,TIGHTENING
நிறைவுற,FULLY
ஓம்புமின்,PROTECT
கார்,RAIN
தலைக்கொண்டு,TAKING_HEAD
பொழியினும்,EVEN_IF_POURS
தீர்வது,REMOVES
போலாது,NOT_LIKE
என்,MY
மெய்,BODY
கனலும்,BURNS
நோய்,SICKNESS
இருப்பினும்,EVEN_IF_STAY
நெஞ்சம்,HEART
கனலும்,BURNS
செலினே,IF_GO
வருத்துறும்,SUFFERS
யாக்கை,BODY
வருந்துதல்,SUFFERING
ஆற்றேன்,I_CANNOT
அருப்பம்,DIFFICULTY
உடைத்து,HAVING
என்னுள்,MY_INSIDE
எவ்வம்,DISTRESS
பொருத்திப்,PLACING
பொறி,SPARK
செய்,MADE
புனை,ADORNED
பாவை,DOLL
போல,LIKE
வறிது,EMPTY
உயங்கி,SUFFERING
செல்வேன்,I_WILL_GO
விழுமம்,DISTRESS
உழந்து,SUFFERING
என,SAY
ஆங்கு,THUS
பாட,SING
அருள்,MERCY
உற்ற,HAVING
வறம்,DROUGHT
கூர்,SHARP
வானத்து,SKY
வள்,BEAUTIFUL
உறைக்கு,RAINDROP
அலமரும்,CONFUSES
புள்ளிற்கு,BIRD
அது,THAT
பொழிந்தாஅங்கு,RAINED_LIKE
மற்றுத்,FURTHER
தன்,HER
நல்,GOOD
எழில்,BEAUTY
மார்பன்,CHEST
முயங்கலின்,EMBRACE
அல்லல்,DISTRESS
தீர்ந்தன்று,REMOVED
ஆய்,BEAUTIFUL
இழை,JEWEL
பண்பே,NATURE
ஆறு,WAY
அல்ல,NOT
மொழி,WORD
தோற்றி,CREATING
அற,RIGHTEOUSNESS
வினை,DEED
கலக்கிய,CONFUSED
தேறுகள்,CLARIFIED_LIQUOR
நறவு,HONEY
உண்டார்,DRINKERS
மயக்கம்,CONFUSION
போல்,LIKE
காமம்,LOVE
வேறு,DIFFERENT
ஒரு,ONE
பாற்று,SIDE
ஆனது,BECAME
கொலோ,PERHAPS
சீறு,ANGER
அடிச்,FOOT
சிலம்பு,ANKLET
ஆர்ப்ப,SOUNDING
இயலியாள்,WALKED_SHE
இவள்,SHE
மன்னோ,INDEED
இனி,NOW
மன்னும்,PERMANENT
புலம்பு,SOLITUDE
ஊர,SPREAD
புல்லென்ற,FADED
வனப்பினாள்,BEAUTY
விலங்கு,OBSTACLE
ஆக,AS
வேல்,SPEAR
நுதி,POINT
உற,TOUCHING
நோக்கி,LOOKING
வெயில்,SUNLIGHT
உற,TOUCHING
உருகும்,MELTS
தன்,HER
தோள்,SHOULDER
நலம்,BEAUTY
உண்டானை,EATER
கெடுத்தாள்,DESTROYED_SHE
போல்,LIKE
தெருவில்,STREET
பட்டு,CAUGHT
ஊண்,FOOD
யாதும்,ANY
இலள்,WITHOUT
ஆகி,BEING
உயிரினும்,THAN_LIFE
சிறந்த,EXCELLENT
தன்,HER
நாண்,SHAME
யாதும்,ANY
இலள்,WITHOUT
ஆகி,BEING
நகுதலும்,LAUGHING
நகூஉம்,LAUGHS
ஆங்கே,THERE
பெண்மையும்,FEMININITY
இலள்,WITHOUT
ஆகி,BEING
அழுதலும்,CRYING
அழூஉம்,CRIES
தோழி,FRIEND
ஓர்,A
ஒள்,BRIGHT
நுதல்,FOREHEAD
உற்றது,HAPPENED
உழைச்,AT
சென்று,GOING
கேளாமோ,SHALL_WE_NOT_HEAR
இவர்,THESE
யாவர்,WHO
ஏமுற்றார்,REJOICED_ONES
கண்டீரே,YOU_SEE
ஓஒ,OH
அமையும்,WILL_CEASE
தவறிலீர்மன்,FAULTLESS
கொலோ,PERHAPS
நகையின்,LAUGHTER
மிக்க,EXCELLENT
தன்,HER
காமமும்,LOVE
ஒன்று,ONE
என்ப,SAY
அம்,THAT
மா,GREAT
புது,NEW
நலம்,BEAUTY
பூ,FLOWER
வாடி,FADING
அற்று,LIKE
தாம்,THEY
வீழ்வார்,LOVERS
மதி,MOON
மருள,BE_CONFUSED
நீத்தக்கடை,WHEN_LEFT
என்னையே,ME
மூசிக்,SWARMING
கதுமென,SUDDENLY
நோக்கன்மின்,DONT_LOOK
வந்து,COMING
கலைஇய,CONFUSED
கண்,EYE
புருவம்,EYEBROW
தோள்,SHOULDER
நுசுப்பு,WAIST
ஏஎர்,BEAUTY
சில,FEW
மழை,RAIN
போல்,LIKE
தாழ்ந்து,HANGING
இருண்ட,DARKENED
கூந்தல்,HAIR
அவற்றை,THEM
விலை,PRICE
வளம்,PROSPERITY
மாற,CHANGE
அறியாது,NOT_KNOWING
ஒருவன்,ONE_MAN
வலை,NET
அகப்பட்டது,CAUGHT
என்,MY
நெஞ்சு,HEART
வாழிய,MAY_YOU_LIVE
கேளிர்,FRIENDS
பலவும்,MANY
சூள்,VOW
தேற்ற,CONVINCE
தெளித்தவன்,CLARIFIED_HE
என்னை,ME
முலை,BREAST
இடை,MIDDLE
வாங்கி,PULLING
முயங்கினன்,EMBRACED_HE
நீத்த,LEFT
கொலைவனை,MURDERER
காணேன்,NOT_SEE
கொல்,PERHAPS
யான்,I
காணினும்,EVEN_IF_SEE
என்னை,ME
அறிதிர்,KNOW
கதிர,RAY
பற்றி,GRASPING
ஆங்கு,THERE
எதிர்,OPPOSITE
நோக்குவன்,I_WILL_LOOK
ஞாயிறே,SUN
எம்,OUR
கேள்வன்,HUSBAND
யாங்கு,HOW
உளன்,IS
ஆயினும்,EVEN_IF
காட்டீமோ,WILL_YOU_SHOW
காட்டாயேல்,IF_NOT_SHOW
வானத்து,SKY
எவன்,WHAT
செய்தி,WILL_YOU_DO
நீ,YOU
ஆர்,FULL
இருள்,DARKNESS
நீக்கும்,REMOVES
விசும்பின்,SKY
மதி,MOON
போல,LIKE
நீர்,WATER
உள்ளும்,INSIDE
தோன்றுதி,APPEAR
ஞாயிறே,SUN
அவ்வழித்,THAT_WAY
தேரை,FROG
தினப்படல்,EATING
ஓம்பு,AVOID
நல்கா,NOT_FAVORING
ஒருவனை,ONE_MAN
நாடி,SEEKING
யான்,I
கொள்வனை,TAKING
பல்,MANY
கதிர,RAY
சாம்பிப்,FADING
பகல்,DAY
ஒழிய,LEAVE
பட்டீமோ,BECOME
செல்,GOING
கதிர,RAY
ஞாயிறே,SUN
நீ,YOU
அறாஅல்,UNCEASING
இன்று,WITHOUT
அரி,LION
முன்கைக்,FOREARM
கொட்கும்,SWAYS
பறாஅ,FLYING
பருந்தின்,VULTURE
கண்,EYE
பற்றி,GRASPING
புணர்ந்தான்,UNITED_HE
கறாஅ,NOT_MILKING
எருமைய,BUFFALO
காடு,FOREST
இறந்தான்,CROSSED_HE
கொல்லோ,PERHAPS
உறாஅ,NOT_FEELING
தகை,NATURE
செய்து,DOING
இவ்,THIS
ஊர்,VILLAGE
உள்ளான்,INSIDE
கொல்லோ,PERHAPS
செறாஅது,NOT_HATING
உளன்,IS
ஆயின்,IF
கொள்வேன்,I_WILL_TAKE
அவனை,HIM
பெறாஅது,NOT_OBTAINING
யான்,I
நோவேன்,I_WILL_SUFFER
அவனை,HIM
என்,WHERE
காட்டி,SHOWING
சுறாஅக்,SHARK
கொடியான்,FLAG_MAN
கொடுமையை,CRUELTY
நீயும்,YOU
உறாஅ,NOT_FEELING
அரைச,KING
நின்,YOUR
ஓலைக்,PALM_LEAF
கண்,EYE
கொண்டீ,TOOK
மறாஅ,NOT_FORGETTING
அரைச,KING
நின்,YOUR
மாலையும்,EVENING
வந்தன்று,CAME
அறாஅ,UNCEASING
தணிக,COOL
இந்நோய்,THIS_SICKNESS
தன்,HIS
நெஞ்சு,HEART
ஒருவற்கு,ONE_MAN
இனைவித்தல்,CAUSING_GRIEF
யாவர்க்கும்,FOR_ALL
அன்னவோ,LIKE_THAT
காம,LOVE
நின்,YOUR
அம்பு,ARROW
கையாறு,HELPLESSNESS
செய்தானை,WHO_DID
காணின்,IF_SEE
கலுழ்,WEEPING
கண்ணால்,EYE
பையென,SOFTLY
நோக்குவேன்,I_WILL_LOOK
தாழ்,LOW
தானை,ARMY
பற்றுவேன்,I_WILL_GRASP
ஐயம்,DOUBT
கொண்டு,TAKING
என்னை,ME
அறியான்,NOT_KNOWING
விடுவானேல்,IF_HE_LEAVES
ஒய்,STOP
என,SAY
பூசல்,NOISE
இடுவேன்மன்,I_WILL_MAKE
யான்,I
அவனை,HIM
மெய்,TRUTH
ஆக,AS
கள்வனோ,THIEF
என்று,SAY
வினவன்மின்,DONT_ASK
ஊரவிர்,VILLAGERS
என்னை,ME
எஞ்ஞான்றும்,EVER
மடாஅ,NOT_FADING
நறவு,HONEY
உண்டார்,DRINKERS
போல,LIKE
மருள,BE_CONFUSED
விடாஅது,WITHOUT_LEAVING
உயிரொட,LIFE
கூடிற்று,JOINED
என்,MY
உண்கண்,BEAUTIFUL_EYE
படாஅமை,NOT_SLEEPING
செய்தான்,DID_HE
தொடர்பு,CONNECTION
கனவினான்,DREAM
காணிய,TO_SEE
கண்படா,NOT_SLEEPING
ஆயின்,IF
நனவினான்,WAKING
ஞாயிறே,SUN
காட்டாய்,NOT_SHOWING
நீ,YOU
ஆயின்,IF
பனை,PALM_TREE
ஈன்ற,BORN
மா,ANIMAL
ஊர்ந்து,RIDING
அவன்,HE
வர,COME
காமன்,KAMA
கணை,ARROW
இரப்பேன்,I_WILL_BEG
கால்,LEG
புல்லிக்கொண்டு,EMBRACING
என,SAY
ஆங்கு,THUS
கண்,EYE
இனைபு,GRIEVING
கலுழ்பு,WEEPING
ஏங்கினள்,LAMENTED_SHE
தோள்,SHOULDER
ஞெகிழ்பு,LOOSENING
வளை,BRACELET
நெகிழ்ந்தனள்,LOOSENED_SHE
அன்னையோ,ALAS
எல்லீரும்,ALL
காண்மின்,SEE
மடவரல்,YOUNG_WOMAN
மெல்,SOFT
நடை,GAIT
பேடை,FEMALE_BIRD
துனை,HASTE
தர,GIVE
தன்,HER
சேர்ந்த,JOINED
அன்ன,LIKE
வான்,GREAT
சேவல்,MALE_BIRD
புணர்ச்சி,UNION
போல்,LIKE
ஒள்,BRIGHT
நுதல்,FOREHEAD
காதலன்,LOVER
மன்ற,INDEED
அவனை,HIM
வர,RETURN
கண்டு,SEEING
ஆங்கு,THERE
ஆழ்,DEEP
துயரம்,SORROW
எல்லாம்,ALL
மறந்தனள்,FORGOT_SHE
பேதை,FOOLISH_GIRL
நகை,SMILE
ஒழிந்து,CEASING
நாணு,SHAME
மெய்,BODY
நிற்ப,STANDING
இறைஞ்சி,BOWING
தகை,BEAUTY
ஆக,BEING
தையலாள்,WOMAN
சேர்ந்தாள்,JOINED_SHE
நகை,SMILE
ஆக,BEING
நல்,GOOD
எழில்,BEAUTY
மார்பன்,CHEST
அகத்து,INSIDE
தொல்,ANCIENT
இயல்,NATURE
ஞாலத்து,WORLD
தொழில்,WORK
ஆற்றி,PERFORMING
ஞாயிறு,SUN
வல்லவன்,SKILLED_ONE
கூறிய,SAID
வினை,DEED
தலை,HEAD
வைத்தான்,PLACED_HE
போல்,LIKE
கல்,STONE
அடைபு,JOINING
கதிர,RAY
ஊன்றி,PLANTING
கண்,EYE
பயம்,FRUIT
கெட,DESTROY
பெயர,TURN
அல்லது,EVIL
கெடுப்பவன்,DESTROYER
அருள்,MERCY
கொண்ட,HAVING
முகம்,FACE
போல்,LIKE
மல்லல்,PROSPEROUS
நீர்த்,WATER
திரை,WAVE
ஊர்பு,RIDING
மால்,GREAT
இருள்,DARKNESS
மதி,MOON
சீப்ப,SHINE
இல்லவர்,HOUSEHOLDERS
ஒழுக்கம்,BEHAVIOR
போல்,LIKE
இரும்,DARK
கழி,LAGOON
மலர்,FLOWER
கூம்ப,FOLD
செல்லும்,GOES
என்,MY
உயிர்,LIFE
புறத்து,OUTSIDE
இறுத்தந்த,STAYED_CAME
மருள்,DUSK
மாலை,EVENING
மாலை,EVENING
நீ,YOU
இன்புற்றார்க்கு,FOR_THOSE_WHO_ENJOYED
இறைச்சியாய,FLESH
இயைவதோ,IS_IT_FITTING
செய்தாய்மன்,YOU_DID
அன்புற்றார்,AFFECTIONATE_ONES
அழ,CRY
நீத்த,LEFT
அல்லலுள்,DISTRESS
கலங்கிய,CONFUSED
துன்புற்றார்த்,SUFFERERS
துயர்,SORROW
செய்தல்,DOING
தக்கதோ,IS_IT_FITTING
நினக்கு,FOR_YOU
மாலை,EVENING
நீ,YOU
கலந்தவர்,UNITED_ONES
காமத்தை,LOVE
கனற்றலோ,HEATING
செய்தாய்மன்,YOU_DID
நலம்,BEAUTY
கொண்டு,TAKING
நல்காதார்,NOT_FAVORING_ONES
நனி,MUCH
நீத்த,LEFT
புலம்பின்,GRIEF
கண்,IN
அலந்தவர்க்கு,FOR_SUFFERERS
அணங்கு,GODDESS
ஆதல்,BEING
தக்கதோ,IS_IT_FITTING
நினக்கு,FOR_YOU
மாலை,EVENING
நீ,YOU
எம்,OUR
கேள்வன்,HUSBAND
தருதல்,BRINGING
உம்,ALSO
தருகல்லாய்,NOT_GIVING
துணை,COMPANION
அல்லை,NOT
பிரிந்தவர்க்கு,FOR_SEPARATED_ONES
நோய்,SICKNESS
ஆகி,BEING
புணர்ந்தவர்க்குப்,FOR_UNITED_ONES
புணை,RAFT
ஆகி,BEING
திருந்தாத,IMPERFECT
செயின்,IF_DO
அல்லால்,EXCEPT
இல்லையோ,IS_THERE_NOT
நினக்கு,FOR_YOU
என,SAY
ஆங்கு,THUS
ஆய்,BEAUTIFUL
இழை,JEWEL
மடவரல்,YOUNG_WOMAN
அவலம்,SORROW
அகல,LEAVE
பாய்,SPRINGING
இருள்,DARKNESS
பரப்பினை,SPREAD
பகல்,DAY
களைந்தது,REMOVED
போல,LIKE
போய்,GOING
அவர்,THEY
மண்,EARTH
வௌவி,SEIZING
வந்தனர்,CAME
சேய்,DISTANT
உறை,LIVE
காதலர்,LOVERS
செய்,DO
வினை,DEED
முடித்தே,COMPLETED
நிரை,LINE
திமில்,BOAT
களிறு,ELEPHANT
ஆக,AS
திரை,WAVE
ஒலி,SOUND
பறை,DRUM
ஆக,AS
கரை,SHORE
சேர்,JOINED
புள்,BIRD
இனத்து,GROUP
அம்,BEAUTIFUL
சிறை,WING
படை,ARMY
ஆக,AS
அரைசு,KING
கால்,WIND
கிளர்ந்தன்ன,ROSE_LIKE
உரவு,STRONG
நீர்ச்,WATER
சேர்ப்ப,SEASHORE
கேள்,LISTEN
கற்பித்தான்,TEACHER
நெஞ்சு,HEART
அழுங்க,SUFFER
பகர்ந்து,SPEAKING
உண்ணான்,NOT_EATING
விச்சைக்கண்,KNOWLEDGE
தப்பித்தான்,ESCAPED_ONE
பொருளே,WEALTH
போல்,LIKE
தமியவே,ALONE
தேயுமால்,FADES
ஒற்கத்துள்,DISTRESS
உதவியார்க்கு,FOR_HELPERS
உதவாதான்,NOT_HELPING
மற்று,FURTHER
அவன்,HE
எச்சத்துள்,REMAINING
ஆயினும்,EVEN_IF
அது,THAT
எறியாது,NOT_THROWING
விடாதே,NOT_LEAVING
காண்,SEE
கேளிர்கள்,FRIENDS
நெஞ்சு,HEART
அழுங்க,SUFFER
கெழுவுற்ற,ABUNDANT
செல்வங்கள்,WEALTH
தாள்,FOOT
இலான்,WITHOUT
குடியே,FAMILY
போல்,LIKE
தமியவே,ALONE
தேயுமால்,FADES
சூள்,VOW
வாய்த்த,FULFILLED
மனத்தவன்,HEARTED_ONE
வினை,DEED
பொய்ப்பின்,IF_FALSE
மற்று,FURTHER
அவன்,HE
வாள்,SWORD
வாய்,MOUTH
நன்று,GOOD
ஆயினும்,EVEN_IF
அது,THAT
எறியாது,NOT_THROWING
விடாதே,NOT_LEAVING
காண்,SEE
ஆங்க,THERE
அனைத்து,THAT_MUCH
இனி,NOW
பெரும,GREAT_ONE
அதன்,ITS
நிலை,STATE
நினைத்துக்,THINKING
காண்,SEE
சினைஇய,ANGRY
வேந்தன்,KING
எயில்,FORT
புறத்து,OUTSIDE
இறுத்த,STAYED
வினை,DEED
வரு,COMING
பருவரல்,DISTRESS
போல,LIKE
துனை,HASTE
வரு,COMING
நெஞ்சமொட,HEART
வருந்தினள்,SUFFERED_SHE
பெரிதே,GREATLY
அயம்,DEPTH
திகழ்,SHINE
நறும்,FRAGRANT
கொன்றை,KONRAI_FLOWER
அலங்கல்,GARLAND
அம்,BEAUTIFUL
தெரியலான்,GARLANDED_ONE
இயங்கு,MOVING
எயில்,FORT
எயப்,SHOOT
பிறந்த,BORN
எரி,FIRE
போல,LIKE
எவ்,ALL
வாயும்,SIDE
கனை,LOUD
கதிர,RAY
தெறுதலின்,BURNING
கடுத்து,ANGRY
எழுந்த,ROSE
காம்புத்,STEM
தீ,FIRE
மலை,MOUNTAIN
பரந்து,SPREAD
தலைக்கொண்டு,TAKING_HEAD
முழங்கிய,ROARED
முழங்கு,ROAR
அழல்,FIRE
மயங்கு,CONFUSED
அதர்,PATH
மறுகலின்,CONFUSED
மலை,MOUNTAIN
தலைக்கொண்டென,TOOK_HEAD
விசும்பு,SKY
உற,TOUCHING
நிவந்து,RAISED
அழலும்,BURNS
விலங்கு,OBSTACLE
அரும்,DIFFICULT
வெம்சுரம்,HOT_DESERT
இறந்து,CROSSING
தாம்,THEY
எண்ணிய,THOUGHT
எய்துதல்,OBTAINING
வேட்கையால்,DESIRE
அறம்,RIGHTEOUSNESS
துறந்து,LEAVING
ஆய்,BEAUTIFUL
இழாய்,JEWEL
ஆக்கத்தில்,PROSPERITY
பிரிந்தவர்,SEPARATED_ONES
பிறங்கு,SHINE
நீர்,WATER
சடை,MATTED_HAIR
கரந்தான்,HIDDEN_GOD
அணி,BEAUTY
அன்ன,LIKE
நின்,YOUR
நிறம்,COLOR
பசந்து,TURNED_PALE
நீ,YOU
இனையையாய்,SUCH_YOU
நீத்தலும்,LEAVING
நீப்பவோ,WILL_THEY_LEAVE
கரி,WITNESS
காய்ந்த,BURNT
கவலைத்தாய்,ANXIETY
கல்,STONE
காய்ந்த,BURNT
காட்டு,FOREST
அகம்,INSIDE
வெரு,FEAR
வந்த,FEROCIOUS
ஆறு,WAY
என்னார்,NOT_SAYING
விழுப்,GOOD
பொருட்கு,WEALTH
அகன்றவர்,GONE_ONES
உருவ,FIERCE
ஏற்று,BULL
ஊர்தியான்,RIDER
ஒள்,BRIGHT
அணி,BEAUTY
நக்கன்ன,LAUGHED_LIKE
நின்,YOUR
உரு,FORM
இழந்து,LOSING
இனையையாய்,SUCH_YOU
உள்ளலும்,THINKING
உள்ளுபவோ,WILL_THEY_THINK
கொதித்து,BOILING
உராய்,RUBBING
குன்று,HILL
இவர்ந்து,RISING
கொடிக்,FLAG
கொண்ட,TAKING
கோடையால்,SUMMER
ஒதுக்கு,SHELTER
அரிய,DIFFICULT
நெறி,WAY
என்னார்,NOT_SAYING
ஒண்,BRIGHT
பொருட்கு,WEALTH
அகன்றவர்,GONE_ONES
புதுத்,NEW
திங்கள்,MOON
கண்ணியான்,GARLANDED_ONE
பொன்,GOLD
பூண்,ORNAMENT
ஞான்று,LIKE
அன்ன,LIKE
நின்,YOUR
கதுப்பு,HAIR
உலறும்,DRIES
கவினையாய்,BEAUTY
காண்டலும்,SEEING
காண்பவோ,WILL_THEY_SEE
ஆங்க,THERE
அரும்,DIFFICULT
பெறல்,OBTAINING
ஆதிரையான்,ASTERISM
அணிபெற,OBTAINING_BEAUTY
மலர்ந்த,BLOOMED
பெரும்,GREAT
தண்,COOL
சண்பகம்,CHAMPAKA_FLOWER
போல,LIKE
ஒருங்கு,TOGETHER
அவர்,THEY
பொய்யார்,NOT_FALSE
ஆகுதல்,BEING
தெளிந்தனம்,WE_UNDERSTOOD
மை,DARK
ஈர்,MOIST
ஓதி,HAIR
மட,SOFT
மொழியோயே,WORDED_ONE