Word_Original,Hierarchical_Entity_Tag
வரை,MOUNTAIN
மருள்,RESEMBLANCE
புணரி,OCEAN_WAVE
வான்,SKY
பிசிர்,DRIZZLE
உடைய,POSSESSING
வளி,WIND
பாய்ந்து,RUSHING
அட்ட,DRIVEN
துளங்கு,SHAKING
இருங்கமஞ்சூல்,DARK_CLOUD
நளி,THICK
இரும்,DARK
பரப்பின்,EXPANSE
மாக்கடல்,GREAT_OCEAN
முன்னி,PROCEEDING
அணங்கு,FEARSOME
உடை,POSSESSING
அவுணர்,ASURA
ஏமம்,PROTECTION
புணர்க்கும்,CREATING
சூர்,DEMON
உடை,POSSESSING
முழு,ENTIRE
முதல்,BASE
தடிந்த,CUT
பேரிசை,GREAT_FAME
கடுஞ்சின,FIERCE_ANGER
விறல்,VICTORY
வேள்,WARRIOR
களிறு,ELEPHANT
ஊர்ந்தாங்கு,MOUNTED_LIKE
செவ்வாய,RED_MOUTH
எஃகம்,SPEAR
விலங்குநர்,OPPOSERS
அறுப்ப,CUTTING
அரு,RARE
நிறம்,COLOR
திறந்த,OPENED
புண்,WOUND
உமிழ்,EJECTING
குருதி,BLOOD
யின்,FROM
மணி,GEM
நிற,COLORED
இருங்கழி,DARK_BACKWATER
நீர்,WATER
நிறம்,COLOR
பெயர்ந்து,CHANGED
மனாலக்,MUNALLAK
கலவை,MIXTURE
போல,LIKE
அரண்,FORTRESS
கொன்று,DESTROYING
முரண்,OPPOSITION
மிகு,GREAT
சிறப்பின்,GLORY
உயர்ந்த,ELEVATED
ஊக்கலை,ASPIRATION
பலர்,MANY
மொசிந்து,CROWDING
ஓம்பிய,GUARDED
திரள்,CLUSTER
பூங்கடம்ப,FLOWERING_KADAMBU
கடி,GUARDED
உடை,POSSESSING
முழு,ENTIRE
முதல்,BASE
துமிய,BROKEN
ஏஎய்,SHOT
வென்று,VICTORIOUS
எறி,STRIKING
முழங்கு,RESOUNDING
பணை,DRUM
செய்த,MADE
வெல்,VICTORIOUS
போர்,WAR
நார்,FIBER
அரி,PLUCKING
நறவின்,HONEY_WINE
ஆர,GARLANDED
மார்பின்,CHEST
போர்,WAR
அடு,FIGHTING
தானை,ARMY
சேரலாத,SERAL_AD
மார்பு,CHEST
மலி,FILLED
பைந்தார்,GREEN_GARLAND
ஓடையொடு,CLOTH
விளங்கும்,SHINING
வலன்,RIGHT
உயர்,ELEVATED
மருப்பின்,TUSK
பழி,BLAME
தீர்,PURE
யானை,ELEPHANT
பொலன்,GOLD
அணி,ADORNED
எருத்த,NECK
மேல்கொண்டு,MOUNTED
பொலிந்த,SHINING
நின்,YOUR
பலர்,MANY
புகழ்,PRAISE
செல்வம்,WEALTH
இனிது,SWEETLY
கண்டிகுமே,WE_WILL_SEE
கவிர்,SPREADING
ததை,THICK
சிலம்பில்,HILLS
துஞ்சும்,SLEEPING
கவரி,YAK_TAIL_FAN
பரந்து,SPREAD
இலங்கு,SHINING
அருவியொடு,WATERFALL
நரந்தம்,FRAGRANT_GRASS
கனவும்,DREAM
ஆரியர்,ARYANS
துவன்றிய,GATHERED
பேரிசை,GREAT_FAME
இமயம்,HIMALAYA
தென்னங்,SOUTHERN
குமரியொடு,KUMARI
ஆயிடை,BETWEEN
மன்,PERMANENT
மீக்,UPON
கூறுநர்,SPEAKERS
மறம்,VALOR
தபக்,REMOVE
கடந்தே,CROSSED
வயவர்,WARRIORS
வீழ,FALLING
வாளரின்,SWORD_EDGE
மயக்கி,CONFUSING
இடங்கவர்,TAKING_PLACE
கடும்பின்,RELATIVES
அரசு,KING
தலை,HEAD
பனிப்பக்,FEARING
கடம்பு,KADAMBU
முதல்,BASE
தடிந்த,CUT
கடுஞ்சின,FIERCE_ANGER
வேந்தே,KING
தார்,GARLAND
அணி,ADORNED
எருத்தின்,NECK
வாரல்,COMING
வள்,SHARP
உகிர்,CLAW
அரிமான்,LION
வழங்கும்,MOVING
சாரல்,SLOPE
பிறமான்,OTHER_DEER
தோடு,HERD
கொள்,POSSESSING
இன,HERD
நிரை,LINE
நெஞ்சு,HEART
அதிர்ந்தாங்கு,TREMBLED_LIKE
முரசு,DRUM
முழங்கு,RESOUNDING
நெடுநகர்,GREAT_CITY
அரசு,KING
துயில்,SLEEP
ஈயாது,NOT_GIVING
மாதிரம்,DIRECTIONS
பனிக்கும்,FRIGHTENING
மறம்,VALOR
வீங்கு,SWELLING
பல்,MANY
புகழ்,FAME
கேட்டற்கு,TO_HEAR
இனிது,SWEET
நின்,YOUR
செல்வம்,WEALTH
கேட்டொறும்,EACH_HEARING
காண்டல்,SEEING
விருப்பொடு,DESIRE
கமழும்,FRAGRANT
குளவி,CARDAMOM
வாடாப்,UNWITHERING
பைம்,GREEN
மயிர்,HAIR
இளைய,YOUNG
ஆடு,DANCING
நடை,GAIT
அண்ணல்,CHIEFTAIN
மழ,YOUNG
களிறு,ELEPHANT
அரி,BEES
ஞிமிறு,HORNETS
ஓப்பும்,DRIVING_AWAY
கன்று,CALF
புணர்,JOINED
பிடிய,FEMALE_ELEPHANT
குன்று,HILL
பல,MANY
நீந்தி,CROSSING
வந்து,COMING
அவண்,THERE
இறுத்த,ENCAMPED
இரும்பேர்,GREAT
ஒக்கல்,FAMILY
தொல்,ANCIENT
பசி,HUNGER
உழந்த,SUFFERED
பழங்கண்,OLD_EYES
வீழ,FALLING
எஃகு,SPEAR
போழ்ந்து,PIERCING
அறுத்த,CUT
வால்,WHITE
நிணக்,FAT
கொழுங்குறை,RICH_MEAT
மை,DARK
ஊன்,FLESH
பெய்த,PLACED
வெண்ணெல்,WHITE_RICE
வெண்சோறு,WHITE_RICE
நனை,SPROUTING
அமை,CONTAINING
கள்ளின்,WINE
தேறலொடு,CLEAR_WINE
மாந்தி,DRINKING
நீர்ப்படு,WATER_LANDING
பருந்தின்,VULTURE
இருஞ்சிறகு,DARK_WING
அன்ன,LIKE
நிலத்தின்,GROUND
சிதாஅர்,SCATTERED
களைந்த,REMOVED
பின்றை,AFTER
நூலாக்,THREAD
கலிங்கம்,CLOTH
வால்,WHITE
அரை,WAIST
கொளீஇ,WEARING
வணர்,CURLY
இருங்கதுப்பின்,DARK_HAIR
வாங்கு,BENDING
அமை,BEAUTIFUL
மென்,SOFT
தோள்,SHOULDER
வசை,BLAME
இல்,WITHOUT
மகளிர,WOMEN
வயங்கு,SHINING
இழை,JEWEL
அணிய,ADORNING
அமர்பு,EMBRACING
மெய்,BODY
ஆர்த்த,FILLED
சுற்றமொடு,FAMILY
நுகர்தற்கு,TO_ENJOY
இனிது,SWEET
நின்,YOUR
பெரும்,GREAT
கலி,JOY
மகிழ்வே,HAPPINESS
தொறுத்த,HERDING
வயல்,FIELD
ஆரல்,FISH
பிறழ்நவும்,GLISTENING
ஏறு,BULL
பொருத,FIGHTING
செறு,POND
உழாது,NOT_PLOUGHING
வித்துநவும்,SOWING
கரும்பின்,SUGARCANE
பாத்திப்,BED
பூத்த,BLOOMED
நெய்தல்,WATER_LILY
இருங்கண்,DARK_EYED
எருமையின்,BUFFALO
நிரை,LINE
தடுக்குநவும்,BLOCKING
கலி,JOY
கெழு,POSSESSING
துணங்கை,DANCE
ஆடிய,DANCED
மருங்கின்,SIDE
வளைதலை,CURVED_HEAD
மூது,AGED
ஆ,COW
ஆம்பல்,LOTUS
ஆர்நவும்,ENJOYING
ஒலி,SOUND
தெங்கின்,COCONUT
இமிழ்,RESOUNDING
மருதின்,MARUTHAM_TREE
புனல்,WATER
வாயில்,MOUTH
பூம்,FLOWER
பொய்கை,POND
பாடல்,SONG
சான்ற,POSSESSING
பயன்,FRUIT
கெழு,POSSESSING
வைப்பின்,REGION
நாடு,COUNTRY
கவின்,BEAUTY
அழிய,DESTROYING
நாமம்,INJURY
தோற்றிக்,CREATING
கூற்று,DEATH
அடூஉ,FIGHTING
நின்ற,STANDING
யாக்கை,BODY
போல,LIKE
நீ,YOU
சிவந்து,REDDENING
இறுத்த,ENCAMPED
நீர்,WATER
அழி,DESTROYED
பாக்கம்,TOWN
விரி,SPREADING
பூங்கரும்பின்,FLOWERING_SUGARCANE
கழனி,FIELD
புல்,GRASS
என,AS
திரி,TWISTED
காய்,FRUIT
விடத்தரொடு,POISON
கார்,RAIN
உடை,CLOTHING
போகி,GOING
கவைத்தலை,BRANCHING_HEAD
பேய்மகள்,SHE_DEMON
கழுது,DONKEY
ஊர்ந்து,RIDING
இயங்க,MOVING
ஊரிய,DRAGGED
நெருஞ்சி,NERUNJI_PLANT
நீறு,ASH
ஆடு,DANCING
பறந்தலை,BATTLEFIELD
தாது,POLLEN
எரு,MANURE
மறுத்த,REFUSED
கலி,NOISE
அழி,DESTROYED
மன்றத்து,SQUARE
உள்ளம்,HEART
அழிய,DESTROYING
ஊக்குநர்,ASPIRANTS
மிடல்,STRENGTH
தபுத்து,REMOVING
உள்ளுநர்,THINKERS
பனிக்கும்,FRIGHTENING
பாழாயினவே,BECAME_DESOLATE
காடே,FOREST
கடவுள்,GOD
மேன,UPON
புறவே,GROVE
ஒள்ளிழை,SHINING_JEWEL
மகளிரொடு,WOMEN
மள்ளர்,WARRIORS
மேன,UPON
ஆறே,PATH
அவ்வனைத்து,ALL_THAT
அன்றியும்,BESIDES
ஞாலத்துக்,EARTH
கூலம்,GRAIN
பகர்நர்,SELLERS
குடி,FAMILY
புறந்தராஅக்,PROTECTING
குடி,FAMILY
புறந்தருநர்,PROTECTORS
பாரம்,BURDEN
ஓம்பி,GUARDING
அழல்,FIRE
சென்ற,WENT
மருங்கின்,SIDE
வெள்ளி,STAR
ஓடாது,NOT_RUNNING
மழை,RAIN
வேண்டு,NEEDED
புலத்து,FIELD
மாரி,RAIN
நிற்ப,STANDING
நோயொடு,DISEASE
பசி,HUNGER
இகந்து,SURPASSING
ஒரீஇப்,REMOVING
பூத்தன்று,BLOOMED
பெரும,O_GREAT_ONE
நீ,YOU
காத்த,PROTECTED
நாடே,COUNTRY
நிலம்,EARTH
நீர்,WATER
வளி,AIR
விசும்பு,SKY
என்ற,CALLED
நான்கின்,FOUR
அளப்பு,MEASURE
அரியையே,DIFFICULT
நாள்,DAY
கோள்,PLANET
திங்கள்,MOON
ஞாயிறு,SUN
கனை,ROARING
அழல்,FIRE
ஐந்து,FIVE
ஒருங்கு,TOGETHER
புணர்ந்த,UNITED
விளக்கத்து,BRIGHTNESS
அனையை,LIKE
போர்,WAR
தலைமிகுத்த,EXCELLING
ஈரைம்பதின்மரொடு,FORTY_FIVE
துப்புத்,STRENGTH
துறை,REALM
போகிய,GONE
துணிவு,COURAGE
உடை,POSSESSING
ஆண்மை,MASCULINITY
அக்குரன்,AKKURAN
அனைய,LIKE
கைவண்மையையே,GENEROSITY
அமர்,BATTLE
கடந்து,CROSSING
மலைந்த,WEARING
தும்பை,THUMBAI_FLOWER
பகைவர்,ENEMIES
போர்,WAR
பீடு,GRANDEUR
அழித்த,DESTROYED
செருப்புகல்,BATTLE
முன்ப,FRONT
கூற்று,DEATH
வெகுண்டு,ANGRY
வரினும்,EVEN_IF_COMING
மாற்றும்,CHANGE
ஆற்றலையே,CAPABLE
எழு,SEVEN
முடி,CROWN
கெழீஇய,POSSESSING
திரு,PROSPERITY
ஞெமர்,BRILLIANCE
அகலத்து,CHEST
நோன்,STRONG
புரித்,TWISTED
தடக்கை,LARGE_HANDS
சான்றோர்,WISE_ONES
மெய்ம்மறை,TRUE_SECRET
வான்,SKY
உறை,DWELLING
மகளிர,WOMEN
நலன்,GOODNESS
இகல்,CONFLICT
கொள்ளும்,TAKING
வயங்கு,SHINING
இழை,JEWEL
கரந்த,HIDDEN
வண்டுபடு,BEE_ATTRACTING
கதுப்பின்,HAIR
ஒடுங்கு,CONTRACTED
ஈர்,MOIST
ஓதிக்,HAIR
கொடுங்குழை,CURVED_EARRING
கணவ,HUSBAND
பல,MANY
களிற்றுத்,ELEPHANT
தொழுதியொடு,HERD
வெல்கொடி,VICTORY_BANNER
நுடங்கும்,WAVING
படை,ARMY
ஏர்,BEAUTY
உழவ,POSSESSING
பாடினி,SINGER
வேந்தே,KING
இலங்கு,SHINING
மணி,GEM
மிடைந்த,INTERSPERSED
பொலங்கலத்,GOLDEN_VESSEL
திகிரி,WHEEL
கடல்,SEA
அக,WIDE
வரைப்பின்,REGION
இப்,THIS
பொழில்,GARDEN
முழுது,ENTIRE
ஆண்ட,RULED
நின்,YOUR
முன்,FRONT
திணை,REGION
முதல்வர்,ANCESTORS
போல,LIKE
நின்று,STANDING
நீ,YOU
கெடாஅ,IMPERISHABLE
நல்லிசை,GOOD_FAME
நிலைஇத்,ESTABLISHING
தவாஅலியரோ,NOT_LEAVING
இவ்வுலகமோடு,THIS_WORLD
உடனே,TOGETHER
யாண்டு,YEARS
தலைப்பெயர,TO_RETURN
வேண்டு,NEEDED
புலத்து,FIELD
இறுத்து,ENCAMPING
முனை,BATTLEFRONT
எரி,FIRE
பரப்பிய,SPREADING
துன்னரும்,DIFFICULT
சீற்றமொடு,ANGER
மழை,RAIN
தவழ்பு,CRAWLING
தலைஇய,LEADING
மதில்,WALL
மரம்,TREE
முருக்கி,DESTROYING
நிரை,LINE
களிறு,ELEPHANT
ஒழுகிய,FLOWING
நிரைய,LINE
வெள்ளம்,FLOOD
பரந்து,SPREADING
ஆடு,DANCING
கழங்கு,DICE
அழி,DESTROYED
மன்மருங்கு,PEOPLE
அறுப்பக்,CUTTING
கொடிவிடு,RELEASING_BANNER
குரூஉப்,HARSH
புகை,SMOKE
பிசிரக்,SPRAYING
கால்,WIND
பொர,STRIKING
அழல்,FIRE
கவர்,SEIZING
மருங்கின்,SIDE
உரு,FORM
அறக்,COMPLETELY
கெடுத்துத்,DESTROYING
தொல்,ANCIENT
கவின்,BEAUTY
அழிந்த,DESTROYED
கண்,EYE
அகன்,WIDE
வைப்பின்,REGION
வெண்பூ,WHITE_FLOWER
வேளையொடு,PORTULACA
பைஞ்சுரை,GREEN_PUMPKIN
கலித்து,ABUNDANT
பீர்,SPREADING
இவர்பு,RISING
பரந்த,SPREAD
நீர்,WATER
அறு,CEASING
நிறை,FULLNESS
முதல்,BASE
சிவந்த,RED
காந்தள்,KANTHAL_FLOWER
முதல்,BASE
சிதை,DESTROYED
மூதில்,ANCIENT_HOUSE
புலவு,ROTTEN
வில்,BOW
உழவின்,AGRICULTURE
புல்லாள்,WOMAN
வழங்கும்,MOVING
புல்லிலை,GRASS_LEAF
வைப்பின்,REGION
புலம்,FIELD
சிதை,DESTROYED
அரம்பின்,RAILING
அறியாமையான்,IGNORANCE
மறந்து,FORGETTING
துப்பு,STRENGTH
எதிர்ந்த,OPPOSED
நின்,YOUR
பகைவர்,ENEMIES
நாடும்,COUNTRY
கண்டு,SEEING
வந்திசினே,I_CAME
கடலவும்,SEA
கல்லவும்,STONE
யாற்றவும்,RIVER
பிறவும்,OTHERS
வளம்,WEALTH
பல,MANY
நிகழ்தரு,OCCURRING
நனந்தலை,SPACIOUS
நன்,GOOD
நாட்டு,COUNTRY
விழவு,FESTIVAL
அறுபு,CEASING
அறியா,NOT_KNOWING
முழவு,DRUM
இமிழ்,RESOUNDING
மூதூர்க்,ANCIENT_CITY
கொடி,BANNER
நிழல்,SHADOW
பட்ட,TOUCHED
பொன்,GOLD
உடை,CLOTHING
நியமத்து,MARKET
சீர்,GLORY
பெறு,RECEIVING
கலி,JOY
மகிழ்,HAPPINESS
இயம்பு,SPEAKING
முரசின்,DRUM
வயவர்,WARRIORS
வேந்தே,KING
பரிசிலர்,GIFT_RECEIVERS
வெறுக்கை,POSSESSIONS
தார்,GARLAND
அணிந்து,WEARING
எழிலிய,BEAUTIFUL
தொடி,BRACELET
சிதை,DESTROYED
மருப்பின்,TUSK
போர்,WAR
வல்,STRONG
யானை,ELEPHANT
சேரலாத,SERAL_AD
நீ,YOU
வாழியர்,LIVE
இவ்வுலகத்தோர்க்கு,FOR_THIS_WORLD_PEOPLE
என,SAYING
உண்டு,EATING
உரை,SPEECH
மாறிய,CHANGED
மழலை,BABBLING
நாவின்,TONGUE
மென்,SOFT
சொல்,WORD
கலப்பையர்,FARMERS
திருந்து,PERFECT
தொடை,WREATH
வாழ்த்த,PRAISING
வெய்துறவு,DISTRESS
அறியாது,NOT_KNOWING
நந்திய,FLOURISHING
வாழ்க்கை,LIFE
செய்த,MADE
மேவல்,LOVE
அமர்ந்த,EMBRACED
சுற்றமோடு,FAMILY
ஒன்றுமொழிந்து,UNITING
அடங்கிய,CONTROLLED
கொள்கை,PRINCIPLE
என்றும்,ALWAYS
பதி,PLACE
பிழைப்பு,FAULT
அறியாது,NOT_KNOWING
துய்த்தல்,ENJOYING
எய்தி,ATTAINING
நிரையம்,SUFFERING
ஒரீஇய,REMOVED
வேட்கை,DESIRE
புரையோர்,NOBLE_ONES
மேயினர்,DWELLING
உறையும்,LIVING
பலர்புகழ்,MANY_PRAISED
பண்பின்,CHARACTER
நீ,YOU
புறந்தருதலின்,PROTECTION
நோய்,DISEASE
இகந்து,SURPASSING
ஒரீஇய,REMOVED
யாணர்,RENEWAL
நன்,GOOD
நாடுங்,COUNTRY
கண்டு,SEEING
மதி,MIND
மருண்டனென்,CONFUSED
மண்,EARTH
உடை,POSSESSING
ஞாலத்து,WORLD
மன்,PERMANENT
உயிர்க்கு,FOR_LIFE
எஞ்சாது,NOT_LACKING
ஈத்து,GIVING
கை,HAND
தண்டாக்,NOT_TIRING
கை,HAND
கடுந்துப்பின்,STRONG_STRENGTH
புரைவயின்,EACH_PLACE
புரைவயின்,EACH_PLACE
பெரிய,GREAT
நல்கி,BESTOWING
ஏமம்,PROTECTION
ஆகிய,BECAME
சீர்,GLORY
கெழு,POSSESSING
விழவின்,FESTIVAL
நெடியோன்,TALL_ONE
அன்ன,LIKE
நல்,GOOD
இசை,FAME
ஒடியா,UNBROKEN
மைந்த,STRENGTH
நின்,YOUR
பண்பு,CHARACTER
பல,MANY
நயந்தே,DESIRING
கோடு,HORN
உறழ்ந்து,RESEMBLING
எடுத்த,RAISED
கொடுங்கண்,CURVED_EYE
இஞ்சி,FORTRESS
நாடு,COUNTRY
கண்டன்ன,LIKE_SEEING
கணை,ARROW
துஞ்சு,SLEEPING
விலங்கல்,MOUNTAIN
துஞ்சுமரக்,SLEEPING_TREE
குழாஅம்,GROUP
துவன்றி,ABUNDANT
புனிற்று,RECENTLY_GIVEN_BIRTH
மகள்,WOMAN
பூணா,NOT_WEARING
ஐயவி,MUSTARD_SEED
தூக்கிய,HANGING
மதில,WALL
நல்,GOOD
எழில்,BEAUTY
நெடும்புதவு,LARGE_MOUND
முருக்கிக்,DESTROYING
கொல்லுபு,KILLING
ஏனம்,WILD_BOAR
ஆகிய,BECAME
நுனை,SHARP
முரி,BROKEN
மருப்பின்,TUSK
கடாஅம்,FLOWING_MUSTH
வார்ந்து,FLOWING
கடுஞ்சினம்,FIERCE_ANGER
பொத்தி,COVERING
மரங்கொல்,TREE_KILLING
மழ,YOUNG
களிறு,ELEPHANT
முழங்கும்,ROARING
பாசறை,BATTLE_CAMP
நீடினை,PROLONGED
ஆகலின்,BECAUSE
காண்க,TO_SEE
வந்திசினே,I_CAME
ஆறிய,CALM
கற்பின்,CHASTITY
அடங்கிய,CONTROLLED
சாயல்,GENTLENESS
ஊடினும்,EVEN_IF_ANGRY
இனிய,SWEET
கூறும்,SPEAKING
இன்னகை,SWEET_SMILE
அமிர்து,NECTAR
பொதி,FILLED
துவர்,LIPS
வாய்,MOUTH
அமர்த்த,LOVELY
நோக்கின்,GAZE
சுடர்,RADIANT
நுதல்,FOREHEAD
அசை,GENTLE
நடை,GAIT
உள்ளலும்,THINKING
உரியள்,FITTING
பாயல்,SLEEP
உய்யுமோ,WILL_SURVIVE
தோன்றல்,LORD
தா,FAULT
இன்று,WITHOUT
திரு,PROSPERITY
மணி,GEM
பொருத,RESEMBLING
திகழ்,SHINING
விடு,EMITTING
பசும்பொன்,GREEN_GOLD
வயங்கு,SHINING
கதிர்,RAY
வயிரமோடு,DIAMOND
உறழ்ந்து,RESEMBLING
பூண்,ORNAMENT
சுடர்வர,SHINING
எழு,SEVEN
முடி,CROWN
கெழீஇய,POSSESSING
திரு,PROSPERITY
ஞெமர்,BRILLIANCE
அகலத்து,CHEST
புரையோர்,NOBLE_ONES
உண்கண்,BEAUTIFUL_EYES
துயில்,SLEEP
இன்,SWEET
பாயல்,BED
பாலும்,CHILD
கொளாலும்,TAKING
வல்லோய்,CAPABLE_ONE
நின்,YOUR
சாயல்,GENTLENESS
மார்பு,CHEST
நனி,GREATLY
அலைத்தன்றே,DISTRESSED
புரைவது,SUITABLE
நினைப்பின்,IF_THINK
புரைவதோ,SUITABLE
இன்றே,NOT
பெரிய,GREAT
தப்புநர்,OFFENDERS
ஆயினும்,EVEN_IF
பகைவர்,ENEMIES
பணிந்து,BOWING
திறை,TRIBUTE
பகரக்,SPEAKING
கொள்ளுநை,TAKING
ஆதலின்,BECAUSE
துளங்கு,SHAKING
பிசிர்,DRIZZLE
உடைய,POSSESSING
மாக்கடல்,GREAT_SEA
நீக்கிக்,REMOVING
கடம்பு,KADAMBU
அறுத்து,CUTTING
இயற்றிய,MADE
வலம்படு,RIGHTEOUS
வியன்,WIDE
பணை,DRUM
ஆடுநர்,DANCERS
பெயர்ந்து,RETURNING
வந்து,COMING
அரும்,RARE
பலி,OFFERING
தூஉய்,SPRINKLING
கடிப்புக்,BIT
கண்,EYE
உறூஉம்,TOUCHING
தொடித்,BRACELET
தோள்,SHOULDER
இயவர்,BEGGARS
அரணம்,FORTRESS
காணாது,NOT_SEEING
மாதிரம்,DIRECTION
துழைஇய,SEARCHING
நனந்தலை,SPACIOUS
பைஞ்ஞிலம்,GREEN_FIELD
வருக,COME
இந்,THIS
நிழல்,SHADE
என,SAYING
ஞாயிறு,SUN
புகன்ற,PRAISED
தீது,EVIL
தீர்,PURE
சிறப்பின்,GLORY
அமிழ்து,NECTAR
திகழ்,SHINING
கருவிய,CLOUD
கண,GROUP
மழை,RAIN
தலைஇக்,LEADING
கடுங்கால்,STRONG_LEG
கொட்கும்,SHIVERING
நன்பெரும்,GREAT
பரப்பின்,EXPANSE
விசும்பு,SKY
தோய்,TOUCHING
வெண்குடை,WHITE_UMBRELLA
நுவலும்,SPEAKING
பசும்,GREEN
பூண்,ORNAMENT
மார்ப,CHEST
பாடினி,SINGER
வேந்தே,KING
உண்மின்,DRINK
கள்ளே,WINE
அடுமின்,COOK
சோறே,RICE
எறிக,STRIKE
திற்றி,OPENING
ஏற்றுமின்,ACCEPT
புழுக்கே,BOILED_RICE
வருநர்க்கு,TO_COMERS
வரையாது,WITHOUT_LIMIT
பொங்கலந்,GOLDEN_VESSEL
தெளிர்ப்ப,SOUNDING
இருள்,DARK
வணர்,CURLY
ஒலிவரும்,WAVING
புரி,TWISTED
அவிழ்,LOOSENED
ஐம்பால்,FIVE_PLAITS
ஏந்து,RAISED
கோட்டு,END
அல்குல்,LOINS
முகிழ்,BUDDING
நகை,SMILE
மடவரல்,YOUNG_WOMAN
கூந்தல்,HAIR
விறலியர்,DANCERS
வழங்குக,GIVE
அடுப்பே,KITCHEN
பெற்றது,WHAT_WAS_OBTAINED
உதவுமின்,GIVE
தப்பு,FAULT
இன்று,WITHOUT
பின்னும்,AGAIN
மன்,PERMANENT
உயிர்,LIFE
அழிய,DESTROYING
யாண்டு,YEARS
பல,MANY
துளக்கி,SHAKING
மண்,EARTH
உடை,POSSESSING
ஞாலம்,WORLD
புரவு,PROTECTION
எதிர்கொண்ட,CONFRONTED
தண்,COOL
இயல்,NATURE
எழிலி,CLOUD
தலையாது,HEAD
மாறி,CHANGING
மாரி,RAIN
பொய்க்குவது,FAILING
ஆயினும்,EVEN_IF
சேரலாதன்,SERAL_ADHAN
பொய்யலன்,NOT_FALSE
நசையே,DESIRE
கொள்ளை,PLUNDER
வல்சி,FOOD
கவர்,SEIZING
கால்,WIND
கூளியர்,GHOSTS
கல்,STONE
உடை,POSSESSING
நெடு,LONG
நெறி,PATH
போழ்ந்து,PIERCING
சுரன்,ROAD
அறுப்ப,CUTTING
ஒண்,BRIGHT
பொறிக்,MARK
கழல்,ANKLET
கால்,LEG
மாறா,UNCHANGING
வயவர்,WARRIORS
திண்,STRONG
பிணி,TWIST
எஃகம்,SPEAR
புலி,TIGER
உறை,SHEATH
கழிப்பச்,REMOVING
செங்கள,BATTLEFIELD
விருப்பொடு,DESIRE
கூலம்,GRAIN
முற்றிய,FULL
உருவ,FORM
செந்தினை,RED_MILLET
குருதியொடு,BLOOD
தூஉய்,SPRINKLING
மண்ணுறு,EARTHEN
முரசம்,DRUM
கண்,EYE
பெயர்த்து,CHANGING
இயவர்,BEGGARS
கடிப்பு,BIT
உடை,POSSESSING
வலத்தர்,RIGHT_HANDED
தொடித்தோள்,BRACELETED_SHOULDER
ஓச்ச,SWINGING
வம்பு,STRANGENESS
களைவு,REMOVAL
அறியாச்,NOT_KNOWING
சுற்றமோடு,FAMILY
அம்பு,ARROW
தொரிந்து,SHOOTING
அவ்வினை,THAT_WORK
மேவலை,LOVED
ஆகலின்,BECAUSE
எல்லு,NIGHT
நனி,GREATLY
இருந்து,SITTING
எல்லிப்,NIGHT
பெற்ற,OBTAINED
அரிது,RARE
பெறு,OBTAINING
பாயல்,SLEEP
சிறு,SMALL
மகிழானும்,HAPPINESS
கனவினுள்,IN_DREAM
உறையும்,DWELLING
பெருஞ்சால்பு,GREAT_NOBILITY
ஒடுங்கிய,HUMBLE
நாணுமலி,SHYNESS_FILLED
யாக்கை,BODY
வாணுதல்,BEAUTIFUL_FOREHEAD
அரிவைக்கு,TO_WOMAN
யார்,WHO
கொல்,PERHAPS
அளியை,PITIABLE
இனம்,HERD
தோடு,GROUP
அகல,LEAVING
ஊருடன்,VILLAGE
எழுந்து,RISING
நிலம்கண்,GROUND_EYE
வாட,DRYING
நாஞ்சில்,PLOUGH
கடிந்து,REMOVING
நீ,YOU
வாழ்தல்,LIVING
ஈயா,NOT_GIVING
வளன்,WEALTH
அறு,LACKING
பைதிரம்,BARREN_LAND
அன்ன,LIKE
ஆயின,BECAME
பழனம்,WETLAND
தோறும்,EACH
அழல்,FIRE
மலி,FILLED
தாமரை,LOTUS
ஆம்பலொடு,WATER_LILY
மலர்ந்து,BLOOMING
நெல்லின்,RICE
செறுவில்,FIELD
நெய்தல்,WATER_LILY
பூப்ப,BLOOMING
அரிநர்,CUTTERS
கொய்வாள்,PICKING
மடங்க,BENDING
அறைநர்,CUTTERS
தீம்பிழி,SWEET_SYRUP
எந்திரம்,MACHINE
பத்தல்,CONTAINER
வருந்த,SUFFERING
இன்றோ,TODAY
அன்றோ,NOT_TODAY
தொன்றோ,ANCIENT_DAY
காலை,TIME
நல்ல,GOOD
மன்,CERTAINLY
அளிய,PITIABLE
தாம்,THEY
என,SAYING
சொல்லிக்,SAYING
காணுநர்,SEERS
கை,HAND
புடைத்து,CLAPPING
இரங்க,LAMENTING
மாணா,IMPERFECT
மாட்சிய,GLORY
மாண்டன,EXCELLENT_THINGS
பலவே,MANY
நுங்கோ,YOUR_KING
யார்,WHO
என,SAYING
வினவின்,IF_ASK
எம்,OUR
கோ,KING
இரு,TWO
முந்நீர்த்,THREE_WATERS
துருத்தியுள,ISLAND
முரணியோர்த்,OPPOSERS
தலைச்சென்று,PROCEEDING
கடம்பு,KADAMBU
முதல்,BASE
தடிந்த,CUT
கடுஞ்சின,FIERCE_ANGER
முன்பின்,FRONT
நெடுஞ்சேரலாதன்,NEDUNCHERALADHAN
வாழ்க,LONG_LIVE
அவன்,HIS
கண்ணி,GARLAND
வாய்ப்பு,SUCCESS
அறியலனே,NOT_KNOWING
வெயில்,SUNLIGHT
துகள்,DUST
அனைத்தும்,ALL
மாற்றோர்,OPPONENTS
தேஎத்து,COUNTRY
மாறிய,CHANGED
வினையே,ACTION
கண்ணின்,FROM_EYE
உவந்து,DELIGHTED
நெஞ்சு,HEART
அவிழ்பு,OPENING
அறியா,NOT_KNOWING
நண்ணார்,ENEMIES
தேஎத்தும்,IN_COUNTRY
பொய்ப்பு,FALSEHOOD
அறியலனே,NOT_KNOWING
கனவினும்,IN_DREAM
ஒன்னார்,ENEMIES
தேய,DIMINISHING
ஓங்கி,RISING
நடந்து,WALKING
படியோர்த்,PEOPLE
தேய்த்து,DIMINISHING
வடி,SHARP
மணி,BELL
இரட்டும்,SOUNDING
கடாஅ,FLOWING_MUSTH
யானை,ELEPHANT
கண,HERD
நிரை,LINE
அலற,CRYING
வியல்,WIDE
இரும்,DARK
பரப்பின்,EXPANSE
மா,GREAT
நிலம்,EARTH
கடந்து,CROSSING
புலவர்,POETS
ஏத்த,PRAISING
ஓங்குபு,RISING
கழ்,ANKLET
நிறீஇ,PLACING
விரி,SPREADING
உளை,MANE
மாவும்,HORSE
களிறும்,ELEPHANT
தேரும்,CHARIOT
வயிரியர்,MINSTRELS
கண்ணுளர்க்கு,FOR_THOSE_WITH_EYES
ஓம்பாது,WITHOUT_CARING
வீசிக்,BESTOWING
கடி,GUARDED
மிளைக்,FOREST
குண்டு,DEEP
கிடங்கின்,MOAT
நெடுமதில்,LONG_WALL
நிலை,PLACE
ஞாயில்,WALL
அம்பு,ARROW
உடையார்,POSSESSORS
எயில்,FORTRESS
உள்,INSIDE
அழித்து,DESTROYING
உண்ட,ATE
அடாஅ,FIERCENESS
அடு,FIGHTING
புகை,SMOKE
அட்டு,COOKED
மலர்,FLOWER
மார்பன்,CHEST_ONE
எமர்க்கும்,FOR_OUR_PEOPLE
பிறர்க்கும்,FOR_OTHERS
யாவர்,WHOEVER
ஆயினும்,EVEN_IF
பரிசில்,GIFTS
மாக்கள்,PEOPLE
வல்லார்,CAPABLE_ONES
ஆயினும்,EVEN_IF
கொடைக்கடன்,GIFT_DUTY
அமர்ந்த,LOVED
கோடா,UNSWERVING
நெஞ்சினன்,HEART
மன்,PERMANENT
உயிர்,LIFE
அழிய,DESTROYING
யாண்டு,YEARS
பல,MANY
மாறி,CHANGING
தண்,COOL
இயல்,NATURE
எழிலி,CLOUD
தலையாது,HEAD
ஆயினும்,EVEN_IF
வயிறு,STOMACH
பசி,HUNGER
கூர,PIERCING
ஈயலன்,NOT_GIVER
வயிறும்,STOMACH
ஆசு,FAULT
இலீயர்,WITHOUT
அவன்,HE
ஈன்ற,GAVE_BIRTH
தாயே,MOTHER
மன்னிய,ESTABLISHED
பெரும்புகழ்,GREAT_FAME
மறு,BLAME
இல்,WITHOUT
வாய்மொழி,TRUTHFUL_SPEECH
இன்,SWEET
இசை,FAME
முரசின்,DRUM
உதியஞ்சேரற்கு,UTHIYANCHERAL
வெளியன்,VELIYAN
வேண்மாள்,CHIEFTAIN
நல்லினி,NALLINI
ஈன்ற,BIRTHED
மகன்,SON
அமைவரல்,GENTLY_COMING
அருவி,WATERFALL
இமையம்,HIMALAYA
வில்,BOW
பொறித்த,ENGRAVED
இமிழ்,RESOUNDING
கடல்,SEA
வேலித்,FENCE
தமிழகம்,TAMIL_NADU
விளங்கத்,SHINING
தன்,HIS
கோல்,SCEPTRE
நிறீஇத்,ESTABLISHING
தகை,DIGNITY
சால்,POSSESSING
சிறப்பொடு,GLORY
பேர்,GREAT
இசை,FAME
மரபின்,TRADITION
ஆரியர்,ARYANS
வணக்கி,SUBDUING
நயன்,GOODNESS
இல்,WITHOUT
வன்,HARSH
சொல்,WORD
யவனர்ப்,YAVANAS
பிணித்து,BINDING
நெய்தலை,GHEE_HEAD
பெய்து,POURING
கை,HAND
பின்,BEHIND
கொளீஇ,TAKING
அருவிலை,PRICELESS
நன்கலம்,FINE_VESSELS
வயிரமொடு,DIAMOND
கொண்டு,TAKING
பெரு,GREAT
விறல்,VICTORY
மூதூர்த்,ANCIENT_CITY
தந்து,GIVING
பிறர்க்கு,TO_OTHERS
உதவி,HELPING
அமையார்த்,UNSOCIABLE
தேய்த்த,DIMINISHED
அணங்கு,FEARSOME
உடை,POSSESSING
நோன்,STRONG
தாள்,LEG
சொல்,WORD
பெயர்,NAME
நாட்டம்,GAZE
கேள்வி,LEARNING
நெஞ்சம்,HEART
என்று,CALLED
ஐந்து,FIVE
உடன்,TOGETHER
போற்றி,PROTECTING
அவை,THEY
துணை,COMPANION
ஆக,BEING
எவ்வம்,SORROW
சூழாது,WITHOUT_PLANNING
விளங்கிய,SHINING
கொள்கைக்,PRINCIPLE
காலை,MORNING
அன்ன,LIKE
சீர்,GLORY
சால்,POSSESSING
வாய்மொழி,TRUTHFUL_SPEECH
உருகெழு,FORM_POSSESSING
மரபின்,TRADITION
கடவுள்,GOD
பேணியர்,CHERISHING
கொண்ட,TAKEN
தீயின்,FIRE
சுடர்,FLAME
எழுதோறும்,EACH_RISING
விரும்பு,DESIRED
மெய்,BODY
பரந்த,SPREAD
பெரும்,GREAT
பெயர்,NAME
ஆவுதி,SACRIFICE
வருநர்,COMERS
வரையார்,WITHOUT_LIMIT
வார,WISHING
வேண்டி,DESIRING
விருந்து,HOSPITALITY
கண்,EYE
மாறாது,UNCHANGING
உணீஇய,FEEDING
பாசவர்,COOKS
ஊனத்து,FLESH
அழித்த,CUT
வால்,WHITE
நிணக்,FAT
கொழுங்குறை,RICH_MEAT
குய்,SKEWER
இடுதோறும்,EACH_PLACING
ஆனாது,UNCEASING
ஆர்ப்பக்,SHOUTING
கடல்,SEA
ஒலி,SOUND
கொண்டு,TAKING
செழு,PROSPEROUS
நகர்,CITY
நடுவண்,MIDDLE
அடுமை,COOKING
எழுந்த,RISEN
அடு,COOKING
நெய்,GHEE
ஆவுதி,SACRIFICE
இரண்டு,TWO
உடன்,TOGETHER
கமழும்,FRAGRANT
நாற்றமொடு,SMELL
வானத்து,SKY
நிலைபெறு,STABLE
கடவுளும்,GODS
விழைதகப்,DESIRABLY
பேணி,CHERISHING
ஆர்,ABUNDANT
வளம்,WEALTH
பழுனிய,RIPE
ஐயம்,DOUBT
தீர்,PURE
சிறப்பின்,GLORY
மாரி,RAIN
அம்,BEAUTIFUL
கள்ளின்,WINE
போர்,WAR
வல்,STRONG
யானை,ELEPHANT
போர்ப்புறு,WAR
முரசம்,DRUM
கறங்க,RESOUNDING
ஆர்ப்பு,SHOUT
சிறந்து,EXCELLING
நன்கலந்,FINE_VESSELS
தரூஉம்,GIVING
மண்படு,EARTHEN
மார்ப,CHEST
முல்லை,JASMINE
கண்ணிப்,GARLAND
பல்,MANY
ஆன்,COW
கோவலர்,COWHERDS
புல்,GRASS
உடை,POSSESSING
வியன்,WIDE
புலம்,FIELD
பல்,MANY
ஆ,COW
பரப்பிக்,SPREADING
கல்,STONE
உயர்,HIGH
கடத்திடை,FOREST
கதிர்,RAY
மணி,GEM
பெறூஉம்,RECEIVING
மிதி,TREADING
அல்,NIGHT
செருப்பின்,SANDAL
பூழியர்,ATTENDANTS
கோவே,KING
குவியல்,CLUSTER
கண்ணி,GARLAND
மழவர்,HUNTERS
மெய்ம்மறை,TRUE_SECRET
பல்,MANY
பயன்,FRUIT
தழீஇய,EMBRACING
பயன்,FRUIT
கெழு,POSSESSING
நெடுங்கோட்டு,LONG_PEAK
நீர்,WATER
அறல்,STREAM
மருங்கு,SIDE
வழிப்படாப்,NOT_FOLLOWING_PATH
பாகுடிப்,SHEPHERD
பார்வல்,LOOKING
கொக்கின்,HERON
பரிவேட்பு,ANXIETY
அஞ்சாச்,NOT_FEARING
சீர்,GLORY
உடைத்,POSSESSING
தேஎத்த,COUNTRY
முனை,BATTLEFRONT
கெட,DESTROYING
விலங்கிய,CROSSED
நேர்,STRAIGHT
உயர்,HIGH
நெடு,LONG
வரை,MOUNTAIN
அயிரை,FISH
பொருந,BEGGAR
யாண்டு,YEARS
பிழைப்பு,FAULT
அறியாது,NOT_KNOWING
பய,FRUITFUL
மழை,RAIN
சுரந்து,FLOWING
நோயின்,DISEASE
மாந்தர்க்கு,FOR_PEOPLE
ஊழி,AGE
ஆக,BEING
மண்ணா,EARTH
வாயின்,MOUTH
மணம்,FRAGRANCE
கமழ்,SCENTED
கொண்டு,TAKING
கார்,RAIN
மலர்,FLOWER
கமழும்,FRAGRANT
தாழ,HANGING
இருங்கூந்தல்,DARK_HAIR
ஒரீஇயின,LEFT
போல,LIKE
விரவு,MIXED
மலர்,FLOWER
நின்று,STANDING
திரு,PROSPERITY
முகத்து,FACE
அலமரும்,CONFUSED
பெரு,GREAT
மதர்,CONFUSION
மழைக்,RAIN
கண்,EYE
அலங்கிய,WAVING
காந்தள்,KANTHAL
இலங்கு,SHINING
நீர்,WATER
அழுவத்து,FIELD
வேய்,BAMBOO
உறழ்,RESEMBLING
பணைத்தோள்,BAMBOO_SHOULDER
இவளோடு,HER_WITH
ஆயிர,THOUSAND
வெள்ளம்,MILLION
வாழிய,LIVE
பலவே,MANY
சினனே,ANGER
காமம்,LOVE
கழி,EXCESSIVE
கண்ணோட்டம்,MERCY
அச்சம்,FEAR
பொய்ச்,FALSE
சொல்,WORD
அன்பு,LOVE
மிகு,GREAT
உடைமை,POSSESSION
தெறல்,ANNOYANCE
கடுமையொடு,HARSHNESS
பிறவும்,OTHERS
இவ்,THIS
உலகத்து,WORLD
அறம்,RIGHTEOUSNESS
தெரி,CHOOSE
திகிரிக்கு,TO_WHEEL
வழியடையாகும்,BECOME_PATH
தீது,EVIL
சேண்,FAR
இகந்து,SURPASSING
நன்று,GOOD
மிக,GREATLY
புரிந்து,LOVING
கடலும்,SEA
கானமும்,FOREST
பல,MANY
பயம்,FRUIT
உதவப்,GIVING
பிறர்,OTHERS
பிறர்,OTHERS
நலியாது,WITHOUT_OPPRESSING
வேற்று,STRANGE
பொருள்,WEALTH
வெஃகாது,WITHOUT_COVETING
மை,FAULT
இல்,WITHOUT
அறிவினர்,WISE_ONES
செவ்விதின்,PROPERLY
நடந்து,WALKING
தம்,THEIR
அமர்,LOVE
துணைப்,COMPANION
பிரியாது,WITHOUT_SEPARATING
பாத்து,DIVIDING
உண்டு,EATING
மாக்கள்,PEOPLE
மூத்த,AGED
யாக்கையொடு,BODY
பிணி,DISEASE
இன்று,WITHOUT
கழிய,PASSING
ஊழி,AGE
உய்த்த,LEADING
உரவோர்,STRONG_ONES
உம்பல்,FAMILY
பொன்,GOLD
செய்,MADE
கணிச்சித்,AXE
திண்,STRONG
பிணி,TWIST
உடைத்து,POSSESSING
சிரறு,GRAVEL
சில,FEW
ஊறிய,FLOWED
நீர்,WATER
வாய்ப்,MOUTH
பத்தல்,CONTAINER
கயிறு,ROPE
குறு,SHORT
முகவை,POT
மூயின,OLD
மொய்க்கும்,GATHERING
ஆகெழு,PROSPEROUS
கொங்கர்,KONGAR
நாடு,COUNTRY
அகப்படுத்த,CAPTURING
வேல்,SPEAR
கெழு,POSSESSING
தானை,ARMY
வெருவரு,TERRIBLE
தோன்றல்,LORD
உளைப்,MANE
பொலிந்த,SHINING
மா,HORSE
இழைப்,JEWEL
பொலிந்த,SHINING
களிறு,ELEPHANT
வம்பு,STRANGENESS
பரந்த,SPREAD
தேர்,CHARIOT
அமர்க்கு,FOR_BATTLE
எதிர்ந்த,OPPOSED
புகல்,REFUGE
மறவரொடு,WARRIORS
துஞ்சுமரம்,SLEEPING_TREE
துவன்றிய,ABUNDANT
மலர்,FLOWER
அகன்,WIDE
பறந்தலை,BATTLEFIELD
ஓங்கு,HIGH
நிலை,PLACE
வாயில்,GATE
தூங்குபு,HANGING
தகைத்த,SUITABLE
வில்,BOW
விசை,STRENGTH
மாட்டிய,FITTED
விழுச்சீர்,GREAT_GLORY
ஐயவிக்,MUSTARD_SEED
கடி,GUARDED
மிளைக்,FOREST
குண்டு,DEEP
கிடங்கின்,MOAT
நெடுமதில்,LONG_WALL
நிரைப்,LINE
பதணத்து,GATE
அண்ணல்,CHIEFTAIN
அம்,BEAUTIFUL
பெருங்கோட்டு,GREAT_PEAK
அகப்பா,INNER_FORT
எறிந்த,STRUCK
பொன்,GOLD
புனை,ADORNED
உழிஞை,UZHINJAI
வெல்,VICTORIOUS
போர்க்,WAR
குட்டுவ,KUTTUVA
போர்த்து,COVERING
எறிந்த,STRUCK
பறையால்,DRUM
புனல்,WATER
செறுக்குநரும்,ROWERS
நீர்த்தரு,WATER_GIVING
பூசலின்,NOISE
அம்பு,ARROW
அழிக்குநரும்,DESTROYERS
ஒலித்தலை,SOUNDING_HEAD
விழவின்,FESTIVAL
மலியும்,ABUNDANT
யாணர்,RENEWAL
நாடு,COUNTRY
கெழு,POSSESSING
தண்,COOL
பணை,DRUM
சீறினை,ANGRY
ஆதலின்,BECAUSE
குட,WEST
திசை,DIRECTION
மாய்ந்து,CEASING
குணமுதல்,EAST_BEGINNING
தோன்றி,APPEARING
பாய்,SPRINGING
இருள்,DARKNESS
அகற்றும்,REMOVING
பயன்,FRUIT
கெழு,POSSESSING
பண்பின்,NATURE
ஞாயிறு,SUN
கோடா,NOT_DEVIATING
நன்பகல்,GOOD_DAY
அமயத்து,TIME
கவலை,JACKAL
வெள்,WHITE
நரி,JACKAL
கூஉம்,CRYING
முறை,ORDER
பயிற்றிக்,PRACTICING
கழல்,ANKLET
கண்,EYE
கூகை,OWL
குழறு,CONFUSED
குரல்,VOICE
பாணிக்,TUNE
கருங்கண்,BLACK_EYED
பேய்மகள்,SHE_DEMON
வழங்கும்,MOVING
பெரும்,GREAT
பாழ்,WASTE
ஆகு,BECOME
மன்,CERTAINLY
அளிய,PITIABLE
தாமே,THEY
அலந்தலை,SUFFERING_HEAD
உன்னத்து,UNNA_TREE
அம்,BEAUTIFUL
கவடு,BRANCH
பொருந்தி,JOINING
சிதடி,DEMONESS
கரையப்,SHOUTING
பெருவறம்,GREAT_DROUGHT
கூர்ந்து,PIERCING
நிலம்,EARTH
பைது,GREEN
அற்ற,LOST
புலம்,FIELD
கெடு,PERISH
காலையும்,TIME
வாங்குபு,BENDING
தகைத்த,FITTED
கலப்பையர்,FARMERS
ஆங்கண்,THERE
மன்றம்,SQUARE
போந்து,COMING
மறுகு,STREET
சிறை,WING
பாடும்,SINGING
வயிரிய,MINSTRELS
மாக்கள்,PEOPLE
கடும்,SEVERE
பசி,HUNGER
நீங்கப்,LEAVING
பொன்,GOLD
செய்,MADE
புனை,ADORNED
இழை,JEWEL
ஒலிப்ப,SOUNDING
பெரிது,GREATLY
உவந்து,DELIGHTED
நெஞ்சு,HEART
மலி,FILLED
உவகையர்,HAPPY
உண்டு,EATING
மலிந்து,FILLED
ஆட,DANCING
சிறு,SMALL
மகிழானும்,HAPPINESS
பெருங்கலம்,GREAT_VESSEL
வீசும்,BESTOWING
போர்,WAR
அடு,FIGHTING
தானைப்,ARMY
பொலந்தார்க்,GOLDEN_GARLAND
குட்டுவ,KUTTUVA
நின்,YOUR
நயந்து,DESIRING
வருவேம்,WE_COME
கண்டனம்,WE_SAW
புல்,GRASS
மிக்கு,EXCESS
வழங்குநர்,TRAVELERS
அற்ற,LOST
என,SAYING
மருங்கு,SIDE
கெடத்,DESTROYING
தூர்ந்து,BEING_DESTROYED
பெரும்,GREAT
கவின்,BEAUTY
அழிந்த,DESTROYED
ஆற்ற,PATH
ஏறு,BULL
புணர்ந்து,JOINING
அண்ணல்,CHIEFTAIN
மரையா,STAG
அமர்ந்து,SEATED
இனிது,SWEETLY
உறையும்,DWELLING
விண்,SKY
உயர்,HIGH
வைப்பின,REGIONS
காடு,FOREST
ஆயின,BECAME
நின்,YOUR
மைந்து,STRENGTH
மலி,FILLED
பெரும்,GREAT
புகழ்,FAME
அறியார்,NOT_KNOWING
மலைந்த,FOUGHT
போர்,WAR
எதிர்,OPPOSING
வேந்தர்,KINGS
தார்,GARLAND
அழிந்து,DESTROYED
ஒராலின்,FALLING
மருது,MARUTHAM_TREE
இமிழ்ந்து,RESOUNDING
ஓங்கிய,RAISED
நளி,THICK
இரும்பரப்பின்,DARK_EXPANSE
மணல்,SAND
மலி,FILLED
பெரும்,GREAT
துறைத்,FORD
ததைந்த,THICK
காஞ்சியொடு,KANCHI
முருக்குத்,MURUKKU_TREE
தாழ்பு,HANGING
எழிலிய,BEAUTIFUL
நெருப்பு,FIRE
உறழ்,RESEMBLING
அடைகரை,SHORE
நந்து,CRAB
நாரையொடு,HERON
செவ்வரி,RED_STREAKS
உகளும்,KICKING
கழனி,FIELD
வாயிற்,MOUTH
பழனப்,WETLAND
படப்பை,GARDEN
அழல்,FIRE
மருள்,RESEMBLING
பூவின்,FLOWER
தாமரை,LOTUS
வளை,CONCH
மகள்,WOMAN
குறாஅது,WITHOUT_FAILING
மலர்ந்த,BLOOMED
ஆம்பல்,WATER_LILY
அறாஅ,UNCEASING
யாணர்,RENEWAL
அவர்,THEIR
அகன்தலை,WIDE_HEADED
நாடே,COUNTRY
நெடுவயின்,LONG_PLACE
ஒளிறு,SHINING
மின்னு,LIGHTNING
பரந்தாங்குப்,SPREAD_LIKE
புலி,TIGER
உறை,SHEATH
கழித்த,REMOVED
புலவுவாய்,ROTTEN_MOUTH
எஃகம்,SPEAR
ஏவல்,SERVICE
ஆடவர்,MEN
வலன்,RIGHT
உயர்த்து,RAISING
ஏந்தி,HOLDING
ஆர்,DIFFICULT
அரண்,FORTRESS
கடந்த,CROSSED
தார்,GARLAND
அருந்தகைப்பின்,DIFFICULT_NATURE
பீடு,GRANDEUR
கொள்,POSSESSING
மாலைப்,GARLAND
பெரும்,GREAT
படை,ARMY
தலைவ,LEADER
ஓதல்,LEARNING
வேட்டல்,LOVING
அவை,THEY
பிறர்ச்,OTHERS
செய்தல்,DOING
ஈதல்,GIVING
ஏற்றல்,RECEIVING
என்று,CALLED
ஆறு,SIX
புரிந்த,LOVED
ஒழுகும்,PRACTICING
அறம்,RIGHTEOUSNESS
புரி,LOVING
அந்தணர்,BRAHMINS
வழிமொழிந்து,FOLLOWING
ஒழுகி,PRACTICING
ஞாலம்,WORLD
நின்,YOUR
வழி,PATH
ஒழுகப்,PRACTICING
பாடல்,SONG
சான்று,POSSESSING
நாடு,COUNTRY
உடன்,TOGETHER
விளங்கும்,SHINING
நாடா,UNCEASING
நல்லிசை,GOOD_FAME
திருந்திய,PERFECTED
இயல்,NATURE
மொழித்,LANGUAGE
திருந்திழை,PERFECT_JEWEL
கணவ,HUSBAND
குலை,CLUSTER
இழிபு,DESCENDING
அறியாச்,NOT_KNOWING
சாபத்து,BOW
வயவர்,WARRIORS
அம்பு,ARROW
களைவு,REMOVAL
அறியாத்,NOT_KNOWING
தூங்கு,HANGING
துளங்கு,SHAKING
இருக்கை,SEAT
இடாஅ,NOT_PLACING
ஏணி,LADDER
இயல்,NATURE
அறைக்,CHAMBER
குருசில்,PRINCE
நீர்,WATER
நிலம்,EARTH
தீ,FIRE
வளி,AIR
விசும்போடு,SKY
ஐந்தும்,FIVE
அளந்து,MEASURING
கடை,END
அறியினும்,EVEN_IF_KNOWING
அளப்பு,MEASURE
அருங்குரையை,DIFFICULT_ONE
நின்,YOUR
வளம்,WEALTH
வீங்கு,SWELLING
பெருக்கம்,ABUNDANCE
இனிது,SWEETLY
கண்டிகுமே,WE_WILL_SEE
உண்மரும்,EATERS
தின்மரும்,EATERS
வரை,LIMIT
கோள்,TAKING
அறியாது,NOT_KNOWING
குரைத்,SOUNDING
தொடி,BRACELET
மழுகிய,WORN
உலக்கை,PESTLE
வயின்,PLACE
தோறு,EACH
அடைச்சேம்பு,ARUM_LEAF
எழுந்த,RISEN
ஆடுறும்,DANCING
மடாவின்,FAWN
எஃகு,SPEAR
உறச்,TOUCHING
சிவந்த,REDDENED
ஊனத்து,FLESH
யாவரும்,EVERYONE
கண்டு,SEEING
மதி,MIND
மருளும்,CONFUSED
வாடாச்,UNWITHERING
சொன்றி,FOOD
வயங்கு,SHINING
கதிர்,RAY
விரிந்து,SPREADING
வானகம்,SKY
சுடர்வர,SHINING
வறிது,EMPTY
வடக்கு,NORTH
இறைஞ்சிய,BOWED
சீர்,GLORY
சால்,POSSESSING
வெள்ளி,STAR
பயன்,FRUIT
கெழு,POSSESSING
பொழுதோடு,TIME
ஆநியம்,COW_BELL
நிற்ப,STANDING
கலிழும்,SHOWERING
கருவியொடு,CLOUD
கையுற,HAND
வணங்கி,BOWING
மன்னுயிர்,PERMANENT_LIFE
புரைஇய,PROTECTING
வலன்,RIGHT
ஏர்பு,PRAISING
இரங்கும்,RESOUNDING
கொண்டல்,COOL_BREEZE
தண்,COOL
தளிக்,SACRIFICIAL_ALTAR
கமஞ்சூல்,PREGNANT_CLOUD
மா,GREAT
மழை,RAIN
கார்,RAIN
எதிர்,OPPOSING
பருவம்,SEASON
மறப்பினும்,EVEN_IF_FORGETTING
பேரா,UNCEASING
யாணர்த்தால்,RENEWAL
வாழ்க,LONG_LIVE
நின்,YOUR
வளனே,WEALTH
மா,HORSE
ஆடிய,DANCED
புலன்,FIELD
நாஞ்சில்,PLOUGH
ஆடா,NOT_DANCING
கடாஅம்,FLOWING_MUSTH
சென்னிய,HEAD
கடுங்கண்,FIERCE_EYE
யானை,ELEPHANT
இனம்,HERD
பரந்த,SPREAD
புலம்,FIELD
வளம்,WEALTH
பரப்பு,SPREAD
அறியா,NOT_KNOWING
நின்,YOUR
படைஞர்,SOLDIERS
சேர்ந்த,JOINED
மன்றம்,SQUARE
கழுதை,DONKEY
போகி,GOING
நீ,YOU
உடன்றோர்,ANGRY_ONES
மன்,PERMANENT
எயில்,FORTRESS
தோட்டி,GOAD
வையா,NOT_PLACING
கடுங்கால்,STRONG_WIND
ஒற்றலின்,PRESSING
சுடர்,LIGHT
சிறந்து,EXCELLING
உருத்து,ANGRY
பசும்,GREEN
பிசிர்,DRIZZLE
ஒள்,BRIGHT
அழல்,FIRE
ஆடிய,DANCED
மருங்கின்,SIDE
ஆண்டலை,EAGLE
வழங்கும்,MOVING
கான்,FOREST
உணங்கு,DRYING
கடு,ROUGH
நெறி,PATH
முனை,BATTLEFRONT
அகன்,WIDE
பெரும்,GREAT
பாழ்,WASTE
ஆக,BEING
மன்னிய,ESTABLISHED
உரும்,THUNDER
உறழ்பு,RESEMBLING
இரங்கும்,RESOUNDING
முரசின்,DRUM
பெருமலை,GREAT_MOUNTAIN
வரை,MOUNTAIN
இழி,DESCENDING
அருவியின்,WATERFALL
ஒளிறு,SHINING
கொடி,BANNER
நுடங்கக்,WAVING
கடும்,FAST
பரி,HORSE
கதழ்,SPEED
சிறகு,WING
அகைப்ப,FLAPPING
நீ,YOU
நெடுந்தேர்,LONG_CHARIOT
ஓட்டிய,DRIVEN
பிறர்,OTHERS
அகன்தலை,WIDE_HEADED
நாடே,COUNTRY
தேஎர்,FOREIGNERS
பரந்த,SPREAD
புலம்,FIELD
ஏஎர்,BEAUTY
பரவா,NOT_PRAISING
களிறு,ELEPHANT
ஆடிய,DANCED
புலம்,FIELD
நாஞ்சில்,PLOUGH
ஆடா,NOT_DANCING
மத்து,CHURNING_ROD
உரறிய,SOUNDING
மனை,HOUSE
இன்னியம்,MUSICAL_INSTRUMENT
இமிழா,NOT_RESOUNDING
ஆங்கு,THERE
பண்டு,ANCIENTLY
நற்கு,GOOD
அறியுநர்,KNOWERS
செழு,PROSPEROUS
வளம்,WEALTH
நினைப்பின்,IF_THINK
நோகோ,I_SUFFER
யானே,I
நோதக,PAINFULLY
வருமே,COMES
பெயல்,RAIN
மழை,CLOUD
புரவின்று,PROTECTION
ஆகி,BEING
வெய்துற்று,BECOMING_HOT
வலம்,STRENGTH
இன்று,WITHOUT
அம்ம,INDEED
காலையது,TIME
பண்பு,NATURE
எனக்,SAYING
கண்,EYE
பனி,DEW
மலிர்,FILLED
நிறை,TEARS
தாங்கிக்,HOLDING
கை,HAND
புடையூ,CLAPPING
மெலிவுடை,WEAK
நெஞ்சினர்,HEART
சிறுமை,SMALLNESS
கூரப்,PIERCING
பீர்,SPREADING
இவர்,THESE
வேலிப்,FENCE
பாழ்,WASTE
மனை,HOUSE
நெருஞ்சிக்,NERUNJI_PLANT
காடு,FOREST
உறு,TOUCHING
கடு,ROUGH
நெறி,PATH
யாக,BEING
மன்னிய,ESTABLISHED
முருகு,ANGRY
உடன்று,BEING_ANGRY
கறுத்த,ANGRY
கலி,NOISE
அழி,DESTROYED
மூதூர்,ANCIENT_CITY
உரும்பில்,THUNDERBOLT
கூற்றத்து,DEATH
அன்ன,LIKE
நின்,YOUR
திருந்து,PERFECT
தொழில்,WORK
வயவர்,WARRIORS
சீறிய,ANGRY
நாடே,COUNTRY
சிதைந்தது,DESTROYED
மன்ற,INDEED
நீ,YOU
சிவந்தனை,REDDENED
நோக்கலின்,LOOKING
தொடர்ந்த,FOLLOWED
குவளைத்,CUP_FLOWER
தூ,CLEAN
நெறி,PATH
அடைச்சி,BLOCKING
அலர்ந்த,BLOOMED
ஆம்பல்,WATER_LILY
அக,INSIDE
மடிவையர்,FOLDING
சுரியல்,CURLED
அம்,BEAUTIFUL
சென்னிப்,HEAD
பூஞ்செய்,FLOWER_MADE
கண்ணி,GARLAND
அரியல்,SCATTERED
ஆர்கையர்,EATING
இனிது,SWEETLY
கூடு,JOINING
இயவர்,BEGGARS
துறை,FORD
நணி,NEAR
மருதம்,MARUTHAM_TREE
ஏறித்,CLIMBING
தெறுமார்,TO_KILL
எல்,BRIGHT
வளை,CONCH
மகளிர,WOMEN
தெள்,CLEAR
விளி,CALL
இசைப்பின்,SOUNDING
பழனக்,WETLAND
காவில்,GROVE
பசு,GREEN
மயில்,PEACOCK
ஆலும்,DANCING
பொய்கை,POND
வாயில்,MOUTH
புனல்,WATER
பொரு,FIGHTING
புதவின்,WALL
நெய்தல்,WATER_LILY
மரபின்,TRADITION
நிரைகள்,LINES
செறுவின்,FIELD
வல்வாய்,STRONG_MOUTH
உருளி,WHEEL
கதுமென,QUICKLY
மண்ட,ATTACKING
அள்ளல்,MUD
பட்டு,STUCK
துள்ளுபு,LEAPING
துரப்ப,DRIVING
நல்,GOOD
எருதும்,OX
முயலும்,HARE
அளறு,MUD
போகு,GOING
விழுமத்து,SUFFERING
சாகாட்டாளர்,CART_DRIVERS
கம்பலை,NOISE
அல்லது,EXCEPT
பூசல்,NOISE
அறியா,NOT_KNOWING
நன்னாட்டு,GOOD_COUNTRY
யாணர்,RENEWAL
அறாஅக்,UNCEASING
காமரு,LOVELY
கவினே,BEAUTY
திருவுடைத்து,POSSESSING_PROSPERITY
அம்ம,INDEED
பெரு,GREAT
விறல்,VICTORY
பகைவர்,ENEMIES
பைங்கண்,GREEN_EYED
யானைப்,ELEPHANT
புணர்,JOINED
நிரை,LINE
துமிய,BREAKING
உரம்,COURAGE
துரந்து,DRIVING
எறிந்த,STRUCK
கறை,SPOT
அடிக்,BOTTOM
கழல்,ANKLET
கால்,LEG
கடு,FIERCE
மா,GREAT
மறவர்,WARRIORS
கதழ்,SPEED
தொடை,WREATH
மறப்ப,FORGETTING
இளை,YOUTH
இனிது,SWEETLY
தந்து,GIVING
விளைவு,PRODUCE
முட்டுறாது,NOT_LACKING
புலம்பா,NOT_LONELY
உறையுள்,DWELLING
நீ,YOU
தொழில்,WORK
ஆற்றலின்,PERFORMING
விடு,LEAVING
நிலக்,GROUND
கரம்பை,BOUNDARY
விடர்,CAVE
அளை,HOLE
நிறைய,FILLING
கோடை,SUMMER
நீடக்,PROLONGING
குன்றம்,HILL
புல்லென,BECOMING_DRY
அருவி,WATERFALL
அற்ற,LOST
பெருவறள்,GREAT_DROUGHT
காலையும்,TIME
நிவந்து,RISING
கரை,SHORE
இழிதரு,DESCENDING
நனந்தலை,SPACIOUS
பேரியாற்று,GREAT_RIVER
சீர்,GLORY
உடை,POSSESSING
வியன்,WIDE
புலம்,FIELD
வாய்,MOUTH
பரந்து,SPREAD
மிகீஇயர்,EXCELLING
உவலை,MILLET
சூடி,WEARING
உருத்துவரு,ANGRILY_COMING
மலிர்,FILLED
நிறைச்,TEARS
செந்நீர்ப்,RED_WATER
பூசல்,NOISE
அல்லது,EXCEPT
வெம்மை,HEAT
அரிது,RARE
நின்,YOUR
அகன்தலை,WIDE_HEADED
நாடே,COUNTRY
அவல்,VALLEY
எறிந்த,THROWN
உலக்கை,PESTLE
வாழைச்,BANANA
சேர்த்தி,NEAR
வளைக்,CURVED
கை,HAND
மகளிர,WOMEN
வள்ளை,LULLABY
கொய்யும்,PICKING
முடந்தை,CURVED
நெல்லின்,RICE
விளை,GROWING
வயல்,FIELD
பரந்த,SPREAD
தடந்தாள்,LONG_LEG
நாரை,HERON
இரிய,SCATTERING
அயிரை,FISH
கொழு,FAT
மீன்,FISH
ஆர்கைய,EATING
மரந்தொறும்,EACH_TREE
குழாஅலின்,GROUP
வெண்கை,WHITE_HAND
மகளிர,WOMEN
வெண்குருகு,WHITE_BIRD
ஓப்பும்,DRIVING
அழியா,IMPERISHABLE
விழவின்,FESTIVAL
இழியாத்,NOT_DESCENDING
திவவின்,GRANDEUR
வயிரிய,MINSTRELS
மாக்கள்,PEOPLE
பண்,TUNE
அமைத்து,ARRANGING
எழீஇ,RAISING
மன்ற,SQUARE
நண்ணி,APPROACHING
மறுகு,STREET
சிறை,WING
பாடும்,SINGING
அகன்,WIDE
கண்,EYE
வைப்பின்,REGION
நாடு,COUNTRY
மன்,CERTAINLY
அளிய,PITIABLE
விரவு,MIXED
வேறு,DIFFERENT
கூலமொடு,GRAIN
குருதி,BLOOD
வேட்ட,DESIRING
மயிர்,HAIR
புதை,COVERED
மாக்கண்,GREAT_EYE
கடிய,GUARDED
கழற,SAYING
அமர்,BATTLE
கோள்,TAKING
நேர்,STRAIGHT
இகந்து,SURPASSING
ஆர்,DIFFICULT
எயில்,FORTRESS
கடக்கும்,CROSSING
பெரும்,GREAT
பல்,MANY
யானைக்,ELEPHANT
குட்டுவன்,KUTTUVAN
வரம்பில்,BOUNDLESS
தானை,ARMY
பரவா,NOT_PRAISING
ஊங்கே,BEFORE
இணர்,CLUSTER
ததை,THICK
ஞாழல்,NYAGRODHA_TREE
கரை,SHORE
கெழு,POSSESSING
பெருந்துறை,GREAT_FORD
மணிக்,GEM
கலத்து,VESSEL
அன்ன,LIKE
மா,GREAT
இதழ்,PETAL
நெய்தல்,WATER_LILY
பாசடை,GREEN_LEAF
பனிக்கழி,COOL_BACKWATER
துழைஇ,SEARCHING
புன்னை,PUNNAI_TREE
வால்,WHITE
இணர்ப்படு,CLUSTER
சினை,BRANCH
குருகு,BIRD
இறைகொள்ளும்,SETTLING
அல்குறு,EVENING
கானல்,GROVE
ஓங்கு,HIGH
மணல்,SAND
அடைகரை,SHORE
தாழ,HANGING
அடும்பு,IPOMOEA
மலைந்த,WEARING
புணரி,WAVE
வளை,CONCH
ஞரல,SOUNDING
இலங்கு,SHINING
நீர்,WATER
முத்தமொடு,PEARL
வார்,STRING
துகிர்,CORAL
எடுக்கும்,TAKING
தண்,COOL
கடல்,SEA
படப்பை,GARDEN
மென்பாலனவும்,SOFT_SIDE
காந்தள்,KANTHAL_FLOWER
அங்,BEAUTIFUL
கண்ணிக்,GARLAND
கொலை,MURDER
வில்,BOW
வேட்டுவர்,HUNTERS
செங்கோட்டு,RED_HORN
ஆமான்,DEER
ஊனொடு,FLESH
காட்ட,SHOWING
மதன்,GENTLENESS
உடை,POSSESSING
வேழத்து,ELEPHANT
வெண்கோடு,WHITE_TUSK
கொண்டு,TAKING
பொன்,GOLD
உடை,POSSESSING
நியமத்து,MARKET
பிழி,SYRUP
நொடை,WORD
கொடுக்கும்,GIVING
குன்று,HILL
தலைமணந்த,TOUCHING_HEAD
புன்புல,DRY_FIELD
வைப்பும்,REGION
காலம்,SEASON
அன்றியும்,BESIDES
கரும்பு,SUGARCANE
அறுத்து,CUTTING
ஒழியாது,NOT_CEASING
அரிகால்,PLOUGH
அவித்து,EXTINGUISHING
பல,MANY
பூ,FLOWER
விழவின்,FESTIVAL
தேம்பாய்,HONEY_FLOWING
மருதம்,MARUTHAM_TREE
முதல்படக்,BEGINNING
கொன்று,DESTROYING
வெண்தலை,WHITE_HEAD
செம்புனல்,RED_WATER
பரந்து,SPREADING
வாய்,MOUTH
மிகுக்கும்,INCREASING
பல,MANY
சூழ்,SURROUNDING
பதப்பர்,REGION
பரிய,SPREADING
வெள்ளத்து,FLOOD
சிறை,WING
கொள்,TAKING
பூசலின்,NOISE
புகன்ற,PRAISED
ஆயம்,GROUP
முழவு,DRUM
இமிழ்,RESOUNDING
மூதூர்,ANCIENT_CITY
விழவுக்,FESTIVAL
காணூஉ,SEEING
பெயரும்,RETURNING
செழும்,PROSPEROUS
பல்,MANY
வைப்பி,REGIONS
பழனப்,WETLAND
பாலும்,SIDE
ஏனல்,MILLET
உழவர்,FARMERS
வரகு,FINGER_MILLET
மீது,UPON
இட்ட,PLACED
கான்,FOREST
மிகு,GREAT
குளவிய,CARDAMOM
அன்பு,LOVE
சேர்,JOINED
இருக்கை,SEAT
மென்தினை,SOFT_MILLET
நுவணை,GRAIN
முறை,ORDER
முறை,ORDER
பகுக்கும்,DIVIDING
புன்புலம்,DRY_FIELD
தழீஇய,EMBRACING
புறவு,GROVE
அணி,BEAUTY
வைப்பும்,REGION
பல்,MANY
பூஞ்செம்மல்,FLOWER_CLUSTER
காடு,FOREST
பயம்,FRUIT
மாறி,CHANGING
அரக்கத்தன்ன,CORAL_LIKE
நுண்மணல்,FINE_SAND
கோடு,EDGE
கொண்டு,TAKING
ஒண்ணுதல்,BRIGHT_FOREHEAD
மகளிர,WOMEN
கழலொடு,ANKLET
மறுகும்,WANDERING
விண்,SKY
உயர்ந்து,RISING
ஓங்கிய,ELEVATED
கடற்றவும்,SEA
பிறவும்,OTHERS
பணை,DRUM
கெழு,POSSESSING
வேந்தரும்,KINGS
வேளிரும்,CHIEFTAINS
ஒன்றுமொழிந்து,UNITING
கடலவுங்,SEA
காட்டவும்,FOREST
அரண்,FORTRESS
வலியார்,STRONG_ONES
நடுங்க,TREMBLING
முரண்,OPPOSITION
மிகு,GREAT
கடுங்குரல்,LOUD_VOICE
விசும்பு,SKY
அடைபு,REACHING
அதிரக்,THUNDERING
கடுஞ்சினங்,FIERCE_ANGER
கடாஅய்,FLOWING_MUSTH
முழங்கு,ROARING
மந்திரத்து,CHANT
அருந்திறல்,DIFFICULT_DEED
மரபின்,TRADITION
கடவுள்,GOD
பேணியர்,CHERISHING
உயர்ந்தோன்,ELEVATED_ONE
ஏந்திய,HELD
அரும்,RARE
பெறல்,OBTAINING
பிண்டம்,BALL
கருங்கண்,BLACK_EYED
பேய்மகள்,SHE_DEMON
கை,HAND
புடையூஉ,CLAPPING
நடுங்க,TREMBLING
நெய்த்தோர்,GHEE
தூஉய,SPRINKLING
நிறை,FULL
மகிழ்,HAPPINESS
இரும்பலி,GREAT_OFFERING
எறும்பும்,ANTS
மூசா,NOT_SWARMING
இறும்பூது,MIRACLE
மரபின்,TRADITION
கருங்கண்,BLACK_EYED
காக்கையொடு,CROW
பருந்து,EAGLE
இருந்து,SITTING
ஆர,ENJOYING
ஓடாப்,NOT_FLEEING
பூட்கை,STRENGTH
ஒண்,BRIGHT
பொறிக்,MARK
கழல்கால்,ANKLET_LEG
பெருஞ்சமம்,GREAT_BATTLEFIELD
ததைந்த,THICK
செருப்புகல்,BATTLE
மறவர்,WARRIORS
உருமு,THUNDER
நிலன்,EARTH
அதிர்க்கும்,MAKE_THUNDER
குரலொடு,VOICE
கொளை,RHYTHM
புணர்ந்து,JOINING
பெருஞ்சோறு,GREAT_RICE
உகுத்தற்கு,TO_SCATTER
எறியும்,STRIKING
கடுஞ்சின,FIERCE_ANGER
வேந்தே,KING
நின்,YOUR
தழங்கு,RESOUNDING
குரல்,VOICE
முரசே,DRUM
பதிகம்,PREFACE
இமையவரம்பன்,IMAYAVARAMBAN
தம்பி,BROTHER
அமைவர,GENTLY
உம்பர்,SKY
காட்டை,FOREST
தன்,HIS
கோல்,SCEPTRE
நிறீஇ,ESTABLISHING
அகப்பா,INNER_FORT
எறிந்து,STRIKING
பகல்,DAY
தீ,FIRE
வேட்டு,WISHING
மதி,MOON
உறழ்,RESEMBLING
மரபின்,TRADITION
முதியரைத்,ELDERS
தழீஇ,EMBRACING
கண்ணகன்,WIDE_EYED
வைப்பின்,REGION
மண்,EARTH
வகுத்து,DIVIDING
ஈத்து,GIVING
கருங்களிற்று,BLACK_ELEPHANT
யானை,ELEPHANT
புணர்,JOINED
நிரை,LINE
நீட்டி,EXTENDING
இரு,TWO
கடல்,SEA
நீணரும்,LONG_WATER
ஒரு,ONE
பகல்,DAY
ஆடி,BATHING
அயிரை,FISH
பரைஇ,SPREADING
ஆற்றல்,STRENGTH
சால்,POSSESSING
முன்போடு,FRONT
ஒடுங்கா,NOT_HUMBLE
நல்,GOOD
இசை,FAME
உயர்ந்த,ELEVATED
கேள்வி,LEARNING
நெடும்பாரதாயனார்,NEDUMBARATHANAR
முந்து,BEFORE
உற,TOUCHING
காடு,FOREST
போந்த,WENT
பல்யானை,MANY_ELEPHANT
செல்கெழு,WEALTH_POSSESSING
குட்டுவனை,KUTTUVAN
பாலைக்கெளதமனார்,PALAIGAUTHAMANAR
பாடினார்,SANG
பத்துப்பாட்டு,TEN_SONGS
குன்று,HILL
தலைமணந்து,TOUCHING_HEAD
குழூஉ,GATHERING
கடல்,SEA
உடுத்த,SURROUNDED
மண்,EARTH
கெழு,POSSESSING
ஞாலத்து,WORLD
மாந்தர்,PEOPLE
ஒராங்கு,TOGETHER
கை,HAND
சுமந்து,CARRYING
அலறும்,CRYING
பூசல்,NOISE
மாதிரத்து,DIRECTIONS
நால்,FOUR
வேறு,DIFFERENT
நனந்தலை,SPACIOUS
ஒருங்கு,TOGETHER
எழுந்து,RISING
ஒலிப்ப,SOUNDING
தெள்,CLEAR
உயர்,HIGH
வடி,SHARP
மணி,BELL
எறியுநர்,STRIKERS
கல்லென,NOISILY
உண்ணாப்,NOT_EATING
பைஞ்ஞிலம்,GREEN_FIELD
பனித்துறை,COOL_FORD
மண்ணி,TAKING
வண்டு,BEE
ஊது,BLOW
பொலி,ABUNDANT
தார்த்,GARLAND
திரு,PROSPERITY
ஞெமர்,BRILLIANCE
அகலத்து,CHEST
கண்,EYE
பொரு,FIGHTING
திகிரிக்,WHEEL
கமழ்,FRAGRANT
குரல்,VOICE
துழாஅய்,TULASI
அலங்கல்,GARLAND
செல்வன்,WEALTHY_ONE
சேவடி,RED_FOOT
பரவி,PRAISING
நெஞ்சு,HEART
மலி,FILLED
உவகையர்,HAPPY
துஞ்சு,SLEEPING
பதிப்,PLACE
பெயர,RETURNING
மணி,GEM
நிற,COLORED
மையிருள்,DARKNESS
அகல,WIDENING
நிலா,MOONLIGHT
விரிபு,SPREADING
கோடு,HORN
கூடு,JOINING
மதியம்,MOON
இயல்,NATURE
உற்றாங்கு,LIKE
துளங்கு,SHAKING
குடி,FAMILY
விழுத்திணை,GOOD_TRIBES
திருத்தி,CORRECTING
முரசு,DRUM
கொண்டு,TAKING
ஆண்,MALE
கடன்,DUTY
இறுத்த,PERFORMED
நின்,YOUR
பூண்,ORNAMENT
கிளர்,SHINING
வியன்,WIDE
மார்பு,CHEST
கருவி,CLOUD
வானம்,SKY
தண்,COOL
தளி,RAIN
தலைஇய,LEADING
வட,NORTH
தெற்கு,SOUTH
விலங்கி,CROSSING
விலகு,DEVIATING
தலைத்து,HEAD
எழிலிய,CLOUD
பனி,DEW
வார்,FLOWING
விண்டு,OPENING
விறல்,VICTORY
வரை,MOUNTAIN
அற்றே,LIKE
கடவுள்,GOD
அஞ்சி,FEARING
வானத்து,SKY
இழைத்த,MADE
தூங்கு,HANGING
எயில்,FORTRESS
கதவம்,GATE
காவல்,GUARD
கொண்ட,TAKEN
எழூஉ,MOAT
நிவந்தன்ன,RISEN_LIKE
பரேர்,STRONG
எறுழ்,STRENGTH
முழவுத்,DRUM
தோள்,SHOULDER
வெண்திரை,WHITE_WAVE
முந்நீர்,THREE_WATERS
வளைஇய,SURROUNDED
உலகத்து,WORLD
வண்,BOUNTIFUL
புகழ்,FAME
நிறுத்த,ESTABLISHED
வகை,METHOD
சால்,POSSESSING
செல்வத்து,WEALTH
வண்டன்,BEE
அனையை,LIKE
மன்,CERTAINLY
நீயே,YOU
வண்டுபட,BEE_ATTRACTING
ஒலிந்த,SOUNDING
கூந்தல்,HAIR
அறம்,RIGHTEOUSNESS
சால்,POSSESSING
கற்பின்,CHASTITY
குழைக்கு,EARRING
விளக்கு,LAMP
ஆகிய,BECAME
ஒண்ணுதல்,BRIGHT_FOREHEAD
பொன்னின்,GOLD
இழைக்கு,JEWEL
விளக்காகிய,BECOME_LAMP
அவ்வாங்கு,BEAUTIFUL
உந்தி,NAVEL
விசும்பு,SKY
வழங்கு,MOVING
மகளிர,WOMEN
உள்ளும்,INSIDE
சிறந்த,EXCELLED
செம்மீன்,RED_STAR
அனையள்,LIKE
நின்,YOUR
தொல்,ANCIENT
நகர்ச்,CITY
செல்வி,PROSPEROUS_WOMAN
நிலன்,EARTH
அதிர்பு,SHAKING
இரங்கல,RESOUNDING
ஆகி,BEING
வலன்,RIGHT
ஏர்பு,PRAISING
வியன்,WIDE
பணை,DRUM
முழங்கும்,RESOUNDING
வேல்,SPEAR
மூசு,GATHERING
அழுவத்து,BATTLEFIELD
அடங்கிய,SUBDUED
புடையல்,ANKLET
பொங்கழல்,GOLDEN_ANKLET
நோன்,STRONG
தாள்,LEG
ஒடுங்காத்,NOT_HUMBLE
தெவ்வர்,ENEMIES
ஊக்கு,ASPIRATION
அறக்,COMPLETELY
கடைஇ,DRIVING
புறக்கொடை,OUTSIDE_GIFT
எறியார்,NOT_STRIKING
நின்,YOUR
மறப்படை,SECRET_ARMY
கொள்ளுநர்,TAKERS
நகைவர்க்கு,FOR_LAUGHERS
அரணம்,FORTRESS
ஆகி,BEING
பகைவர்க்கு,FOR_ENEMIES
சூர்,DEMON
நிகழ்ந்தற்று,OCCURRED_LIKE
நின்,YOUR
தானை,ARMY
போர்,WAR
மிகு,GREAT
குருசில்,PRINCE
நீ,YOU
மாண்டனை,EXCELLED
பலவே,MANY
மாண்டனை,EXCELLED
பலவே,MANY
போர்,WAR
மிகு,GREAT
குருசில்,PRINCE
நீ,YOU
மாதிரம்,DIRECTIONS
விளக்கும்,ILLUMINATING
சால்பும்,NOBILITY
செம்மையும்,RIGHTEOUSNESS
முத்து,PEARL
உடை,POSSESSING
மருப்பின்,TUSK
மழ,YOUNG
களிறு,ELEPHANT
பிளிற,TRUMPETING
மிக்கு,EXCEEDING
எழு,RISING
கடுந்தார்,FIERCE_GARLAND
துய்த்தலை,SLEEPING_HEAD
சென்று,GOING
துப்புத்,STRENGTH
துவர்,FATIGUE
போக,GOING
பெருங்கிளை,GREAT_RELATIVES
உவப்ப,DELIGHTING
ஈத்து,GIVING
ஆன்று,BEING_SUFFICIENT
ஆனா,UNCEASING
இடனுடை,SPACIOUS
வளனும்,WEALTH
துளங்கு,SHAKING
குடி,FAMILY
திருத்திய,CORRECTED
வலம்படு,RIGHTEOUS
வென்றியும்,VICTORY
எல்லாம்,ALL
எண்ணின்,IF_COUNT
இடு,PLACING
கழங்கு,DICE
தபுந,LEAVE
கொன்,KILLING
ஒன்று,ONE
மருண்டனென்,CONFUSED
அடு,FIGHTING
போர்க்,WAR
கொற்றவ,VICTORIOUS_ONE
நெடுமிடல்,GREAT_STRENGTH
சாயக்,FALLING
கொடு,CRUEL
மிடல்,STRENGTH
துமியப்,BREAKING
பெருமலை,GREAT_MOUNTAIN
யானையொடு,ELEPHANT
புலம்,FIELD
கெட,PERISHING
இறுத்து,ENCAMPING
தடந்தாள்,LONG_LEG
நாரை,HERON
படிந்து,SETTLING
இரை,PREY
கவரும்,SEIZING
முடந்தை,CURVED
நெல்லின்,RICE
கழை,BAMBOO
அமல்,ABUNDANT
கழனிப்,FIELD
பிழையா,FAULTLESS
விளையுள்,PRODUCE
நாடு,COUNTRY
அகப்படுத்து,CAPTURING
வையா,NOT_PLACING
மாலையர்,GARLANDED_ONES
வசையுநர்க்,BLAMERS
கறுத்த,ANGRY
பகைவர்,ENEMIES
தேஎத்து,COUNTRY
ஆயினும்,EVEN_IF
சினவாய்,ANGRY_MOUTH
ஆகுதல்,BEING
இறும்பூதால்,MIRACLE
பெரிதே,GREAT
இறும்பூதால்,MIRACLE
பெரிதே,GREAT
கொடித்தேர்,BANNERED_CHARIOT
அண்ணல்,CHIEFTAIN
வடி,SHARP
மணி,BELL
அணைத்த,EMBRACED
பணை,DRUM
மருள்,RESEMBLING
நோன்,STRONG
தாள்,LEG
கடி,GUARDED
மரத்தான்,TREE
களிறு,ELEPHANT
அணைத்து,EMBRACING
நெடு,LONG
நீர,WATER
துறை,FORD
கலங்க,CONFUSING
மூழ்த்து,PLUNGING
இறுத்த,ENCAMPED
வியன்,WIDE
தானையொடு,ARMY
புலம்,FIELD
கெட,PERISHING
நெரிதரும்,CRUSHING
வரம்பு,BOUNDARY
இல்,WITHOUT
வெள்ளம்,FLOOD
வாள்,SWORD
மதில்,WALL
ஆக,BEING
வேல்,SPEAR
மிளை,FOREST
உயர்த்து,RAISING
வில்,BOW
இசை,SOUND
உமிழ்ந்த,SPEWING
வைம்முள்,SHARP_THORN
அம்பின்,ARROW
செவ்வாய்,RED_MOUTH
எஃகம்,SPEAR
வளைஇய,SURROUNDED
அகழின்,MOAT
கார்,RAIN
இடி,THUNDER
உருமின்,THUNDER
உரறும்,SOUNDING
முரசின்,DRUM
கால்,WIND
வழங்கு,MOVING
ஆர்,DIFFICULT
எயில்,FORTRESS
கருதின்,IF_THINK
போர்,WAR
எதிர்,OPPOSING
வேந்தர்,KINGS
ஒரூஉப,FEAR
நின்னே,YOU
ஒரூஉப,FEAR
நின்னை,YOU
ஒரு,ONE
பெரு,GREAT
வேந்தே,KING
ஓடாப்,NOT_FLEEING
பூட்கை,STRENGTH
ஒண்,BRIGHT
பொறிக்,MARK
கழல்,ANKLET
கால்,LEG
இரு,TWO
நிலம்,EARTH
தோயும்,TOUCHING
விரி,SPREADING
நூல்,THREAD
அறுவையர்,GARMENTS
செவ்,RED
உளைய,HOOVES
மா,HORSE
ஊர்ந்து,RIDING
நெடும்,LONG
கொடிய,BANNER
தேர்,CHARIOT
மிசையும்,UPON
ஓடை,CLOTH
விளங்கும்,SHINING
உருகெழு,FORM_POSSESSING
புகர்,SPOT
நுதல்,FOREHEAD
பொன்,GOLD
அணி,ADORNED
யானை,ELEPHANT
முரண்,OPPOSITION
சேர்,JOINED
எருத்தினும்,NECK
மன்,PERMANENT
நிலத்து,EARTH
அமைந்த,ESTABLISHED
மாறா,UNCHANGING
மைந்தர்,STRONG_ONES
மாறு,CHANGE
நிலை,POSITION
தேய,DIMINISHING
முரைசு,DRUM
உடைப்,POSSESSING
பெருஞ்சமம்,GREAT_BATTLEFIELD
ததைய,THICKENING
ஆர்ப்பு,SHOUT
எழ,RISING
அரைசு,KING
பட,FALLING
கடக்கும்,CROSSING
ஆற்றல்,POWER
புரை,SUITABLE
சால்,POSSESSING
மைந்த,STRENGTH
நீ,YOU
ஓம்பல்மாறே,PROTECT
புரை,SUITABLE
சால்,POSSESSING
மைந்த,STRENGTH
நீ,YOU
ஓம்பல்மாறே,PROTECT
உரை,WORD
சான்றனவால்,POSSESSING
பெருமை,GREATNESS
நின்,YOUR
வென்றி,VICTORY
இருங்களிற்று,DARK_ELEPHANT
யானை,ELEPHANT
இலங்கு,SHINING
வால்,WHITE
மருப்பொடு,TUSK
நெடும்,LONG
தேர்த்,CHARIOT
திகிரி,WHEEL
தாய,SPREAD
வியன்,WIDE
களத்து,BATTLEFIELD
அளகு,FEATHER
உடைச்,POSSESSING
சேவல்,ROOSTER
கிளை,RELATIVES
புகா,NOT_ENTERING
ஆர,EATING
தலை,HEAD
துமிந்து,CUT
எஞ்சிய,REMAINING
மெய்,BODY
ஆடு,DANCING
பறந்தலை,BATTLEFIELD
அந்தி,EVENING
மாலை,EVENING
விசும்பு,SKY
கண்டன்ன,LIKE_SEEING
செஞ்சுடர்,RED_LIGHT
கொண்ட,TAKING
குருதி,BLOOD
மன்றத்து,SQUARE
பேஎய்,DEMON
ஆடும்,DANCING
வெல்போர்,VICTORIOUS_WAR
வீயா,IMPERISHABLE
யாணர்,RENEWAL
நின்,YOUR
வயினானே,PLACE
வீயா,IMPERISHABLE
யாணர்,RENEWAL
நின்,YOUR
வயினானே,PLACE
தாவாது,NOT_JUMPING
ஆகும்,WILL_BE
மலி,ABUNDANT
பெறு,OBTAIN
வயவே,STRENGTH
மல்லல்,ABUNDANCE
உள்ளமொடு,HEART
வம்பு,STRANGENESS
அமர்க்,BATTLE
கடந்து,CROSSING
செரு,WAR
மிகு,GREAT
முன்பின்,FRONT
மறவரொடு,WARRIORS
தலைச்சென்று,PROCEEDING
பனை,PALMYRA
தடி,STEM
புனத்தின்,FIELD
கை,HAND
தடிபு,STRIKING
பலவுடன்,MANY
யானை,ELEPHANT
பட்ட,DIED
வாள்,SWORD
மயங்கு,CONFUSED
கடுந்தார்,FIERCE_GARLAND
மாவும்,HORSE
மாக்களும்,PEOPLE
படுபிணம்,DEAD_BODY
உணீஇயர்,TO_EAT
பொறித்த,ENGRAVED
போலும்,LIKE
புள்ளி,SPOT
எருத்தின்,NECK
புன்புற,DRY_SIDE
எருவை,VULTURE
பெடை,FEMALE
புணர்,JOINED
சேவல்,MALE
குடுமி,CREST
எழாலொடு,RISING
கொண்டு,TAKING
கிழக்கு,EAST
இழிய,SLIDING
நிலம்,EARTH
இழி,SLIDING
நிவப்பின்,RISING
நீள்,LONG
நிரை,LINE
பல,MANY
சுமந்து,CARRYING
உரு,FORM
எழு,RISING
கூளியர்,GHOSTS
உண்டு,EATING
மகிழ்ந்து,HAPPY
ஆட,DANCING
குருதிச்,BLOOD
செம்புனல்,RED_WATER
ஒழுகச்,FLOWING
செருப்பல,MANY_BATTLES
செய்குவை,YOU_DO
வாழ்க,LONG_LIVE
நின்,YOUR
வளனே,WEALTH
வாழ்க,LONG_LIVE
நின்,YOUR
வளனே,WEALTH
நின்னுடை,YOUR
வாழ்க்கை,LIFE
வாய்மொழி,TRUTHFUL_SPEECH
வாயர்,SPEAKERS
நின்,YOUR
புகழ்,FAME
ஏத்தப்,PRAISING
பகைவர்,ENEMIES
ஆர,EATING
பழங்கண்,OLD_EYES
அருளி,COMPASSION
நகைவர்,LAUGHERS
ஆர,EATING
நன்கலம்,FINE_VESSELS
சிதறி,SCATTERING
ஆன்று,BEING_SUFFICIENT
அவிந்து,SUBSIDING
அடங்கிய,CONTROLLED
செயிர்,FAULT
தீர்,PURE
செம்மால்,GOOD_ONE
வான்,SKY
தோய்,TOUCHING
நல்,GOOD
இசை,FAME
உலகமொடு,WORLD
உயிர்ப்பத்,BREATHING
துளங்கு,SHAKING
குடி,FAMILY
திருத்திய,CORRECTED
வலம்படு,RIGHTEOUS
வென்றியும்,VICTORY
மா,GREAT
இரும்,DARK
புடையல்,ANKLET
மாக்,GREAT
கழல்,ANKLET
புனைந்து,WEARING
மன்,PERMANENT
எயில்,FORTRESS
எறிந்து,STRIKING
மறவர்த்,WARRIORS
தரீஇ,BRINGING
தொல்,ANCIENT
நிலைச்,POSITION
சிறப்பின்,GLORY
நின்,YOUR
நிழல்,SHADE
வாழ்நர்க்கு,FOR_LIVERS
கோடு,HORN
அற,WITHOUT
வைத்த,PLACED
கோடாக்,UNSWERVING
கொள்கையும்,PRINCIPLE
நன்று,GOOD
பெரிது,GREATLY
உடையையால்,YOU_HAVE
நீயே,YOU
வெந்திறல்,SUCCESSFUL_DEED
வேந்தே,KING
இவ்வுலகத்தோர்க்கே,FOR_THIS_WORLD_PEOPLE
உலகத்தோரே,WORLD_PEOPLE
பலர்,MANY
மன்,CERTAINLY
செல்வர்,WEALTHY
எல்லார்,ALL
உள்ளும்,INSIDE
நின்,YOUR
நல்,GOOD
இசை,FAME
மிகுமே,EXCEEDS
வளந்தலை,WEALTH_HEAD
மயங்கிய,CONFUSED
பைதிரம்,BARREN_LAND
திருத்திய,CORRECTED
களங்காய்க்,KALANGAY
கண்ணி,GARLAND
நார்முடிச்சேரல்,NARMUDICHERAL
எயில்,FORTRESS
முகம்,FACE
சிதைய,DESTROYING
தோட்டி,GOAD
ஏவலின்,COMMAND
தோட்டி,GOAD
தந்த,GIVEN
தொடி,BRACELET
மருப்பு,TUSK
யானை,ELEPHANT
செவ்,RED
உளைக்,MANE
கலிமா,JOYFUL_HORSE
ஈகை,GIVING
வான்,SKY
கழல்,ANKLET
செயல்,DEED
அமை,CONTAINING
கண்ணிச்,GARLAND
சேரலர்,SERALAR
வேந்தே,KING
பரிசிலர்,GIFT_RECEIVERS
வெறுக்கை,POSSESSIONS
பாணர்,MINSTRELS
நாள்,DAY
அவை,ASSEMBLY
வாணுதல்,BEAUTIFUL_FOREHEAD
கணவ,HUSBAND
மள்ளர்,WARRIORS
ஏறே,BULL
மை,FAULT
அற,WITHOUT
விளங்கிய,SHINING
வடு,SCAR
வாழ்,LIVE
மார்பின்,CHEST
வசை,BLAME
இல்,WITHOUT
செல்வ,WEALTH
வானவரம்ப,SKY_BOUNDARY
இனியவை,SWEET_THINGS
பெறினே,IF_OBTAIN
தனி,ALONE
தனி,ALONE
நுகர்கேம்,WE_ENJOY
தருக,GIVE
என,SAYING
விழையாத்,NOT_DESIRING
தா,FAULT
இல்,WITHOUT
நெஞ்சத்து,HEART
பகுத்து,DIVIDING
ஊண்,FOOD
தொகுத்த,COLLECTED
ஆண்மைப்,MASCULINITY
பிறர்க்கு,FOR_OTHERS
என,SAYING
வாழ்தி,YOU_LIVE
நீ,YOU
ஆகன்மாறே,BEING
பிறர்க்கு,FOR_OTHERS
என,SAYING
வாழ்தி,YOU_LIVE
நீ,YOU
ஆகன்மாறே,BEING
எமக்கில்,NOT_FOR_US
என்னார்,NOT_SAYING
நின்,YOUR
மறம்,VALOR
கூறு,SAYING
குழாத்தர்,GROUPS
துப்புத்துறை,STRENGTH_REALM
போகிய,GONE
வெப்பு,HEAT
உடைத்,POSSESSING
தும்பைக்,THUMBAI
கறுத்த,ANGRY
தெவ்வர்,ENEMIES
கடி,GUARDED
முனை,BATTLEFRONT
அலற,CRYING
எடுத்து,RAISING
எறிந்து,STRIKING
இரங்கும்,RESOUNDING
ஏவல்,SERVICE
வியன்,WIDE
பணை,DRUM
உரும்,THUNDER
என,SAYING
அதிர்பட்டு,THUNDERING
முழங்கி,RESOUNDING
செரு,WAR
மிக்கு,EXCEEDING
அடங்கார்,NOT_SUBDUED
ஆர்,DIFFICULT
அரண்,FORTRESS
வாட,DRYING
செல்லும்,GOING
காலன்,DEATH
அனைய,LIKE
கடுஞ்சின,FIERCE_ANGER
முன்ப,FRONT
வாலிதின்,QUICKLY
நூலின்,THREAD
இழையா,NOT_WEAVING
நுண்,FINE
மயிர்,HAIR
இழைய,WEAVING
பொறித்த,ENGRAVED
போலும்,LIKE
புள்ளி,SPOT
எருத்தின்,NECK
புன்புறப்,DRY_SIDE
புறவின்,GROVE
கண,GROUP
நிரை,LINE
அலற,CRYING
அலந்தலை,SUFFERING_HEAD
வேலத்து,ACACIA
உலவை,DRY_BRANCH
அம்,BEAUTIFUL
சினைச்,BRANCH
சிலம்பி,SPIDER
கோலிய,MADE
அலங்கல்,GARLAND
போர்வையின்,COVERING
இலங்கு,SHINING
மணி,GEM
மிடைந்த,INTERSPERSED
பசும்,GREEN
பொன்,GOLD
படலத்து,LAYER
அவிர்,SHINING
இழை,JEWEL
தைஇ,INSERTING
மின்,LIGHTNING
உமிழ்பு,SPEWING
இலங்க,SHINING
சீர்,GLORY
மிகு,GREAT
முத்தம்,PEARL
தைஇய,INSERTED
நார்முடிச்சேரல்,NARMUDICHERAL
நின்,YOUR
போர்,WAR
நிழல்,SHADE
புகன்றே,PRAISED
போர்,WAR
நிழல்,SHADE
புகன்ற,PRAISED
சுற்றமொடு,FAMILY
ஊர்,TOWN
முகத்து,FACE
இறாஅலியரோ,NOT_PERFORMING
பெரும,O_GREAT_ONE
நின்,YOUR
தானை,ARMY
இன்,SWEET
இசை,FAME
இமிழ்,RESOUNDING
முரசு,DRUM
இயம்ப,SOUNDING
கடுப்பு,ANNOYANCE
இகூஉப்,REMOVING
புண்,WOUND
தோள்,SHOULDER
ஆடவர்,MEN
போர்,WAR
முகத்து,FACE
இறுப்ப,PLACING
காய்த்த,RIPENED
கரந்தை,KARANTHAI
மாக்கொடி,GREAT_CLIMBER
விளைவயல்,GROWING_FIELD
வந்து,COMING
இறை,RAIN
கொண்டன்று,TOOK
தானை,ARMY
அந்தில்,EVENING
களைநர்,REMOVERS
யார்,WHO
இனிப்,NOW
பிறர்,OTHERS
என,SAYING
பேணி,CHERISHING
மன்,PERMANENT
எயில்,FORTRESS
மறவர்,WARRIORS
ஒலி,SOUND
அவிந்து,SUBSIDING
அடங்க,CONTROLLING
ஒன்னார்,ENEMIES
தேய,DIMINISHING
பூ,FLOWER
மலைந்து,WEARING
உரைஇ,SPEAKING
வெண்தோடு,WHITE_CLUSTER
நிரைஇ,ARRANGING
வேந்து,KING
உடை,POSSESSING
அருஞ்சமம்,DIFFICULT_BATTLE
கொன்று,DESTROYING
புறம்பெற்று,OBTAINED_OUTSIDE
மன்பதை,MANKIND
நிரப்பி,FILLING
வென்றி,VICTORY
ஆடிய,DANCED
தொடித்,BRACELET
தோள்,SHOULDER
மீ,UPON
கை,HAND
எழு,SEVEN
முடி,CROWN
கெழீஇய,POSSESSING
திரு,PROSPERITY
ஞெமர்,BRILLIANCE
அகலத்து,CHEST
பொன்,GOLD
அம்,BEAUTIFUL
கண்ணிப்,GARLAND
பொலந்தேர்,GOLDEN_CHARIOT
நன்னன்,NANNAN
சுடர்,RADIANT
வீ,FLOWER
வாகை,VAAGAI
கடி,GUARDED
முதல்,BASE
தடிந்த,CUT
தார்,GARLAND
மிகு,GREAT
மைந்தின்,STRENGTH
நார்முடிச்சேரல்,NARMUDICHERAL
புன்கால்,PUNKAL_TREE
உன்னம்,UNNA_TREE
சாய,FALLING
தெள்,CLEAR
கள்,WINE
வறிது,EMPTY
கூட்டு,JOIN
அரியல்,SCATTERED
இரவலர்த்,BEGGARS
தடுப்ப,BLOCKING
தான்,HE
தர,GIVING
உண்ட,ATE
நனை,SPROUTING
நறவு,HONEY_WINE
மகிழ்ந்து,HAPPY
நீர்,WATER
இமிழ்,RESOUNDING
சிலம்பின்,HILLS
நேரியோனே,GOOD_ONE
செல்லாயோ,WILL_YOU_GO
தில்,NOT
சில்,FEW
வளை,CONCH
விறலி,DANCER
மலர்ந்த,BLOOMED
வேங்கையின்,VENGAI_TREE
வயங்கிழை,SHINING_JEWEL
அணிந்து,WEARING
மெல்லியல்,SOFT_NATURE
மகளிர,WOMEN
எழில்,BEAUTY
நலம்,GOODNESS
சிறப்ப,GLORIFYING
பாணர்,MINSTRELS
பைம்பூ,GREEN_FLOWER
மலைய,MOUNTAIN
இளையர்,YOUTHS
இன்,SWEET
களி,JOY
வழாஅ,NOT_DEVIATING
மென்,SOFT
சொல்,WORD
அமர்ந்து,EMBRACING
நெஞ்சு,HEART
மலி,FILLED
உவகையர்,HAPPY
வியன்,WIDE
களம்,BATTLEFIELD
வாழ்த்த,PRAISING
தோட்டி,GOAD
நீவாது,WITHOUT_WIPING
தொடி,BRACELET
சேர்பு,JOINING
நின்று,STANDING
பாகர்,CHARIOTEERS
ஏவலின்,COMMAND
ஒண்,BRIGHT
பொறி,MARK
பிசிரக்,SPRAYING
காடு,FOREST
தலைக்கொண்ட,HEAD_TAKEN
நாடு,COUNTRY
காண்,SEE
அவிர்,SHINING
சுடர்,LIGHT
அழல்,FIRE
விடுபு,LEAVING
மாணஇய,EXCELLENT
மைந்தின்,STRENGTH
தொழில்,WORK
புகல்,REFUGE
யானை,ELEPHANT
நல்குவன்,GIVES
பலவே,MANY
பதிகம்,PREFACE
ஆராத்,NOT_FULL
திரு,PROSPERITY
வில்,BOW
சேரலாதற்கு,TO_SERAL_ADHAN
வேளாவிக்,VELAVIK
கோமான்,KING
பதுமன்,PATHUMAN
தேவி,QUEEN
ஈன்ற,BIRTHED
மகன்,SON
முனை,BATTLEFRONT
பனிப்ப,FEARING
பிறந்து,BORN
பல்,MANY
புகழ்,FAME
வளர்த்து,NOURISHING
ஊழின்,OF_FATE
ஆகிய,BECAME
உயர்,HIGH
பெருஞ்,GREAT
சிறப்பின்,GLORY
பூழி,PUZHI
நாட்டை,COUNTRY
படை,ARMY
எடுத்துத்,TAKING
தழீஇ,EMBRACING
உருள்,ROLLING
பூங்,FLOWER
கடம்பின்,KADAMBU
பெரு,GREAT
வாயில்,MOUTH
நன்னனை,NANNAN
நிலைச்,STEADY
செருவின்,BATTLE
ஆற்றலை,STRENGTH
அறுத்து,CUTTING
அவன்,HIS
பொன்படு,GOLD
வாகை,VAAGAI
முழு,ENTIRE
முதல்,BASE
தடிந்து,CUTTING
குருதிச்,BLOOD
செம்புனல்,RED_WATER
குஞ்சரம்,ELEPHANT
ஈர்ப்ப,DRAGGING
செருப்,BATTLE
பல,MANY
செய்து,DOING
செங்களம்,BATTLEFIELD
வேட்டு,DESIRING
துளங்கு,SHAKING
குடி,FAMILY
திருத்திய,CORRECTED
வலம்படு,RIGHTEOUS
வென்றிக்,VICTORY
களங்காய்க்கண்ணி,KALANGAYKANNI
நார்,FIBER
முடிச்,CROWN
சேரலை,SERAL
காப்பியாற்றுக்,KAPPIYARRU
காப்பியனார்,KAPPIYANAR
பாடினார்,SANG
பத்துப்பாட்டு,TEN_SONGS
புணர்,JOINED
புரி,TWISTED
நரம்பின்,STRING
தீம்,SWEET
தொடை,WREATH
பழுனிய,RIPENED
வணர்,CURLY
அமை,BEAUTIFUL
நல்,GOOD
யாழ்,YAAL
இளையர்,YOUTHS
பொறுப்ப,BEARING
பண்,TUNE
அமை,CONTAINING
முழவும்,DRUM
பதலையும்,PATHALAI
பிறவும்,OTHERS
கண்,EYE
அறுத்து,CUTTING
இயற்றிய,MADE
தூம்பொடு,HOLLOW
சுருக்கிக்,SHORTENING
காவில்,GROVE
தகைத்த,SUITABLE
துறை,FORD
கூடு,JOINING
கலப்பையர்,FARMERS
கைவல்,HAND_SKILLED
இளையர்,YOUTHS
கடவுள்,GOD
பழிச்ச,PRAISING
மறப்புலி,FIERCE_TIGER
குழூஉ,GATHERING
குரல்,VOICE
செத்த,HEARING
வய,STRONG
களிறு,ELEPHANT
வரை,MOUNTAIN
சேர்பு,JOINING
எழுந்த,RISEN
சுடர்,RADIANT
வீ,FLOWER
வேங்கைப்,VENGAI_TREE
பூவுடைப்,FLOWER_POSSESSING
பெருஞ்சினை,GREAT_BRANCH
வாங்கி,PULLING
பிளந்து,SPLITTING
தன்,HIS
மா,GREAT
இருஞ்,DARK
சென்னி,HEAD
அணிபெற,BEAUTY
மிலைச்சி,ADORNING
சேஎர்,GOODNESS
உற்ற,ATTAINED
செல்படை,GOING_ARMY
மறவர்,WARRIORS
தண்டு,STAFF
உடை,POSSESSING
வலத்தர்,RIGHT_HANDED
போர்,WAR
எதிர்ந்தாங்கு,OPPOSED_LIKE
வழை,OAK
அமல்,ABUNDANT
வியன்,WIDE
காடு,FOREST
சிலம்ப,RESOUNDING
பிளிறும்,TRUMPETING
மழை,RAIN
பெயல்,RAIN
மாறிய,CHANGED
கழை,BAMBOO
திரங்கு,DRY
அத்தம்,PATH
ஒன்று,ONE
இரண்டு,TWO
அல,NOT
பல,MANY
கழிந்து,PASSING
திண்தேர்,STRONG_CHARIOT
வசை,BLAME
இல்,WITHOUT
நெடுந்தகை,GREAT_LORD
காண்க,TO_SEE
வந்திசினே,I_CAME
தாவல்,LEAP
உய்யுமோ,WILL_SURVIVE
மற்றே,THEN
தாவாது,NOT_JUMPING
வஞ்சினம்,OATH
முடித்த,COMPLETED
ஒன்றுமொழி,UNITED_WORD
மறவர்,WARRIORS
முரசு,DRUM
உடைப்,POSSESSING
பெருஞ்சமத்து,GREAT_BATTLEFIELD
அரசு,KING
பட,FALLING
கடந்து,CROSSING
வெவ்வர்,ENEMIES
ஓச்சம்,SWING
பெருக,INCREASING
தெவ்வர்,ENEMIES
மிளகு,PEPPER
எறி,STRIKING
உலக்கையின்,PESTLE
இருந்தலை,DARK_HEAD
இடித்த,POUNDING
வைகு,REMAINING
ஆர்ப்பு,SHOUT
எழுந்த,RISEN
மைபடு,DARK
பரப்பின்,EXPANSE
எடுத்தேறு,RAISING
ஏய,SUITABLE
கடிப்பு,BIT
உடை,POSSESSING
வியன்,WIDE
கண்,EYE
வலம்படு,RIGHTEOUS
சீர்த்தி,GLORY
ஒருங்கு,TOGETHER
உடன்,TOGETHER
இயைந்த,JOINED
கால்,WIND
உளைக்,MANE
கடும்,FAST
பிசிர்,SPRAY
உடைய,POSSESSING
வால்,WHITE
உளைக்,MANE
கடும்,FAST
பரிப்,HORSE
புரவி,HORSE
ஊர்ந்த,RIDDEN
நின்,YOUR
படுந்திரை,FALLING_WAVE
பனிக்கடல்,COLD_SEA
உழந்த,EXPERIENCED
தாளே,LEG
இரும்,DARK
பனம்,PALMYRA
புடையல்,ANKLET
ஈகை,GIVING
வான்,SKY
கழல்,ANKLET
மீன்,FISH
தேர்,CHARIOT
கொட்பின்,TURNING
பனிக்,COLD
கயம்,POOL
மூழ்கி,DIVING
சிரல்,OTTER
பெயர்ந்தன்ன,RETURNED_LIKE
நெடு,LONG
வெள்,WHITE
ஊசி,NEEDLE
நெடு,LONG
வசி,WOUND
பரந்த,SPREAD
வடு,SCAR
வாழ்,LIVE
மார்பின்,CHEST
அம்பு,ARROW
சேர்,JOINED
உடம்பினர்ச்,BODY
சேர்ந்தோர்,JOINED_ONES
அல்லது,EXCEPT
தும்பை,THUMBAI
சூடாது,NOT_WEARING
மலைந்த,FOUGHT
மாட்சி,GLORY
அன்னோர்,SUCH_PEOPLE
பெரும,O_GREAT_ONE
நன்னுதல்,GOOD_FOREHEAD
கணவ,HUSBAND
அண்ணல்,CHIEFTAIN
யானை,ELEPHANT
அடு,FIGHTING
போர்க்,WAR
குட்டுவ,KUTTUVA
மைந்து,STRENGTH
உடை,POSSESSING
நல்,GOOD
அமர்க்,BATTLE
கடந்து,CROSSING
வலம்,RIGHT
தரீஇ,BRINGING
இஞ்சி,FORTRESS
வீ,FLOWER
விராய,MIXED
பைந்தார்,GREEN_GARLAND
பூட்டி,TYING
சாந்து,SANDAL
புறத்து,OUTSIDE
எறித்த,STRUCK
தசும்பு,CUP
துளங்கு,SHAKING
இருக்கைத்,SEAT
தீம்,SWEET
சேறு,SYRUP
விளைந்த,GROWN
மணி,GEM
நிற,COLORED
மட்டம்,HONEY
ஓம்பா,NOT_GUARDING
ஈகையின்,GENEROSITY
வண்,BOUNTIFUL
மகிழ்,HAPPINESS
சுரந்து,FLOWING
கோடியர்,KODIYAR
பெரும்,GREAT
கிளை,RELATIVES
வாழ,LIVE
ஆடு,DANCING
இயல்,NATURE
உளை,MANE
அவிர்,SHINING
கலிமா,JOYFUL_HORSE
பொழிந்தவை,BESTOWED_THINGS
எண்ணின்,IF_COUNT
மன்பதை,MANKIND
மருள,CONFUSED
அரசுபட,KING_FALL
கடந்து,CROSSING
முந்து,FRONT
வினை,ACTION
எதிர்,OPPOSITE
வர,COMING
பெறுதல்,OBTAINING
காணியர்,TO_SEE
ஒளிறு,SHINING
நிலை,POSITION
உயர்,HIGH
மருப்பு,TUSK
ஏந்திய,HELD
களிறு,ELEPHANT
ஊர்ந்து,RIDING
மான,HONOR
மைந்தரொடு,STRONG_ONES
மன்னர்,KINGS
ஏத்த,PRAISING
நின்,YOUR
தேரொடு,CHARIOT
சுற்றம்,FAMILY
உலகு,WORLD
உடன்,TOGETHER
மூய,OLD
மா,GREAT
இரும்,DARK
தெள்,CLEAR
கடல்,SEA
மலி,ABUNDANT
திரை,WAVE
பெளவத்து,OCEAN
வெண்தலை,WHITE_HEAD
குரூஉப்,HARSH
பிசிர்,SPRAY
உடையத்,POSSESSING
தண்,COOL
பல,MANY
வரூஉம்,COMING
புணரியின்,WAVE
பலவே,MANY
கவரி,CHOWRY
முச்சிக்,TRIPLE
கார்,RAIN
விரி,SPREADING
கூந்தல்,HAIR
ஊசல்,SWING
மேவல்,LOVING
சேயிழை,RED_JEWEL
மகளிர,WOMEN
உரல்,MORTAR
போல்,LIKE
பெருங்கால்,GREAT_LEG
இலங்கு,SHINING
வாள்,SWORD
மருப்பின்,TUSK
பெருங்கை,GREAT_HAND
மத,ANGRY
மா,ELEPHANT
புகுதரின்,IF_ENTER
அவற்றுள்,AMONG_THEM
விருந்தின்,STRANGER
வீழ்,FALLING
பிடி,FEMALE_ELEPHANT
எண்ணு,COUNT
முறை,ORDER
பெறாஅ,NOT_OBTAINING
கடவுள்,GOD
நிலைய,PLACE
கல்,STONE
ஓங்கு,HIGH
நெடுவரை,LONG_MOUNTAIN
வட,NORTH
திசை,DIRECTION
எல்லை,BOUNDARY
இமயமாக,HIMALAYA
தென்னங்,SOUTHERN
குமரியொடு,KUMARI
ஆயிடை,BETWEEN
அரசர்,KINGS
முரசு,DRUM
உடைப்,POSSESSING
பெருஞ்சமம்,GREAT_BATTLEFIELD
ததைய,THICKENING
ஆர்ப்பு,SHOUT
எழ,RISING
சொல்,WORD
பல,MANY
நாட்டை,COUNTRY
தொல்,ANCIENT
கவின்,BEAUTY
அழித்த,DESTROYED
போர்,WAR
அடு,FIGHTING
தானைப்,ARMY
பொலந்தார்க்,GOLDEN_GARLAND
குட்டுவ,KUTTUVA
இரும்,DARK
பணை,DRUM
திரங்க,DRYING
பெரும்,GREAT
பெயல்,RAIN
ஒளிப்ப,HIDING
குன்று,HILL
வறம்,DROUGHT
கூர,PIERCING
சுடர்,LIGHT
சினம்,ANGER
திகழ,SHINING
அருவி,WATERFALL
அற்ற,LOST
பெருவறள்,GREAT_DROUGHT
காலையும்,TIME
அருஞ்செலல்,DIFFICULT_GOING
பேராற்று,GREAT_RIVER
இருங்கரை,DARK_SHORE
உடைத்து,POSSESSING
கடி,GUARDED
ஏர்,BEAUTY
பூட்டுநர்,HARNESSERS
கடுக்கை,SWIFTNESS
மலைய,MOUNTAIN
வரைவு,LIMIT
இல்,WITHOUT
அதிர்,RESOUNDING
சிலை,BOW
முழங்கி,RESOUNDING
பெயல்,RAIN
சிறந்து,EXCELLING
ஆர்கலி,ROARING
வானம்,SKY
தளி,RAIN
சொரிந்தாங்கு,SHOWERED_LIKE
உறுவர்,ATTAINERS
ஆர,EATING
ஓம்பாது,WITHOUT_GUARDING
உண்டு,EATING
நகைவர்,LAUGHERS
ஆர,EATING
நன்கலம்,FINE_VESSELS
சிதறி,SCATTERING
ஆடு,DANCING
சிறை,WING
அறுத்த,CUT
நரம்பு,STRING
சேர்,JOINED
இன்,SWEET
குரல்,VOICE
பாடு,SONG
விறலியர்,DANCERS
பல்,MANY
பிடி,FEMALE_ELEPHANT
பெறுக,MAY_THEY_OBTAIN
துய்வீ,SWEET_FLOWER
வாகை,VAAGAI
நுண்,FINE
கொடி,CLIMBER
உழிஞை,UZHINJAI
வென்றி,VICTORY
மேவல்,LOVING
உருகெழு,FORM_POSSESSING
சிறப்பின்,GLORY
கொண்டி,CLUSTER
மள்ளர்,WARRIORS
கொல்,KILLING
களிறு,ELEPHANT
பெறுக,MAY_THEY_OBTAIN
மன்றம்,SQUARE
படர்ந்து,SPREADING
மறுகு,STREET
சிறைப்,WING
புக்கு,ENTERING
கண்டி,PIECE
நுண்,FINE
கோல்,ROD
கொண்டு,TAKING
களம்,BATTLEFIELD
வாழ்த்தும்,PRAISING
அகவலன்,SINGER
பெறுக,MAY_HE_OBTAIN
மாவே,HORSE
என்றும்,ALWAYS
இகல்,CONFLICT
வினை,ACTION
மேவலை,LOVED
ஆகலின்,BECAUSE
பகைவரும்,ENEMIES
தாங்காது,NOT_BEARING
புகழ்ந்த,PRAISED
தூங்கு,HANGING
கொளை,RHYTHM
முழவின்,DRUM
தொலையாக்,IMPERISHABLE
கற்ப,CHASTITY
நின்,YOUR
நிலை,POSITION
கண்டிகுமே,WE_WILL_SEE
நிணம்,FAT
சுடு,BURNING
புகையொடு,SMOKE
கனல்,EMBER
சினந்து,ANGRY
தவிராது,NOT_STOPPING
நிரம்பு,FULL
அகல்பு,WIDENING
அறியா,NOT_KNOWING
ஏறா,LADDER
ஏணி,LADDER
நிறைந்து,FULL
நெடிது,LONG
இராத்,NIGHT
தசும்பின்,CUP
வயிரியர்,MINSTRELS
உண்டென,ATE_SAYING
தவாஅக்,NOT_LEAVING
கள்ளின்,WINE
வண்,BOUNTIFUL
கை,HAND
வேந்தே,KING
நின்,YOUR
கலி,JOY
மகிழானே,HAPPINESS
நிலம்,EARTH
புடைப்பு,CLAPPING
அன்ன,LIKE
ஆர்ப்பொடு,SHOUT
விசும்பு,SKY
துடையூ,BEATING
வான்,SKY
தோய்,TOUCHING
வெல்,VICTORIOUS
கொடி,BANNER
தேர்,CHARIOT
மிசை,UPON
நுடங்கப்,WAVING
பெரிய,GREAT
ஆயினும்,EVEN_IF
அமர்,BATTLE
கடந்து,CROSSING
பெற்ற,OBTAINED
அரிய,RARE
என்னாது,NOT_SAYING
ஓம்பாது,WITHOUT_GUARDING
வீசிக்,BESTOWING
கலம்,VESSEL
செல,GOING
சுரத்தல்,GIVING
அல்லது,EXCEPT
கனவினும்,IN_DREAM
களைக,REMOVE
என,SAYING
அறியாக்,NOT_KNOWING
கசடு,FLAW
இல்,WITHOUT
நெஞ்சத்து,HEART
ஆடு,DANCING
நடை,GAIT
அண்ணல்,CHIEFTAIN
நின்,YOUR
பாடுமகள்,SINGER
காணியர்,TO_SEE
காணிலியரோ,WILL_NOT_SEE
நின்,YOUR
புகழ்ந்த,PRAISED
யாக்கை,BODY
முழு,ENTIRE
வலி,STRENGTH
துஞ்சு,SLEEPING
நோய்,DISEASE
தபு,REMOVING
நோன்,STRONG
தொடை,WREATH
நுண்,FINE
கொடி,CLIMBER
உழிஞை,UZHINJAI
வெல்,VICTORIOUS
போர்,WAR
அறுகை,SWORD_HAND
சேணன்,FAR_ONE
ஆயினும்,EVEN_IF
கேள்,HEAR
என,SAYING
மொழிந்து,SPEAKING
புலம்,FIELD
பெயர்ந்து,CHANGING
ஒளித்த,HIDDEN
களையாப்,NOT_REMOVING
பூசற்கு,FOR_STRUGGLE
அரண்கள்,FORTRESSES
தாவுறீஇ,LEAPING
அணங்கு,FEARSOME
நிகழ்ந்தன்ன,OCCURRED_LIKE
மோகூர்,MOHUR
மன்னன்,KING
முரசம்,DRUM
கொண்டு,TAKING
நெடுமொழி,LONG_WORD
பணித்து,COMMANDING
அவன்,HIS
வேம்பு,VEMMBU_TREE
முதல்,BASE
தடிந்து,CUTTING
முரசு,DRUM
செய,TO_MAKE
முரச்சிக்,ANGRY
களிறு,ELEPHANT
பல,MANY
பூட்டி,TEAMING
ஒழுகை,LINE
உய்த்த,LEADING
கொழு,FAT
இல்,WITHOUT
பைந்துணி,GREEN_PIECE
வைத்தலை,PLACING_HEAD
மறந்த,FORGOT
துய்த்தலை,SLEEPING_HEAD
கூகை,OWL
கவலை,JACKAL
கவற்றும்,CAUSING_CONFUSION
குரால்,VOICE
அம்,BEAUTIFUL
பறந்தலை,BATTLEFIELD
முரசுடைத்,DRUM_POSSESSING
தாயத்து,REGION
அரசு,KINGS
பல,MANY
ஓட்டித்,CHASING
துளங்கு,SHAKING
நீர்,WATER
வியல்,WIDE
அகம்,INSIDE
ஆண்டு,RULING
இனிது,SWEETLY
கழிந்த,PASSED
மன்னர்,KINGS
மறைத்த,HIDDEN
தாழி,POT
வன்னி,VANNI_TREE
மன்றத்து,SQUARE
விளங்கிய,SHINING
காடே,FOREST
பொலம்,GOLD
பூந்தும்பை,FLOWER_THUMBAI
பொறி,MARK
கிளர்,SHINING
தூணிப்,QUIVER
புற்று,ANTHILL
அடங்கு,CONTAINED
அரவின்,SNAKE
ஒடுங்கிய,HIDDEN
அம்பின்,ARROW
நொசிவு,PAIN
உடை,POSSESSING
வில்லின்,BOW
ஒசியா,UNBROKEN
நெஞ்சின்,HEART
களிறு,ELEPHANT
எறிந்து,STRIKING
முரிந்த,BROKEN
கதுவாய்,MOUTH
எஃகின்,SPEAR
விழுமியோர்,NOBLE_ONES
துவன்றிய,ABUNDANT
அகன்,WIDE
கண்,EYE
நாட்பின்,DAY
எழு,SEVEN
முடி,CROWN
மார்பின்,CHEST
எய்திய,ATTAINED
சேரல்,SERAL
குண்டு,DEEP
கண்,EYE
அகழிய,MOAT
மதில்,WALL
பல,MANY
கடந்து,CROSSING
பண்டும்,ANCIENTLY
பண்டும்,ANCIENTLY
தாம்,THEY
உள்,INSIDE
அழித்து,DESTROYING
உண்ட,ATE
நாடு,COUNTRY
கெழு,POSSESSING
தாயத்து,REGION
நனந்தலை,SPACIOUS
அருப்பத்து,BATTLEFIELD
கதவம்,GATE
காக்கும்,GUARDING
கணை,ARROW
எழு,SEVEN
அன்ன,LIKE
நிலம்,EARTH
பெறு,OBTAIN
திணி,STRONG
தோள்,SHOULDER
உயர,HIGH
ஓச்சி,SWINGING
பிணம்,DEAD_BODY
பிறங்கு,ABUNDANT
அழுவத்து,BATTLEFIELD
துணங்கை,DANCE
ஆடி,DANCING
சோறு,RICE
வேறு,DIFFERENT
என்னா,NOT_SAYING
ஊன்,FLESH
துவை,MIXED
அடிசில்,FOOD
ஓடாப்,NOT_FLEEING
பீடர்,GRAND_ONES
உள்வழி,INSIDE_PATH
இறுத்து,ENCAMPING
முள்,THORN
இடுபு,PLACING
அறியா,NOT_KNOWING
ஏணித்,LADDER
தெவ்வர்,ENEMIES
சிலை,BOW
விசை,STRENGTH
அடக்கிய,SUBDUED
மூரி,STRONG
வெண்தோல்,WHITE_SHIELD
அனைய,LIKE
பண்பின்,NATURE
தானை,ARMY
மன்னர்,KINGS
இனியார்,PLEASANT_ONES
உளரோ,ARE_THERE
நின்,YOUR
முன்னும்,BEFORE
இல்லை,NOT
மழை,RAIN
கொள,TAKING
குறையாது,NOT_DIMINISHING
புனல்,WATER
புக,ENTERING
நிறையாது,NOT_FILLING
விலங்கு,OBSTACLE
வளி,WIND
கடவும்,REMOVING
துளங்கு,SHAKING
இருங்கமஞ்சூல்,DARK_CLOUD
வயங்கு,SHINING
மணி,GEM
இமைப்பின்,BLINKING
வேல்,SPEAR
இடுபு,PLACING
முழங்கு,RESOUNDING
திரை,WAVE
பனிக்,COLD
கடல்,SEA
மறுத்திசினோரே,OPPOSED
இழையர்,JEWELED_ONES
குழையர்,EARRING_WEARERS
நறுந்தண்,SWEET_COOL
மாலையர்,GARLANDED_ONES
சுடர்,RADIANT
நிமிர்,RAISED
அவிர்,SHINING
தொடி,BRACELET
செறித்த,PRESSED
முன்,FRONT
கை,HAND
திறல்,STRENGTH
விடு,EMITTING
திரு,PROSPERITY
மணி,GEM
இலங்கு,SHINING
மார்பின்,CHEST
வண்டுபட,BEE_ATTRACTING
கூந்தல்,HAIR
முடி,HAIR
புனை,ADORNED
மகளிர,WOMEN
தொடைபடு,WREATH
பேரியாழ்,GREAT_YAAL
பாலை,PALAI
பண்ணி,COMPOSING
பணியா,NOT_BOWING
மரபின்,TRADITION
உழிஞை,UZHINJAI
பாட,SINGING
இனிது,SWEETLY
புறந்தந்து,PROTECTED
அவர்க்கு,TO_THEM
இன்,SWEET
மகிழ்,HAPPINESS
சுரத்தலின்,FLOWING
சுரம்பல,MANY_PATHS
கடவும்,REMOVING
கரைவாய்ப்,SHORE_MOUTH
பருதி,SUN
ஊர்பாட்டு,VILLAGE_SONG
எண்,NUMBER
இல்,WITHOUT
பைந்தலை,GREEN_HEAD
துமிய,BREAKING
பல்,MANY
செருக்,BATTLE
கடந்த,CROSSED
கொல்,KILLING
களிற்று,ELEPHANT
யானை,ELEPHANT
கோடு,HORN
நரல்,SOUNDING
பெளவம்,OCEAN
கலங்க,CONFUSING
வேல்,SPEAR
இட்டு,PLACING
உடை,BREAKING
திரை,WAVE
பரப்பில்,EXPANSE
படுகடல்,DEEP_SEA
ஓட்டிய,CHASED
வெல்,VICTORIOUS
புகழ்க்,FAME
குட்டுவன்,KUTTUVAN
கண்டோர்,SEERS
செல்குவம்,WE_WILL_GO
என்னார்,NOT_SAYING
பாடுபு,SINGING
பெயர்ந்தே,RETURNED
அட்டு,COOKED
ஆனானே,BECAME
குட்டுவன்,KUTTUVAN
அடுதொறும்,EACH_FIGHT
பெற்று,OBTAINED
ஆனாரே,BECAME
பரிசிலர்,GIFT_RECEIVERS
களிறே,ELEPHANT
வரை,MOUNTAIN
மிசை,UPON
இழிதரும்,DESCENDING
அருவியின்,WATERFALL
மாடத்து,MANSION
வளி,WIND
முனை,FRONT
அவிர்வரும்,SHINING
கொடி,BANNER
நுடங்கு,WAVING
தெருவில்,STREET
சொரி,POURING
சுரை,FLOW
கவரும்,SEIZING
நெய்,GHEE
வழிபு,FLOWING
உராலின்,FLOWING
பாண்டில்,LAMP
விளக்கு,LAMP
பரூஉச்சுடர்,BRIGHT_FLAME
அழல,BURNING
நன்னுதல்,GOOD_FOREHEAD
விறலியர்,DANCERS
ஆடும்,DANCING
தொல்,ANCIENT
நகர்,CITY
வரைப்பின்,REGION
அவன்,HE
உரை,WORD
ஆனாவே,NOT_ENOUGH
பைம்பொன்,GREEN_GOLD
தாமரை,LOTUS
பாணர்ச்,MINSTRELS
சூட்டி,PLACING
ஒண்ணுதல்,BRIGHT_FOREHEAD
விறலியர்க்கு,FOR_DANCERS
ஆரம்,GARLAND
பூட்டிக்,TYING
கெடல்,PERISH
அரும்,DIFFICULT
பல்,MANY
புகழ்,FAME
நிலைஇ,ESTABLISHING
நீர்,WATER
புக்கு,ENTERING
கடலொடு,SEA
உழந்த,EXPERIENCED
பனித்,COLD
துறைப்,FORD
பரதவ,FISHERMAN
ஆண்டு,THERE
நீர்ப்,WATER
பெற்ற,OBTAINED
தாரம்,GARLAND
ஈண்டு,HERE
இவர்,THESE
கொள்ளாப்,NOT_TAKING
பாடற்கு,FOR_SONG
எளிதினின்,EASILY
ஈயும்,GIVES
கல்லா,NOT_LEARNED
வாய்மையன்,TRUTHFUL_ONE
இவன்,HE
என,SAYING
தத்தம்,THEIR_OWN
கைவல்,HAND_SKILLED
இளையர்,YOUTHS
நேர்,STRAIGHT
கை,HAND
நிரைப்ப,LINE
வணங்கிய,BOWED
சாயல்,GENTLENESS
வணங்கா,NOT_BOWING
ஆண்மை,MASCULINITY
முனை,BATTLEFRONT
சுடு,BURNING
கனை,ROARING
எரி,FIRE
எரித்தலின்,BURNING
பெரிதும்,GREATLY
இகழ்,CONTEMPT
கவின்,BEAUTY
அழிந்த,DESTROYED
மாலையொடு,GARLAND
சாந்து,SANDAL
புலர்,DRY
பல்,MANY
பொறி,MARK
மார்ப,CHEST
நின்,YOUR
பெயர்,NAME
வாழியரோ,LONG_LIVE
நின்,YOUR
மலைப்,MOUNTAIN
பிறந்து,BORN
நின்,YOUR
கடல்,SEA
மண்டும்,GATHERING
மலி,ABUNDANT
புனல்,WATER
நிகழ்தரும்,OCCURRING
தீ,FIRE
நீர்,WATER
விழவின்,FESTIVAL
பொழில்,GARDEN
வதி,DWELLING
வேனில்,SUMMER
பேர்,GREAT
எழில்,BEAUTY
வாழ்க்கை,LIFE
மேவரு,LOVING
சுற்றமோடு,FAMILY
உண்டு,EATING
இனிது,SWEETLY
நுகரும்,ENJOYING
தீம்,SWEET
புனல்,WATER
ஆயம்,GROUP
ஆடும்,BATHING
காஞ்சி,KANCHI
அம்,BEAUTIFUL
பெருந்துறை,GREAT_FORD
மணலினும்,SAND
பலவே,MANY
யாமும்,WE
சேறுகம்,WILL_GO
நீயிரும்,YOU
வம்மின்,COME
துயிலுங்,SLEEPING
கோதை,GARLAND
துளங்கு,SHAKING
இயல்,NATURE
விறலியர்,DANCERS
கொளை,RHYTHM
வல்,STRONG
வாழ்க்கை,LIFE
நும்,YOUR
கிளை,RELATIVES
இனிது,SWEETLY
உணீஇயர்,TO_FEED
களிறு,ELEPHANT
பரந்து,SPREADING
இயல,WALKING
கடுமா,FAST_HORSE
தாங்க,BEARING
ஒளிறு,SHINING
கொடி,BANNER
நுடங்க,WAVING
தேர்,CHARIOT
திரிந்து,TURNING
கொட்ப,ROAMING
எஃகு,SPEAR
துரந்து,DRIVING
எழுதரும்,RISING
கை,HAND
கவர்,SEIZING
கடுந்தார்,FIERCE_GARLAND
வெல்போர்,VICTORIOUS_WAR
வேந்தரும்,KINGS
வேளிரும்,CHIEFTAINS
ஒன்றுமொழிந்து,UNITING
மொய்,ABUNDANT
வளம்,WEALTH
செருக்கி,PRIDING
மொசிந்துவரு,CROWDING
மோகூர்,MOHUR
வலம்படு,RIGHTEOUS
குழூஉ,GATHERING
நிலை,POSITION
அதிர,THUNDERING
மண்டி,ATTACKING
நெய்த்தோர்,GHEE
தொட்ட,TOUCHED
செங்கை,RED_HAND
மறவர்,WARRIORS
நிறம்படு,COLOR
குருதி,BLOOD
நிலம்,EARTH
படர்ந்து,SPREADING
ஓடி,RUNNING
மழை,RAIN
நாள்,DAY
புனலின்,WATER
அவல்,VALLEY
பரந்து,SPREADING
ஒழுக,FLOWING
படுபிணம்,DEAD_BODY
பிறங்க,ABUNDANT
பாழ்,WASTE
பல,MANY
செய்து,DOING
படுகண்,DEAD_EYE
முரசம்,DRUM
நடுவண்,MIDDLE
சிலைப்ப,SOUNDING
வளன்,WEALTH
அற,COMPLETELY
நிகழ்ந்து,OCCURRING
வாழுநர்,LIVERS
பலர்,MANY
பட,FALLING
கருஞ்சினை,DARK_BRANCH
விறல்,VICTORY
வேம்பு,VEMMBU_TREE
அறுத்த,CUT
பெருஞ்சினக்,GREAT_ANGER
குட்டுவன்,KUTTUVAN
கண்டனம்,WE_SAW
வரற்கே,TO_COME
மா,GREAT
மலை,MOUNTAIN
முழக்கின்,SOUND
மான்,DEER
கணம்,HERD
பனிப்ப,FEARING
கால்,WIND
மயங்கு,CONFUSED
கதழ்,SPEED
உறை,SLEET
ஆலியொடு,STORM
சிதறிக,SCATTERING
கரும்பு,SUGARCANE
அமல்,ABUNDANT
கழனிய,FIELD
நாடு,COUNTRY
வளம்,WEALTH
பொழிய,SHOWERING
வளங்கெழு,WEALTH_POSSESSING
சிறப்பின்,GLORY
உலகம்,WORLD
புரைஇ,PROTECTING
செங்குணக்கு,RED_SLOPE
ஒழுகும்,FLOWING
கலுழி,FLOOD
மலிர்,ABUNDANT
நிறைக்,FULL
காவிரி,KAVERI
அன்றியும்,BESIDES
பூவிரி,FLOWER_SPREADING
புனலொரு,WATER
மூன்றுடன்,THREE
கூடிய,JOINED
கூடல்,CONFLUENCE
அனையை,LIKE
கொல்,KILLING
களிற்று,ELEPHANT
உரவுத்,STRONG
திரை,WAVE
பிறழ,GLISTENING
வல்,STRONG
வில்,BOW
பிசிரப்,SPRAYING
புரை,SUITABLE
தோல்,SHIELD
வரைப்பின்,REGION
எஃகு,SPEAR
மீன்,FISH
அவிர்வர,SHINING
விரவுப்,MIXED
பணை,DRUM
முழங்கு,RESOUNDING
ஒலி,SOUND
வெரீஇய,FEARED
வேந்தர்க்கு,FOR_KINGS
அரணம்,FORTRESS
ஆகிய,BECAME
வெருவரு,TERRIBLE
புனல்,WATER
தார்,GARLAND
கல்,STONE
மிசையவ்வும்,UPON
கடலவும்,SEA
பிறவும்,OTHERS
அருப்பம்,BATTLEFIELD
அமைஇய,ESTABLISHED
அமர்,BATTLE
கடந்து,CROSSING
உருத்த,ANGRY
ஆள்,PEOPLE
மலி,ABUNDANT
மருங்கின்,SIDE
நாடு,COUNTRY
அகப்படுத்து,CAPTURING
நல்,GOOD
இசை,FAME
நனந்தலை,SPACIOUS
இரிய,SPREADING
ஒன்னார்,ENEMIES
உருப்பு,FEAR
அற,COMPLETELY
நிரப்பினை,FILLED
ஆதலின்,BECAUSE
சாந்து,SANDAL
புலர்பு,DRYING
வண்ணம்,COLOR
நீவி,WIPING
வகை,METHOD
வனப்புற்ற,BEAUTIFUL
வரி,STRIPED
ஞிமிறு,HORNETS
இமிரும்,HUMMING
மார்பு,CHEST
பிணி,EMBRACE
மகளிர,WOMEN
விரிமென்,SPREAD_SOFT
கூந்தல்,HAIR
மெல்,SOFT
அணை,BED
வதிந்து,DWELLING
கொல்,KILLING
பிணி,EMBRACE
திருகிய,TWISTED
மார்பு,CHEST
கவர்,SEIZING
முயக்கத்து,EMBRACE
பொழுது,TIME
கொள்,TAKING
மரபின்,TRADITION
மென்பிணி,SOFT_EMBRACE
அவிழ,OPENING
எவன்,HOW
பல,MANY
கழியுமோ,PASS
பெரும,O_GREAT_ONE
பல்,MANY
நாள்,DAY
பகை,ENMITY
வெம்மையின்,HEAT
பாசறை,BATTLE_CAMP
மரீஇ,ACCLIMATIZING
பாடு,SONG
அரிது,RARE
இயைந்த,JOINED
சிறு,SMALL
துயில்,SLEEP
இயலாது,NOT_WALKING
கோடு,HORN
முழங்கு,RESOUNDING
இமிழ்,SOUNDING
இசை,FAME
எடுப்பும்,RAISING
பீடு,GRANDEUR
கெழு,POSSESSING
செல்வம்,WEALTH
மரீஇய,ACCLIMATIZED
கண்ணே,EYE
பதிகம்,PREFACE
வடவர்,NORTHERNERS
உட்கும்,FEAR
வான்,SKY
தோய்,TOUCHING
வெல்,VICTORIOUS
கொடிக்,BANNER
குடவர்,WESTERNERS
கோமான்,KING
நெடுஞ்சேரலாதற்கு,NEDUNCHERALADHAN
சோழன்,CHOLA
மணக்கிள்ளி,MANAKKILI
ஈன்ற,BIRTHED
மகன்,SON
கடவுள்,GOD
பத்தினிக்,PATTIINI
கற்கோள்,LEARNING
வேண்டி,WISHING
கான்,FOREST
நவில்,ABUNDANT
கானம்,FOREST
கணையின்,ARROW
போகி,GOING
ஆரிய,ARYAN
அண்ணலை,CHIEFTAIN
வீட்டிப,DESTROYING
பேரிசை,GREAT_FAME
இன்,SWEET
பல்,MANY
அருவிக்,WATERFALL
கங்கை,GANGA
மண்ணி,TAKING
இனம்,HERD
தெரி,CHOOSE
பல்,MANY
ஆன்,COW
கன்றொடு,CALF
கொண்டு,TAKING
மாறா,UNCHANGING
வல்,STRONG
வில்,BOW
இடும்பின்,SUFFERING
புறத்து,OUTSIDE
இறுத்து,ENCAMPING
உறு,TOUCHING
புலி,TIGER
அன்ன,LIKE
வயவர்,WARRIORS
வீழ,FALLING
சிறு,SMALL
குரல்,VOICE
நெய்தல்,WATER_LILY
வியலூர்,VIYALUR
நூறி,DESTROYING
அக்கரை,THAT_SHORE
நண்ணி,APPROACHING
கொடுகூர்,KODUKUR
எறிந்து,STRIKING
பழையன்,PAZHAYAN
காக்கும்,GUARDING
கருஞ்சினை,DARK_BRANCH
வேம்பின்,VEMMBU_TREE
முழாரை,MUZHARAI
முழு,ENTIRE
முதல்,BASE
துமிய,BREAKING
பண்ணி,MAKING
வால்,WHITE
இழை,JEWEL
கழித்த,REMOVED
நறும்,FRAGRANT
பல்,MANY
பெண்டிர்,WOMEN
பல்,MANY
இருங்கூந்தல்,DARK_HAIR
முரற்சியால்,WHIP
குஞ்சர,ELEPHANT
ஒழுகை,LINE
பூட்டி,TEAMING
வெந்திறல்,SUCCESSFUL_DEED
ஆராச்,UNCEASING
செருவின்,BATTLE
சோழர்,CHOLAS
குடிக்கு,FAMILY
உரியோர்,FITTING_ONES
ஒன்பதின்மர்,NINE_PERSONS
வீழ,FALLING
வாயில்,GATE
புறத்து,OUTSIDE
இறுத்து,ENCAMPING
நிலைச்,STEADY
செருவின்,BATTLE
ஆற்றலை,STRENGTH
அறுத்துக்,CUTTING
கெடல்,PERISH
அருந்,DIFFICULT
தானையொடு,ARMY
கடல்,SEA
பிறக்கோட்டிய,TURNED_BACK
செங்குட்டுவனை,SENGUTTUVAN
கரணம்,STRATEGY
அமைந்த,ESTABLISHED
காசறு,FLAWLESS
செய்யுட்,POEM
பரணர்,PARANAR
பாடினார்,SANG
பத்துப்பாட்டு,TEN_SONGS
துளங்கு,SHAKING
நீர்,WATER
வியல்,WIDE
அகம்,INSIDE
கலங்க,CONFUSING
கால்,WIND
பொர,STRIKING
விளங்கு,SHINING
இரும்,DARK
புணரி,WAVE
உருமென,THUNDER
முழங்கும்,RESOUNDING
கடல்,SEA
சேர்,JOINED
கானல்,GROVE
குட,WEST
புலம்,FIELD
முன்னிக்,PROCEEDING
கூவல்,POOL
துழந்த,SEARCHING
தடந்தாள்,LONG_LEG
நாரை,HERON
குவி,BENT
இணர்,CLUSTER
ஞாழல்,NYAGRODHA_TREE
மாச்,GREAT
சினைச்,BRANCH
சேக்கும்,RESTING
வண்டு,BEE
இறை,RAIN
கொண்ட,TAKING
தண்,COOL
கடல்,SEA
பரப்பின்,EXPANSE
அடும்பு,IPOMOEA
அமல்,ABUNDANT
அடைகரை,SHORE
அலவன்,CRAB
ஆடிய,DANCED
வடு,SCAR
அடு,FIGHTING
நுண்,FINE
அயிர்,GRAIN
ஊதை,WIND
உஞற்றும்,CAUSING
தூ,CLEAN
இரும்,DARK
போந்தை,PALMYRA
பொழில்,GARDEN
அணிப்,BEAUTY
பொலிதந்து,SHINING
இயலினள்,WALKING
ஒல்கினள்,SWAYING
ஆடும்,DANCING
மட,SOFT
மகள்,WOMAN
வெறி,FRAGRANCE
உறு,TOUCHING
நுடக்கம்,WAVING
போல,LIKE
தோன்றி,APPEARING
பெருமலை,GREAT_MOUNTAIN
வயின்வயின்,EACH_PLACE
விலங்கும்,CROSSING
அரு,RARE
மணி,GEM
அர,SNAKE
வழங்கும்,MOVING
பெரும்,GREAT
தெய்வத்து,GOD
வளை,CONCH
ஞரலும்,SOUNDING
பனிப்,COLD
பெளவத்து,OCEAN
குண,EAST
குட,WEST
கடலோடு,SEA
ஆயிடை,BETWEEN
மணந்த,JOINED
பந்தர்,PANDAL
அந்தரம்,SPACE
வேய்ந்து,COVERING
வண்,BOUNTIFUL
பிணி,EMBRACE
அவிழ்ந்த,OPENED
கண்,EYE
போல்,LIKE
நெய்தல்,WATER_LILY
நனை,SPROUTING
உறு,TOUCHING
நறவின்,HONEY_WINE
நாகுடன்,FRAGRANCE
கமழ,SCENTING
சுடர்,RADIANT
நுதல்,FOREHEAD
மட,SOFT
நோக்கின்,GAZE
வாள்,SWORD
நகை,SMILE
இலங்கு,SHINING
எயிற்று,TEETH
அமிழ்து,NECTAR
பொதி,FILLED
துவர்,LIPS
வாய்,MOUTH
அசை,GENTLE
நடை,GAIT
விறலியர்,DANCERS
பாடல்,SONG
சான்று,POSSESSING
நீடினை,PROLONGED
உறைதலின்,DWELLING
வெள்,WHITE
வேல்,SPEAR
அண்ணல்,CHIEFTAIN
மெல்லியன்,GENTLE_ONE
போன்ம்,LIKE
என,SAYING
உள்ளுவர்,THINK
கொல்லோ,PERHAPS
நின்,YOUR
உணராதோரே,NOT_KNOWING_ONES
மழை,RAIN
தவழும்,CRAWLING
பெருங்குன்றத்து,GREAT_HILL
செயிர்,FAULT
உடைய,POSSESSING
அரவு,SNAKE
எறிந்து,STRIKING
கடுஞ்சினத்த,FIERCE_ANGER
மிடல்,STRENGTH
தபுக்கும்,REMOVING
பெரும்,GREAT
சினப்,ANGER
புயல்,CLOUD
ஏறு,BULL
அனையை,LIKE
தாங்குநர்,BEARERS
தடக்கை,LARGE_HANDS
யானை,ELEPHANT
தொடிக்கோடு,BRACELET_END
துமிக்கும்,BREAKING
எஃகு,SPEAR
உடை,POSSESSING
வலத்தர்,RIGHT_HANDED
நின்,YOUR
படைவழி,ARMY_PATH
வாழ்நர்,LIVERS
மறம்,VALOR
கெழு,POSSESSING
போந்தை,PALMYRA
வெண்தோடு,WHITE_CLUSTER
புனைந்து,WEARING
நிறம்,COLOR
பெயர்,CHANGE
கண்ணிப்,GARLAND
பருந்து,EAGLE
ஊறு,OBSTACLE
அளப்ப,MEASURING
தூக்கணை,WEAVER_BIRD
கிழித்த,TEARING
மாக்,GREAT
கண்,EYE
தண்ணுமை,TABOR
கைவல்,HAND_SKILLED
இளையர்,YOUTHS
கையலை,HAND
அழுங்க,SUFFERING
மாற்று,CHANGE
அருஞ்,DIFFICULT
சீற்றத்து,ANGER
மா,GREAT
இருங்,DARK
கூற்றம்,DEATH
வலை,NET
விரித்தன்ன,SPREAD_LIKE
நோக்கலை,LOOK
கடியையால்,STRICT
நெடுந்தகை,GREAT_LORD
செருவத்தானே,BATTLE
கொடி,BANNER
நுடங்கு,WAVING
நிலைய,PLACE
கொல்,KILLING
களிறு,ELEPHANT
மிடைந்த,PRESSED
வடி,SHARP
மணி,BELL
நெடுந்தேர்,LONG_CHARIOT
வேறு,DIFFERENT
புலம்,FIELD
பரப்பி,SPREADING
அருங்கலந்,FINE_VESSELS
தரீஇயர்,TO_BRING
நீர்மிசை,WATER_SURFACE
நிவக்கும்,RISING
பெருங்கலி,GREAT_JOY
வங்கம்,BOAT
திசை,DIRECTION
திரிந்தாங்கு,TURNED_LIKE
மை,DARK
அணிந்து,WEARING
எழுதரு,RISING
ஆயிரம்,THOUSAND
பஃறோல்,MANY_SHIELDS
மெய்,BODY
புதை,COVERED
அரணம்,FORTRESS
எண்ணாது,NOT_COUNTING
எஃகு,SPEAR
சுமந்து,CARRYING
முன்,FRONT
சமத்து,BATTLEFIELD
எழுதரும்,RISING
வன்கண்,CRUEL_EYE
ஆடவர்,MEN
தொலையாத்,IMPERISHABLE
தும்பை,THUMBAI
தெவ்வழி,ENEMY_PATH
விளங்க,SHINING
உயர்நிலை,HIGH_PLACE
உலகம்,WORLD
எய்தினர்,ATTAINED
பலர்,MANY
பட,FALLING
நல்,GOOD
அமர்க்,BATTLE
கடந்த,CROSSED
நின்,YOUR
செல்,GOING
உறழ்,RESEMBLING
தடக்கை,LARGE_HANDS
இரப்போர்க்கு,FOR_BEGGARS
கவிதல்,COVERING
அல்லதை,EXCEPT
இரைஇய,SAYING
மலர்பு,FLOWERING
அறியா,NOT_KNOWING
என,SAYING
கேட்டிகும்,WE_HEAR
இனியே,NOW
சுடரும்,SHINING
பாண்டில்,LAMP
திருநாறு,PROSPEROUS_SCENT
விளக்கத்து,BRIGHTNESS
முழா,DRUM
இமிழ்,RESOUNDING
துணங்கைக்குத்,DANCE
தழூஉப்புணை,RAFT
ஆக,BEING
சிலைப்புவல்,SOUNDING
ஏற்றின்,BULL
தலைக்கை,HEAD_HAND
தந்து,GIVING
நீ,YOU
நளிந்தனை,PRESSED
வருதல்,COMING
உடன்றனள்,ANGRY_WOMAN
ஆகி,BEING
உயவும்,MOVING
கோதை,GARLAND
ஊரல்,FLOWING
அம்,BEAUTIFUL
தித்தி,SWEETNESS
ஈர்,MOIST
இதழ்,PETAL
மழைக்கண்,RAIN_EYE
பேர்,GREAT
இயல்,NATURE
அரிவை,WOMAN
ஒள்,BRIGHT
இதழ்,PETAL
அவிழ்,OPENING
அகம்,INSIDE
கடுக்கும்,RESEMBLING
சீறடி,SMALL_FOOT
பல்,MANY
சில,FEW
கிண்கிணி,BELL
சிறு,SMALL
பரடு,SOUND
அலைப்ப,STRIKING
கொல்,KILLING
புனல்,WATER
தளிரின்,TENDER_LEAF
நடுங்குவனள்,TREMBLING
நின்று,STANDING
நின்,YOUR
எறியர்,STRIKERS
ஓக்கிய,THROWN
சிறு,SMALL
செங்குவளை,RED_CUPPED_FLOWER
ஈ,GIVE
என,SAYING
இரப்பவும்,BEGGING
ஒல்லாள்,NOT_POSSIBLE
நீ,YOU
எமக்கு,TO_US
யாரையோ,WHO
என,SAYING
பெயர்வோள்,RETURNING_WOMAN
கையதை,THAT_HAND
கதுமென,QUICKLY
உருத்த,ANGRY
நோக்கமோடு,GAZE
அது,THAT
நீ,YOU
பாஅல்,SIDE
வல்லாய்,CAPABLE
ஆயினை,BECAME
பாஅல்,SIDE
யாங்கு,HOW
வல்லுநையோ,CAN_YOU
வாழ்க,LONG_LIVE
நின்,YOUR
கண்ணி,GARLAND
அகல்,WIDE
இரு,TWO
விசும்பில்,SKY
பகல்,DAY
இடம்,PLACE
தரீஇயர்,TO_GIVE
தெறு,BURNING
கதிர்,RAY
திகழ்தரும்,SHINING
உருகெழு,FORM_POSSESSING
ஞாயிற்று,SUN
உருபு,FORM
கிளர்,SHINING
வண்ணம்,COLOR
கொண்ட,TAKING
வான்,SKY
தோய்,TOUCHING
வெண்குடை,WHITE_UMBRELLA
வேந்தர்,KINGS
தம்,THEIR
எயிலே,FORTRESS
வென்று,VICTORIOUS
கலம்,VESSEL
தரீஇயர்,TO_BRING
வேண்டு,NEEDED
புலத்து,FIELD
இறுத்தவர்,ENCAMPED_ONES
வாடா,UNWITHERING
யாணர்,RENEWAL
நாடு,COUNTRY
திறை,TRIBUTE
கொடுப்ப,GIVING
நல்கினை,YOU_BESTOWED
ஆகுமதி,BECOME
எம்,OUR
என்று,SAYING
அருளிக்,COMPASSION
கல்,STONE
பிறங்கு,ABUNDANT
வைப்பின்,REGION
கடறு,SEA
அரை,SHORE
யாத்த,TIED
நின்,YOUR
தொல்புகழ்,ANCIENT_FAME
மூதூர்ச்,ANCIENT_CITY
செல்குவை,WILL_GO
ஆயின்,IF
செம்,RED
பொறிக்,MARK
சிலம்பொடு,ANKLET
அணித்தழை,NEAR_LEAF
தூங்கும்,HANGING
எந்திரத்,MACHINE
தகைப்பின்,NATURE
அம்பு,ARROW
உடை,POSSESSING
வாயில்,GATE
கோள்,TAKING
வல்,STRONG
முதலைய,CROCODILE
குண்டு,DEEP
கண்,EYE
அகழி,MOAT
வான்,SKY
உற,TOUCHING
ஓங்கிய,ELEVATED
வளைந்து,CURVED
செய்,MADE
புரிசை,WALL
ஒன்னாத்,NOT_ENEMY
தெவ்வர்,ENEMIES
முனை,BATTLEFRONT
கெட,PERISHING
விலங்கி,CROSSING
நின்னின்,FROM_YOU
தந்த,GIVEN
மன்,PERMANENT
எயில்,FORTRESS
அல்லது,EXCEPT
முன்னும்,BEFORE
பின்னும்,AFTER
நின்,YOUR
முன்னோர்,ANCESTORS
ஓம்பிய,GUARDED
எயில்,FORTRESS
முகப்படுத்தல்,FACING
யாவது,WHAT
வளையினும்,EVEN_IF_SURROUNDED
பிறிது,OTHER
ஆறு,PATH
சென்மதி,GO
சினம்,ANGER
கெழு,POSSESSING
குருசில்,PRINCE
எழூஉ,MOAT
புறம்தரீஇ,OUTSIDE_GIVING
பொன்,GOLD
பிணிப்,TWIST
பலகை,PLANK
குழூஉ,GATHERING
நிலைப்,POSITION
புதவின்,WALL
கதவு,GATE
மெய்,TRUTH
காணின்,IF_SEE
தேம்பாய்,HONEY_FLOWING
கடாத்தொடு,MUSTH
காழ்,STRENGTH
கை,HAND
நீவி,WIPING
வேங்கை,VENGAI_TREE
வென்ற,VICTORIOUS
பொறி,MARK
கிளர்,SHINING
புகர்,SPOT
நுதல்,FOREHEAD
ஏந்து,RAISED
கை,HAND
சுருட்டி,ROLLING
தோட்டி,GOAD
நீவி,WIPING
மேம்படு,EXCELLENT
வெல்கொடி,VICTORIOUS_BANNER
நுடங்க,WAVING
தாங்கல்,BEARING
ஆகா,NOT_POSSIBLE
ஆங்கு,THERE
நின்,YOUR
களிறே,ELEPHANT
வள்ளியை,GENEROUS_ONE
என்றலின்,SAYING
காண்க,TO_SEE
வந்திசினே,I_CAME
உள்ளியது,WHAT_WAS_THOUGHT
முடித்தி,YOU_COMPLETE
வாழ்க,LONG_LIVE
நின்,YOUR
கண்ணி,GARLAND
வீங்கு,SWELLING
இறை,RAIN
தடைஇய,PREVENTED
அமை,BEAUTIFUL
மருள்,RESEMBLING
பணைத்தோள்,BAMBOO_SHOULDER
ஏந்து,RAISED
எழில்,BEAUTY
மழைக்கண்,RAIN_EYE
வனைந்து,FASHIONED
வரல்,COMING
இள,YOUNG
முலைப்,BREAST
பூந்துகில்,FLOWER_CLOTH
அல்குல்,LOINS
தேம்பாய்,HONEY_FLOWING
கூந்தல்,HAIR
மின்,LIGHTNING
இழை,JEWEL
விறலியர்,DANCERS
நின்,YOUR
மறம்,VALOR
பாட,SINGING
இரவலர்,BEGGARS
புன்கண்,SORROW
தீர,REMOVING
நாள்தொறும்,EACH_DAY
உரை,WORD
சால்,POSSESSING
நன்கலம்,FINE_VESSELS
வரைவு,LIMIT
இல,WITHOUT
வீசி,BESTOWING
அனையை,SUCH_ONE
ஆகன்மாறே,BEING
எனையதூஉம்,SUCH
உயர்நிலை,HIGH_PLACE
உலகத்து,WORLD
செல்லாது,NOT_GOING
இவண்,HERE
நின்று,STANDING
இரு,TWO
நிலம்,EARTH
மருங்கின்,SIDE
நெடிது,LONG
மன்னியரோ,LAST
நிலந்தப,EARTH_LEAVING
விடூஉம்,LEAVING
ஏணிப்,LADDER
புலம்,FIELD
படர்ந்து,SPREADING
படுகண்,DEAD_EYE
முரசம்,DRUM
நடு,MIDDLE
வண்,BOUNTIFUL
சிலைப்ப,SOUNDING
தோமர,SPEAR
வலத்தர்,RIGHT_HANDED
நாமம்,INJURY
செய்ம்மார்,TO_DO
ஏவல்,SERVICE
வியங்கொண்டு,OBEYING
இளையரொடு,YOUTHS
எழுதரும்,RISING
ஒல்லார்,ENEMIES
யானை,ELEPHANT
காணின்,IF_SEE
நில்லாத்,NOT_STANDING
தானை,ARMY
இறை,LORD
கிழவோயே,OWNER
ஆன்றோள்,NOBLE_WOMAN
கணவ,HUSBAND
சான்றோர்,WISE_ONES
புரவல,PATRON
நின்,YOUR
நயந்து,DESIRING
வந்தனென்,I_CAME
அடு,FIGHTING
போர்க்,WAR
கொற்றவ,VICTORIOUS_ONE
இன்,SWEET
இசைப்,FAME
புணரி,WAVE
இரங்கும்,RESOUNDING
பெளவத்து,OCEAN
நன்கல,FINE_VESSELS
வெறுக்கை,POSSESSIONS
துஞ்சும்,SLEEPING
பந்தர்க்,PANDAL
கமழும்,FRAGRANT
தாழைத்,SCREW_PINE
கானல்,GROVE
அம்,BEAUTIFUL
பெருந்துறைத்,GREAT_FORD
தண்,COOL
கடல்,SEA
படப்பை,GARDEN
நல்,GOOD
நாட்டுப்,COUNTRY
பொருந,BEGGAR
செவ்வூன்,RED_FLESH
தோன்றா,NOT_APPEARING
வெண்துவை,WHITE_PASTE
முதிரை,MATURITY
வால்,WHITE
ஊன்,FLESH
வல்சி,FOOD
மழவர்,HUNTERS
மெய்ம்மறை,TRUE_SECRET
குடவர்,WESTERNERS
கோவே,KING
கொடித்தேர்,BANNERED_CHARIOT
அண்ணல்,CHIEFTAIN
வாரார்,NOT_COMING
ஆயினும்,EVEN_IF
இரவலர்,BEGGARS
வேண்டித்,WISHING
தேரின்,CHARIOT
தந்து,GIVING
அவர்க்கு,TO_THEM
ஆர்,DIFFICULT
பதம்,PLACE
நல்கும்,BESTOWS
நசை,DESIRE
சால்,POSSESSING
வாய்மொழி,TRUTHFUL_SPEECH
இசை,FAME
சால்,POSSESSING
தோன்றல்,LORD
வேண்டுவ,WHAT_IS_WANTED
அளவையுள்,IN_MEASURE
யாண்டு,YEARS
பல,MANY
கழிய,PASSING
பெய்து,POURING
புறந்தந்து,PROTECTED
பொங்கல்,PROSPERITY
ஆடி,BATHING
விண்டு,OPENING
சேர்ந்த,JOINED
வெண்மழை,WHITE_CLOUD
போல,LIKE
சென்றாலியரோ,WILL_YOU_GO
பெரும,O_GREAT_ONE
அல்கலும்,DAILY
நனந்தலை,SPACIOUS
வேந்தர்,KINGS
தார்,GARLAND
அழிந்து,DESTROYED
அலற,CRYING
நீடுவரை,LONG_MOUNTAIN
அடுக்கத்த,SLOPES
நாடு,COUNTRY
கை,TAKING
கொண்டு,TAKING
பொருது,FIGHTING
சினம்,ANGER
தணிந்த,COOLED
செருப்புகல்,BATTLE
ஆண்மை,MASCULINITY
தாங்குநர்த்,BEARERS
தகைத்த,SUITABLE
ஒள்,BRIGHT
வாள்,SWORD
ஓங்கல்,RESOUNDING
உள்ளத்து,HEART
குருசில்,PRINCE
நின்,YOUR
நாளே,DAY
விழவு,FESTIVAL
வீற்றிருந்த,SEATED
வியலுள்,WIDE
ஆங்கண்,THERE
கோடியர்,KODIYAR
முழவின்,DRUM
முன்னர்,BEFORE
ஆடல்,DANCE
வல்லான்,CAPABLE_ONE
அல்லன்,NOT
வாழ்க,LONG_LIVE
அவன்,HIS
கண்ணி,GARLAND
வலம்படு,RIGHTEOUS
முரசம்,DRUM
துவைப்ப,SOUNDING
வாள்,SWORD
உயர்த்து,RAISING
இலங்கும்,SHINING
பூணன்,ORNAMENTED_ONE
பொலங்கொடி,SHINING_BANNER
உழிஞையன்,UZHINJAI_WEARER
மட,GENTLE
பெருமையின்,GREATNESS
உடன்று,ANGRY
மேல்வந்த,COMING_ABOVE
வேந்து,KING
மெய்ம்மறந்த,BODY_FORGETTING
வாழ்ச்சி,PROSPERITY
வீந்து,FALLING
உகு,FALLING
போர்க்களத்து,BATTLEFIELD
ஆடும்,DANCING
கோவே,KING
ஓடாப்,NOT_FLEEING
பூட்கை,STRENGTH
மறவர்,WARRIORS
மிடல்,STRENGTH
தப,REMOVING
இரும்,DARK
பனம்,PALMYRA
புடையலொடு,ANKLET
வான்,SKY
கழல்,ANKLET
சிவப்ப,REDDENING
குருதி,BLOOD
பனிற்றும்,DRIPPING
புலவுக்,ROTTEN
களத்தோனே,BATTLEFIELD_OWNER
துணங்கை,DANCE
ஆடிய,DANCED
வலம்படு,RIGHTEOUS
கோமான்,KING
மெல்லிய,SOFT
வகுந்தில்,SMALL
சீறடி,SMALL_FOOT
ஒதுங்கி,HIDING
செல்லாமோ,WILL_NOT_GO
தில்,NOT
சில்,FEW
வளை,CONCH
விறலி,DANCER
பாணர்,MINSTRELS
கையது,HAND
பணி,TUNE
தொடை,WREATH
நரம்பின்,STRING
விரல்,FINGER
கவர்,SEIZING
பேரியாழ்,GREAT_YAAL
பாலை,PALAI
பண்ணி,COMPOSING
குரல்,VOICE
புணர்,JOINED
இன்னிசைத்,SWEET_SOUND
தழிஞ்சி,TAZHINJI
பாடி,SINGING
இளந்துணை,YOUNG_COMPANION
புதல்வர்,CHILDREN
நல்,GOOD
வளம்,WEALTH
பயந்த,PRODUCED
வளங்கெழு,WEALTH_POSSESSING
குடைச்சூல்,UMBRELLA_PREGNANCY
அடங்கிய,CONTAINED
கொள்கை,PRINCIPLE
ஆன்ற,NOBLE
அறிவின்,WISDOM
தோன்றிய,APPEARED
நல்லிசை,GOOD_FAME
ஒண்ணுதல்,BRIGHT_FOREHEAD
மகளிர,WOMEN
துனித்த,ANGRY
கண்ணினும்,EYE
இரவலர்,BEGGARS
புன்கண்,SORROW
அஞ்சும்,FEARS
புரவு,PROTECTION
எதிர்கொள்வனை,CONFRONTING
கண்டனம்,WE_SAW
வரற்கே,TO_COME
ஆடுக,DANCE
விறலியர்,DANCERS
பாடுக,SING
பரிசிலர்,GIFT_RECEIVERS
வெண்தோட்டு,WHITE_CLUSTER
அசைத்த,WAVING
ஒண்,BRIGHT
பூங்,FLOWER
குவளையர்,CUP_FLOWER_WEARERS
வாள்,SWORD
முகம்,FACE
பொறித்த,ENGRAVED
மாண்,EXCELLENT
வரி,LINE
யாக்கையர்,BODY
செல்,GOING
உறழ்,RESEMBLING
மறவர்,WARRIORS
தம்,THEIR
கொல்,KILLING
படைத்,ARMY
தரீஇயர்,TO_BRING
இன்று,TODAY
இனிது,SWEETLY
நுகர்ந்தனம்,WE_ENJOYED
ஆயின்,IF
நாளை,TOMORROW
மண்,EARTH
புனை,ADORNED
இஞ்சி,FORTRESS
மதில்,WALL
கடந்து,CROSSING
அல்லது,EXCEPT
உண்குவம்,WE_WILL_EAT
அல்லேம்,NOT
புகா,ENTER
என,SAYING
கூறிக்,SAYING
கண்ணி,GARLAND
கண்ணிய,GARLANDED
வயவர்,WARRIORS
பெருமகன்,GREAT_SON
பொய்படுபு,FALSE
அறியா,NOT_KNOWING
வயங்கு,SHINING
செந்,RED
நாவின்,TONGUE
எயில்,FORTRESS
எறி,STRIKING
வல்,STRONG
வில்,BOW
ஏ,ARROW
விளங்கு,SHINING
தடக்கை,LARGE_HANDS
ஏந்து,RAISED
எழில்,BEAUTY
ஆகத்து,CHEST
சான்றோர்,WISE_ONES
மெய்ம்மறை,TRUE_SECRET
வானவரம்பன்,SKY_BOUNDARY_ONE
என்ப,SAY
கானத்து,FOREST
கறங்கு,SOUNDING
இசைச்,FAME
சிதடி,DEMONESS
பொரி,ROASTED
அரைப்,SHORE
பொருந்திய,JOINED
சிறியிலை,SMALL_LEAF
வேலம்,ACACIA
பொரிய,TO_ROAST
தோன்றும்,APPEARS
புன்புலம்,DRY_FIELD
வித்தும்,SOWING
வன்,HARD
கை,HAND
வினைஞர்,WORKERS
சீர்,GLORY
உடைப்,POSSESSING
பல்,MANY
பகடு,OX
ஒலிப்ப,SOUNDING
பூட்டி,YOKING
நாஞ்சில்,PLOUGH
ஆடிய,DANCED
கொழு,FAT
வழி,PATH
மருங்கின்,SIDE
அலங்கு,WAVING
கதிர்த்,RAY
திரு,PROSPERITY
மணி,GEM
பெறூஉம்,RECEIVING
அகன்கண்,WIDE_EYED
வைப்பின்,REGION
நாடு,COUNTRY
கிழவோனே,OWNER
பகல்,DAY
நீடு,LONG
ஆகாது,NOT_BECOMING
இரவுப்,NIGHT
பொழுது,TIME
பெருகி,INCREASING
மாசி,MASI_MONTH
நின்ற,STANDING
மாகூர்,MAGUR
திங்கள்,MOON
பனிச்,COLD
சுரம்,PATH
படரும்,SPREADING
பாண்,MINSTREL
மகன்,SON
உவப்ப,DELIGHTING
புல்,GRASS
இருள்,DARKNESS
விடிய,DAWNING
புலம்பு,LONELINESS
சேண்,FAR
அகல,WIDENING
பாய்,SPRINGING
இருள்,DARKNESS
நீங்க,LEAVING
பல்,MANY
கதிர்,RAY
பரப்பி,SPREADING
ஞாயிறு,SUN
குணமுதல்,EAST_BEGINNING
தோன்றியாங்கு,APPEARED_LIKE
இரவன்,NIGHT
மாக்கள்,PEOPLE
சிறு,SMALL
குடி,FAMILY
பெருக,INCREASING
உலகம்,WORLD
தங்கிய,STAYED
மேம்படு,EXCELLENT
கற்பின்,CHASTITY
வில்லோர்,BOWMEN
மெய்ம்மறை,TRUE_SECRET
வீற்றிருந்து,SEATED
கொற்றத்து,VICTORY
செல்வர்,WEALTHY_ONES
செல்வ,WEALTH
சேர்ந்தோர்க்கு,FOR_JOINED_ONES
அரணம்,FORTRESS
அறியாது,NOT_KNOWING
எதிர்ந்து,OPPOSING
துப்பில்,STRENGTH
குறையுற்று,LACKING
பணிந்து,BOWING
திறை,TRIBUTE
தருப,GIVE
நின்,YOUR
பகைவர்,ENEMIES
ஆயின்,IF
சினம்,ANGER
செல,GOING
தணியுமோ,WILL_COOL
வாழ்க,LONG_LIVE
நின்,YOUR
கண்ணி,GARLAND
பல்,MANY
வேறு,DIFFERENT
வகைய,METHODS
நனந்தலை,SPACIOUS
ஈண்டிய,GATHERED
மலையவும்,MOUNTAIN
கடலவும்,SEA
பண்ணியம்,MUSIC
பகுக்கும்,DIVIDING
ஆறு,PATH
முட்டுறாஅது,NOT_LACKING
அறம்,RIGHTEOUSNESS
புரிந்து,LOVING
ஒழுகும்,PRACTICING
நாடல்,FRIENDSHIP
சான்ற,POSSESSING
துப்பின்,STRENGTH
பணைத்தோள்,BAMBOO_SHOULDER
பாடு,SONG
சால்,POSSESSING
நன்கலம்,FINE_VESSELS
தரூஉம்,GIVING
நாடு,COUNTRY
புறந்தருதல்,PROTECTING
நினக்குமார்,FOR_YOU
கடனே,DUTY
கொல்,KILLING
வினை,ACTION
மேவற்று,LOVED
தானை,ARMY
தானே,HIMSELF
இகல்,CONFLICT
வினை,ACTION
மேவலன்,NOT_LOVING
தண்டாது,WITHOUT_TIRING
வீசும்,BESTOWS
செல்லாமோ,WILL_NOT_GO
தில்,NOT
பாண்மகள்,MINSTREL_WOMAN
காணியர்,TO_SEE
மிஞிறு,HORNET
புறம்,OUTSIDE
மூசவும்,SWARMING
தீம்,SWEET
சுவை,TASTE
திரியாது,NOT_CHANGING
அரம்,FILE
போழ்கல்லா,NOT_PIERCING
மரம்படு,TREE
தீங்கனி,SWEET_FRUIT
அம்,BEAUTIFUL
சேறு,SYRUP
அமைந்த,CONTAINING
முண்டை,MUNDAI
விளை,GROWING
பழம்,FRUIT
ஆறு,PATH
செல்,GOING
மாக்கட்கு,FOR_PEOPLE
ஓய்,REST
தகை,NATURE
தடுக்கும்,BLOCKING
மறாஅ,NOT_FORGETTING
விளையுள்,PRODUCE
அறாஅ,UNCEASING
யாணர்த்,RENEWAL
தொடை,WREATH
மடி,LAZINESS
களைந்த,REMOVED
சிலை,BOW
உடை,POSSESSING
மறவர்,WARRIORS
பொங்கு,RISING
பிசிர்ப்,SPRAY
புணரி,WAVE
மங்குலொடு,CLOUD
மயங்கி,CONFUSING
வரும்,COMING
கடல்,SEA
ஊதையின்,STORM
பனிக்கும்,FRIGHTENING
துவ்வா,NOT_EATING
நறவின்,HONEY_WINE
சாய்,GENTLE
இனத்தானே,GROUP
குடக்கோ,WESTERN_KING
நெடுஞ்சேரலாதற்கு,NEDUNCHERALADHAN
வேஎள்,PRIEST
ஆவிக்,AVIK
கோமான்,KING
தேவி,QUEEN
ஈன்ற,BIRTHED
மகன்,SON
தண்டாரணியத்து,THANDARANYA
கோள்பட்ட,CAUGHT
வருடையை,ANIMAL
தொண்டியுள்,THONDI
தந்து,GIVING
கொடுப்பித்து,CAUSED_TO_GIVE
பார்ப்பார்க்கு,TO_BRAHMINS
கபிலையொடு,KAPILA
குடநாட்டு,WESTERN_COUNTRY
ஓரூர்,ONE_VILLAGE
ஈத்து,GIVING
வானவரம்பன்,SKY_BOUNDARY_ONE
என,SAYING
பேர்,NAME
இனிது,SWEETLY
விளக்கி,EXPLAINING
ஏனை,OTHER
மழவரை,HUNTERS
செருவின்,BATTLE
சுருக்கி,SHORTENING
மன்னரை,KINGS
ஓட்டிக்,CHASING
குழவி,CHILDREN
கொள்வாரின்,TAKERS
குடி,FAMILY
புறந்தந்து,PROTECTED
நாடல்,FRIENDSHIP
சான்ற,POSSESSING
நயன்,GOODNESS
உடை,POSSESSING
நெஞ்சின்,HEART
ஆடுகோட்பாட்டு,ADUKOTPATTU
சேரலாதனை,SERALADHAN
யாத்த,COMPOSED
செய்யுள்,POEM
அடங்கிய,CONTAINED
கொள்கைக்,PRINCIPLE
காக்கைபாடினியார்,KAKKAIPADINIYAR
நச்செள்ளையார்,NACHELLAIYAR
பாடினார்,SANG
பத்துப்பாட்டு,TEN_SONGS
பலாஅம்,JACKFRUIT
பழுத்த,RIPENED
பசும்,GREEN
புண்,WOUND
அரியல்,SCATTERED
வாடை,WIND
துரக்கும்,DRIVING
நாடு,COUNTRY
கெழு,POSSESSING
பெருவிறல்,GREAT_VICTORY
ஓவத்து,PAINTING
அன்ன,LIKE
வினை,WORK
புனை,ADORNED
நல்,GOOD
இல்,HOUSE
பாவை,DOLL
அன்ன,LIKE
நல்லோள்,GOOD_WOMAN
கணவன்,HUSBAND
பொன்னின்,GOLD
அன்ன,LIKE
பூவின்,FLOWER
சிறியிலைப்,SMALL_LEAF
புன்கால்,PUNKAL_TREE
உன்னத்து,UNNA_TREE
பகைவன்,ENEMY
என்,MY
கோ,KING
புலர்ந்த,DRIED
சாந்தின்,SANDAL
புலரா,NOT_DRYING
ஈகை,GIVING
மலர்ந்த,BLOOMED
மார்பின்,CHEST
மா,GREAT
வண்,BOUNTIFUL
பாரி,PARI
முழவு,DRUM
மண்,EARTH
புலர,DRYING
இரவலர்,BEGGARS
இனைய,SUFFERING
வாராச்,NOT_COMING
சேண்புலம்,FAR_FIELD
படர்ந்தோன்,SPREAD_ONE
அளிக்கென,COMPASSION
இரக்கு,BEG
வாரேன்,NOT_COMING
எஞ்சிக்,REMAINING
கூறேன்,NOT_SAYING
ஈத்தது,WHAT_WAS_GIVEN
இரங்கான்,NOT_SORROWFUL
ஈத்தொறும்,EACH_GIVING
மகிழான்,NOT_HAPPY
ஈத்தொறும்,EACH_GIVING
மா,GREAT
வள்ளியன்,GENEROUS_ONE
என,SAYING
நுவலும்,SPEAKING
நின்,YOUR
நல்,GOOD
இசை,FAME
தர,GIVING
வந்திசினே,I_CAME
ஒள்,BRIGHT
வாள்,SWORD
உரவுக்,STRONG
களிற்றுப்,ELEPHANT
புலாஅம்,FIELD
பாசறை,BATTLE_CAMP
நிலவின்,MOONLIGHT
அன்ன,LIKE
வெள்,WHITE
வேல்,SPEAR
பாடினி,SINGER
முழவின்,DRUM
போக்கிய,SENT
வெண்கை,WHITE_HAND
விழவின்,FESTIVAL
அன்ன,LIKE
நின்,YOUR
கலி,JOY
மகிழானே,HAPPINESS
இழை,JEWEL
அணிந்து,WEARING
எழுதரும்,RISING
பல்,MANY
களிற்றுத்,ELEPHANT
தொழுதியொடு,HERD
மழை,RAIN
என,SAYING
மருளும்,CONFUSING
மா,GREAT
இரும்,DARK
பஃறோல்,MANY_SHIELDS
எஃகு,SPEAR
படை,ARMY
அறுத்த,CUT
கொய்,PICKED
சுவல்,SHOULDER
புரவியொடு,HORSE
மைந்து,STRENGTH
உடை,POSSESSING
ஆர்,DIFFICULT
எயில்,FORTRESS
புடைபட,SIDE
வளைஇ,SURROUNDING
வந்து,COMING
புறத்து,OUTSIDE
இறுக்கும்,ENCAMPING
பசும்,GREEN
பிசிர்,SPRAY
ஒள்,BRIGHT
அழல்,FIRE
ஞாயிறு,SUN
பல்கிய,ABUNDANT
மாயமொடு,MAGIC
சுடர்,LIGHT
திகழ்,SHINING
பொல்லா,EVIL
மயலொடு,CONFUSION
பாடு,SONG
இமிழ்பு,RESOUNDING
உழிதரும்,MOVING
மடங்கல்,LION
வண்ணம்,COLOR
கொண்ட,TAKING
கடுந்திறல்,FIERCE_DEED
துப்புத்துறை,STRENGTH_REALM
போகிய,GONE
கொற்ற,VICTORIOUS
வேந்தே,KING
புனல்,WATER
பொரு,FIGHTING
கிடங்கின்,MOAT
வரை,MOUNTAIN
போல்,LIKE
இஞ்சி,FORTRESS
அணங்கு,FEARSOME
உடைத்,POSSESSING
தடக்,LARGE
கையர்,HANDED
தோட்டி,GOAD
செப்பி,SAYING
பணிந்து,BOWING
திறை,TRIBUTE
தருப,GIVE
நின்,YOUR
பகைவர்,ENEMIES
ஆயின்,IF
புல்,GRASS
உடை,POSSESSING
வியன்,WIDE
புலம்,FIELD
பல்,MANY
ஆ,COW
பரப்பி,SPREADING
வளன்,WEALTH
உடைச்,POSSESSING
செறுவின்,FIELD
விளைந்தவை,WHAT_GROWED
உதிர்ந்த,FELL
களன்,GRANARY
அறு,CEASING
குப்பை,HEAP
காஞ்சிச்,KANCHI
சேர்த்தி,NEAR
அரியல்,SCATTERED
ஆர்கை,EATING
வன்,HARD
கை,HAND
வினைநர்,WORKERS
அருவி,WATERFALL
ஆம்பல்,WATER_LILY
மலைந்த,WEARING
சென்னியர்,HEADED
ஆடு,DANCING
சிறை,WING
வரி,STRIPED
வண்டு,BEE
ஓப்பும்,DRIVING
பாடல்,SONG
சான்ற,POSSESSING
அவர்,THEIR
அகன்தலை,WIDE_HEADED
நாடே,COUNTRY
பார்ப்பார்க்கு,TO_BRAHMINS
அல்லது,EXCEPT
பணிபு,BOWING
அறியலையே,NOT_KNOWING
பணியா,NOT_BOWING
உள்ளமொடு,HEART
அணிவர,NEAR
கெழீஇ,POSSESSING
நட்டோர்க்கு,TO_FRIENDS
அல்லது,EXCEPT
கண்,EYE
அஞ்சலையே,NOT_FEARING
வணங்கு,BOWING
சிலை,BOW
பொருத,FIGHTING
நின்,YOUR
மணம்,FRAGRANCE
கமழ்,SCENTED
அகலம்,CHEST
மகளிர்க்கு,TO_WOMEN
அல்லது,EXCEPT
மலர்ப்பு,FLOWERING
அறியலையே,NOT_KNOWING
நிலம்,EARTH
திறம்,SIDE
பெயரும்,CHANGES
காலை,TIME
ஆயினும்,EVEN_IF
கிளந்த,SPOKEN
சொல்,WORD
நீ,YOU
பொய்ப்பு,FALSE
அறியலையே,NOT_KNOWING
சிறியிலை,SMALL_LEAF
உழிஞைத்,UZHINJAI
தெரியல்,GARLAND
சூடிக்,WEARING
கொண்டி,CLUSTER
மிகைபட,EXCESS
தண்,COOL
தமிழ்,TAMIL
செறித்து,PRESSING
குன்று,HILL
நிலை,POSITION
தளர்க்கும்,MAKE_WAVER
உருமின்,THUNDER
சீறி,ANGRY
ஒருமுற்று,ONE_ATTACK
இருவர்,TWO_PERSONS
ஓட்டிய,CHASED
ஒள்,BRIGHT
வாள்,SWORD
செரு,WAR
மிகு,GREAT
தானை,ARMY
வெல்போரோயே,VICTORIOUS_WARRIOR
ஆடு,DANCE
பெற்று,OBTAINED
அழிந்த,DESTROYED
மள்ளர்,WARRIORS
மாறி,CHANGING
நீ,YOU
கண்டனையேம்,WE_SAW
என்றனர்,SAID
நீயும்,YOU
நும்,YOUR
நுகம்,YOKE
கொண்டினும்,TAKING
வென்றோய்,VICTORIOUS_ONE
அதனால்,THEREFORE
செல்வக்,WEALTHY
கோவே,KING
சேரலர்,SERALAR
மருக,OFFSPRING
கால்,WIND
திரை,WAVE
எடுத்த,RAISED
முழங்கு,RESOUNDING
குரல்,VOICE
வேலி,FENCE
நனந்தலை,SPACIOUS
உலகம்,WORLD
செய்த,MADE
நன்று,GOOD
உண்டு,THERE_IS
எனின்,IF
அடையடுப்பு,BLOCKING
அறியா,NOT_KNOWING
அருவி,WATERFALL
ஆம்பல்,WATER_LILY
ஆயிர,THOUSAND
வெள்ள,MILLION
ஊழி,AGE
வாழியாத,LONG_LIVE
வாழிய,LONG_LIVE
பலவே,MANY
வலம்படு,RIGHTEOUS
முரசின்,DRUM
வாய்வாள்,MOUTH_SWORD
கொற்றத்து,VICTORY
பொலம்,GOLD
பூண்,ORNAMENT
வேந்தர்,KINGS
பலர்,MANY
தில்,INDEED
அம்ம,INDEED
அறம்,RIGHTEOUSNESS
கரைந்து,SPEAKING
வயங்கிய,SHINING
நாவின்,TONGUE
பிறங்கிய,ABUNDANT
உரை,WORD
சால்,POSSESSING
வேள்வி,SACRIFICE
முடித்த,COMPLETED
கேள்வி,LEARNING
அந்தணர்,BRAHMINS
அருங்கலம்,FINE_VESSELS
ஏற்ப,RECEIVING
நீர்,WATER
பட்ட,TOUCHED
இருஞ்சேறு,DARK_MUD
ஆடிய,BATHED
மணல்,SAND
மலி,ABUNDANT
முற்றத்து,COURTYARD
களிறு,ELEPHANT
நிலை,POSITION
முணைஇய,PRESSED
தார்,GARLAND
அருந்தகைப்பின்,DIFFICULT_NATURE
புறஞ்சிறை,OUTSIDE_WING
வயிரியர்க்,MINSTRELS
காணின்,IF_SEE
வல்லே,QUICKLY
எஃகு,SPEAR
படை,ARMY
அறுத்த,CUT
கொய்,PICKED
சுவல்,SHOULDER
புரவி,HORSE
அலங்கும்,WAVING
பாண்டில்,LAMP
இழை,JEWEL
அணிந்து,WEARING
ஈம்,GIVE
என,SAYING
ஆனாக்,UNCEASING
கொள்கையை,PRINCIPLE
ஆதலின்,BECAUSE
அவ்வயின்,THAT_PLACE
மா,GREAT
இரும்,DARK
விசும்பில்,SKY
பல்,MANY
மீன்,STAR
ஒளி,LIGHT
கெட,PERISHING
ஞாயிறு,SUN
தோன்றியாங்கு,APPEARED_LIKE
மாற்றார்,ENEMIES
உறு,TOUCHING
முரண்,OPPOSITION
சிதைத்த,DESTROYED
நின்,YOUR
நோன்,STRONG
தாள்,LEG
வாழ்த்திக்,PRAISING
காண்க,TO_SEE
வந்திசின்,I_CAME
கழல்,ANKLET
தொடி,BRACELET
அண்ணல்,CHIEFTAIN
மைபடு,DARK
மலர்க்,FLOWER
கழி,BACKWATER
மலர்ந்த,BLOOMED
நெய்தல்,WATER_LILY
இதழ்,PETAL
வனப்புற்ற,BEAUTIFUL
தோற்றமொடு,APPEARANCE
உயர்ந்த,ELEVATED
மழையினும்,RAIN
பெரும்,GREAT
பயம்,FRUIT
பொழிதி,SHOWER
அதனால்,THEREFORE
பசி,HUNGER
உடை,POSSESSING
ஒக்கலை,FAMILY
ஒரீஇ,REMOVING
இசை,FAME
மேந்தோன்றல்,EXCELLING_LORD
நின்,YOUR
பாசறையானே,BATTLE_CAMP
எறி,STRIKING
பிணம்,DEAD_BODY
இடறிய,STUMBLED
செம்மறுக்,RED
குளம்பின்,HOOF
பரி,HORSE
உடை,POSSESSING
நல்,GOOD
மா,HORSE
விரி,SPREADING
உளை,MANE
சூட்டி,PLACING
மலைத்த,FOUGHT
தெவ்வர்,ENEMIES
மறம்,VALOR
தபக்,REMOVING
கடந்த,CROSSED
காஞ்சி,KANCHI
சான்ற,POSSESSING
வயவர்,WARRIORS
பெரும,O_GREAT_ONE
வில்லோர்,BOWMEN
மெய்ம்மறை,TRUE_SECRET
சேர்ந்தோர்,JOINED_ONES
செல்வ,WEALTH
பூண்,ORNAMENT
அணிந்து,WEARING
எழிலிய,BEAUTIFUL
வனைந்து,FASHIONED
வரல்,COMING
இள,YOUNG
முலை,BREAST
மாண்,EXCELLENT
வரி,LINE
அல்குல்,LOINS
மலர்ந்த,BLOOMED
நோக்கின்,GAZE
வேய்,BAMBOO
புரைபு,RESEMBLING
எழிலிய,BEAUTIFUL
விளங்கு,SHINING
இறை,RAIN
பணைத்தோள்,BAMBOO_SHOULDER
காமர்,LOVE
கடவுளும்,GOD
ஆளும்,RULING
கற்பின்,CHASTITY
சேண்,FAR
நாறு,SCENT
நறு,FRAGRANT
நுதல்,FOREHEAD
சேயிழை,RED_JEWEL
கணவ,HUSBAND
பாணர்,MINSTRELS
புரவல,PATRON
பரிசிலர்,GIFT_RECEIVERS
வெறுக்கை,POSSESSIONS
பூண்,ORNAMENT
அணிந்து,WEARING
விளங்கிய,SHINING
புகழ்,FAME
சால்,POSSESSING
மார்ப,CHEST
நின்,YOUR
நாள்,DAY
மகிழ்,HAPPINESS
இருக்கை,SEAT
இனிது,SWEETLY
கண்டிகுமே,WE_WILL_SEE
தீம்,SWEET
தொடை,WREATH
நரம்பின்,STRING
பாலை,PALAI
வல்லோன்,CAPABLE_ONE
பையுள்,PAIN
உறுப்பின்,JOINT
பண்ணுப்,TUNE
பெயர்த்தாங்கு,CHANGED_LIKE
வேறு,DIFFERENT
செய்,DOING
மாரியின்,RAIN
அளிக்கும்,BESTOWS
நின்,YOUR
சாறுபடு,FESTIVE
திருவின்,PROSPERITY
நனை,SPROUTING
மகிழானே,HAPPINESS
வாங்கிரு,BENT
மருப்பின்,TUSK
தீம்தொடை,SWEET_WREATH
பழுனிய,RIPENED
இடன்,PLACE
உடைப்,POSSESSING
பேரியாழ்,GREAT_YAAL
பாலை,PALAI
பண்ணி,COMPOSING
படர்ந்தனை,SPREAD
செல்லும்,GOES
முதுவாய்,AGED_MOUTH
இரவல,BEGGAR
இடி,THUNDER
இசை,FAME
முரசமொடு,DRUM
ஒன்றுமொழிந்து,UNITING
ஒன்னார்,ENEMIES
வேல்,SPEAR
உடைக்,POSSESSING
குழூஉச்சமம்,GATHERING_BATTLE
ததைய,THICKENING
நூறிக்,DESTROYING
கொன்று,KILLING
புறம்பெற்று,OBTAINED_OUTSIDE
பிணம்,DEAD_BODY
பயில்,ABUNDANT
அழுவத்து,BATTLEFIELD
தொன்று,ANCIENT
திறை,TRIBUTE
தந்த,GIVEN
களிற்றொடு,ELEPHANT
நெல்லின்,RICE
அம்பண,MEASURE
அளவை,MEASURE
விரிந்து,SPREADING
உறை,DWELLING
போகிய,GONE
ஆர்,DIFFICULT
பதம்,PLACE
நல்கும்,BESTOWS
என்ப,SAY
கறுத்தோர்,ANGRY_ONES
உறு,TOUCHING
முரண்,OPPOSITION
தாங்கிய,BEARING
தார்,GARLAND
அருந்தகைப்பின்,DIFFICULT_NATURE
நாள்,DAY
மழைக்,RAIN
குழூஉச்சிமை,GATHERING_CLOUD
கடுக்கும்,RESEMBLES
தோன்றல்,LORD
தோல்,SKIN
மிசைத்து,UPON
எழுதரும்,RISING
விரிந்து,SPREADING
இலங்கு,SHINING
எஃகின்,SPEAR
தார்,GARLAND
புரிந்தன்ன,LOVED_LIKE
வாள்,SWORD
உடை,POSSESSING
விழவின்,FESTIVAL
போர்படு,WAR
மள்ளர்,WARRIORS
போந்தொடு,PALMYRA
தொடுத்த,JOINED
கடவுள்,GOD
வாகைத்,VAAGAI
துய்,SWEET
வீ,FLOWER
ஏய்ப்ப,SUITING
பூத்த,BLOOMED
முல்லைப்,JASMINE
புதல்,BUSH
சூழ்,SURROUNDING
பறவை,BIRD
கடத்திடை,FOREST
பிடவின்,PIDAVA_TREE
தொடைக்,WREATH
குலைச்,CLUSTER
சேக்கும்,RESTING
வான்,SKY
பளிங்கு,CRYSTAL
விரைஇய,MIXED
செம்பரல்,RED_PEBBLE
முரம்பின்,DRY_LAND
இலங்கு,SHINING
கதிர்த்,RAY
திரு,PROSPERITY
மணி,GEM
பெறூஉம்,RECEIVING
அகன்,WIDE
கண்,EYE
வைப்பின்,REGION
நாடு,COUNTRY
கிழவோனே,OWNER
கொடுமணம்,ILL_OMEN
பட்ட,TOUCHED
நெடுமொழி,LONG_WORD
ஒக்கலொடு,FAMILY
பந்தர்ப்,PANDAL
பெயரிய,RETURNED
பேரிசை,GREAT_FAME
மூதூர்க்,ANCIENT_CITY
கடன்,DUTY
அறி,KNOWING
மரபின்,TRADITION
கைவல்,HAND_SKILLED
பாண,MINSTREL
தெண்கடல்,CLEAR_SEA
முத்தமொடு,PEARL
நன்கலம்,FINE_VESSELS
பெறுகுவை,YOU_WILL_OBTAIN
கொல்படை,KILLING_ARMY
தெரிய,SELECTING
வெல்,VICTORIOUS
கொடி,BANNER
நுடங்க,WAVING
வயங்குகதிர்,SHINING_RAY
வயிரொடு,DIAMOND
வலம்புரி,CONCH
ஆர்ப்ப,SOUNDING
பல்,MANY
களிற்று,ELEPHANT
இன,HERD
நிரை,LINE
புலம்,FIELD
பெயர்ந்து,CHANGING
இயல்வர,WALK
அமர்க்,BATTLE
கண்,EYE
அமைந்த,CONTAINING
அவிர்,SHINING
நிணப்,FAT
பரப்பின்,EXPANSE
குழூஉ,GATHERING
சிறை,WING
எருவை,VULTURE
குருதி,BLOOD
ஆர,EATING
தலை,HEAD
துமிந்து,CUT
எஞ்சிய,REMAINING
ஆண்,MALE
மலி,ABUNDANT
யூபமொடு,SACRIFICIAL_POST
உருவில்,FORMLESS
பேய்,DEMON
மகள்,WOMAN
கவலை,JACKAL
கவற்ற,CAUSING_CONFUSION
நாடு,COUNTRY
உடன்,TOGETHER
நடுங்க,TREMBLING
பல்,MANY
செருக்,BATTLE
கொன்று,DESTROYING
நாறு,SCENT
இணர்க்,CLUSTER
கொன்றை,KONRAI
வெண்போழ்க்,WHITE_PIECE
கண்ணியர்,GARLANDED
வாள்,SWORD
முகம்,FACE
பொறித்த,ENGRAVED
மாண்,EXCELLENT
வரி,LINE
யாக்கையர்,BODY
நெறிபடு,STRAIGHT
மருப்பின்,TUSK
இருங்கண்,DARK_EYE
மூரியொடு,STRENGTH
வளைதலை,CURVED_HEAD
மாத்த,FEMALE
தாழ,HANGING
கரும்பு,SUGARCANE
பாசவர்,COOKS
எஃகு,SPEAR
ஆடு,DANCING
ஊனம்,FLESH
கடுப்ப,RESEMBLING
மெய்,BODY
சிதைந்து,DESTROYED
சாந்து,SANDAL
எழில்,BEAUTY
மறைத்த,HIDDEN
சான்றோர்,WISE_ONES
பெருமகன்,GREAT_SON
மலர்ந்த,BLOOMED
காந்தள்,KANTHAL
மாறாது,UNCHANGING
ஊதிய,BLOWN
கடும்,FAST
பறைத்,DRUM
தும்பி,BEETLE
சூர்,DEMON
நசைத்,DESIRING
தாஅய்,JOINING
பறை,DRUM
பண்,TUNE
அழியும்,DESTROYS
பாடு,SONG
சால்,POSSESSING
நெடு,LONG
வரை,MOUNTAIN
கல்,STONE
உயர்,HIGH
நேரிப்,NERI
பொருந,BEGGAR
செல்வக்,WEALTHY
கோமான்,KING
பாடினை,SANG
செலினே,IF_GO
கால்,WIND
கடிப்பு,BIT
ஆக,BEING
கடல்,SEA
ஒலித்தாங்கு,SOUNDED_LIKE
வேறு,DIFFERENT
புலத்து,FIELD
இறுத்த,ENCAMPED
கட்டூர்,BORDER_TOWN
நாப்பண்,MIDDLE
கடுஞ்சிலை,FIERCE_BOW
கடவும்,REMOVING
தழங்கு,RESOUNDING
குரல்,VOICE
முரசம்,DRUM
அகல்,WIDE
இரு,TWO
விசும்பின்,SKY
ஆகத்து,INSIDE
அதிர,THUNDERING
வெவ்வரி,FIERCE_LINE
நிலைஇய,ESTABLISHED
எயில்,FORTRESS
எறிந்து,STRIKING
அல்லது,EXCEPT
உண்ணாது,NOT_EATING
அடுக்கிய,HEAPED
பொழுது,TIME
பல,MANY
கழிய,PASSING
நெஞ்சு,HEART
புகல்,REFUGE
ஊக்கத்தர்,ASPIRING
மெய்,BODY
தயங்கு,SHAKING
உயக்கத்து,CONFUSION
இன்னார்,SWEET_ONES
உறையுள்,DWELLING
தாம்,THEY
பெறின்,IF_OBTAIN
அல்லது,EXCEPT
வேந்து,KING
ஊர்,VILLAGE
யானை,ELEPHANT
வெண்கோடு,WHITE_TUSK
கொண்டு,TAKING
கள்,WINE
கொடி,BANNER
நுடங்கும்,WAVING
ஆவணம்,MARKET
புக்கு,ENTERING
உடன்,TOGETHER
அருங்கள்,RARE_WINE
நொடைமை,WORD
தீர்ந்த,ENDED
பின்,AFTER
மகிழ்,HAPPINESS
சிறந்து,EXCELLING
நாமம்,INJURY
அறியா,NOT_KNOWING
ஏம,PROTECTION
வாழ்க்கை,LIFE
வட,NORTH
புலம்,FIELD
வாழ்நரின்,LIVERS
பெரிது,GREATLY
அமர்ந்து,LOVING
அல்கலும்,DAILY
இன்னகை,SWEET_SMILE
மேய,ABIDING
பல்,MANY
உறை,DWELLING
பெறுப,MAY_THEY_OBTAIN
கொல்,PERHAPS
பாயல்,SLEEP
இன்மையின்,LACK
பாசிழை,GRASS_JEWEL
ஞெகிழ,FALLING
நெடு,LONG
மண்,EARTH
இஞ்சி,FORTRESS
நீள்,LONG
நகர்,CITY
வரைப்பின்,REGION
ஓவு,PAINTING
உறழ்,RESEMBLING
நெடும்,LONG
சுவர்,WALL
நாள்,DAY
பல,MANY
எழுதி,WRITING
செவ்விரல்,RED_FINGER
சிவந்த,RED
அவ்வரி,THAT_LINE
குடைச்சூல்,UMBRELLA_PREGNANCY
அணங்கு,FEARSOME
எழில்,BEAUTY
அரிவையர்ப்,WOMEN
பிணிக்கும்,BINDING
மணம்,FRAGRANCE
கமழ்,SCENTED
மார்ப,CHEST
நின்,YOUR
தாள்,LEG
நிழலோரே,SHADE_PEOPLE
மலை,MOUNTAIN
உறழ்,RESEMBLING
யானை,ELEPHANT
வான்,SKY
தோய்,TOUCHING
வெல்,VICTORIOUS
கொடி,BANNER
வரை,MOUNTAIN
மிசை,UPON
அருவியின்,WATERFALL
வயின்,EACH
வயின்,EACH
நுடங்க,WAVING
கடல்போல்,SEA_LIKE
தானை,ARMY
கடுங்குரல்,LOUD_VOICE
முரசம்,DRUM
கால்,WIND
உறு,TOUCHING
கடலின்,SEA
கடிய,STRICTLY
உரற,SOUNDING
எறிந்து,STRIKING
சிதைந்த,DESTROYED
வாள்,SWORD
இலை,LEAF
தெரிந்த,SELECTED
வேல்,SPEAR
பாய்ந்து,SPRINGING
ஆய்ந்த,SELECTED
மா,HORSE
ஆய்ந்து,SELECTING
தெரிந்த,CHOSEN
புகல்,REFUGE
மறவரொடு,WARRIORS
படுபிணம்,DEAD_BODY
பிறங்க,ABUNDANT
நூறி,DESTROYING
பகைவர்,ENEMIES
கெடு,PERISH
குடி,FAMILY
பயிற்றிய,PRACTICED
கொற்ற,VICTORIOUS
வேந்தே,KING
நின்,YOUR
போல்,LIKE
அசைவில்,STEADFAST
கொள்கையர்,PRINCIPLED
ஆகலின்,BECAUSE
அசையாது,UNSHAKEN
ஆண்டோர்,THERE
மன்ற,INDEED
இம்,THIS
மண்,EARTH
கெழு,POSSESSING
ஞாலம்,WORLD
நிலம்,EARTH
பயம்,FRUIT
பொழிய,SHOWERING
சுடர்,LIGHT
சினம்,ANGER
தணிய,COOLING
பயங்கெழு,FRUIT_POSSESSING
வெள்ளி,STAR
ஆநியம்,COW_BELL
நிற்ப,STANDING
விசும்பு,SKY
மெய்,BODY
அகல,WIDENING
பெயல்,RAIN
புரவு,PROTECTION
எதிர,OPPOSITE
நால்,FOUR
வேறு,DIFFERENT
நனந்தலை,SPACIOUS
ஓராங்கு,TOGETHER
நந்த,INCREASING
இலங்கு,SHINING
கதிர்த்,RAY
திகிரி,WHEEL
முந்திசினோரே,PRECEDED
களிறு,ELEPHANT
கடைஇய,DRIVEN
தாள்,LEG
மா,HORSE
உடற்றிய,PRESSED
வடிம்பு,SHARP_EDGE
சமம்,BATTLEFIELD
ததைந்த,THICK
வேல்,SPEAR
கல்,STONE
அலைத்த,STRUCK
தோள்,SHOULDER
வில்,BOW
அலைத்த,STRUCK
நல்,GOOD
வலத்து,STRENGTH
வண்டு,BEE
இசை,SOUND
கடாவாத்,NOT_DRIVING
தண்,COOL
பனம்,PALMYRA
போந்தைக்,PALMYRA
குவி,BENT
முகிழ்,BUD
ஊசி,NEEDLE
வெண்தோடு,WHITE_CLUSTER
கொண்டு,TAKING
தீம்,SWEET
சுனை,SPRING
நீர்,WATER
மலர்,FLOWER
மலைந்து,WEARING
மதஞ்,PRIDE
செருக்கி,PRIDING
உடை,BREAKING
நிலை,POSITION
நல்,GOOD
அமர்,BATTLE
கடந்து,CROSSING
மறம்,VALOR
கெடுத்து,DESTROYING
கடுஞ்சின,FIERCE_ANGER
வேந்தர்,KINGS
செம்மல்,CHIEF
தொலைத்த,DESTROYED
வலம்படு,RIGHTEOUS
வான்,SKY
கழல்,ANKLET
வயவர்,WARRIORS
பெரும,O_GREAT_ONE
நகையினும்,EVEN_IN_LAUGHTER
பொய்யா,NOT_FALSE
வாய்மைப்,TRUTH
பகைவர்,ENEMIES
புறஞ்சொல்,OUTSIDE_WORD
கேளாப்,NOT_HEARING
புரை,FLAW
தீர்,PURE
ஒண்மைப்,BRIGHTNESS
பெண்மை,FEMININITY
சான்று,POSSESSING
பெருமடம்,GREAT_GENTLENESS
நிலைஇ,ESTABLISHING
கற்பு,CHASTITY
இறை,RAIN
கொண்ட,TAKING
கமழும்,FRAGRANT
சுடர்,RADIANT
நுதல்,FOREHEAD
புரையோள்,NOBLE_WOMAN
கணவ,HUSBAND
பூண்,ORNAMENT
கிளர்,SHINING
மார்ப,CHEST
தொலையாக்,IMPERISHABLE
கொள்கை,PRINCIPLE
சுற்றம்,FAMILY
சுற்ற,SURROUNDING
வேள்வியின்,SACRIFICE
கடவுள்,GOD
அருத்தினை,FED
கேள்வி,LEARNING
உயர்நிலை,HIGH_PLACE
உலகத்து,WORLD
ஐயர்,ELDERS
இன்புறுத்தினை,MADE_HAPPY
வணங்கிய,BOWED
சாயல்,GENTLENESS
வணங்கா,NOT_BOWING
ஆண்மை,MASCULINITY
இளந்துணை,YOUNG_COMPANION
புதல்வரின்,CHILDREN
முதியர்ப்,ELDERS
பேணி,CHERISHING
தொல்,ANCIENT
கடன்,DUTY
இறுத்த,PERFORMED
வெல்,VICTORIOUS
போர்,WAR
அண்ணல்,CHIEFTAIN
மாடோர்,HOUSES
உறையும்,DWELLING
உலகமும்,WORLD
கேட்ப,HEARING
இழும்,SOUND
என,SAYING
இழிதரும்,DESCENDING
பறைக்,DRUM
குரல்,VOICE
அருவி,WATERFALL
முழு,ENTIRE
முதல்,BASE
மிசைய,UPON
கோடுதொறும்,EACH_PEAK
துவன்றும்,ABUNDANT
அயிரை,FISH
நெடுவரை,LONG_MOUNTAIN
போல,LIKE
தொலையாது,IMPERISHABLE
ஆக,BEING
நீ,YOU
வாழும்,LIVE
நாளே,DAY
பதிகம்,PREFACE
மடியா,NOT_LAZY
உள்ளமொடு,HEART
மாற்றோர்ப்,ENEMIES
பிணித்த,BINDING
நெடு,LONG
நுண்,FINE
கேள்வி,LEARNING
அந்துவற்கு,ANTHUVAN
ஒரு,ONE
தந்தை,FATHER
ஈன்ற,BIRTHED
மகள்,DAUGHTER
பொறையன்,PORAIYAN
பெருந்தேவி,GREAT_QUEEN
ஈன்ற,BIRTHED
மகன்,SON
நாடு,COUNTRY
பதிபடுத்து,ESTABLISHING
நண்ணார்,ENEMIES
ஓட்டி,CHASING
வெருவரு,TERRIBLE
தானை,ARMY
கொடு,GIVING
செருப்,BATTLE
பல,MANY
கடந்து,CROSSING
ஏத்தல்,PRAISING
சான்ற,POSSESSING
இடன்,PLACE
உடை,POSSESSING
வேள்வி,SACRIFICE
ஆக்கிய,CREATED
பொழுதின்,TIME
அறம்,RIGHTEOUSNESS
துறை,REALM
போகி,GOING
மாய,MYSTERIOUS
வண்ணனை,COLORED_ONE
மனன்,MIND
உற,TOUCHING
பெற்றவற்கு,TO_THE_ONE_WHO_OBTAINED
ஓத்திர,THREAD
நெல்லின்,RICE
ஒகந்தூர்,OKANDUR
ஈத்து,GIVING
புரோசு,PROS
மயக்கி,CONFUSING
மல்லல்,ABUNDANCE
உள்ளமொடு,HEART
மாசற,FLAWLESS
விளங்கிய,SHINING
செல்வக்கடுங்கோ,SELVAKADUNGO
வாழியாதனை,VAZHIYATHAN
கபிலர்,KAPILAR
பாடினார்,SANG
பத்துப்பாட்டு,TEN_SONGS
அறாஅ,UNCEASING
யாணர்,RENEWAL
அகன்,WIDE
கண்,EYE
செறுவின்,FIELD
அருவி,WATERFALL
ஆம்பல்,WATER_LILY
நெய்தலொடு,WATER_LILY
அரிந்து,CUTTING
செறு,POND
வினை,WORK
மகளிர,WOMEN
மலிந்த,ABUNDANT
வெக்கை,HEAT
பரூஉப்பகடு,LARGE_SHIELD
உதிர்த்த,SHED
மென்,SOFT
செந்நெல்லின்,RED_RICE
அம்பண,MEASURE
அளவை,MEASURE
உறை,DWELLING
குவித்தாங்கு,HEAPED_LIKE
கடுந்தேறு,STRONG_FORD
உறு,TOUCHING
கிளை,RELATIVES
மொசிந்தன,CROWDED
துஞ்சும்,SLEEPING
செழுங்கூடு,PROSPEROUS_NEST
கிளைத்த,SHOUTED
இளந்துணை,YOUNG_COMPANION
மகாரின்,CHILDREN
அலந்தனர்,SUFFERED
பெரும,O_GREAT_ONE
நின்,YOUR
உடற்றியோரே,ANGRY_ONES
ஊர்,VILLAGE
எரி,FIRE
கவர,SEIZING
உருத்து,ANGRY
எழுந்து,RISING
உரைஇ,SPEAKING
போர்,WAR
சுடு,BURNING
கமழ்,FRAGRANT
புகை,SMOKE
மாதிரம்,DIRECTIONS
மறைப்ப,HIDING
மதில்வாய்த்,WALL_GATE
தோன்றல்,LORD
ஈயாது,NOT_GIVING
தம்,THEIR
பழி,BLAME
ஊக்குநர்,ASPIRANTS
குண்டு,DEEP
கண்,EYE
அகழிய,MOAT
குறுந்தாள்,SHORT_LEG
ஞாயில்,WALL
ஆர்,DIFFICULT
எயில்,FORTRESS
தோட்டி,GOAD
வெளவினை,STOLE
ஏறொடு,BULL
கன்று,CALF
உடை,POSSESSING
ஆயம்,GROUP
தாண,LEAPING
இப்,THIS
புகல்,REFUGE
சிறந்து,EXCELLING
புலவு,ROTTEN
வில்,BOW
இளையர்,YOUTHS
அங்கை,PALM
விடுப்ப,RELEASING
மத்து,CHURNING_ROD
கயிறு,ROPE
ஆடா,NOT_DANCING
வைகல்,DAY
பொழுது,TIME
நினையூஉ,THINKING
ஆன்,COW
பயம்,FRUIT
வாழ்நர்,LIVERS
கழுவுள்,BATTLEFIELD
தலைமடங்க,HEAD_TURNING
பதி,PLACE
பாழ்,WASTE
ஆக,BEING
வேறு,DIFFERENT
புலம்,FIELD
படர்ந்து,SPREADING
விருந்தின்,STRANGER
வாழ்க்கையொடு,LIFE
பெருந்திரு,GREAT_WEALTH
அற்றென,LOST_SAYING
அருஞ்சமத்து,DIFFICULT_BATTLE
அரு,RARE
நிலை,POSITION
தாங்கிய,BEARING
புகர்,SPOT
நுதல்,FOREHEAD
பெரும்,GREAT
களிற்று,ELEPHANT
யானையொடு,ELEPHANT
அருங்கலம்,FINE_VESSELS
தராஅர்,NOT_GIVING
மெய்பனி,BODY_DEW
கூரா,NOT_PIERCING
அணங்கு,FEARSOME
என,SAYING
பராவலின்,PRAISING
பலி,OFFERING
கொண்டு,TAKING
பெயரும்,RETURNS
பாசம்,AFFECTION
போல,LIKE
திறை,TRIBUTE
கொண்டு,TAKING
பெயர்தி,YOU_RETURN
வாழ்க,LONG_LIVE
நின்,YOUR
ஊழி,AGE
உரவரும்,STRONG_ONES
மடவரும்,IGNORANT_ONES
அறிவு,WISDOM
தெரிந்து,KNOWING
எண்ணி,COUNTING
அறிந்தனை,KNOWING
அருளாய்,COMPASSION
ஆயின்,IF
யார்,WHO
இவண்,HERE
நெடுந்தகை,GREAT_LORD
வாழுமோரே,LIVERS
இகல்,CONFLICT
பெருமையின்,GREATNESS
படை,ARMY
கோள்,TAKING
அஞ்சார்,NOT_FEARING
சூழாது,NOT_PLANNING
துணிதல்,DECIDING
அல்லது,EXCEPT
வறிது,EMPTY
உடன்,TOGETHER
காவல்,GUARD
எதிரார்,NOT_OPPOSING
கறுத்தோர்,ANGRY_ONES
நாடு,COUNTRY
நின்,YOUR
முன்,FRONT
திணை,REGION
முதல்வர்க்கு,TO_ANCESTORS
ஓம்பினர்,GUARDED
உறைந்து,DWELLING
மன்பதை,MANKIND
காப்ப,PROTECTING
அறிவு,WISDOM
வலியுறுத்தும்,INSISTS
நன்று,GOOD
அறி,KNOWING
உள்ளத்து,HEART
சான்றோர்,WISE_ONES
அன்ன,LIKE
நின்,YOUR
பண்பு,CHARACTER
நன்கு,WELL
அறியார்,NOT_KNOWING
மடம்,IGNORANCE
பெருமையின்,GREATNESS
துஞ்சல்,SLEEP
உறூஉம்,CAUSING
பகல்,DAY
புகு,ENTER
மாலை,EVENING
நிலம்,EARTH
பொறை,BURDEN
ஒராஅ,BEARING
நீர்,WATER
ஞெமர,HEAT
வந்து,COMING
ஈண்டி,GATHERING
உரவுத்,STRONG
திரை,WAVE
கடுகிய,SPEEDING
உருத்து,ANGRY
எழு,RISING
வெள்ளம்,FLOOD
வரையா,NOT_LIMITING
மாதிரத்து,DIRECTIONS
இருள்,DARKNESS
சேர்பு,JOINING
பரந்து,SPREADING
ஞாயிறு,SUN
பட்ட,TOUCHED
அகன்றுவரு,WIDENING
கூட்டத்து,GATHERING
அம்,BEAUTIFUL
சாறு,FESTIVAL
புரையும்,RESEMBLES
நின்,YOUR
தொழில்,WORK
ஒழித்து,CEASING
பொங்கு,RISING
பிசிர்,SPRAY
நுடக்கிய,WAVED
செஞ்சுடர்,RED_LIGHT
நிகழ்வின்,OCCURRENCE
மடங்கல்,LION
தீயின்,FIRE
அனையை,LIKE
சினம்,ANGER
கெழு,POSSESSING
குருசில்,PRINCE
நின்,YOUR
உடற்றிசினோர்க்கே,FOR_ANGRY_ONES
உரவோர்,STRONG_ONES
எண்ணினும்,EVEN_IF_COUNT
மடவோர்,IGNORANT_ONES
எண்ணினும்,EVEN_IF_COUNT
பிறர்க்கு,FOR_OTHERS
நீ,YOU
வாயின்,IF_SPEAK
அல்லது,EXCEPT
நினக்கு,FOR_YOU
பிறர்,OTHERS
உவமம்,COMPARISON
ஆகா,NOT_BE
ஒரு,ONE
பெரு,GREAT
வேந்தே,KING
மருதம்,MARUTHAM_TREE
சான்ற,POSSESSING
மலர்தலை,FLOWER_HEAD
விளை,GROWING
வயல்,FIELD
செய்யுள்,POEM
நாரை,HERON
ஒய்யும்,RESTING
மகளிர,WOMEN
இரவும்,NIGHT
பகலும்,DAY
பாசிழை,GRASS_JEWEL
களையார்,NOT_REMOVING
குறும்,SHORT
பல்,MANY
யாணர்க்,RENEWAL
குரவை,KURAVAI_DANCE
அயரும்,PERFORMING
காவிரி,KAVERI
மண்டிய,GATHERED
சேய்,RED
விரி,SPREADING
வனப்பின்,BEAUTY
புகாஅர்ச்,PUGAR
செல்வ,WEALTH
பூழியர்,ATTENDANTS
மெய்ம்மறை,TRUE_SECRET
கழை,BAMBOO
விரிந்து,SPREADING
எழுதரு,RISING
மழை,RAIN
தவழ்,CRAWLING
நெடுங்கோட்டுக்,LONG_PEAK
கொல்லிப்,KOLLI_HILLS
பொருந,BEGGAR
கொடித்,BANNER
தேர்ப்,CHARIOT
பொறைய,PORAIYA
நின்,YOUR
வளனும்,WEALTH
ஆண்மையும்,MASCULINITY
கை,HAND
வண்மையும்,GENEROSITY
மாந்தர்,PEOPLE
அளவு,MEASURE
இறந்தன,EXCEEDED
என,SAYING
பல்,MANY
நாள்,DAY
யான்,I
சென்று,GOING
உரைப்பவும்,SPEAKING
தேறார்,NOT_BELIEVING
பிறரும்,OTHERS
சான்றோர்,WISE_ONES
உரைப்பத்,SPEAKING
தெளிகுவர்,WILL_BELIEVE
கொல்லென,PERHAPS
ஆங்கு,THERE
மதி,MIND
மருள,CONFUSED
காண்குவல்,I_WILL_SEE
யாங்கு,HOW
உரைப்பேன்,I_WILL_SPEAK
என,SAYING
வருந்துவல்,I_SUFFER
யானே,I
கேள்வி,LEARNING
கேட்டு,HEARING
படிவம்,IMAGE
ஒடியாது,NOT_BREAKING
வேள்வி,SACRIFICE
வேட்டனை,YOU_PERFORMED
உயர்ந்தோர்,ELEVATED_ONES
உவப்ப,DELIGHTING
சாய்,GENTLE
அறல்,STREAM
கடுக்கும்,RESEMBLING
தாழ,HANGING
இருங்கூந்தல்,DARK_HAIR
வேறுபடு,DIFFERENT
திருவின்,PROSPERITY
நின்,YOUR
வழி,PATH
வாழியர்,LIVE
கொடுமணம்,ILL_OMEN
பட்ட,TOUCHED
வினை,WORK
மாண்,EXCELLENT
அருங்கலம்,FINE_VESSELS
பந்தர்ப்,PANDAL
பயந்த,PRODUCED
பலர்,MANY
புகழ்,FAME
முத்தம்,PEARL
வரை,MOUNTAIN
அகம்,INSIDE
நண்ணி,APPROACHING
குறும்,SHORT
பொறை,BURDEN
நாடித்,SEEKING
தெரியுநர்,SELECTORS
கொண்ட,TAKEN
சிரறு,GRAVEL
உடைப்,POSSESSING
பைம்பொறிக்,GREEN_MARK
கவை,BRANCH
மரம்,TREE
கடுக்கும்,RESEMBLING
கவலைய,BRANCHED
மருப்பின்,TUSK
புள்ளி,SPOT
இரலைத்,STAG
தோல்,SKIN
ஊன்,FLESH
உதிர்த்துத்,SHEDDING
தீது,EVIL
களைந்து,REMOVING
எஞ்சிய,REMAINING
திகழ்,SHINING
விடு,EMITTING
பாண்டில்,LAMP
பருதி,SUN
போகிய,GONE
புடை,SIDE
கிளை,RELATIVES
கட்டி,TYING
எஃகு,SPEAR
உடை,POSSESSING
இரும்பின்,IRON
உள்,INSIDE
அமைத்து,ARRANGING
வல்லோன்,CAPABLE_ONE
சூடு,HEAT
நிலை,POSITION
உற்று,ATTAINING
சுடர்விடு,RADIATING
தோற்றம்,APPEARANCE
விசும்பு,SKY
ஆடு,DANCING
மரபின்,TRADITION
பருந்து,EAGLE
ஊறு,OBSTACLE
அளப்ப,MEASURING
நலம்,GOODNESS
பெறு,OBTAIN
திருமணி,GEM
கூட்டு,JOIN
நல்,GOOD
தோள்,SHOULDER
ஒடுங்கு,HUMBLE
ஈர்,MOIST
ஓதி,HAIR
ஒண்ணுதல்,BRIGHT_FOREHEAD
கருவில்,IN_WOMB
எண்,NUMBER
இயல்,NATURE
முற்றி,COMPLETING
ஈர்,TWO
அறிவு,WISDOM
புரிந்து,LOVING
சால்பும்,NOBILITY
செம்மையும்,RIGHTEOUSNESS
உளப்பட,INCLUDING
பிறவும்,OTHERS
காவற்கு,FOR_PROTECTION
அமைந்த,CONTAINING
அரசு,KING
துறை,REALM
போகிய,GONE
வீறு,GRANDEUR
சால்,POSSESSING
புதல்வன்,SON
பெற்றனை,YOU_OBTAINED
இவணர்க்கு,FOR_THESE
அருங்கடன்,RARE_DUTY
இறுத்த,PERFORMED
செருப்புகல்,BATTLE
முன்ப,FRONT
அன்னவை,SUCH_THINGS
மருண்டனென்,I_WAS_CONFUSED
அல்லேன்,NOT
நின்,YOUR
வயின்,PLACE
முழுது,ENTIRE
உணர்ந்து,KNOWING
ஒழுக்கும்,PRACTICING
நரை,GREY
மூதாளனை,AGED_ONE
வண்மையும்,GENEROSITY
மாண்பும்,EXCELLENCE
வளனும்,WEALTH
எச்சமும்,REMAINING
தெய்வமும்,GOD
யாவதும்,ALL
தவம்,PENANCE
உடையோர்க்கு,FOR_POSSESSORS
என,SAYING
வேறுபடு,DIFFERENT
நனந்தலை,SPACIOUS
பெயர,RETURNING
கூறினை,YOU_SAID
பெரும,O_GREAT_ONE
நின்,YOUR
படிமையானே,NATURE
இரும்புலி,GREAT_TIGER
கொன்று,KILLING
பெருங்களிறு,GREAT_ELEPHANT
அடூஉம்,KILLING
அரும்,RARE
பொறி,MARK
வயமான்,STRONG_DEER
அனையை,LIKE
பல்,MANY
வேல்,SPEAR
பொலந்தார்,GOLDEN_GARLAND
யானை,ELEPHANT
இயல்,NATURE
தேர்ப்,CHARIOT
பொறைய,PORAIYA
வேந்தரும்,KINGS
வேளிரும்,CHIEFTAINS
பிறரும்,OTHERS
கீழ்ப்,BELOW
பணிந்து,BOWING
நின்,YOUR
வழிப்படாஅர்,NOT_FOLLOWING
ஆயின்,IF
நெல்,RICE
மிக்கு,EXCEEDING
அறையுறு,SOUNDING
கரும்பின்,SUGARCANE
தீம்,SWEET
சேற்று,MUD
யாணர்,RENEWAL
வருநர்,COMERS
வரையா,NOT_LIMITING
வளம்,WEALTH
வீங்கு,SWELLING
இருக்கை,SEAT
வன்புலம்,HARD_FIELD
தழீஇ,EMBRACING
மென்பால்,SOFT_SIDE
தோறும்,EACH
அரும்பறை,RARE_DRUM
வினைஞர்,WORKERS
புல்,GRASS
இகல்படுத்து,CAUSING_CONFLICT
கள்ளுடை,WINE_POSSESSING
நியமத்து,MARKET
ஒள்,BRIGHT
விலை,PRICE
கொடுக்கும்,GIVES
வெள்,WHITE
வரகு,FINGER_MILLET
உழுத,PLOWED
கொள்,TAKING
உடைக்,POSSESSING
கரம்பை,BOUNDARY
செந்நெல்,RED_RICE
வல்சி,FOOD
அறியார்,NOT_KNOWING
தத்தம்,THEIR_OWN
பாடல்,SONG
சான்ற,POSSESSING
வைப்பின்,REGION
நாடு,COUNTRY
உடன்,TOGETHER
ஆள்தல்,RULING
யாவணது,HOW_IS_IT_POSSIBLE
அவர்க்கே,FOR_THEM
களிறு,ELEPHANT
உடைப்,POSSESSING
பெருஞ்சமம்,GREAT_BATTLEFIELD
ததைய,THICKENING
எஃகு,SPEAR
உயர்த்து,RAISING
ஒளிறு,SHINING
வாள்,SWORD
மன்னர்,KINGS
துதை,PRESSED
நிலை,POSITION
கொன்று,DESTROYING
முரசு,DRUM
கடிப்பு,BIT
அடைய,REACHING
அருந்துறை,DIFFICULT_FORD
போகி,GOING
பெரும்,GREAT
கடல்,SEA
நீந்திய,SWAM
மரம்,TREE
வலியுறுக்கும்,STRENGTHENS
பண்ணிய,MADE
விலைஞர்,SELLERS
போல,LIKE
புண்,WOUND
ஒரீஇ,REMOVING
பெரும்,GREAT
கை,HAND
தொழுதியின்,HERD
வன்,HARD
துயர்,SORROW
கழிப்பி,REMOVING
இரந்தோர்,BEGGARS
வாழ,LIVE
நல்கி,BESTOWING
இரப்போர்க்கு,FOR_BEGGARS
ஈதல்,GIVING
தண்டா,NOT_TIRING
மா,GREAT
சிதறு,SCATTERING
இருக்கை,SEAT
கண்டனென்,I_SAW
செல்கு,GO
வந்தனென்,I_CAME
கால்,WIND
கொண்டு,TAKING
கருவி,CLOUD
வானம்,SKY
தண்,COOL
தளி,RAIN
சொரிந்தென,SHOWERED_LIKE
பல்,MANY
விதை,SEED
உழவின்,AGRICULTURE
சில்,FEW
ஏராளர்,PLOUGHERS
பனித்,COLD
துறைப்,FORD
பகன்றை,PAGANDAL
பாங்கு,BEAUTY
உடைத்,POSSESSING
தெரியல்,GARLAND
கழுவுறு,WASHED
கலிங்கம்,CLOTH
கடுப்ப,RESEMBLING
சூடி,WEARING
இலங்கு,SHINING
கதிர்த்,RAY
திருமணி,GEM
பெறூஉம்,RECEIVING
அகன்,WIDE
கண்,EYE
வைப்பின்,REGION
நாடு,COUNTRY
கிழவோயே,OWNER
எனை,WHAT
பெரும்,GREAT
படையனோ,ARMY_HAVING
சினப்போர்ப்,ANGRY_WAR
பொறையன்,PORAIYAN
என்றனிர்,YOU_SAID
ஆயின்,IF
ஆறு,PATH
செல்,GOING
வம்பலீர்,STRANGERS
மன்பதை,MANKIND
பெயர,CHANGING
அரசு,KING
களத்து,BATTLEFIELD
ஒழிய,LEAVING
கொன்று,KILLING
தோள்,SHOULDER
ஓச்சிய,SWUNG
வென்று,VICTORIOUS
ஆடு,DANCING
துணங்கை,DANCE
மீ,UPON
பிணத்து,DEAD_BODY
உருண்ட,ROLLED
தேயா,NOT_DIMINISHING
ஆழியின்,WHEEL
பண்,TUNE
அமை,CONTAINING
தேரும்,CHARIOT
மாவும்,HORSE
மாக்களும்,PEOPLE
எண்ணற்கு,TO_COUNT
அருமையின்,RARITY
எண்ணின்றோ,COUNT
இலனே,NOT_HAVING
கந்து,STAKE
கோள்,TAKING
ஈயாது,NOT_GIVING
காழ்,STRENGTH
பல,MANY
முருக்கி,DESTROYING
உகக்கும்,FALLING
பருந்தின்,VULTURE
நிலத்து,EARTH
நிழல்,SHADOW
சாடி,STRIKING
சேண்,FAR
பரல்,GRAVEL
முரம்பின்,DRY_LAND
ஈர்ம்,MOIST
படைக்,ARMY
கொங்கர்,KONGAR
ஆ,COW
பரந்தன்ன,SPREAD_LIKE
செலவின்,GOING
பல்,MANY
யானை,ELEPHANT
காண்பல்,I_WILL_SEE
அவன்,HIS
தானையானே,ARMY
வலம்படு,RIGHTEOUS
முரசின்,DRUM
இலங்குவன,SHINING_THINGS
விழூஉம்,FALLING
அவ்வெள்,THAT_WHITE
அருவி,WATERFALL
உவ்வரை,THAT_MOUNTAIN
அதுவே,THAT
சில்,FEW
வளை,CONCH
விறலி,DANCER
செல்குவை,WILL_GO
ஆயின்,IF
வள்,SHARP
இதழ்த்,PETAL
தாமரை,LOTUS
நெய்தலொடு,WATER_LILY
அரிந்து,CUTTING
மெல்லியல்,SOFT_NATURE
மகளிர,WOMEN
ஒல்குவனர்,SWAYING
இயலிக்,WALKING
கிளி,PARROT
கடி,GUARDED
மேவலர்,LOVERS
புறவு,GROVE
தொறும்,EACH
நுவல,SPEAKING
பல்,MANY
பயன்,FRUIT
நிலைஇய,ESTABLISHED
கடறு,SEA
உடை,POSSESSING
வைப்பின்,REGION
வெல்போர்,VICTORIOUS_WAR
ஆடவர்,MEN
மறம்,VALOR
புரிந்து,LOVING
காக்கும்,GUARDING
வில்,BOW
பயில்,ABUNDANT
இறும்பின்,HILL_FOREST
தகடூர்,THAGADUR
நூறி,DESTROYING
பேஎமன்ற,TERRIBLE
பிறழ,GLISTENING
நோக்கியவர்,LOOKERS
ஓடு,BONE
உறு,TOUCHING
கடுமுரண்,FIERCE_OPPOSITION
துமிய,BREAKING
சென்று,GOING
வெம்முனை,FIERCE_BATTLEFRONT
தபுத்த,REMOVED
காலைத்,TIME
தம்,THEIR
நாட்டு,COUNTRY
யாடு,GOAT
பரந்தன்ன,SPREAD_LIKE
மாவின்,HORSE
ஆ,COW
பரந்தன்ன,SPREAD_LIKE
யானையோன்,ELEPHANT_OWNER
குன்றே,HILL
உயிர்,LIFE
போற்றலையே,NOT_PROTECTING
செருவத்தானே,BATTLE
கொடை,GIFT
போற்றலையே,NOT_PROTECTING
இரவலர்,BEGGARS
நடுவண்,MIDDLE
பெரியோர்ப்,GREAT_ONES
பேணி,CHERISHING
சிறியோரை,SMALL_ONES
அளித்தி,YOU_BESTOW
நின்,YOUR
வயின்,PLACE
பிரிந்த,SEPARATED
நல்,GOOD
இசை,FAME
கனவினும்,IN_DREAM
பிறர்,OTHERS
நசை,DESIRE
அறியா,NOT_KNOWING
வயங்கு,SHINING
செந்நாவின்,RED_TONGUE
படியோர்த்,PEOPLE
தேய்த்த,DIMINISHED
ஆண்மைத்,MASCULINITY
தொடியோர்,BRACELETED_ONES
தோளிடை,SHOULDER
குழைந்த,BENT
கோதை,GARLAND
மார்ப,CHEST
அனைய,SUCH
அளப்பு,MEASURE
அருங்குரையை,DIFFICULT_ONE
அதனால்,THEREFORE
நின்னொடு,WITH_YOU
வாரார்,NOT_COMING
தம்,THEIR
நிலத்து,EARTH
ஒழிந்து,LEAVING
கொல்,KILLING
களிற்று,ELEPHANT
யானை,ELEPHANT
எருத்தம்,NECK
புல்லென,BECOMING_DRY
வில்,BOW
குலை,CLUSTER
அறுத்து,CUTTING
கோலின்,ROD
வாரா,NOT_COMING
வெல்,VICTORIOUS
போர்,WAR
வேந்தர்,KINGS
முரசு,DRUM
கண்,EYE
போழ்ந்து,PIERCING
அவர்,THEIR
அரசு,KINGSHIP
உவா,MOON
அழைப்ப,CALLING
கோடு,HORN
அறுத்து,CUTTING
இயற்றிய,MADE
அணங்கு,FEARSOME
உடை,POSSESSING
மரபின்,TRADITION
கட்டில்,BED
மேல்,UPON
இருந்து,SITTING
தும்பை,THUMBAI
சான்ற,POSSESSING
மெய்,BODY
தயங்கு,SHAKING
உயக்கத்து,CONFUSION
நிறம்படு,COLOR
குருதி,BLOOD
புறம்படின்,OUTSIDE
அல்லது,EXCEPT
மடை,CHANNEL
எதிர்கொள்ளா,NOT_CONFRONTING
அஞ்சுவரு,FEARFUL
மரபின்,TRADITION
கடவுள்,GOD
அயிரையின்,AIRAI
நிலைஇ,ESTABLISHING
கேடில,IMPERISHABLE
ஆக,BEING
பெரும்,GREAT
நின்,YOUR
புகழே,FAME
வான்,SKY
மருப்பின்,TUSK
களிற்று,ELEPHANT
யானை,ELEPHANT
மா,GREAT
மலையின்,MOUNTAIN
கணண்,HERD
கொண்டு,TAKING
அவர்,THEY
எடுத்து,RAISING
எறிந்த,STRUCK
விறல்,VICTORY
முரசம்,DRUM
கார்,RAIN
மழையின்,CLOUD
கடிது,QUICKLY
முழங்க,RESOUNDING
சாந்து,SANDAL
புலர்ந்த,DRIED
வியல்,WIDE
மார்பில்,CHEST
தொடி,BRACELET
சுடர்வரும்,SHINING
வலி,STRENGTH
முன்,FRONT
கை,HAND
புண்,WOUND
உடை,POSSESSING
எறுழ்த்தோள்,STRONG_SHOULDER
புடையல்,ANKLET
அம்,BEAUTIFUL
கழல்,ANKLET
கால்,LEG
பிறக்கு,BACK
அடி,FOOT
ஒதுங்காப்,NOT_HIDING
பூட்கை,STRENGTH
ஒள்,BRIGHT
வாள்,SWORD
ஒடிவில்,UNBREAKABLE
தெவ்வர்,ENEMIES
எதிர்,OPPOSITE
நின்று,STANDING
உரைஇ,SPEAKING
இடுக,PLACE
திறையே,TRIBUTE
புரவு,PROTECTION
எதிர்ந்தோற்கு,TO_THE_OPPOSER
என,SAYING
அம்பு,ARROW
உடை,POSSESSING
வலத்தர்,RIGHT_HANDED
உயர்ந்தோர்,ELEVATED_ONES
பரவ,PRAISING
அனையை,SUCH_ONE
ஆகன்மாறே,BEING
பகைவர்,ENEMIES
கால்,WIND
கிளர்ந்தன்ன,ARISEN_LIKE
கதழ்,SPEED
பரிப்,HORSE
புரவிக்,HORSE
கடும்,FAST
பரி,HORSE
நெடுந்தேர்,LONG_CHARIOT
மீ,UPON
மிசை,UPON
நுடங்கு,WAVING
கொடி,BANNER
புல,EARTH
வரை,LIMIT
தோன்றல்,LORD
யாவது,WHAT
சினப்போர்,ANGRY_WAR
நில,EARTH
வரை,LIMIT
நிறீஇய,ESTABLISHED
நல்லிசை,GOOD_FAME
தொலையாக்,IMPERISHABLE
கற்ப,CHASTITY
நின்,YOUR
தெம்முனையானே,ENEMY_BATTLEFRONT
பதிகம்,PREFACE
பொய்,FALSE
இல்,WITHOUT
செல்வக்,WEALTHY
கடுங்கோவுக்கு,KADUNGO
வேளாவிக்,VELAVIK
கோமான்,KING
பதுமன்,PATHUMAN
தேவி,QUEEN
ஈன்ற,BIRTHED
மகன்,SON
கொல்லிக்,KOLLI_HILLS
கூற்றத்து,DEATH
நீர்,WATER
கூர்,SHARP
மீ,FISH
மிசைப்,UPON
பல்,MANY
வேல்,SPEAR
தானை,ARMY
அதிகமானோடு,ATHIKAMAN
இரு,TWO
பெரு,GREAT
வேந்தரையும்,KINGS
உடன்,TOGETHER
நிலை,POSITION
வென்று,VICTORIOUS
முரசும்,DRUM
குடையும்,UMBRELLA
கலனும்,VESSELS
கொண்டு,TAKING
உரை,WORD
சால்,POSSESSING
சிறப்பின்,GLORY
அடு,FIGHTING
களம்,BATTLEFIELD
வேட்டு,DESIRING
துகள்,DUST
தீர்,PURE
மகளிர,WOMEN
இரங்க,LAMENTING
துப்பு,STRENGTH
அறுத்து,CUTTING
தகடூர்,THAGADUR
எறிந்து,STRIKING
நொச்சி,NOCCI
தந்து,GIVING
எய்திய,ATTAINED
அருந்திறல்,DIFFICULT_DEED
ஒள்,BRIGHT
இசைப்,FAME
பெருஞ்சேரல்,PERUNCHERAL
இரும்பொறையை,IRUMPORAI
மறு,BLAME
இல்,WITHOUT
வாய்மொழி,TRUTHFUL_SPEECH
அரிசில்கிழார்,ARISILKIZHAR
பாடினார்,SANG
பத்துப்பாட்டு,TEN_SONGS
உலகம்,WORLD
புரக்கும்,PROTECTS
உருகெழு,FORM_POSSESSING
சிறப்பின்,GLORY
வண்ணக்,COLOR
கருவிய,CLOUD
வளங்,WEALTH
கெழு,POSSESSING
கமஞ்சூல்,PREGNANT_CLOUD
அகல்,WIDE
இரு,TWO
விசும்பின்,SKY
அதிர்,RESOUNDING
சினம்,ANGER
சிறந்து,EXCELLING
கடுஞ்சிலை,FIERCE_BOW
கழறி,SAYING
விசும்பு,SKY
அடையூ,REACHING
நிவந்து,RISING
காலை,MORNING
இசைக்கும்,SOUNDS
பொழுதொடு,TIME
புலம்பு,LONELINESS
கொள,TAKING
களிறு,ELEPHANT
பாய்ந்து,SPRINGING
இயல,WALKING
கடு,FAST
மா,HORSE
தாங்க,BEARING
ஒளிறு,SHINING
கொடி,BANNER
நுடங்க,WAVING
தேர்,CHARIOT
திரிந்து,TURNING
கொட்ப,ROAMING
அரசு,KING
புறத்து,OUTSIDE
இறுப்பினும்,EVEN_IF_ENCAMP
அதிர்வு,TREMOR
இலர்,WITHOUT
திரிந்து,CHANGING
வாயில்,GATE
கொள்ளா,NOT_TAKING
மைந்தினர்,STRONG_ONES
வயவர்,WARRIORS
மா,GREAT
இருங்,DARK
கங்குலும்,NIGHT
விழுத்,GOOD
தொடி,BRACELET
சுடர்வர,SHINING
தோள்,SHOULDER
பிணி,EMBRACE
மீ,UPON
கையர்,HANDED
புகல்,REFUGE
சிறந்து,EXCELLING
நாளும்,DAILY
முடிதல்,COMPLETING
வேட்கையர்,DESIRE
நெடிய,LONG
மொழியூஉ,SPEAKING
கெடாஅ,IMPERISHABLE
நல்லிசை,GOOD_FAME
தம்,THEIR
குடி,FAMILY
நிறுமார்,TO_ESTABLISH
இடாஅ,NOT_PLACING
ஏணி,LADDER
வியல்,WIDE
அறைக்,CHAMBER
கொட்ப,ROAMING
நாடு,COUNTRY
அடிப்படுத்தலின்,SUBJUGATING
கொள்ளை,PLUNDER
மாற்றி,CHANGING
அழல்,FIRE
வினை,ACTION
அமைந்த,CONTAINING
நிழல்,SHADE
விடு,EMITTING
கட்டி,BOND
கட்டளை,TOUCHSTONE
வலிப்ப,FORCING
நின்,YOUR
தானை,ARMY
உதவி,HELPING
வேறு,DIFFERENT
புலத்து,FIELD
இறுத்த,ENCAMPED
வெல்போர்,VICTORIOUS_WAR
அண்ணல்,CHIEFTAIN
முழவின்,DRUM
அமைந்த,CONTAINING
பெரும்பழம்,GREAT_FRUIT
மிசைந்து,EATING
சாறு,FESTIVAL
அயர்ந்தன்ன,PERFORMED_LIKE
கார்,RAIN
அணி,BEAUTY
யாணர்த்,RENEWAL
தூம்பு,HOLLOW
அகம்,INSIDE
பழுனிய,RIPENED
தீம்,SWEET
பிழி,SYRUP
மாந்தி,DRINKING
காந்தள்,KANTHAL
அம்,BEAUTIFUL
கண்ணிச்,GARLAND
செழுங்குடிச்,PROSPEROUS_FAMILY
செல்வர்,WEALTHY_ONES
கலி,JOY
மகிழ்,HAPPINESS
மேவலர்,LOVERS
இரவலர்க்கு,FOR_BEGGARS
ஈயும்,GIVES
சுரும்பு,BEE
ஆர்,ABUNDANT
சோலைப்,GROVE
பெரும்,GREAT
பெயல்,RAIN
கொல்லிப்,KOLLI_HILLS
பெருவாய்,GREAT_MOUTH
மலரொடு,FLOWER
பசும்பிடி,GREEN_FEMALE_ELEPHANT
மகிழ்ந்து,HAPPY
மின்,LIGHTNING
உமிழ்ந்தன்ன,SPEWED_LIKE
சுடர்,RADIANT
இழை,JEWEL
ஆயத்து,GROUP
தன்,HIS
நிறம்,COLOR
கரந்த,HIDDEN
வண்டுபட,BEE_ATTRACTING
கதுப்பின்,HAIR
ஒடுங்கு,HUMBLE
ஈர்,MOIST
ஓதி,HAIR
ஒண்ணுதல்,BRIGHT_FOREHEAD
அணி,BEAUTY
கொள,TAKING
கொடுங்குழைக்கு,CURVED_EARRING
அமர்த்த,LOVELY
நோக்கின்,GAZE
நயவர,LOVELY
பெருந்தகைக்கு,TO_GREAT_LORD
அமர்ந்த,EMBRACED
மென்,SOFT
சொல்,WORD
திரு,PROSPERITY
முகத்து,FACE
மாண்,EXCELLENT
இழை,JEWEL
அரிவை,WOMAN
காணிய,TO_SEE
ஒரு,ONE
நாள்,DAY
பூண்க,MAY_YOU_WEAR
மாள,GREATLY
நின்,YOUR
புரவி,HORSE
நெடுந்தேர்,LONG_CHARIOT
முனைகை,FRONT_HAND
விட்டு,LEAVING
முன்னிலை,FRONT_PLACE
செல்லாது,NOT_GOING
தூ,CLEAN
எதிர்ந்து,OPPOSING
பெறாஅ,NOT_OBTAINING
தா,FAULT
இல்,WITHOUT
மள்ளரொடு,WARRIORS
தொல்,ANCIENT
மருங்கு,SIDE
அறுத்தல்,CUTTING
அஞ்சி,FEARING
அரண்,FORTRESS
கொண்டு,TAKING
துஞ்சா,NOT_SLEEPING
வேந்தரும்,KINGS
துஞ்சுக,MAY_THEY_SLEEP
விருந்தும்,STRANGER
ஆக,BEING
நின்,YOUR
பெருந்தோட்கே,GREAT_FOOT
பகை,ENMITY
பெருமையின்,GREATNESS
தெய்வம்,GOD
செப்ப,SPEAKING
ஆர்,DIFFICULT
இறை,RAIN
அஞ்சா,NOT_FEARING
வெருவரு,TERRIBLE
கட்டூர்ப்,BORDER_TOWN
பல்,MANY
கொடி,BANNER
நுடங்கும்,WAVING
முன்பின்,FRONT
செறுநர்,ENEMIES
செல்,GOING
சமம்,BATTLEFIELD
தொலைத்த,DESTROYED
வினை,WORK
நவில்,ABUNDANT
யானை,ELEPHANT
கடாஅம்,FLOWING_MUSTH
வார்ந்து,FLOWING
கடுஞ்சினம்,FIERCE_ANGER
பொத்தி,COVERING
வண்டுபட,BEE_ATTRACTING
சென்னிய,HEAD
பிடி,FEMALE_ELEPHANT
புணர்ந்து,JOINING
இயல,WALKING
மறவர்,WARRIORS
மறல,CONFUSING
மாப்படை,GREAT_ARMY
உறுப்ப,JOINING
தேர்,CHARIOT
கொடி,BANNER
நுடங்க,WAVING
தோல்,SHIELD
புடை,SIDE
ஆர்ப்ப,SOUNDING
காடு,FOREST
கை,HAND
காய்த்திய,GUARDED
நீடு,LONG
நாள்,DAY
இருக்கை,SEAT
இன்ன,THESE
வைகல்,DAY
பல்,MANY
நாள்,DAY
ஆக,BEING
பாடிக்,SINGING
காண்க,TO_SEE
வந்திசின்,I_CAME
பெரும,O_GREAT_ONE
பாடுநர்,SINGERS
கொளக்கொள,AS_THEY_TAKE
குறையாச்,NOT_DIMINISHING
செல்வத்து,WEALTH
செற்றோர்,ENEMIES
கொலக்கொல,AS_THEY_KILL
குறையாத்,NOT_DIMINISHING
தானைச்,ARMY
சான்றோர்,WISE_ONES
வண்மையும்,GENEROSITY
செம்மையும்,RIGHTEOUSNESS
சால்பும்,NOBILITY
மறனும்,VALOR
புகன்று,PRAISING
புகழ்ந்து,PRAISING
அசையா,UNSHAKEN
நல்லிசை,GOOD_FAME
நிலம்தரு,EARTH_GIVING
திருவின்,PROSPERITY
நெடியோய்,TALL_ONE
நின்னே,YOU
கார்,RAIN
மழை,CLOUD
முன்பின்,FRONT
கை,HAND
பரிந்த,STRETCHED
எழுதரும்,RISING
வான்,SKY
பறைக்,DRUM
குருகின்,BIRD
நெடு,LONG
வரி,LINE
பொற்ப,LIKE
கொல்,KILLING
களிறு,ELEPHANT
மிடைந்த,PRESSED
பஃறோல்,MANY_SHIELDS
தொழுதியொடு,HERD
நெடுந்தேர்,LONG_CHARIOT
நுடங்கு,WAVING
கொடி,BANNER
அவிர்வர,SHINING
பொலிந்து,SHINING
செலவு,GOING
பெரிது,GREATLY
இனிது,SWEET
நின்,YOUR
காணுமோர்க்கே,FOR_SEERS
இன்னாது,UNPLEASANT
அம்ம,INDEED
அது,THAT
தானே,ITSELF
பன்,MANY
மாண்,EXCELLENT
நாடு,COUNTRY
கெட,PERISHING
எருக்கி,DRYING
நன்கலம்,FINE_VESSELS
தரூஉம்,GIVING
நின்,YOUR
போர்,WAR
அருங்,DIFFICULT
கடுஞ்சினம்,FIERCE_ANGER
எதிர்ந்து,OPPOSING
மாறு,CHANGE
கொள்,TAKING
வேந்தர்,KINGS
பாசறையோர்க்கே,FOR_BATTLE_CAMP_PEOPLE
எடுத்து,RAISING
ஏறு,BULL
ஏய,SUITABLE
கடிப்பு,BIT
உடை,POSSESSING
அதிரும்,RESOUNDING
போர்ப்புறு,WAR
முரசம்,DRUM
கண்,EYE
அதிர்ந்தாங்கு,SOUNDED_LIKE
கார்,RAIN
மழை,CLOUD
முழக்கினும்,SOUND
வெளில்,OPEN_SPACE
பிணி,EMBRACE
நீவி,WIPING
நுதல்,FOREHEAD
அணந்து,NEARING
எழுதரும்,RISING
தொழில்,WORK
நவில்,ABUNDANT
யானைப்,ELEPHANT
பார்வல்,LOOKING
பாசறைத்,BATTLE_CAMP
தரூஉம்,GIVING
பல்,MANY
வேல்,SPEAR
பூழியர்,ATTENDANTS
கோவே,KING
பொலந்தேர்ப்,GOLDEN_CHARIOT
பொறைய,PORAIYA
மன்பதை,MANKIND
சவட்டும்,CRUSHES
கூற்ற,DEATH
முன்ப,FRONT
கொடி,BANNER
நுடங்கு,WAVING
ஆர்,DIFFICULT
எயில்,FORTRESS
எண்ணு,COUNT
வரம்பு,LIMIT
அறியா,NOT_KNOWING
பல்,MANY
மா,HORSE
பரந்த,SPREAD
புலம்,FIELD
ஒன்று,ONE
என்று,SAYING
எண்ணாது,NOT_COUNTING
வலியை,STRENGTH
ஆதல்,BEING
நற்கு,GOOD
அறிந்தனர்,KNEW
ஆயினும்,EVEN_IF
வார்,STRING
முகில்,CLOUD
முழக்கின்,SOUND
மழகளிறு,YOUNG_ELEPHANT
மிகீஇ,EXCEEDING
தன்,HIS
கால்,WIND
முளை,SPROUT
மூங்கில்,BAMBOO
கவர்,SEIZING
கிளை,RELATIVES
போல,LIKE
உய்தல்,GOING
யாவது,WHAT
நின்,YOUR
உடற்றியோரே,ANGRY_ONES
வணங்கல்,BOWING
அறியார்,NOT_KNOWING
உடன்று,ANGRY
எழுந்து,RISING
உரைஇ,SPEAKING
போர்ப்புறு,WAR
தண்ணுமை,TABOR
ஆர்ப்பு,SHOUT
எழுந்து,RISING
நுவல,SPEAKING
நோய்த்,DISEASE
தொழில்,WORK
மலைந்த,WEARING
வேல்,SPEAR
ஈண்டு,GATHERED
அழுவத்து,BATTLEFIELD
முனை,BATTLEFRONT
புகல்,REFUGE
புகல்வின்,REFUGE
மாறா,UNCHANGING
மைந்தரொடு,STRONG_ONES
உரும்,THUNDER
எறி,STRIKING
வரையின்,MOUNTAIN
களிறு,ELEPHANT
நிலம்,EARTH
சேர,REACHING
காஞ்சி,KANCHI
சான்ற,POSSESSING
செருப்பல,MANY_BATTLES
செய்து,DOING
நின்,YOUR
குவவுக்குரை,ABUNDANT_SOUND
இருக்கை,SEAT
இனிது,SWEETLY
கண்டிகுமே,WE_WILL_SEE
காலை,MORNING
மாரி,RAIN
பெய்து,POURING
தொழில்,WORK
ஆற்றி,PERFORMING
விண்டு,OPENING
முன்னிய,INTENDED
புயல்,CLOUD
நெடும்,LONG
காலை,TIME
கல்,STONE
சேர்பு,JOINING
மா,GREAT
மழை,RAIN
தலைஇ,LEADING
பல்,MANY
குரல்,VOICE
புள்ளின்,BIRD
ஒலி,SOUND
எழுந்தாங்கே,ROSE_LIKE
நல்,GOOD
மரம்,TREE
துவன்றிய,ABUNDANT
நாடு,COUNTRY
பல,MANY
தரீஇ,GIVING
பொன்,GOLD
அவிர்,SHINING
புனை,ADORNED
செயல்,WORK
இலங்கும்,SHINING
பெரும்பூண்,GREAT_ORNAMENT
ஒன்னாப்,NOT_ENEMY
பூட்கைச்,STRENGTH
சென்னியர்,HEADED
பெருமான்,GREAT_ONE
இட்ட,PLACED
வெள்வேல்,WHITE_SPEAR
முத்தை,PEARL
தம்மென,SOFTLY
முன்,FRONT
திணை,REGION
முதல்வர்,ANCESTORS
போல,LIKE
நின்று,STANDING
தீம்,SWEET
சுனை,SPRING
நிலைஇய,ESTABLISHED
திருமா,GREAT
மருங்கின்,SIDE
கோடு,HORN
பல,MANY
விரிந்த,SPREAD
நாடு,COUNTRY
காண்,SEE
நெடுவரைச்,LONG_MOUNTAIN
சூடா,NOT_WEARING
நறவின்,HONEY_WINE
நாள்,DAY
மகிழ்,HAPPINESS
இருக்கை,SEAT
அரசு,KING
அவை,ASSEMBLY
பணிய,BOWING
அறம்,RIGHTEOUSNESS
புரிந்து,LOVING
வயங்கிய,SHINING
மறம்,VALOR
புரி,LOVING
கொள்கை,PRINCIPLE
வயங்கு,SHINING
செந்நாவின்,RED_TONGUE
உவலை,MILLET
கூராப்,NOT_PIERCING
கவலை,JACKAL
இல்,WITHOUT
நெஞ்சின்,HEART
நனவில்,IN_AWAKENING
பாடிய,SANG
நல்லிசை,GOOD_FAME
கபிலன்,KAPILAN
பெற்ற,OBTAINED
ஊரினும்,VILLAGE
பலவே,MANY
உறல்,ATTAINING
உறு,TOUCHING
குருதிச்,BLOOD
செருக்களம்,BATTLEFIELD
புலவ,BECOMING_ROTTEN
கொன்று,KILLING
அமர்க்,BATTLE
கடந்த,CROSSED
வெந்திறல்,SUCCESSFUL_DEED
தடக்கை,LARGE_HANDS
வென்வேல்,VICTORIOUS_SPEAR
பொறையன்,PORAIYAN
என்றலின்,SAYING
வெருவர,FEARING
வெப்பு,HEAT
உடை,POSSESSING
ஆடூஉ,MALE
செத்தனென்,I_DIED
மன்,CERTAINLY
யான்,I
நல்,GOOD
இசை,FAME
நிலைஇய,ESTABLISHED
நனந்தலை,SPACIOUS
உலகத்து,WORLD
இல்லோர்,POOR_ONES
புன்கண்,SORROW
தீர,REMOVING
நல்கும்,BESTOWS
நாடல்,FRIENDSHIP
சான்ற,POSSESSING
நயன்,GOODNESS
உடை,POSSESSING
நெஞ்சின்,HEART
பாடுநர்,SINGERS
புரவலன்,PATRON
ஆடு,DANCING
நடை,GAIT
அண்ணல்,CHIEFTAIN
கழை,BAMBOO
நிலை,POSITION
பெறாஅ,NOT_OBTAINING
குட்டத்து,POOL
ஆயினும்,EVEN_IF
புனல்,WATER
பாய்,SPRINGING
மகளிர,WOMEN
ஆட,BATHING
ஒழிந்த,LEFT
பொன்,GOLD
செய்,MADE
பூங்குழை,FLOWER_EARRING
மீமிசை,UPON
தோன்றும்,APPEARS
சாந்துவரு,SANDAL_COMING
வானி,SKY
நீரினும்,WATER
தீந்,SWEET
தண்,COOL
சாயலன்,GENTLE_ONE
மன்ற,INDEED
தானே,HIMSELF
சென்மோ,GO
பாடினி,SINGER
நன்கலம்,FINE_VESSELS
பெறுகுவை,YOU_WILL_OBTAIN
சந்தம்,SANDAL
பூழிலொடு,SOIL
பொங்கு,RISING
நுரை,FOAM
சுமந்து,CARRYING
தெண்கடல்,CLEAR_SEA
முன்னிய,PROCEEDED
வெண்தலை,WHITE_HEAD
செம்புனல்,RED_WATER
ஒய்யும்,RESTING
நீர்வழிக்,WATER_PATH
கரும்பினும்,SUGARCANE
பல்,MANY
வேல்,SPEAR
பொறையன்,PORAIYAN
வல்லனால்,CAPABLE
அளியே,PITIABLE
வையகம்,EARTH
மலர்ந்த,BLOOMED
தொழில்,WORK
முறை,ORDER
ஒழியாது,NOT_CEASING
கடவுள்,GOD
பெயரிய,NAMED
கானமொடு,FOREST
கல்,STONE
உயர்ந்து,RISING
தெண்கடல்,CLEAR_SEA
வளைஇய,SURROUNDED
மலர்தலை,FLOWER_HEAD
உலகத்து,WORLD
தம்,THEIR
பெயர்,NAME
போகிய,GONE
ஒன்னார்,ENEMIES
தேய,DIMINISHING
துளங்கு,SHAKING
இருங்குட்டம்,DARK_POOL
தொலைய,DESTROYING
வேல்,SPEAR
இட்டு,PLACING
அணங்கு,FEARSOME
உடைக்,POSSESSING
கடம்பின்,KADAMBU
முழு,ENTIRE
முதல்,BASE
தடிந்து,CUTTING
பொரு,FIGHTING
முரண்,OPPOSITION
எய்திய,ATTAINED
கழுவுள்,BATTLEFIELD
புறம்பெற்று,OBTAINED_OUTSIDE
நாம,INJURY
மன்னர்,KINGS
துணிய,RESOLVING
நூறி,DESTROYING
கால்,WIND
வல்,STRONG
புரவி,HORSE
அண்டர்,ANDAR
ஓட்டி,CHASING
சுடர்,RADIANT
வீ,FLOWER
வாகை,VAAGAI
நன்னன்,NANNAN
தேய்த்து,DIMINISHING
குருதி,BLOOD
விதிர்த்த,SCATTERED
குவவுச்,ABUNDANT
சோற்றுக்,RICE
குன்றோடு,HILL
உருகெழு,FORM_POSSESSING
மரபின்,TRADITION
அயிரை,FISH
பரைஇ,SPREADING
வேந்தரும்,KINGS
வேளிரும்,CHIEFTAINS
பின்,AFTER
வந்து,COMING
பணிய,BOWING
கொற்றம்,VICTORY
எய்திய,ATTAINED
பெரியோர்,GREAT_ONES
மருக,OFFSPRING
வியல்,WIDE
உளை,MANE
அரிமான்,LION
மறம்,VALOR
கெழு,POSSESSING
குருசில்,PRINCE
விரவுப்,MIXED
பணை,DRUM
முழங்கு,RESOUNDING
நிரை,LINE
தோல்,SHIELD
வரைப்பின்,REGION
உரவுக்,STRONG
களிற்று,ELEPHANT
வெல்,VICTORIOUS
கொடி,BANNER
நுடங்கும்,WAVING
பாசறை,BATTLE_CAMP
ஆர்,DIFFICULT
எயில்,FORTRESS
அலைத்த,STRUCK
கல்,STONE
கால்,WIND
கவணை,SLING
நார்,FIBER
அரி,PLUCKING
நறவின்,HONEY_WINE
கொங்கர்,KONGAR
கோவே,KING
உடலுநர்த்,FIGHTERS
தபுத்த,REMOVED
பொலந்தேர்க்,GOLDEN_CHARIOT
குருசில்,PRINCE
வளை,CURVED
கடல்,SEA
முழவின்,DRUM
தொண்டியோர்,THONDI_PEOPLE
பொருந,BEGGAR
நீ,YOU
நீடு,LONG
வாழிய,LIVE
பெரும,O_GREAT_ONE
நின்,YOUR
வயின்,PLACE
துவைத்த,BEATEN
தும்பை,THUMBAI
நனவுற்று,AWAKENING
வினவும்,ASKS
மாற்றரும்,IRREVERSIBLE
தெய்வத்து,GOD
கூட்ட,JOINING
முன்னிய,INTENDED
புனல்,WATER
மலி,ABUNDANT
பேரியாறு,GREAT_RIVER
இழிதந்தாங்கு,FLOWED_LIKE
வருநர்,COMERS
வரையாச்,NOT_LIMITING
செழும்பல்,PROSPEROUS_MANY
தாரம்,GARLAND
கொளக்,TAKING
கொளக்,TAKING
குறையாது,NOT_DIMINISHING
தலைத்தலை,EACH_HEAD
சிறப்ப,GLORIFYING
ஓவத்து,PAINTING
அன்ன,LIKE
உருகெழு,FORM_POSSESSING
நெடுநகர்ப்,GREAT_CITY
பாவை,DOLL
அன்ன,LIKE
மகளிர்,WOMEN
நாப்பண்,MIDDLE
புகன்ற,PRAISED
மாண்பொறிப்,EXCELLENT_MARK
பொலிந்த,SHINING
சாந்தமொடு,SANDAL
தண்,COOL
கமழ்,FRAGRANT
கோதை,GARLAND
சூடி,WEARING
பூண்,ORNAMENT
சுமந்து,CARRYING
திரு,PROSPERITY
வில்,BOW
குலைஇ,CLUSTERING
திரு,PROSPERITY
மணி,GEM
புரையும்,RESEMBLES
உருகெழு,FORM_POSSESSING
கருவிய,CLOUD
பெரு,GREAT
மழை,RAIN
சேர்ந்து,JOINING
வேங்கை,VENGAI_TREE
விரிந்து,SPREADING
விசும்பு,SKY
உறு,TOUCHING
சேட்சிமை,HEIGHT
அருவி,WATERFALL
அரு,RARE
வரை,MOUNTAIN
அன்ன,LIKE
மார்பின்,CHEST
சேண்,FAR
நாறு,SCENT
நல்,GOOD
இசை,FAME
சேயிழை,RED_JEWEL
கணவ,HUSBAND
மாகம்,SKY
சுடர,SHINING
மா,GREAT
விசும்பு,SKY
உகக்கும்,SHEDS
ஞாயிறு,SUN
போல,LIKE
விளங்குதி,YOU_SHINE
பல்,MANY
நாள்,DAY
ஈங்குக்,HERE
காண்க,TO_SEE
வந்தனென்,I_CAME
யானே,I
உறு,TOUCHING
கால்,WIND
எடுத்த,RAISED
ஓங்குவரல்,RISING
புணரி,WAVE
நுண்,FINE
மணல்,SAND
அடைகரை,SHORE
உடைதரும்,BREAKING
தண்,COOL
கடல்,SEA
படப்பை,GARDEN
நாடு,COUNTRY
கிழவோயே,OWNER
வானம்,SKY
பொழுதொடு,TIME
சுரப்ப,GIVING
கானம்,FOREST
தோடு,HERD
உறு,TOUCHING
மடமான்,YOUNG_DEER
ஏறு,BULL
புணர்ந்து,JOINING
இயல,WALKING
புள்ளும்,BIRD
மிஞிறும்,HORNET
மாச்சினை,TREE_BRANCH
ஆர்ப்ப,SOUNDING
பழனும்,FRUIT
கிழங்கும்,TUBER
மிசை,EATING
அறவு,END
அறியாது,NOT_KNOWING
பல்,MANY
ஆன்,COW
நல்,GOOD
நிரை,LINE
புல்,GRASS
அருந்து,EATING
உகள,KICKING
பயன்,FRUIT
கடை,END
அறியா,NOT_KNOWING
வளங்,WEALTH
கெழு,POSSESSING
சிறப்பின்,GLORY
பெரும்,GREAT
பல்,MANY
யாணர்க்,RENEWAL
கூலங்,GRAIN
கெழும,ABUNDANT
நன்,GOOD
பல்,MANY
ஊழி,AGE
நடுவு,MIDDLE
நின்று,STANDING
ஒழுக,PRACTICING
பல்,MANY
வேல்,SPEAR
இரும்பொறை,IRUMPORAI
நின்,YOUR
கோல்,SCEPTRE
செம்மையின்,RIGHTEOUSNESS
நாளின்,EACH_DAY
நாளின்,EACH_DAY
நாடு,COUNTRY
தொழுது,WORSHIPPING
ஏத்த,PRAISING
உயர்நிலை,HIGH_PLACE
உலகத்து,WORLD
உயர்ந்தோர்,ELEVATED_ONES
பரவ,PRAISING
அரசியல்,KINGSHIP
பிழையாது,NOT_DEVIATING
செரு,WAR
மேந்தோன்றி,EXCELLING
நோய்,DISEASE
இலை,NOT
ஆகியர்,BECOME
நீயே,YOU
நின்மாட்டு,YOUR_PLACE
அடங்கிய,CONTAINED
நெஞ்சம்,HEART
புகர்படுபு,SPOT
அறியாது,NOT_KNOWING
கனவினும்,IN_DREAM
பிரியா,NOT_SEPARATING
உறையுளொடு,DWELLING
தண்,COOL
என,SAYING
தகரம்,TAGARA
நீவிய,WIPED
துவராக்,UNCEASING
கூந்தல்,HAIR
வதுவை,MARRIAGE
மகளிர,WOMEN
நோக்கினர்,LOOKERS
பெயர்ந்து,RETURNING
வாழ்,LIVE
நாள்,DAY
அறியும்,KNOWS
வயங்குசுடர்,SHINING_LIGHT
நோக்கத்து,GAZE
மீனொடு,FISH
புரையும்,RESEMBLES
கற்பின்,CHASTITY
வாணுதல்,BEAUTIFUL_FOREHEAD
அரிவையொடு,WOMAN
காண்வர,BEAUTIFULLY
பொலிந்தே,SHINING
மீன்,FISH
வயின்,PLACE
நிற்ப,STANDING
வானம்,SKY
வாய்ப்ப,SUITING
அச்சு,FEAR
அற்று,LOST
ஏமம்,PROTECTION
ஆகி,BEING
இருள்,DARKNESS
தீர்ந்து,ENDED
இன்பம்,HAPPINESS
பெருக,INCREASING
தோன்றி,APPEARING
தம்,THEIR
துணைத்,COMPANION
துறையின்,SHORE
எஞ்சாமை,NOT_LACKING
நிறைய,FULLY
கற்று,LEARNING
கழிந்தோர்,PAST_ONES
உடற்றும்,ANGERS
கடும்தூ,FIERCE
அஞ்சா,NOT_FEARING
ஒளிறு,SHINING
வாள்,SWORD
வயவேந்தர்,STRONG_KINGS
களிறொடு,ELEPHANT
கலம்,VESSEL
தந்து,GIVING
தொன்று,ANCIENT
மொழிந்து,SPEAKING
தொழில்,WORK
கேட்ப,HEARING
அகல்,WIDE
வையத்து,EARTH
பகல்,DAY
ஆற்றி,PERFORMING
மாயாப்,IMPERISHABLE
பல்,MANY
புகழ்,FAME
வியல்,WIDE
விசும்பு,SKY
ஊர்தர,FILLING
வாள்,SWORD
வலியுறுத்து,STRENGTHENING
செம்மை,RIGHTEOUSNESS
பூஉண்டு,FLOWER_EATING
அறன்,RIGHTEOUSNESS
வாழ்த்த,PRAISING
நற்கு,GOOD
ஆண்ட,RULED
விறல்,VICTORY
மாந்தரன்,MANTHARAN
விறல்,VICTORY
மருக,OFFSPRING
ஈரம்,AFFECTION
உடைமையின்,POSSESSION
நீரோர்,WATER_PEOPLE
அனையை,LIKE
அளப்பு,MEASURE
அருமையின்,RARITY
இரு,TWO
விசும்பு,SKY
அனையை,LIKE
கொள,TAKING
குறைபடாமையின்,NOT_LACKING
முந்நீர்,THREE_WATERS
அனையை,LIKE
பல்,MANY
மீன்,FISH
நாப்பண்,MIDDLE
திங்கள்,MOON
போல,LIKE
பூத்த,BLOOMED
சுற்றமொடு,FAMILY
பொலிந்து,SHINING
தோன்றலை,APPEAR
உருகெழு,FORM_POSSESSING
மரபின்,TRADITION
அயிரை,FISH
பரவியும்,PRAISING
கடல்,SEA
இகுப்ப,DRYING
வேல்,SPEAR
இட்டும்,PLACING
உடலுநர்,FIGHTERS
மிடல்,STRENGTH
சாய்த்தும்,DESTROYING
மலையவும்,MOUNTAIN
நிலத்தவும்,EARTH
அருப்பம்,BATTLEFIELD
வெளவி,STEALING
பெற்ற,OBTAINED
பெரும்,GREAT
பெயர்,NAME
பலர்,MANY
கை,HAND
இரீஇய,GIVING
கொற்றத்,VICTORIOUS
திருவின்,PROSPERITY
உரவோர்,STRONG_ONES
உம்பல்,FAMILY
கட்டிப்,TYING
புழுக்கின்,BOILED_RICE
கொங்கர்,KONGAR
கோவே,KING
மட்டப்,HONEY
புகாவின்,FLOWER
குட்டுவர்,KUTTUVA
ஏறே,BULL
எழாஅத்,NOT_RISING
துணைத்தோள்,COMPANION_SHOULDER
பூழியர்,ATTENDANTS
மெய்ம்மறை,TRUE_SECRET
இரங்கு,RESOUNDING
நீர்ப்,WATER
பரப்பின்,EXPANSE
மரந்தையோர்,MARANTHAI_PEOPLE
பொருந,BEGGAR
வெண்பூ,WHITE_FLOWER
வேளையொடு,PORTULACA
சுரை,FLOW
தலைமயக்கிய,HEAD_CONFUSED
விரவு,MIXED
மொழிக்,LANGUAGE
கட்டூர்,BORDER_TOWN
வயவர்,WARRIORS
வேந்தே,KING
உரவுக்கடல்,STRONG_SEA
அன்ன,LIKE
தாங்கு,BEARING
அருந்தானையொடு,DIFFICULT_ARMY
மாண்,EXCELLENT
வினைச்,WORK
சாபம்,BOW
மார்பு,CHEST
உற,TOUCHING
வாங்கி,PULLING
ஞாண்,STRING
பொர,FIGHTING
விளங்கிய,SHINING
வலி,STRENGTH
கெழு,POSSESSING
தடக்கை,LARGE_HANDS
வார்ந்து,FLOWING
புனைந்தன்ன,ADORNED_LIKE
ஏந்து,RAISED
குவவு,ABUNDANCE
மொய்ம்பின்,STRENGTH
மீன்,FISH
பூத்தன்ன,BLOOMED_LIKE
விளங்கு,SHINING
மணிப்,GEM
பாண்டில்,LAMP
ஆய்,FINE
மயிர்க்,HAIR
கவரிப்,CHOWRY
பாய்,SPRINGING
மா,HORSE
மேல்கொண்டு,MOUNTING
காழ்,STRENGTH
எஃகம்,SPEAR
பிடித்து,HOLDING
எறிந்து,STRIKING
விழுமத்தின்,SUFFERING
புகலும்,REFUGES
பெயரா,UNCHANGING
ஆண்மை,MASCULINITY
காஞ்சி,KANCHI
சான்ற,POSSESSING
வயவர்,WARRIORS
பெரும,O_GREAT_ONE
வீங்கு,SWELLING
பெரும்,GREAT
சிறப்பின்,GLORY
ஓங்கு,ELEVATED
புகழோயே,FAME_ONE
கழனி,FIELD
உழவர்,FARMERS
தண்ணுமை,TABOR
இசைப்பின்,SOUNDING
பழன,WETLAND
மஞ்ஞை,PEACOCK
மழை,RAIN
செத்த,HEARING
ஆலும்,DANCES
தண்,COOL
புனல்,WATER
ஆடுநர்,BATHERS
ஆர்ப்பொடு,SHOUT
மயங்கி,CONFUSING
வெம்போர்,FIERCE_WAR
மள்ளர்,WARRIORS
தெள்,CLEAR
கிணை,DRUM
கறங்க,SOUNDING
கூழ்,FOOD
உடை,POSSESSING
நல்,GOOD
இல்,HOUSE
ஏறுமாறு,BULL
சிலைப்ப,SOUNDING
செழும்,PROSPEROUS
பல,MANY
இருந்த,EXISTED
கொழும்,RICH
பல்,MANY
தண்,COOL
பணைக்,DRUM
காவிரிப்,KAVERI
படப்பை,GARDEN
நல்,GOOD
நாடு,COUNTRY
அன்ன,LIKE
வளங்,WEALTH
கெழு,POSSESSING
குடைச்சூல்,UMBRELLA_PREGNANCY
அடங்கிய,CONTAINED
கொள்கை,PRINCIPLE
ஆறிய,CALM
கற்பின்,CHASTITY
தேறிய,CLEAR
நல்லிசை,GOOD_FAME
வண்டு,BEE
ஆர்,ABUNDANT
கூந்தல்,HAIR
ஒண்தொடி,BRIGHT_BRACELET
கணவ,HUSBAND
நின்,YOUR
நாள்,DAY
திங்கள்,MOON
அனைய,LIKE
ஆக,BE
திங்கள்,MOON
யாண்டு,YEAR
ஓர்,ONE
அனையவாக,LIKE
யாண்டே,YEAR
ஊழி,AGE
அனைய,LIKE
ஆக,BE
ஊழி,AGE
வெள்ள,MILLION
வரம்பின,BOUNTARIES
ஆக,BE
என,SAYING
உள்ளிக்,THINKING
காண்க,TO_SEE
வந்திசின்,I_CAME
யானே,I
செருமிக்கு,INCREASING_WAR
உரும்,THUNDER
என,SAYING
முழங்கும்,RESOUNDING
முரசின்,DRUM
பெரு,GREAT
நல்,GOOD
யானை,ELEPHANT
இறை,LORD
கிழவோயே,OWNER
பதிகம்,PREFACE
குட்டுவன்,KUTTUVAN
இரும்பொறைக்கு,IRUMPORAI
மையூர்,MAIYUR
கிழாஅன்,LORD
வேண்மாள்,CHIEFTAIN
அந்துவன்,ANTHUVAN
செள்ளை,SELLAI
ஈன்ற,BIRTHED
மகன்,SON
வெருவரு,TERRIBLE
தானையொடு,ARMY
வெய்துற,HEATEDLY
செய்து,DOING
சென்று,GOING
இரு,TWO
பெரு,GREAT
வேந்தரும்,KINGS
விச்சியும்,VICCHI
வீழ,FALLING
அருமிளைக்,RARE_FOREST
கல்லகத்து,STONE_CAVE
ஐந்து,FIVE
எயில்,FORTRESS
எறிந்து,STRIKING
பொத்தி,COVERING
ஆண்ட,RULED
பெரும்,GREAT
சோழனையும்,CHOLA
வித்தை,SEED
ஆண்ட,RULED
இளம்,YOUNG
பழையன்,PAZHAYAN
மாறனையும்,MAARAN
வைத்த,PLACED
வஞ்சினம்,OATH
வாய்ப்ப,SUITING
வென்று,VICTORIOUS
வாஞ்சி,VANCHI
மூதூர்த்,ANCIENT_CITY
தந்து,GIVING
பிறர்க்கு,TO_OTHERS
உதவி,HELPING
மந்திர,MANTRAS
மரபின்,TRADITION
தெய்வம்,GOD
பேணி,CHERISHING
மெய்யூர்,MEYYUR
அமைச்சியன்,MINISTER
மையூர்,MAIYUR
கிழானை,LORD
புரை,FLAW
அறு,REMOVED
கேள்விப்,LEARNING
புரோசு,PROS
மயக்கி,CONFUSING
அருந்திறல்,DIFFICULT_DEED
மரபின்,TRADITION
பெருஞ்சதுக்கு,GREAT_PLATFORM
அமர்ந்த,SEATED
வெந்திறல்,SUCCESSFUL_DEED
பூதரை,BHUTAS
தந்து,GIVING
இவண்,HERE
நிறீஇ,ESTABLISHING
ஆய்ந்த,SELECTED
மரபில்,TRADITION
சாந்தி,PEACE
வேட்டு,WISHING
மன்,PERMANENT
உயிர்,LIFE
காத்த,PROTECTED
மறு,BLAME
இல்,WITHOUT
செங்கோல்,RIGHTEOUS_SCEPTRE
இன்,SWEET
இசை,FAME
முரசின்,DRUM
இளஞ்சேரல்,ILANCHERAL
இரும்பொறையை,IRUMPORAI
பெருங்குன்றூர்கிழார்,PERUNKUNRURKIZHAR
பாடினார்,SANG
பத்துப்பாட்டு,TEN_SONGS